group_id,type,is_keeper,title,size,modified,owner,path,file_id,view_url
1,binary,YES,Copy of 100 Bentover Side Delts,47783288,2024-10-02T05:21:15.930Z,ehalabi1212@gmail.com,Workout 11,1i1_oJGkqfs1QyJsSVyMikO9l966SDcJS,https://drive.google.com/file/d/1i1_oJGkqfs1QyJsSVyMikO9l966SDcJS/view?usp=drivesdk
1,binary,no,Copy of 100 Bentover Side Delts,47783288,2024-10-02T05:15:04.139Z,ehalabi1212@gmail.com,Workout 8,1fg4MZ9xZzU02RLGQMoG52DQFb3UVVBqq,https://drive.google.com/file/d/1fg4MZ9xZzU02RLGQMoG52DQFb3UVVBqq/view?usp=drivesdk
2,binary,YES,Co Star Data - US-20250902T173111Z-1-001.zip,45967380,2025-09-02T18:34:08Z,sunrize.invest@gmail.com,LEADS////SPREADSHEETS!,1lraq6ckgviSlLL4-DIyR_UBHnGwS7pnE,https://drive.google.com/file/d/1lraq6ckgviSlLL4-DIyR_UBHnGwS7pnE/view?usp=drivesdk
2,binary,no,Co Star Data - US-20250902T173111Z-1-001.zip,45967380,2025-09-02T17:34:08Z,sunrize.invest@gmail.com,LEADS////SPREADSHEETS!/Co star Data - CA,18Gu2rLboRVMaKGYaa0XzL7bgdMpD-yrP,https://drive.google.com/file/d/18Gu2rLboRVMaKGYaa0XzL7bgdMpD-yrP/view?usp=drivesdk
3,binary,YES,Copy of 100 Hammer Curls,32389050,2024-10-02T05:18:19.853Z,ehalabi1212@gmail.com,Workout 9,1IvHlsUIy19l0Me0bIBQk1kOodsiai0Eo,https://drive.google.com/file/d/1IvHlsUIy19l0Me0bIBQk1kOodsiai0Eo/view?usp=drivesdk
3,binary,no,Copy of 100 Hammer Curls,32389050,2024-10-02T05:11:46.234Z,ehalabi1212@gmail.com,Gym Workout 3/Gym Workout 5,1U7ejwY87oQ2jLndS6iwPficd1FfrgE2K,https://drive.google.com/file/d/1U7ejwY87oQ2jLndS6iwPficd1FfrgE2K/view?usp=drivesdk
4,binary,YES,Copy of 100 Sit Down Squats,29360786,2024-10-02T05:17:58.923Z,ehalabi1212@gmail.com,Workout 9,1y7dhNWsiy7rEr6mscXPz5h-Zhhlr5x5d,https://drive.google.com/file/d/1y7dhNWsiy7rEr6mscXPz5h-Zhhlr5x5d/view?usp=drivesdk
4,binary,no,Copy of 100 Sit Down Squats,29360786,2024-09-30T02:18:00.996Z,ehalabi1212@gmail.com,Workout 6,1O_Q5E_S5BxGKTSyhmkeU42d-2yP034h_,https://drive.google.com/file/d/1O_Q5E_S5BxGKTSyhmkeU42d-2yP034h_/view?usp=drivesdk
5,binary,YES,Copy of 100 Modified Pushups,26346459,2024-10-02T05:21:33.947Z,ehalabi1212@gmail.com,Workout 11,1wf7mbzQ8LNAciUn1jeh4BdZo7MjY7Tsl,https://drive.google.com/file/d/1wf7mbzQ8LNAciUn1jeh4BdZo7MjY7Tsl/view?usp=drivesdk
5,binary,no,Copy of 100 Modified Pushups,26346459,2024-10-02T05:15:34.353Z,ehalabi1212@gmail.com,Workout 8,1kzCySpPMfmvTrxMavdsgme-0VtyMAMPc,https://drive.google.com/file/d/1kzCySpPMfmvTrxMavdsgme-0VtyMAMPc/view?usp=drivesdk
6,binary,YES,Copy of 5 Min Wall Sit,20674040,2024-09-30T02:06:15.604Z,ehalabi1212@gmail.com,Maintenance 2,1gkHCppKLs3I7php5aMK9Yq0crtAIndZM,https://drive.google.com/file/d/1gkHCppKLs3I7php5aMK9Yq0crtAIndZM/view?usp=drivesdk
6,binary,no,Copy of 5 Min Wall Sit,20674040,2024-09-30T02:05:24.629Z,ehalabi1212@gmail.com,Maintenance 1,11Nt-GcT8JpIqy_8Rz4msnXp-MVzuqlv9,https://drive.google.com/file/d/11Nt-GcT8JpIqy_8Rz4msnXp-MVzuqlv9/view?usp=drivesdk
7,binary,YES,Copy of 5 Min Burpees,19432954,2024-10-02T05:17:32.970Z,ehalabi1212@gmail.com,Workout 9,11yUzWSSgX2KycSwyEmzGTg4PshvLLTnn,https://drive.google.com/file/d/11yUzWSSgX2KycSwyEmzGTg4PshvLLTnn/view?usp=drivesdk
7,binary,no,Copy of 5 Min Burpees,19432954,2024-09-30T02:16:37.315Z,ehalabi1212@gmail.com,Workout 6,1ZQciH1HLsmmWggscCapadFaC5xPAG66H,https://drive.google.com/file/d/1ZQciH1HLsmmWggscCapadFaC5xPAG66H/view?usp=drivesdk
8,binary,YES,dsc00704.jpg,9649422,2024-08-03T11:42:30.800Z,dan@infillchoice.ca,75 Marketing - Rent/9616 B 75 NW /Photos,1G5mWcCJ4YSfEzrLu8dDHGKghOk9bwACg,https://drive.google.com/file/d/1G5mWcCJ4YSfEzrLu8dDHGKghOk9bwACg/view?usp=drivesdk
8,binary,no,dsc00704.jpg,9649422,2024-08-03T11:39:42.189Z,dan@infillchoice.ca,75 Marketing - Rent/9614 B 75 Ave NW/Photos,13Tnq6_Qjf_RXqlZH5jY1m_gXas1fgg04,https://drive.google.com/file/d/13Tnq6_Qjf_RXqlZH5jY1m_gXas1fgg04/view?usp=drivesdk
8,binary,no,dsc00704.jpg,9649422,2024-08-03T10:46:59.551Z,dan@infillchoice.ca,75 Marketing - Rent/9616 75 Ave NW/Photos,11aUW906ldM2Xg96ZDb-NYTAvlsk5zQwE,https://drive.google.com/file/d/11aUW906ldM2Xg96ZDb-NYTAvlsk5zQwE/view?usp=drivesdk
9,binary,YES,dsc00703.jpg,9572994,2024-08-03T11:42:28.339Z,dan@infillchoice.ca,75 Marketing - Rent/9616 B 75 NW /Photos,1Ay15TdU8OLI7fKvrk9hX1E4qrpTUEDST,https://drive.google.com/file/d/1Ay15TdU8OLI7fKvrk9hX1E4qrpTUEDST/view?usp=drivesdk
9,binary,no,dsc00703.jpg,9572994,2024-08-03T11:41:00.607Z,dan@infillchoice.ca,75 Marketing - Rent/9614 B 75 Ave NW/Photos,13gUjzNMsCa98F-4w4EoNqZthTAEYYr-4,https://drive.google.com/file/d/13gUjzNMsCa98F-4w4EoNqZthTAEYYr-4/view?usp=drivesdk
9,binary,no,dsc00703.jpg,9572994,2024-08-03T10:46:57.159Z,dan@infillchoice.ca,75 Marketing - Rent/9616 75 Ave NW/Photos,1KLXZ7mFhjJ1DiIgZNbX7cnzcrunW6QwA,https://drive.google.com/file/d/1KLXZ7mFhjJ1DiIgZNbX7cnzcrunW6QwA/view?usp=drivesdk
10,binary,YES,dsc00709.jpg,9284542,2024-08-03T11:42:25.999Z,dan@infillchoice.ca,75 Marketing - Rent/9616 B 75 NW /Photos,14E7nj_d-2dMF7vPUjVa-5NHgtFo-WpuM,https://drive.google.com/file/d/14E7nj_d-2dMF7vPUjVa-5NHgtFo-WpuM/view?usp=drivesdk
10,binary,no,dsc00709.jpg,9284542,2024-08-03T11:39:39.862Z,dan@infillchoice.ca,75 Marketing - Rent/9614 B 75 Ave NW/Photos,1PhP7UZ8JRSTGxOO0P1JFFu5TWBx3e2MA,https://drive.google.com/file/d/1PhP7UZ8JRSTGxOO0P1JFFu5TWBx3e2MA/view?usp=drivesdk
10,binary,no,dsc00709.jpg,9284542,2024-08-03T10:46:54.724Z,dan@infillchoice.ca,75 Marketing - Rent/9616 75 Ave NW/Photos,105QiYjzzOgnrgnOiDJdHvMSPU5GErDpQ,https://drive.google.com/file/d/105QiYjzzOgnrgnOiDJdHvMSPU5GErDpQ/view?usp=drivesdk
11,binary,YES,dsc00706.jpg,8413349,2024-08-03T11:42:23.665Z,dan@infillchoice.ca,75 Marketing - Rent/9616 B 75 NW /Photos,1-ndk-ej1IPgnoGMJbtq1awLA1HcnUG5V,https://drive.google.com/file/d/1-ndk-ej1IPgnoGMJbtq1awLA1HcnUG5V/view?usp=drivesdk
11,binary,no,dsc00706.jpg,8413349,2024-08-03T11:39:37.505Z,dan@infillchoice.ca,75 Marketing - Rent/9614 B 75 Ave NW/Photos,1v0DpOdUmEE1re8YEYxm0b5qPnC_ZkrAj,https://drive.google.com/file/d/1v0DpOdUmEE1re8YEYxm0b5qPnC_ZkrAj/view?usp=drivesdk
11,binary,no,dsc00706.jpg,8413349,2024-08-03T10:46:50.192Z,dan@infillchoice.ca,75 Marketing - Rent/9616 75 Ave NW/Photos,1RW_M3U5YIMHEa-2tFilO6caE-qSRE6pG,https://drive.google.com/file/d/1RW_M3U5YIMHEa-2tFilO6caE-qSRE6pG/view?usp=drivesdk
12,binary,YES,dsc00702.jpg,8252726,2024-08-03T11:42:21.291Z,dan@infillchoice.ca,75 Marketing - Rent/9616 B 75 NW /Photos,1DnwqVBDKPXx-LPUruRCgkYoEXw34_73E,https://drive.google.com/file/d/1DnwqVBDKPXx-LPUruRCgkYoEXw34_73E/view?usp=drivesdk
12,binary,no,dsc00702.jpg,8252726,2024-08-03T11:40:53.036Z,dan@infillchoice.ca,75 Marketing - Rent/9614 B 75 Ave NW/Photos,1AdqKlqkqs4YYiaoGOZnIG1aInoYSVsXt,https://drive.google.com/file/d/1AdqKlqkqs4YYiaoGOZnIG1aInoYSVsXt/view?usp=drivesdk
12,binary,no,dsc00702.jpg,8252726,2024-08-03T10:46:47.826Z,dan@infillchoice.ca,75 Marketing - Rent/9616 75 Ave NW/Photos,12V-1Q32EAQdVWV22HOU68656Vc7Sv9ua,https://drive.google.com/file/d/12V-1Q32EAQdVWV22HOU68656Vc7Sv9ua/view?usp=drivesdk
13,binary,YES,Copy of 5 Minute Cross Countries,15842006,2024-09-16T21:16:20.349Z,ehalabi1212@gmail.com,Gym Workout 3/Gym Workout 5,1sFytpbNxfbx72xWuNEhRR0EhkqoRLcf6,https://drive.google.com/file/d/1sFytpbNxfbx72xWuNEhRR0EhkqoRLcf6/view?usp=drivesdk
13,binary,no,Copy of 5 Minute Cross Countries,15842006,2024-09-16T00:56:31.318Z,ehalabi1212@gmail.com,Gym Workout 2,1tQLPiYZd3TXC6tVs2Y7QBV9VCnaVPUTe,https://drive.google.com/file/d/1tQLPiYZd3TXC6tVs2Y7QBV9VCnaVPUTe/view?usp=drivesdk
14,binary,YES,dsc00705.jpg,7741308,2024-08-03T11:42:19.042Z,dan@infillchoice.ca,75 Marketing - Rent/9616 B 75 NW /Photos,18f3iYvoGxrM2gYdp3mdzVyI8hcDdvwiT,https://drive.google.com/file/d/18f3iYvoGxrM2gYdp3mdzVyI8hcDdvwiT/view?usp=drivesdk
14,binary,no,dsc00705.jpg,7741308,2024-08-03T11:39:35.231Z,dan@infillchoice.ca,75 Marketing - Rent/9614 B 75 Ave NW/Photos,1CHbQvy3Lh_mwtBOpgvYIcDc-OCBnG7T1,https://drive.google.com/file/d/1CHbQvy3Lh_mwtBOpgvYIcDc-OCBnG7T1/view?usp=drivesdk
14,binary,no,dsc00705.jpg,7741308,2024-08-03T10:46:43.555Z,dan@infillchoice.ca,75 Marketing - Rent/9616 75 Ave NW/Photos,1F4y_uTREMXBxYy9YGKoOPQZVlZMdXXxR,https://drive.google.com/file/d/1F4y_uTREMXBxYy9YGKoOPQZVlZMdXXxR/view?usp=drivesdk
15,binary,YES,dsc00967.jpg,6911426,2024-08-03T11:32:56.980Z,dan@infillchoice.ca,75 Marketing - Rent/9614 B 75 Ave NW/Photos,1F70L962uYGNFznZZ1bkCywjSEEPKhPna,https://drive.google.com/file/d/1F70L962uYGNFznZZ1bkCywjSEEPKhPna/view?usp=drivesdk
15,binary,no,dsc00967.jpg,6911426,2024-08-03T11:27:00.603Z,dan@infillchoice.ca,75 Marketing - Rent/9616 B 75 NW /Photos,1UavrTI_pzmlCCx2L2daMPOYI31E1b0Ay,https://drive.google.com/file/d/1UavrTI_pzmlCCx2L2daMPOYI31E1b0Ay/view?usp=drivesdk
15,binary,no,dsc00967.jpg,6911426,2024-08-03T10:46:39.393Z,dan@infillchoice.ca,75 Marketing - Rent/9616 75 Ave NW/Photos,1M7fF_bHpW0YMMb-l2eA9eN9uxVaYd23i,https://drive.google.com/file/d/1M7fF_bHpW0YMMb-l2eA9eN9uxVaYd23i/view?usp=drivesdk
16,binary,YES,dsc00954.jpg,5499094,2024-08-03T11:32:55.001Z,dan@infillchoice.ca,75 Marketing - Rent/9614 B 75 Ave NW/Photos,1Sb05b5yJn0-uq2vX2slrb6yBsEW2Z2Ns,https://drive.google.com/file/d/1Sb05b5yJn0-uq2vX2slrb6yBsEW2Z2Ns/view?usp=drivesdk
16,binary,no,dsc00954.jpg,5499094,2024-08-03T11:26:56.382Z,dan@infillchoice.ca,75 Marketing - Rent/9616 B 75 NW /Photos,112FOI9dJ0glbg2FaEN7G-AiEDy8WSthu,https://drive.google.com/file/d/112FOI9dJ0glbg2FaEN7G-AiEDy8WSthu/view?usp=drivesdk
16,binary,no,dsc00954.jpg,5499094,2024-08-03T10:46:26.077Z,dan@infillchoice.ca,75 Marketing - Rent/9616 75 Ave NW/Photos,17Z6LdABLsm06i61xYSP9c4xgxoZh80S1,https://drive.google.com/file/d/17Z6LdABLsm06i61xYSP9c4xgxoZh80S1/view?usp=drivesdk
17,binary,YES,Spruce_Avenue_Fourplex_Appraisal_Report[1].pdf,10315516,2025-11-14T18:50:24Z,sunrize.invest@gmail.com,Chanpreet ,1mjM6N6uoiR4pIBDjfPPDDqSFcBihfHJ5,https://drive.google.com/file/d/1mjM6N6uoiR4pIBDjfPPDDqSFcBihfHJ5/view?usp=drivesdk
17,binary,no,Spruce_Avenue_Fourplex_Appraisal_Report[1].pdf,10315516,2025-11-14T18:50:24Z,sunni@rizedevelopments.com,Mayfield 110/Chanpreet Info ,1v8nG8_krHXN5TsBC8iaPegenpE45zUXa,https://drive.google.com/file/d/1v8nG8_krHXN5TsBC8iaPegenpE45zUXa/view?usp=drivesdk
18,binary,YES,dsc00922.jpg,5138019,2024-08-03T11:32:52.868Z,dan@infillchoice.ca,75 Marketing - Rent/9614 B 75 Ave NW/Photos,153k3BSo8BdanQ14OAMybqfkEi2-3e7vO,https://drive.google.com/file/d/153k3BSo8BdanQ14OAMybqfkEi2-3e7vO/view?usp=drivesdk
18,binary,no,dsc00922.jpg,5138019,2024-08-03T11:26:54.576Z,dan@infillchoice.ca,75 Marketing - Rent/9616 B 75 NW /Photos,1PoERCcu792QFnEQJqGkws6o-LpD3NvBA,https://drive.google.com/file/d/1PoERCcu792QFnEQJqGkws6o-LpD3NvBA/view?usp=drivesdk
18,binary,no,dsc00922.jpg,5138019,2024-08-03T10:46:15.648Z,dan@infillchoice.ca,75 Marketing - Rent/9616 75 Ave NW/Photos,1Wd8VhCv645Rnhh3ZADWLLvMU5EkwOsDw,https://drive.google.com/file/d/1Wd8VhCv645Rnhh3ZADWLLvMU5EkwOsDw/view?usp=drivesdk
19,binary,YES,dsc00960.jpg,5109135,2024-08-03T11:32:50.929Z,dan@infillchoice.ca,75 Marketing - Rent/9614 B 75 Ave NW/Photos,1xRAMreUIhuLzhlUIMZ4qBwlfOEv16XDI,https://drive.google.com/file/d/1xRAMreUIhuLzhlUIMZ4qBwlfOEv16XDI/view?usp=drivesdk
19,binary,no,dsc00960.jpg,5109135,2024-08-03T11:26:52.529Z,dan@infillchoice.ca,75 Marketing - Rent/9616 B 75 NW /Photos,1JgCvS3-6K3mz_llj2w44HV59dA6jgThe,https://drive.google.com/file/d/1JgCvS3-6K3mz_llj2w44HV59dA6jgThe/view?usp=drivesdk
19,binary,no,dsc00960.jpg,5109135,2024-08-03T10:46:09.521Z,dan@infillchoice.ca,75 Marketing - Rent/9616 75 Ave NW/Photos,1-ynTOLtrEGFdKqaV2xCMoYRiBAgyiL_W,https://drive.google.com/file/d/1-ynTOLtrEGFdKqaV2xCMoYRiBAgyiL_W/view?usp=drivesdk
20,binary,YES,dsc00948.jpg,4977060,2024-08-03T11:32:47.005Z,dan@infillchoice.ca,75 Marketing - Rent/9614 B 75 Ave NW/Photos,1KIW0vhWjMkVWTBhUcWBv_dcU53LCV5w2,https://drive.google.com/file/d/1KIW0vhWjMkVWTBhUcWBv_dcU53LCV5w2/view?usp=drivesdk
20,binary,no,dsc00948.jpg,4977060,2024-08-03T11:26:48.401Z,dan@infillchoice.ca,75 Marketing - Rent/9616 B 75 NW /Photos,1awj0u1JtlyKjM6EgcDOqt380FzIICKgM,https://drive.google.com/file/d/1awj0u1JtlyKjM6EgcDOqt380FzIICKgM/view?usp=drivesdk
20,binary,no,dsc00948.jpg,4977060,2024-08-03T10:45:55.436Z,dan@infillchoice.ca,75 Marketing - Rent/9616 75 Ave NW/Photos,15m9ZxGu8Nar6_VVvZ5yW2cafwiLcXjdV,https://drive.google.com/file/d/15m9ZxGu8Nar6_VVvZ5yW2cafwiLcXjdV/view?usp=drivesdk
21,binary,YES,dsc00923.jpg,4617952,2024-08-03T11:32:44.894Z,dan@infillchoice.ca,75 Marketing - Rent/9614 B 75 Ave NW/Photos,1l3hE-1wClBewI7ATOH_LvswlmQygSaYH,https://drive.google.com/file/d/1l3hE-1wClBewI7ATOH_LvswlmQygSaYH/view?usp=drivesdk
21,binary,no,dsc00923.jpg,4617952,2024-08-03T11:26:46.420Z,dan@infillchoice.ca,75 Marketing - Rent/9616 B 75 NW /Photos,1-_3XUUH5dZVBv3SY4ZB2yTcL8nSJCeiu,https://drive.google.com/file/d/1-_3XUUH5dZVBv3SY4ZB2yTcL8nSJCeiu/view?usp=drivesdk
21,binary,no,dsc00923.jpg,4617952,2024-08-03T10:45:01.713Z,dan@infillchoice.ca,75 Marketing - Rent/9616 75 Ave NW/Photos,1VH9ed5DkIenKPolGdo_YtoYo-fPELhDg,https://drive.google.com/file/d/1VH9ed5DkIenKPolGdo_YtoYo-fPELhDg/view?usp=drivesdk
22,binary,YES,"YAREMCHUK, SUNNI 2024.pdf",9226968,2025-12-12T10:00:21Z,sunrize.invest@gmail.com,Personal /2024 Filled Tax,1S8jVgWjzPaiIFznG1nO0CxRGnJcFap2T,https://drive.google.com/file/d/1S8jVgWjzPaiIFznG1nO0CxRGnJcFap2T/view?usp=drivesdk
22,binary,no,"YAREMCHUK, SUNNI 2024.pdf",9226968,2025-04-08T19:41:44.378Z,sunrize.invest@gmail.com,CORPORATION/Taxes: 2022 & 2023 ,1ZJ_KPLfB_TH4aipj5tPHwSlzB0c2qxQq,https://drive.google.com/file/d/1ZJ_KPLfB_TH4aipj5tPHwSlzB0c2qxQq/view?usp=drivesdk
23,binary,YES,dsc00933.jpg,4468567,2024-08-03T11:32:42.956Z,dan@infillchoice.ca,75 Marketing - Rent/9614 B 75 Ave NW/Photos,1zBwrduvfkjQRqrkw8uqqzM7YOcTpkO7C,https://drive.google.com/file/d/1zBwrduvfkjQRqrkw8uqqzM7YOcTpkO7C/view?usp=drivesdk
23,binary,no,dsc00933.jpg,4468567,2024-08-03T11:26:44.285Z,dan@infillchoice.ca,75 Marketing - Rent/9616 B 75 NW /Photos,1uVh6sv-BILgpQvDPhKshWaEvukAGIsHr,https://drive.google.com/file/d/1uVh6sv-BILgpQvDPhKshWaEvukAGIsHr/view?usp=drivesdk
23,binary,no,dsc00933.jpg,4468567,2024-08-03T10:44:57.981Z,dan@infillchoice.ca,75 Marketing - Rent/9616 75 Ave NW/Photos,1BKKiLTXwbYDkotHiNfLxRxa7KgqMP0hi,https://drive.google.com/file/d/1BKKiLTXwbYDkotHiNfLxRxa7KgqMP0hi/view?usp=drivesdk
24,binary,YES,dsc00952.jpg,3863894,2024-08-03T11:32:39.003Z,dan@infillchoice.ca,75 Marketing - Rent/9614 B 75 Ave NW/Photos,1gwiu26f9PcDRz6iepJ_uq7yYHbokZ3sw,https://drive.google.com/file/d/1gwiu26f9PcDRz6iepJ_uq7yYHbokZ3sw/view?usp=drivesdk
24,binary,no,dsc00952.jpg,3863894,2024-08-03T11:26:40.479Z,dan@infillchoice.ca,75 Marketing - Rent/9616 B 75 NW /Photos,1N-N3TWA3eTqoKfMMOs-VRPliG4R0hQq8,https://drive.google.com/file/d/1N-N3TWA3eTqoKfMMOs-VRPliG4R0hQq8/view?usp=drivesdk
24,binary,no,dsc00952.jpg,3863894,2024-08-03T10:44:44.435Z,dan@infillchoice.ca,75 Marketing - Rent/9616 75 Ave NW/Photos,1C4Db6Tk_TpiOIuRfy40uHoCVwVtXcqd2,https://drive.google.com/file/d/1C4Db6Tk_TpiOIuRfy40uHoCVwVtXcqd2/view?usp=drivesdk
25,binary,YES,dsc00951.jpg,3485656,2024-08-03T11:32:34.915Z,dan@infillchoice.ca,75 Marketing - Rent/9614 B 75 Ave NW/Photos,1GL5BzWGlq4FSHHFhm3vWYLgqOpc6OOOE,https://drive.google.com/file/d/1GL5BzWGlq4FSHHFhm3vWYLgqOpc6OOOE/view?usp=drivesdk
25,binary,no,dsc00951.jpg,3485656,2024-08-03T11:26:38.441Z,dan@infillchoice.ca,75 Marketing - Rent/9616 B 75 NW /Photos,144KBf11rN6I2GKyeCJMBRFV2mUoqR8JC,https://drive.google.com/file/d/144KBf11rN6I2GKyeCJMBRFV2mUoqR8JC/view?usp=drivesdk
25,binary,no,dsc00951.jpg,3485656,2024-08-03T10:44:23.253Z,dan@infillchoice.ca,75 Marketing - Rent/9616 75 Ave NW/Photos,1blYh_Sod819N6uDsUX4OUjjgHcj1Xeve,https://drive.google.com/file/d/1blYh_Sod819N6uDsUX4OUjjgHcj1Xeve/view?usp=drivesdk
26,binary,YES,SUN003HDServices invoice.pdf,3439888,2026-03-23T19:55:30.790Z,sunrize.invest@gmail.com,Mayfield 110/Mayfield-Invoice ,1kPt2bgPAaK2wuoLhfJ0pY4J1bSdnk3qB,https://drive.google.com/file/d/1kPt2bgPAaK2wuoLhfJ0pY4J1bSdnk3qB/view?usp=drivesdk
26,binary,no,SUN003HDServices invoice.pdf,3439888,2025-11-26T17:17:17Z,sunrize.invest@gmail.com,Allendale 6408 106/5-Unit Receipts ,1mCbocPed4bTeQXtc5atm9y-mfEIjdqWk,https://drive.google.com/file/d/1mCbocPed4bTeQXtc5atm9y-mfEIjdqWk/view?usp=drivesdk
26,binary,no,SUN003HDServices invoice.pdf,3439888,2025-11-06T20:05:28Z,sunrize.invest@gmail.com,Mayfield 110/Mayfield-Invoice ,102QjXNSVVocukeptjb2wJszB2tGie3Ms,https://drive.google.com/file/d/102QjXNSVVocukeptjb2wJszB2tGie3Ms/view?usp=drivesdk
27,binary,YES,dsc00921.jpg,3358170,2024-08-03T11:32:33.024Z,dan@infillchoice.ca,75 Marketing - Rent/9614 B 75 Ave NW/Photos,1tbVqWctGX5xwp9-0sUOstEXHTBXxOm6-,https://drive.google.com/file/d/1tbVqWctGX5xwp9-0sUOstEXHTBXxOm6-/view?usp=drivesdk
27,binary,no,dsc00921.jpg,3358170,2024-08-03T11:26:36.447Z,dan@infillchoice.ca,75 Marketing - Rent/9616 B 75 NW /Photos,1KI_fv9VWHaOqqua-HchVlKHdYSMVCXHR,https://drive.google.com/file/d/1KI_fv9VWHaOqqua-HchVlKHdYSMVCXHR/view?usp=drivesdk
27,binary,no,dsc00921.jpg,3358170,2024-08-03T10:44:21.407Z,dan@infillchoice.ca,75 Marketing - Rent/9616 75 Ave NW/Photos,1AzQIcRxK1xLWgJ-vsnjAYWajEH-9TzS6,https://drive.google.com/file/d/1AzQIcRxK1xLWgJ-vsnjAYWajEH-9TzS6/view?usp=drivesdk
28,binary,YES,Copy of 5 Minute Plank,6164112,2024-09-18T02:17:58.413Z,ehalabi1212@gmail.com,Maintenance 2,1yS0ZUIiAImKpZ8vkvMtHl_xqRY8qJtSz,https://drive.google.com/file/d/1yS0ZUIiAImKpZ8vkvMtHl_xqRY8qJtSz/view?usp=drivesdk
28,binary,no,Copy of 5 Minute Plank,6164112,2024-09-18T02:17:12.027Z,ehalabi1212@gmail.com,Maintenance 1,1NkpaOQN_Sr5O8F7z7ShFNPJet59Res4Q,https://drive.google.com/file/d/1NkpaOQN_Sr5O8F7z7ShFNPJet59Res4Q/view?usp=drivesdk
29,binary,YES,dsc00925.jpg,3010469,2024-08-03T11:32:31.205Z,dan@infillchoice.ca,75 Marketing - Rent/9614 B 75 Ave NW/Photos,1Y5JDtcYs6-wGu5d4KAwSuA11uCLjYelL,https://drive.google.com/file/d/1Y5JDtcYs6-wGu5d4KAwSuA11uCLjYelL/view?usp=drivesdk
29,binary,no,dsc00925.jpg,3010469,2024-08-03T11:26:34.470Z,dan@infillchoice.ca,75 Marketing - Rent/9616 B 75 NW /Photos,1Ix82ik2kX8xEEzfC8YoQbeM-7ZULZkec,https://drive.google.com/file/d/1Ix82ik2kX8xEEzfC8YoQbeM-7ZULZkec/view?usp=drivesdk
29,binary,no,dsc00925.jpg,3010469,2024-08-03T10:44:17.608Z,dan@infillchoice.ca,75 Marketing - Rent/9616 75 Ave NW/Photos,1OqmFIaNZ_GOUg_7iGYCE0pH4qdLsVr4s,https://drive.google.com/file/d/1OqmFIaNZ_GOUg_7iGYCE0pH4qdLsVr4s/view?usp=drivesdk
30,binary,YES,dsc00936.jpg,2942172,2024-08-03T11:32:29.330Z,dan@infillchoice.ca,75 Marketing - Rent/9614 B 75 Ave NW/Photos,15G0xY3Hpv_568UOV2osOt7woavjyvOm1,https://drive.google.com/file/d/15G0xY3Hpv_568UOV2osOt7woavjyvOm1/view?usp=drivesdk
30,binary,no,dsc00936.jpg,2942172,2024-08-03T11:26:32.567Z,dan@infillchoice.ca,75 Marketing - Rent/9616 B 75 NW /Photos,1-Mh_eCQR8h6Ru-Pv0Hj0gyvs2_sFZdNP,https://drive.google.com/file/d/1-Mh_eCQR8h6Ru-Pv0Hj0gyvs2_sFZdNP/view?usp=drivesdk
30,binary,no,dsc00936.jpg,2942172,2024-08-03T10:44:34.517Z,dan@infillchoice.ca,75 Marketing - Rent/9616 75 Ave NW/Photos,1tSBsEo_G_mYh5ApsrsgSMAbL9l9s--MA,https://drive.google.com/file/d/1tSBsEo_G_mYh5ApsrsgSMAbL9l9s--MA/view?usp=drivesdk
31,binary,YES,dsc00707.jpg,5597332,2024-08-03T11:42:16.839Z,dan@infillchoice.ca,75 Marketing - Rent/9616 B 75 NW /Photos,1UhI_4GyuXDgehv_uHHDihDDOd3HvvHjV,https://drive.google.com/file/d/1UhI_4GyuXDgehv_uHHDihDDOd3HvvHjV/view?usp=drivesdk
31,binary,no,dsc00707.jpg,5597332,2024-08-03T11:39:32.912Z,dan@infillchoice.ca,75 Marketing - Rent/9614 B 75 Ave NW/Photos,1zpMIul5Mg8QBilucxf4VZrKXFzdksl1h,https://drive.google.com/file/d/1zpMIul5Mg8QBilucxf4VZrKXFzdksl1h/view?usp=drivesdk
32,binary,YES,dsc00939.jpg,2782759,2024-08-03T11:32:27.424Z,dan@infillchoice.ca,75 Marketing - Rent/9614 B 75 Ave NW/Photos,1GBdKXtMl9uRYiQTtMaSePQrbHsYBCvtl,https://drive.google.com/file/d/1GBdKXtMl9uRYiQTtMaSePQrbHsYBCvtl/view?usp=drivesdk
32,binary,no,dsc00939.jpg,2782759,2024-08-03T11:26:30.692Z,dan@infillchoice.ca,75 Marketing - Rent/9616 B 75 NW /Photos,1rrDzAlbEaq10gWV-tc8ViHmmfGiHFb0a,https://drive.google.com/file/d/1rrDzAlbEaq10gWV-tc8ViHmmfGiHFb0a/view?usp=drivesdk
32,binary,no,dsc00939.jpg,2782759,2024-08-03T10:44:10.806Z,dan@infillchoice.ca,75 Marketing - Rent/9616 75 Ave NW/Photos,1iACatY5d0o9LWtVo-2sMQu_NTU4ip53b,https://drive.google.com/file/d/1iACatY5d0o9LWtVo-2sMQu_NTU4ip53b/view?usp=drivesdk
33,binary,YES,dsc00708.jpg,5555931,2024-08-03T11:42:14.605Z,dan@infillchoice.ca,75 Marketing - Rent/9616 B 75 NW /Photos,1NWBMO-qs40SIlOvVG_RMFuqrUEuQAs0F,https://drive.google.com/file/d/1NWBMO-qs40SIlOvVG_RMFuqrUEuQAs0F/view?usp=drivesdk
33,binary,no,dsc00708.jpg,5555931,2024-08-03T11:39:30.866Z,dan@infillchoice.ca,75 Marketing - Rent/9614 B 75 Ave NW/Photos,1Ga5q9VhFeidUMPa30HnfE0IVZbJIYDiF,https://drive.google.com/file/d/1Ga5q9VhFeidUMPa30HnfE0IVZbJIYDiF/view?usp=drivesdk
34,binary,YES,Franken Homes Introduction (2024).pdf,2682947,2025-05-18T19:48:08Z,sunrize.invest@gmail.com,Development Info-----Go to rize,185dKo4d65YJxfxDfpiKtHtq2nfkmeF58,https://drive.google.com/file/d/185dKo4d65YJxfxDfpiKtHtq2nfkmeF58/view?usp=drivesdk
34,binary,no,Franken Homes Introduction (2024).pdf,2682947,2024-11-18T23:21:14Z,sunrize.invest@gmail.com,Development Info-----Go to rize/Formulas ,1ghLvpn_mu53dtYTow105_ltnJ3wfxvQb,https://drive.google.com/file/d/1ghLvpn_mu53dtYTow105_ltnJ3wfxvQb/view?usp=drivesdk
34,binary,no,Franken Homes Introduction (2024).pdf,2682947,2024-10-10T22:05:41Z,sunrize.invest@gmail.com,Development Info-----Go to rize/Development Example Docs,1P2403woYnaUYSONGBVy-TQuVOvbskMIU,https://drive.google.com/file/d/1P2403woYnaUYSONGBVy-TQuVOvbskMIU/view?usp=drivesdk
35,binary,YES,Offer for Viking.pdf,5320806,2023-10-19T02:12:09Z,sunrize.invest@gmail.com,CORPORATION/2024 Tax Info/Sold Houses/Viking ,1Ej4hCj-krcX2qZpsmk1seQSPRpROjxq7,https://drive.google.com/file/d/1Ej4hCj-krcX2qZpsmk1seQSPRpROjxq7/view?usp=drivesdk
35,binary,no,Offer for Viking.pdf,5320806,2023-10-19T02:12:09Z,sunrize.invest@gmail.com,Blank Purchase Contracts /Seller Financing Offers ,1D0twlVJp5Uh4V0og-1ObcZx1u-LzVRDI,https://drive.google.com/file/d/1D0twlVJp5Uh4V0og-1ObcZx1u-LzVRDI/view?usp=drivesdk
36,binary,YES,Viking Residential Purchase Contract.pdf,5320177,2023-10-19T02:18:01Z,sunrize.invest@gmail.com,CORPORATION/2024 Tax Info/Sold Houses/Viking ,17vOjjDD8zE9kfR_lXMpnpINRoiFMOsC_,https://drive.google.com/file/d/17vOjjDD8zE9kfR_lXMpnpINRoiFMOsC_/view?usp=drivesdk
36,binary,no,Viking Residential Purchase Contract.pdf,5320177,2023-10-19T02:18:01Z,sunrize.invest@gmail.com,Blank Purchase Contracts /Purchase Contracts- Filled out ,1t6oqHsmeA8UyZXPMpUxcaxMXf5boXfnD,https://drive.google.com/file/d/1t6oqHsmeA8UyZXPMpUxcaxMXf5boXfnD/view?usp=drivesdk
37,binary,YES,13430 8-Unit 6408 103 St Allendale - FINAL.pdf,5270653,2025-06-14T21:27:40Z,sunrize.invest@gmail.com,Allendale 6408 106/6408: CMHC,1TlyyYRbUPVlsCQlGoLdDrLmLnJiCryQ_,https://drive.google.com/file/d/1TlyyYRbUPVlsCQlGoLdDrLmLnJiCryQ_/view?usp=drivesdk
37,binary,no,13430 8-Unit 6408 103 St Allendale - FINAL.pdf,5270653,2025-06-12T18:49:18Z,sunrize.invest@gmail.com,Allendale 6408 106,1F_zejKn32MV-W_zYdawsWzFWV0Z7D8GP,https://drive.google.com/file/d/1F_zejKn32MV-W_zYdawsWzFWV0Z7D8GP/view?usp=drivesdk
38,binary,YES,6408 106 St 6-Unit Allendale.pdf,5226045,2025-06-16T22:10:47Z,sunrize.invest@gmail.com,Allendale 6408 106,1Z2YfNZCQjfuTzdHZ4QNOO1r8dOVrWEJW,https://drive.google.com/file/d/1Z2YfNZCQjfuTzdHZ4QNOO1r8dOVrWEJW/view?usp=drivesdk
38,binary,no,6408 106 St 6-Unit Allendale.pdf,5226045,2025-06-16T22:10:47Z,sunrize.invest@gmail.com,Allendale 6408 106/Allendale Overview Info,13OTV4Z8kaBfsDHXILTjPhVWE0KAxdolG,https://drive.google.com/file/d/13OTV4Z8kaBfsDHXILTjPhVWE0KAxdolG/view?usp=drivesdk
39,binary,YES,COI-CMLS Deposit .pdf,5160684,2026-03-23T20:46:01.702Z,sunrize.invest@gmail.com,Allendale 6408 106/6408: Invoice,1o1e3gHYha5vDae2cEjyenmkMhcTrHaBQ,https://drive.google.com/file/d/1o1e3gHYha5vDae2cEjyenmkMhcTrHaBQ/view?usp=drivesdk
39,binary,no,COI-CMLS Deposit .pdf,5160684,2026-03-09T16:49:09.508Z,sunrize.invest@gmail.com,Allendale 6408 106/5-Unit Receipts ,1FMo-g6t5dhrGQdXWdQ2X8tQchEkMpcYR,https://drive.google.com/file/d/1FMo-g6t5dhrGQdXWdQ2X8tQchEkMpcYR/view?usp=drivesdk
40,binary,YES,dsc00956.jpg,5061692,2024-08-03T11:32:48.940Z,dan@infillchoice.ca,75 Marketing - Rent/9614 B 75 Ave NW/Photos,1rW3elJ1lTTJZZIkl4R0iUxYk_7PuoHx5,https://drive.google.com/file/d/1rW3elJ1lTTJZZIkl4R0iUxYk_7PuoHx5/view?usp=drivesdk
40,binary,no,dsc00956.jpg,5061692,2024-08-03T11:26:50.449Z,dan@infillchoice.ca,75 Marketing - Rent/9616 B 75 NW /Photos,1X8bEc9z-mwNFiTBLrv0cxfYW7e4unF3j,https://drive.google.com/file/d/1X8bEc9z-mwNFiTBLrv0cxfYW7e4unF3j/view?usp=drivesdk
41,binary,YES,dsc00730_hdr.jpg,4423577,2024-08-03T11:39:28.770Z,dan@infillchoice.ca,75 Marketing - Rent/9614 B 75 Ave NW/Photos,1kFcCD9U_OCawVpeYaL5rYZufQ6g-PPHz,https://drive.google.com/file/d/1kFcCD9U_OCawVpeYaL5rYZufQ6g-PPHz/view?usp=drivesdk
41,binary,no,dsc00730_hdr.jpg,4423577,2024-08-03T11:38:15.583Z,dan@infillchoice.ca,75 Marketing - Rent/9614 B 75 Ave NW/Photos,1VdBVENhZmKzFr_jMh7hu41bFT8PTqPeW,https://drive.google.com/file/d/1VdBVENhZmKzFr_jMh7hu41bFT8PTqPeW/view?usp=drivesdk
42,binary,YES,Diamante NUANS.pdf,4097521,2026-03-23T19:22:26.733Z,sunrize.invest@gmail.com,Jasper Park/Jasper Park-Corporate Files ,1cxGZP6_fqYpQGVcAbB83P1II6B6vOxfE,https://drive.google.com/file/d/1cxGZP6_fqYpQGVcAbB83P1II6B6vOxfE/view?usp=drivesdk
42,binary,no,Diamante NUANS.pdf,4097521,2025-08-01T02:49:36.014Z,sunrize.invest@gmail.com,Jasper Park/Jasper Park-Corporate Files ,12w45pBn4riHIQOeI9O11r9rQj3kdTQnP,https://drive.google.com/file/d/12w45pBn4riHIQOeI9O11r9rQj3kdTQnP/view?usp=drivesdk
43,binary,YES,SUN002HDServices invoice (1).pdf,4020443,2026-03-23T20:17:39.081Z,sunrize.invest@gmail.com,Mayfield 110/Mayfield-Invoice ,1AoybD3Lo_JMvVQfQ9K2J6XCLJSKY3f02,https://drive.google.com/file/d/1AoybD3Lo_JMvVQfQ9K2J6XCLJSKY3f02/view?usp=drivesdk
43,binary,no,SUN002HDServices invoice (1).pdf,4020443,2025-11-26T17:17:34Z,sunrize.invest@gmail.com,,1vxG52aE1XLJ-r2QnfGzAje_NA4SrCThL,https://drive.google.com/file/d/1vxG52aE1XLJ-r2QnfGzAje_NA4SrCThL/view?usp=drivesdk
44,binary,YES,dsc00938.jpg,4000487,2024-08-03T11:32:40.992Z,dan@infillchoice.ca,75 Marketing - Rent/9614 B 75 Ave NW/Photos,1EZSqz8FBAw_aYHS1wrbC7cvc1J5FSvJH,https://drive.google.com/file/d/1EZSqz8FBAw_aYHS1wrbC7cvc1J5FSvJH/view?usp=drivesdk
44,binary,no,dsc00938.jpg,4000487,2024-08-03T11:26:42.460Z,dan@infillchoice.ca,75 Marketing - Rent/9616 B 75 NW /Photos,1QxfvEktKCb1Lbij8GLxlOeArhWyMRHXb,https://drive.google.com/file/d/1QxfvEktKCb1Lbij8GLxlOeArhWyMRHXb/view?usp=drivesdk
45,binary,YES,dsc01288.jpg,1970660,2024-08-03T11:42:12.683Z,dan@infillchoice.ca,75 Marketing - Rent/9616 B 75 NW /Photos,1A3s2MCms4_ZhQpqdF6cJV8ioYgcZA1HE,https://drive.google.com/file/d/1A3s2MCms4_ZhQpqdF6cJV8ioYgcZA1HE/view?usp=drivesdk
45,binary,no,dsc01288.jpg,1970660,2024-08-03T11:40:58.290Z,dan@infillchoice.ca,75 Marketing - Rent/9614 B 75 Ave NW/Photos,1WqolRiek4Elm_eNOG_AmVkUB4R0yxgWt,https://drive.google.com/file/d/1WqolRiek4Elm_eNOG_AmVkUB4R0yxgWt/view?usp=drivesdk
45,binary,no,dsc01288.jpg,1970660,2024-08-03T10:45:51.789Z,dan@infillchoice.ca,75 Marketing - Rent/9616 75 Ave NW/Photos,1dZmsvRgPJcO2LFrDA6aaIiUKgXSlhzOF,https://drive.google.com/file/d/1dZmsvRgPJcO2LFrDA6aaIiUKgXSlhzOF/view?usp=drivesdk
46,binary,YES,dsc01287.jpg,1932702,2024-08-03T11:42:09.379Z,dan@infillchoice.ca,75 Marketing - Rent/9616 B 75 NW /Photos,1_0jzVCM5jPOfrYuIfJdyFuOUnc6K2F7m,https://drive.google.com/file/d/1_0jzVCM5jPOfrYuIfJdyFuOUnc6K2F7m/view?usp=drivesdk
46,binary,no,dsc01287.jpg,1932702,2024-08-03T11:40:56.407Z,dan@infillchoice.ca,75 Marketing - Rent/9614 B 75 Ave NW/Photos,1ckY2niMCJtIv6Rexf3XjApLOoX25HI4G,https://drive.google.com/file/d/1ckY2niMCJtIv6Rexf3XjApLOoX25HI4G/view?usp=drivesdk
46,binary,no,dsc01287.jpg,1932702,2024-08-03T10:45:50.170Z,dan@infillchoice.ca,75 Marketing - Rent/9616 75 Ave NW/Photos,1seObSGLCZ8U_YyX4VT8NW0UbPqciWp29,https://drive.google.com/file/d/1seObSGLCZ8U_YyX4VT8NW0UbPqciWp29/view?usp=drivesdk
47,binary,YES,Spec Design Concept for Drawings (2).pdf,3790569,2026-03-10T15:08:50Z,sunrize.invest@gmail.com,Jasper Park/Jasper Park-Plans ,1n9qMlin2B65HUPCL1Wh-dXzOmh-BDhF5,https://drive.google.com/file/d/1n9qMlin2B65HUPCL1Wh-dXzOmh-BDhF5/view?usp=drivesdk
47,binary,no,Spec Design Concept for Drawings (2).pdf,3790569,2025-06-16T22:16:43Z,sunrize.invest@gmail.com,Allendale 6408 106,1hP_lXKkTaUSBq3x6ujyNj_lntiJ2NL84,https://drive.google.com/file/d/1hP_lXKkTaUSBq3x6ujyNj_lntiJ2NL84/view?usp=drivesdk
48,binary,YES,dsc00974.jpg,3621301,2024-08-03T11:32:36.849Z,dan@infillchoice.ca,75 Marketing - Rent/9614 B 75 Ave NW/Photos,1Yx2FKJ67T0PeNxyw6t5VCW7AvwkPSjhc,https://drive.google.com/file/d/1Yx2FKJ67T0PeNxyw6t5VCW7AvwkPSjhc/view?usp=drivesdk
48,binary,no,dsc00974.jpg,3621301,2024-08-03T10:44:32.594Z,dan@infillchoice.ca,75 Marketing - Rent/9616 75 Ave NW/Photos,1F-7J5yXiwKEXJ0nB2IKIzUjag_XeXchg,https://drive.google.com/file/d/1F-7J5yXiwKEXJ0nB2IKIzUjag_XeXchg/view?usp=drivesdk
49,binary,YES,IMG_3048.HEIC,3508588,2024-05-18T21:31:04.527Z,sunrize.invest@gmail.com,Personal /CR/Mexico-Puerto Escondido/ZAPTA - Photos,1o7kh8BlagVihoQEMUw6_DOCVhMIR484z,https://drive.google.com/file/d/1o7kh8BlagVihoQEMUw6_DOCVhMIR484z/view?usp=drivesdk
49,binary,no,IMG_3048.HEIC,3508588,2024-05-18T19:43:42.799Z,sunrize.invest@gmail.com,Personal /CR/Mexico-Puerto Escondido/ZAPTA - Photos,1ihtXjqxQzdsioDdGwXqpJgJG_2Uo0oXU,https://drive.google.com/file/d/1ihtXjqxQzdsioDdGwXqpJgJG_2Uo0oXU/view?usp=drivesdk
50,binary,YES,dsc01286.jpg,1671105,2024-08-03T11:42:11.065Z,dan@infillchoice.ca,75 Marketing - Rent/9616 B 75 NW /Photos,1yfIDpvXsvHss0p_I-Z3fmJIG-18N_PCP,https://drive.google.com/file/d/1yfIDpvXsvHss0p_I-Z3fmJIG-18N_PCP/view?usp=drivesdk
50,binary,no,dsc01286.jpg,1671105,2024-08-03T11:40:54.773Z,dan@infillchoice.ca,75 Marketing - Rent/9614 B 75 Ave NW/Photos,1Z348l1aeV4ym8UYR6bh-9w9mTHiB_ayM,https://drive.google.com/file/d/1Z348l1aeV4ym8UYR6bh-9w9mTHiB_ayM/view?usp=drivesdk
50,binary,no,dsc01286.jpg,1671105,2024-08-03T10:45:48.272Z,dan@infillchoice.ca,75 Marketing - Rent/9616 75 Ave NW/Photos,1y6pjSNfB1r4B_BWjlmcIlaM2iJmkzqM5,https://drive.google.com/file/d/1y6pjSNfB1r4B_BWjlmcIlaM2iJmkzqM5/view?usp=drivesdk
51,binary,YES,invoice_93826.pdf,2859713,2026-03-23T20:46:01.715Z,sunrize.invest@gmail.com,Allendale 6408 106/6408: Invoice,1evdIKJQHnbX6oxJTFxxXX1Y3OewFgs4U,https://drive.google.com/file/d/1evdIKJQHnbX6oxJTFxxXX1Y3OewFgs4U/view?usp=drivesdk
51,binary,no,invoice_93826.pdf,2859713,2026-03-09T16:51:14.987Z,sunrize.invest@gmail.com,Allendale 6408 106/5-Unit Receipts ,1qeyGHecazUdyeM-LLyTqqQKKvq4RFOSz,https://drive.google.com/file/d/1qeyGHecazUdyeM-LLyTqqQKKvq4RFOSz/view?usp=drivesdk
52,binary,YES,Screenshot 2024-05-18 105115.png,2543980,2024-05-18T16:51:15Z,sunrize.invest@gmail.com,Personal /CR/Mexico-Puerto Escondido/ZAPTA - Photos,1oug7W1ZQlgpHuOzF9rhWinBmdVkOK3RD,https://drive.google.com/file/d/1oug7W1ZQlgpHuOzF9rhWinBmdVkOK3RD/view?usp=drivesdk
52,binary,no,Screenshot 2024-05-18 105115.png,2543980,2024-05-18T16:51:15Z,sunrize.invest@gmail.com,Personal /CR/Mexico-Puerto Escondido/ZAPTA - Photos,1_CO2kj_h46dl64UgdVqjN44N5oN0DOvy,https://drive.google.com/file/d/1_CO2kj_h46dl64UgdVqjN44N5oN0DOvy/view?usp=drivesdk
53,binary,YES,dsc00926.jpg,2451822,2024-08-03T11:32:25.418Z,dan@infillchoice.ca,75 Marketing - Rent/9614 B 75 Ave NW/Photos,1yGKCz1-Kx3OsKAqz6rGfrN6FNcsBaxyE,https://drive.google.com/file/d/1yGKCz1-Kx3OsKAqz6rGfrN6FNcsBaxyE/view?usp=drivesdk
53,binary,no,dsc00926.jpg,2451822,2024-08-03T11:26:28.699Z,dan@infillchoice.ca,75 Marketing - Rent/9616 B 75 NW /Photos,14nLFkprCg6vkT3lgUCUWORHUntyrrZUA,https://drive.google.com/file/d/14nLFkprCg6vkT3lgUCUWORHUntyrrZUA/view?usp=drivesdk
54,binary,YES,15981 110b Ave NW WDV.3.pdf,2440280,2025-07-07T17:51:42.977Z,sunrize.invest@gmail.com,Mayfield 110/Plans & Surveys ,1UolS9qC8bJHreRxMZpK0DzAU4GTs5F5M,https://drive.google.com/file/d/1UolS9qC8bJHreRxMZpK0DzAU4GTs5F5M/view?usp=drivesdk
54,binary,no,15981 110b Ave NW WDV.3.pdf,2440280,2025-06-23T23:01:57.096Z,sunrize.invest@gmail.com,Mayfield 110/Plans & Surveys ,14iIhooTGQG02bNR9T5gi_ErOVmsdIYDz,https://drive.google.com/file/d/14iIhooTGQG02bNR9T5gi_ErOVmsdIYDz/view?usp=drivesdk
55,binary,YES,e53d977e-f104-47d8-a7ed-c4828dc6c413.mp4,2045913,2024-05-06T19:08:48.217Z,sunrize.invest@gmail.com,Personal /CR/Mexico-Puerto Escondido/Puerto Escondido Clips ,12rhNbgYgFk758gnzYY-xieWCiYhHxq5k,https://drive.google.com/file/d/12rhNbgYgFk758gnzYY-xieWCiYhHxq5k/view?usp=drivesdk
55,binary,no,e53d977e-f104-47d8-a7ed-c4828dc6c413.mp4,2045913,2024-05-06T19:08:46.248Z,sunrize.invest@gmail.com,Personal /CR/Mexico-Puerto Escondido/Puerto Escondido Clips ,17iJo9WwXgynsR4sJSxH7ut14dACcxvh5,https://drive.google.com/file/d/17iJo9WwXgynsR4sJSxH7ut14dACcxvh5/view?usp=drivesdk
56,binary,YES,Purchase-Contract--8207-121. Signed (1).pdf,771101,2026-05-11T19:12:53.249Z,sunrize.invest@gmail.com,CORPORATION/2024 Tax Info/Sold Houses/Eastwood 6 Plex/8207 121 Ave 6 Plex,1A7K9zsdOxRx3oBm1dF03qIBIMZ0WzdYD,https://drive.google.com/file/d/1A7K9zsdOxRx3oBm1dF03qIBIMZ0WzdYD/view?usp=drivesdk
56,binary,no,Purchase-Contract--8207-121. Signed (1).pdf,771101,2024-04-14T22:36:41Z,sunrize.invest@gmail.com,Blank Purchase Contracts /Purchase Contracts- Filled out ,1nSvh6fyYoUy338jRQg4A9_E3n_73AxO9,https://drive.google.com/file/d/1nSvh6fyYoUy338jRQg4A9_E3n_73AxO9/view?usp=drivesdk
56,binary,no,Purchase-Contract--8207-121. Signed (1).pdf,771101,2024-04-14T22:36:41Z,sunrize.invest@gmail.com,Blank Purchase Contracts /Purchase Contracts- Filled out ,1M_AVU4KfpFHckmLyB9ShqxeC6Y5ENTIU,https://drive.google.com/file/d/1M_AVU4KfpFHckmLyB9ShqxeC6Y5ENTIU/view?usp=drivesdk
57,binary,YES,Landridge Homes-Sales Contract.pdf,1416925,2025-11-17T19:33:55Z,sunrize.invest@gmail.com,Landridge/Westmount (8-Plex),1v-c-sA8afhqQs33UbqcOdZeRshF5qOB1,https://drive.google.com/file/d/1v-c-sA8afhqQs33UbqcOdZeRshF5qOB1/view?usp=drivesdk
57,binary,no,Landridge Homes-Sales Contract.pdf,1416925,2025-11-13T18:16:21Z,sunrize.invest@gmail.com,Landridge,1Is1IFxgxEepAtqB8Aw-F3pTPzM2f0BJe,https://drive.google.com/file/d/1Is1IFxgxEepAtqB8Aw-F3pTPzM2f0BJe/view?usp=drivesdk
58,binary,YES,10848 153 ST Edmonton.pdf,1399370,2026-03-12T05:56:40Z,maadisoncross82@gmail.com,IBH Tax,1MINITEpkCM3U1J5JLg6LIUF5RFQAsZCF,https://drive.google.com/file/d/1MINITEpkCM3U1J5JLg6LIUF5RFQAsZCF/view?usp=drivesdk
58,binary,no,10848 153 ST Edmonton.pdf,1399370,2024-12-31T16:43:46.116Z,sunrize.invest@gmail.com,2025 Tax/2025 Flips/Wholesale /In Between Homes /IN-Between Homes /Outlook,1T3l76ve24HWZ8RyvdGBu7M5ZSwIORWI2,https://drive.google.com/file/d/1T3l76ve24HWZ8RyvdGBu7M5ZSwIORWI2/view?usp=drivesdk
59,binary,YES,10612 - 127 STREET NW - Schedule A - Plans.pdf,1376497,2026-01-05T23:44:00.254Z,sunrize.invest@gmail.com,Landridge/landridge 8-plex purching contract for clients ,1ZW_GBAb-CrpV1JxQhHNwnLf8NBE9RcrP,https://drive.google.com/file/d/1ZW_GBAb-CrpV1JxQhHNwnLf8NBE9RcrP/view?usp=drivesdk
59,binary,no,10612 - 127 STREET NW - Schedule A - Plans.pdf,1376497,2025-11-25T17:45:37Z,sunrize.invest@gmail.com,Landridge/Purchase Contracts Signed /10612 127St,1jman6hm2tUHQWomOrao5kZWvYLJntAhD,https://drive.google.com/file/d/1jman6hm2tUHQWomOrao5kZWvYLJntAhD/view?usp=drivesdk
60,binary,YES,Invoice 25-120 6-plex.pdf,676175,2026-03-23T20:46:01.715Z,sunrize.invest@gmail.com,Allendale 6408 106/6408: Invoice,1IYW0N6QSW9_3apepr201TAHqeMOLwUOw,https://drive.google.com/file/d/1IYW0N6QSW9_3apepr201TAHqeMOLwUOw/view?usp=drivesdk
60,binary,no,Invoice 25-120 6-plex.pdf,676175,2025-07-29T05:14:49.899Z,sunrize.invest@gmail.com,Invoices /Invoices from gmail,1dCQkyyoPi-1B5Udb5jDf-MT6jWqyUMdG,https://drive.google.com/file/d/1dCQkyyoPi-1B5Udb5jDf-MT6jWqyUMdG/view?usp=drivesdk
60,binary,no,Invoice 25-120 6-plex.pdf,676175,2025-07-08T03:08:59.190Z,sunrize.invest@gmail.com,Allendale 6408 106/6408: Invoice,1UhvCBNsULV4LkYAlJqi8qhmiGz6SiYqd,https://drive.google.com/file/d/1UhvCBNsULV4LkYAlJqi8qhmiGz6SiYqd/view?usp=drivesdk
61,binary,YES,Blank Notice Template.xps.pdf,1278994,2025-10-14T15:40:40.828Z,sunrize.invest@gmail.com,Allendale 6408 106/6408: Purchase Docs ,1vRe0wDR9PdwQ4CtUiTZaLa5FFtOCnMbY,https://drive.google.com/file/d/1vRe0wDR9PdwQ4CtUiTZaLa5FFtOCnMbY/view?usp=drivesdk
61,binary,no,Blank Notice Template.xps.pdf,1278994,2025-03-31T21:04:01Z,sunrize.invest@gmail.com,Allendale 6408 106/6408: Purchase Docs ,1vMIgIFqmOH_V2Jnf4C5ye4R3lrdUuML9,https://drive.google.com/file/d/1vMIgIFqmOH_V2Jnf4C5ye4R3lrdUuML9/view?usp=drivesdk
62,binary,YES,Att_ 05c6b654b6724142ab5ffb1ceea5c4b4.xps.pdf,1194731,2026-04-20T16:45:05.428Z,sunrize.invest@gmail.com,Jasper Park/Jasper Park-Corporate Files ,1VBnmH4Ae7W8HSGZKLRhHINpiDO_T-2Mt,https://drive.google.com/file/d/1VBnmH4Ae7W8HSGZKLRhHINpiDO_T-2Mt/view?usp=drivesdk
62,binary,no,Att_ 05c6b654b6724142ab5ffb1ceea5c4b4.xps.pdf,1194731,2026-02-17T02:31:07.776Z,sunrize.invest@gmail.com,Jasper Park/Purchasing Documents ,17L83pRX5mU1ke3apAabT1mM8zN4RUmgS,https://drive.google.com/file/d/17L83pRX5mU1ke3apAabT1mM8zN4RUmgS/view?usp=drivesdk
63,binary,YES,6408-106 Calvert Loan Aggreement.pdf,1188243,2025-04-24T14:26:13Z,sunrize.invest@gmail.com,Allendale 6408 106/6408: Purchase Docs ,1W6x0GJlAYoW_XGKh6e5l3SZPvrsSm1ep,https://drive.google.com/file/d/1W6x0GJlAYoW_XGKh6e5l3SZPvrsSm1ep/view?usp=drivesdk
63,binary,no,6408-106 Calvert Loan Aggreement.pdf,1188243,2024-11-02T21:57:22.090Z,sunrize.invest@gmail.com,Allendale 6408 106/6408: CMHC,1FRqdhmHIq1rJBdbmUtB5V3ZO1eo_C_4E,https://drive.google.com/file/d/1FRqdhmHIq1rJBdbmUtB5V3ZO1eo_C_4E/view?usp=drivesdk
64,binary,YES,IMG_4283.HEIC,1169383,2024-03-14T14:59:47.848Z,sianne.investments@gmail.com,Duplex Canora (27/29),16PHZ3ucwdkw6N6CYL9nmwbbg-H7mmwOF,https://drive.google.com/file/d/16PHZ3ucwdkw6N6CYL9nmwbbg-H7mmwOF/view?usp=drivesdk
64,binary,no,IMG_4283.HEIC,1169383,2024-03-14T14:58:13.542Z,sianne.investments@gmail.com,Duplex Canora (27/29),16D3mu7jo5e6YANO1BViF2b7eE9EjTce6,https://drive.google.com/file/d/16D3mu7jo5e6YANO1BViF2b7eE9EjTce6/view?usp=drivesdk
65,binary,YES,Screenshot 2024-05-18 105141.png,1153343,2024-05-18T16:51:41Z,sunrize.invest@gmail.com,Personal /CR/Mexico-Puerto Escondido/ZAPTA - Photos,1vtF-G8t7xVilhrX45MZ0lKqOu27v7PoK,https://drive.google.com/file/d/1vtF-G8t7xVilhrX45MZ0lKqOu27v7PoK/view?usp=drivesdk
65,binary,no,Screenshot 2024-05-18 105141.png,1153343,2024-05-18T16:51:41Z,sunrize.invest@gmail.com,Personal /CR/Mexico-Puerto Escondido/ZAPTA - Photos,1z7_KJVaMhDCdsxyv8gtVpd2-Sfgm3OoJ,https://drive.google.com/file/d/1z7_KJVaMhDCdsxyv8gtVpd2-Sfgm3OoJ/view?usp=drivesdk
66,binary,YES,JVA-Full-Version-with-Schedule-B.pdf,523740,2024-05-15T21:19:38Z,sunrize.invest@gmail.com,Blank Purchase Contracts /Seller Financing Offers ,1UZjWsV3ssOJSfJeV9-9MPe0kBJtnMJjw,https://drive.google.com/file/d/1UZjWsV3ssOJSfJeV9-9MPe0kBJtnMJjw/view?usp=drivesdk
66,binary,no,JVA-Full-Version-with-Schedule-B.pdf,523740,2023-10-20T19:58:46Z,sunrize.invest@gmail.com,Blank Purchase Contracts ,1fUkf0rpuKQUdLTR07l6iTneGev9NXziy,https://drive.google.com/file/d/1fUkf0rpuKQUdLTR07l6iTneGev9NXziy/view?usp=drivesdk
66,binary,no,JVA-Full-Version-with-Schedule-B.pdf,523740,2023-10-20T19:58:46Z,sunrize.invest@gmail.com,CORPORATION/2024 Tax Info/Sold Houses/Viking ,1S-KEfAG1CEIQ3mp1L-pdlzB4xJZGjXQF,https://drive.google.com/file/d/1S-KEfAG1CEIQ3mp1L-pdlzB4xJZGjXQF/view?usp=drivesdk
67,binary,YES,10612 - 127 STREET NW- Landridge Homes-Sales Contract.pdf,1022641,2026-01-05T23:44:00.187Z,sunrize.invest@gmail.com,Landridge/landridge 8-plex purching contract for clients ,1DMRPlgKjRCDf-6fevW1SGpTwZz9eK6fQ,https://drive.google.com/file/d/1DMRPlgKjRCDf-6fevW1SGpTwZz9eK6fQ/view?usp=drivesdk
67,binary,no,10612 - 127 STREET NW- Landridge Homes-Sales Contract.pdf,1022641,2025-11-25T17:45:37Z,sunrize.invest@gmail.com,Landridge/Purchase Contracts Signed /10612 127St,1_xoHxL-RxrUtf_4Y-UryZQ5g0Z1PfdyK,https://drive.google.com/file/d/1_xoHxL-RxrUtf_4Y-UryZQ5g0Z1PfdyK/view?usp=drivesdk
68,binary,YES,9115 150 St NW - Deal Breakdown Calculator.numbers,884617,2024-07-30T16:32:32.354Z,jordan@stirlinginvestments.ca,(root),1HU-x5twGu8ll0MG8LMdFJ4A87FK2Y4XT,https://drive.google.com/file/d/1HU-x5twGu8ll0MG8LMdFJ4A87FK2Y4XT/view?usp=drivesdk
68,binary,no,9115 150 St NW - Deal Breakdown Calculator.numbers,884617,2024-07-30T16:32:32Z,sunrize.invest@gmail.com,Flip Info/Flip Calculaytor & Formulas ,16-4gRgVjv4e86VPAmfwnO4JnVty3mYGD,https://drive.google.com/file/d/16-4gRgVjv4e86VPAmfwnO4JnVty3mYGD/view?usp=drivesdk
69,binary,YES,10612 - 127 STREET NW- Schedule C.pdf,785582,2026-01-05T23:44:00.266Z,sunrize.invest@gmail.com,Landridge/landridge 8-plex purching contract for clients ,120YRlaU2O9u2MPtY9F59DZIRLzpfIb65,https://drive.google.com/file/d/120YRlaU2O9u2MPtY9F59DZIRLzpfIb65/view?usp=drivesdk
69,binary,no,10612 - 127 STREET NW- Schedule C.pdf,785582,2025-11-25T17:45:37Z,sunrize.invest@gmail.com,Landridge/Purchase Contracts Signed /10612 127St,1yXpAu5UjXd_qefNkqfIXDjNglDPVoPhA,https://drive.google.com/file/d/1yXpAu5UjXd_qefNkqfIXDjNglDPVoPhA/view?usp=drivesdk
70,binary,YES,Construction Agreement (Verum).pdf,684323,2025-10-06T14:29:07.907Z,sunrize.invest@gmail.com,Build Contracts Blank,16wcizg16pHgaWPIJl1kkBLuH2fF938OT,https://drive.google.com/file/d/16wcizg16pHgaWPIJl1kkBLuH2fF938OT/view?usp=drivesdk
70,binary,no,Construction Agreement (Verum).pdf,684323,2024-12-30T21:31:59.744Z,sunrize.invest@gmail.com,Blank Purchase Contracts ,1GP9jhELqtyJi0269lcOJorQxR5pzRlT3,https://drive.google.com/file/d/1GP9jhELqtyJi0269lcOJorQxR5pzRlT3/view?usp=drivesdk
71,binary,YES,Purchase_Contract_8207_121_AVE-1_(Signed) (1).pdf,661323,2026-05-11T19:14:43.238Z,sunrize.invest@gmail.com,CORPORATION/2024 Tax Info/Sold Houses/Eastwood 6 Plex,18NeFhsY4fKoNZzGFgsNOEGhHSIVND7rT,https://drive.google.com/file/d/18NeFhsY4fKoNZzGFgsNOEGhHSIVND7rT/view?usp=drivesdk
71,binary,no,Purchase_Contract_8207_121_AVE-1_(Signed) (1).pdf,661323,2024-07-24T23:43:15Z,sunrize.invest@gmail.com,CORPORATION/2024 Tax Info/Sold Houses/Eastwood 6 Plex,1IpEnpStZKyx2M4ZqSxD0_lIB-ZvK7UQn,https://drive.google.com/file/d/1IpEnpStZKyx2M4ZqSxD0_lIB-ZvK7UQn/view?usp=drivesdk
72,binary,YES,Commitment Letter - Signed.pdf,588147,2026-03-23T20:35:40.641Z,sunrize.invest@gmail.com,Mayfield 110/Mayfield-Invoice ,1UNrR9yN-cZkrkMUlgtXq-u6Ga6WXGs7L,https://drive.google.com/file/d/1UNrR9yN-cZkrkMUlgtXq-u6Ga6WXGs7L/view?usp=drivesdk
72,binary,no,Commitment Letter - Signed.pdf,588147,2025-03-17T23:57:44Z,sunrize.invest@gmail.com,Mayfield 110/Purchasing & Corp.,1Zrnt6VGDiY1N3WajQLi_D9_U-m121Z7w,https://drive.google.com/file/d/1Zrnt6VGDiY1N3WajQLi_D9_U-m121Z7w/view?usp=drivesdk
73,binary,YES,LOE_6-Unit_Complex_at_6408_106_St_Edmonton.pdf,291126,2026-03-23T20:46:01.714Z,sunrize.invest@gmail.com,Allendale 6408 106/6408: Invoice,1QswOqYDKCslcrbmsc7uh-TsNkOSQ8dDI,https://drive.google.com/file/d/1QswOqYDKCslcrbmsc7uh-TsNkOSQ8dDI/view?usp=drivesdk
73,binary,no,LOE_6-Unit_Complex_at_6408_106_St_Edmonton.pdf,291126,2025-01-15T21:45:52Z,sunrize.invest@gmail.com,Allendale 6408 106/6408: Invoice,1QlDI7hsLJLzw0mEXXLVu7kg6N6-kTapa,https://drive.google.com/file/d/1QlDI7hsLJLzw0mEXXLVu7kg6N6-kTapa/view?usp=drivesdk
73,binary,no,LOE_6-Unit_Complex_at_6408_106_St_Edmonton.pdf,291126,2025-01-15T21:33:53Z,sunrize.invest@gmail.com,Allendale 6408 106/6408: CMHC,1XYxGqWqDLpQbmauKfXX7a33_lz_S4YC8,https://drive.google.com/file/d/1XYxGqWqDLpQbmauKfXX7a33_lz_S4YC8/view?usp=drivesdk
74,binary,YES,Yes masters scripts.pdf,557108,2024-02-07T18:07:51Z,sunrize.invest@gmail.com,CORPORATION/MAX- Sheets,12tdR8OPCnPqedCrHtW6AxyOo8lCnCjco,https://drive.google.com/file/d/12tdR8OPCnPqedCrHtW6AxyOo8lCnCjco/view?usp=drivesdk
74,binary,no,Yes masters scripts.pdf,557108,2024-02-07T17:57:44Z,sunrize.invest@gmail.com,Wholesale /Scripts: Cold Calls,1VwhPedImhbqKWEB33fPSNr1k2q0UlGEF,https://drive.google.com/file/d/1VwhPedImhbqKWEB33fPSNr1k2q0UlGEF/view?usp=drivesdk
75,binary,YES,Purchase Contract.pdf,555238,2025-09-05T14:45:06Z,sunrize.invest@gmail.com,,14eruA3_ikx8qe_wqeVEXba7MfwLTK64D,https://drive.google.com/file/d/14eruA3_ikx8qe_wqeVEXba7MfwLTK64D/view?usp=drivesdk
75,binary,no,Purchase Contract.pdf,555238,2025-08-26T19:51:15Z,maadisoncross82@gmail.com,IBH Tax/9121 152 St NW Expenses,1vRi7zzzJoQQmD46OveCtRbIykwI9vap0,https://drive.google.com/file/d/1vRi7zzzJoQQmD46OveCtRbIykwI9vap0/view?usp=drivesdk
76,binary,YES,10612 - 127 STREET NW - Schedule_B - Sepcifications.pdf,545271,2026-01-05T23:44:00.185Z,sunrize.invest@gmail.com,Landridge/landridge 8-plex purching contract for clients ,17qeT-zp1LtcSP1sA3_IpGuzuzxSjN6Lt,https://drive.google.com/file/d/17qeT-zp1LtcSP1sA3_IpGuzuzxSjN6Lt/view?usp=drivesdk
76,binary,no,10612 - 127 STREET NW - Schedule_B - Sepcifications.pdf,545271,2025-11-25T17:45:37Z,sunrize.invest@gmail.com,Landridge/Purchase Contracts Signed /10612 127St,1xd1D37EtYMZlcvyGcb1SKYeU_XM0rb-a,https://drive.google.com/file/d/1xd1D37EtYMZlcvyGcb1SKYeU_XM0rb-a/view?usp=drivesdk
77,binary,YES,Floor plan.PNG,505853,2024-08-03T11:25:37.300Z,dan@infillchoice.ca,75 Marketing - Rent/9616 B 75 NW ,126Ks5T3QCYZcOscBjsqs2WaNBXQ1LYoa,https://drive.google.com/file/d/126Ks5T3QCYZcOscBjsqs2WaNBXQ1LYoa/view?usp=drivesdk
77,binary,no,Floor plan.PNG,505853,2024-08-03T11:20:44.957Z,dan@infillchoice.ca,75 Marketing - Rent/9614 B 75 Ave NW,1COm3jwXFY46f6B6V04Zd9mgEUuuIg0ut,https://drive.google.com/file/d/1COm3jwXFY46f6B6V04Zd9mgEUuuIg0ut/view?usp=drivesdk
78,binary,YES,Schedule_B - Sepcifications.pdf,497616,2025-11-13T18:16:21Z,sunrize.invest@gmail.com,,1ozjTYdegYlwL9ADWe1KDuT_beXobwy6h,https://drive.google.com/file/d/1ozjTYdegYlwL9ADWe1KDuT_beXobwy6h/view?usp=drivesdk
78,binary,no,Schedule_B - Sepcifications.pdf,497616,2025-11-13T18:16:21Z,sunrize.invest@gmail.com,Landridge,11oGDIOY-11WFE89wmfeW28vrb5ozkjXX,https://drive.google.com/file/d/11oGDIOY-11WFE89wmfeW28vrb5ozkjXX/view?usp=drivesdk
79,binary,YES,CMLS Invoice - COI Placement Fee.pdf,487429,2025-12-08T19:16:29.487Z,sunrize.invest@gmail.com,Allendale 6408 106/6408: CMHC/Commitment Letter 6408 ,1NIiBBE6MM2kEOWc0RyLU0NWDBwHJdvT2,https://drive.google.com/file/d/1NIiBBE6MM2kEOWc0RyLU0NWDBwHJdvT2/view?usp=drivesdk
79,binary,no,CMLS Invoice - COI Placement Fee.pdf,487429,2025-12-08T16:12:49Z,sunrize.invest@gmail.com,,1Xx-a5fy2pfJpBT8wn-1oZwocYX0SYRmw,https://drive.google.com/file/d/1Xx-a5fy2pfJpBT8wn-1oZwocYX0SYRmw/view?usp=drivesdk
80,binary,YES,Peakhill Commitment Letter 6408 106 St.pdf,465100,2025-12-08T19:16:29.492Z,sunrize.invest@gmail.com,Allendale 6408 106/6408: CMHC/Commitment Letter 6408 ,1ielgZovarlf1M3da8SRTqDaEa4oTC1X6,https://drive.google.com/file/d/1ielgZovarlf1M3da8SRTqDaEa4oTC1X6/view?usp=drivesdk
80,binary,no,Peakhill Commitment Letter 6408 106 St.pdf,465100,2025-12-08T16:12:49Z,sunrize.invest@gmail.com,,17QN02OwrMheVEuscZFhSP5Nfc09oBGcY,https://drive.google.com/file/d/17QN02OwrMheVEuscZFhSP5Nfc09oBGcY/view?usp=drivesdk
81,binary,YES,Invoice 24241-11328 126 St.pdf,212812,2026-03-23T20:46:01.727Z,sunrize.invest@gmail.com,Allendale 6408 106/6408: Invoice,1WNODCfy37Bjv4fuc8pUgdGx2PwxIw9gB,https://drive.google.com/file/d/1WNODCfy37Bjv4fuc8pUgdGx2PwxIw9gB/view?usp=drivesdk
81,binary,no,Invoice 24241-11328 126 St.pdf,212812,2026-03-09T16:50:47.822Z,sunrize.invest@gmail.com,Allendale 6408 106/5-Unit Receipts ,1GdGFACuTcGVdJk6Yab8VKZLqOlz1Kd-5,https://drive.google.com/file/d/1GdGFACuTcGVdJk6Yab8VKZLqOlz1Kd-5/view?usp=drivesdk
81,binary,no,Invoice 24241-11328 126 St.pdf,212812,2025-07-29T05:14:49.899Z,sunrize.invest@gmail.com,Invoices /Invoices from gmail,1OpiKoNUdoDmfFy-n9bvUgqf-Vde3Qyq6,https://drive.google.com/file/d/1OpiKoNUdoDmfFy-n9bvUgqf-Vde3Qyq6/view?usp=drivesdk
82,binary,YES,GSA.pdf,420439,2026-03-12T05:56:40Z,maadisoncross82@gmail.com,IBH Tax,1qLTO8PE4wZywCQcznrxX0-irsBV_voGA,https://drive.google.com/file/d/1qLTO8PE4wZywCQcznrxX0-irsBV_voGA/view?usp=drivesdk
82,binary,no,GSA.pdf,420439,2025-02-13T17:23:27.226Z,sunrize.invest@gmail.com,Buyers/ Investors ,18jvh2FX1_uQo18y_vzyft25lTD0DK15P,https://drive.google.com/file/d/18jvh2FX1_uQo18y_vzyft25lTD0DK15P/view?usp=drivesdk
83,binary,YES,10636_127_ST_NW_Purchase_Contract (Changes Made).pdf,403352,2025-11-06T16:14:36Z,sunrize.invest@gmail.com,,1gB1dGstxzl1wEZyNtefLIBIMiGEfsizv,https://drive.google.com/file/d/1gB1dGstxzl1wEZyNtefLIBIMiGEfsizv/view?usp=drivesdk
83,binary,no,10636_127_ST_NW_Purchase_Contract (Changes Made).pdf,403352,2025-11-06T16:14:36Z,sunrize.invest@gmail.com,,1nVGeRp5icerGfZtak1g3CTqoRv3Ew4M8,https://drive.google.com/file/d/1nVGeRp5icerGfZtak1g3CTqoRv3Ew4M8/view?usp=drivesdk
84,binary,YES,Assignment Agreement.pdf,399839,2026-03-12T05:56:40Z,maadisoncross82@gmail.com,IBH Tax,1Baxg-_7OKbsf8usyFcXM0W4mphUPvCIX,https://drive.google.com/file/d/1Baxg-_7OKbsf8usyFcXM0W4mphUPvCIX/view?usp=drivesdk
84,binary,no,Assignment Agreement.pdf,399839,2024-12-31T16:43:21.163Z,sunrize.invest@gmail.com,2025 Tax/2025 Flips/Wholesale /In Between Homes /IN-Between Homes /Outlook,1hmMMtY3PJGKJtDk7zcj6ywWToo2KP9Gw,https://drive.google.com/file/d/1hmMMtY3PJGKJtDk7zcj6ywWToo2KP9Gw/view?usp=drivesdk
85,binary,YES,Wire Instruction - CMLS AB Trust.pdf,397011,2025-07-24T16:58:32.404Z,sunrize.invest@gmail.com,Mayfield 110/Mayfield-Invoice ,1NqemaUp0voGkqcZKzw2hqwkTBkGkTsC8,https://drive.google.com/file/d/1NqemaUp0voGkqcZKzw2hqwkTBkGkTsC8/view?usp=drivesdk
85,binary,no,Wire Instruction - CMLS AB Trust.pdf,397011,2025-04-07T18:01:55.669Z,sunrize.invest@gmail.com,Allendale 6408 106/6408: CMHC,1L8omnPWlz-7dECk1ZOwxiCByWuGAT_xn,https://drive.google.com/file/d/1L8omnPWlz-7dECk1ZOwxiCByWuGAT_xn/view?usp=drivesdk
86,binary,YES,Statements.pdf,198071,2026-03-12T05:56:40Z,maadisoncross82@gmail.com,IBH Tax,1S3SMsxYg_-hApBNNhSlnI2uwAyXTe3oL,https://drive.google.com/file/d/1S3SMsxYg_-hApBNNhSlnI2uwAyXTe3oL/view?usp=drivesdk
86,binary,no,Statements.pdf,198071,2025-11-27T23:25:18Z,maadisoncross82@gmail.com,IBH Tax/9121 152 St NW Expenses,1SCweA_prl5VyzzGlZFmd0xoiZzZ85n-5,https://drive.google.com/file/d/1SCweA_prl5VyzzGlZFmd0xoiZzZ85n-5/view?usp=drivesdk
86,binary,no,Statements.pdf,198071,2025-11-06T19:27:38.312Z,sunrize.invest@gmail.com,2025 Tax/2025 Flips/Wholesale /In Between Homes ,1UmGJCj919mdnEKCk-KUrj5IUH72dO73W,https://drive.google.com/file/d/1UmGJCj919mdnEKCk-KUrj5IUH72dO73W/view?usp=drivesdk
87,binary,YES,Loan Agreement.pdf,395780,2023-10-19T02:51:38Z,sunrize.invest@gmail.com,CORPORATION/2024 Tax Info/Sold Houses/Viking ,1kygCMe0g9-3KC3mjyG-CWH0dJEkWzUL2,https://drive.google.com/file/d/1kygCMe0g9-3KC3mjyG-CWH0dJEkWzUL2/view?usp=drivesdk
87,binary,no,Loan Agreement.pdf,395780,2023-10-19T02:51:38Z,sunrize.invest@gmail.com,Blank Purchase Contracts /Seller Financing Offers ,1ohcE6QieUHIlVD04ePYTOb6SZ4B3u-90,https://drive.google.com/file/d/1ohcE6QieUHIlVD04ePYTOb6SZ4B3u-90/view?usp=drivesdk
88,binary,YES,EPCOR_Bills_05-03-2026 13_24_33.pdf,382048,2026-03-12T05:56:40Z,maadisoncross82@gmail.com,IBH Tax,1qKUBEhCimH490pVHdQrH-SQJI3fuC3Gn,https://drive.google.com/file/d/1qKUBEhCimH490pVHdQrH-SQJI3fuC3Gn/view?usp=drivesdk
88,binary,no,EPCOR_Bills_05-03-2026 13_24_33.pdf,382048,2026-03-05T20:24:33Z,maadisoncross82@gmail.com,IBH Tax/Invoices Paid by Madison,16pGgpwWuIwB_llCd_8WGSE0MkRWISspD,https://drive.google.com/file/d/16pGgpwWuIwB_llCd_8WGSE0MkRWISspD/view?usp=drivesdk
89,binary,YES,10612 - 127 STREET NW- Rebate Agreement.pdf,364541,2026-01-05T23:44:00.230Z,sunrize.invest@gmail.com,Landridge/landridge 8-plex purching contract for clients ,1nHgxHcUxAvYdOpNL3LNPQe-3pNcq_juk,https://drive.google.com/file/d/1nHgxHcUxAvYdOpNL3LNPQe-3pNcq_juk/view?usp=drivesdk
89,binary,no,10612 - 127 STREET NW- Rebate Agreement.pdf,364541,2025-11-25T17:45:37Z,sunrize.invest@gmail.com,Landridge/Purchase Contracts Signed /10612 127St,1fdVbwTyTsqJ13MiG3dyBqDzMhEmbUl6e,https://drive.google.com/file/d/1fdVbwTyTsqJ13MiG3dyBqDzMhEmbUl6e/view?usp=drivesdk
90,binary,YES,HPSCAN_20250605154707796_2025-06-05_154755568.pdf,361507,2026-03-23T20:46:01.709Z,sunrize.invest@gmail.com,Allendale 6408 106/6408: Invoice,1wAIinvJE1h2xWZHi7Uk1Hai-rDg-evLS,https://drive.google.com/file/d/1wAIinvJE1h2xWZHi7Uk1Hai-rDg-evLS/view?usp=drivesdk
90,binary,no,HPSCAN_20250605154707796_2025-06-05_154755568.pdf,361507,2026-03-09T16:50:03.065Z,sunrize.invest@gmail.com,Allendale 6408 106/5-Unit Receipts ,1cqiTyVkj1V4rEEzG5w3VQtGU-BZFInx3,https://drive.google.com/file/d/1cqiTyVkj1V4rEEzG5w3VQtGU-BZFInx3/view?usp=drivesdk
91,binary,YES,106 Street Property - Venture Invoice 16643.pdf,180306,2026-03-23T20:46:01.711Z,sunrize.invest@gmail.com,Allendale 6408 106/6408: Invoice,1C6KH6OeYiHwJveOZGjegkjWjeE-OGRe4,https://drive.google.com/file/d/1C6KH6OeYiHwJveOZGjegkjWjeE-OGRe4/view?usp=drivesdk
91,binary,no,106 Street Property - Venture Invoice 16643.pdf,180306,2026-03-09T16:48:20.347Z,sunrize.invest@gmail.com,Allendale 6408 106/5-Unit Receipts ,1WAmprGiMhmpZYoTu_I4i3f3gpM-Ui3y3,https://drive.google.com/file/d/1WAmprGiMhmpZYoTu_I4i3f3gpM-Ui3y3/view?usp=drivesdk
91,binary,no,106 Street Property - Venture Invoice 16643.pdf,180306,2025-07-29T05:14:49.899Z,sunrize.invest@gmail.com,Invoices /Invoices from gmail,1otO8GYtOr4HyrnJTpXvtAuMoImSoc3z7,https://drive.google.com/file/d/1otO8GYtOr4HyrnJTpXvtAuMoImSoc3z7/view?usp=drivesdk
92,binary,YES,Old- Residential-Purchase-Contract.pdf,345374,2024-03-09T18:44:34Z,sunrize.invest@gmail.com,Blank Purchase Contracts ,1r-kfO08-_LxiEzLy_61xDe0WiWcOGNP0,https://drive.google.com/file/d/1r-kfO08-_LxiEzLy_61xDe0WiWcOGNP0/view?usp=drivesdk
92,binary,no,Old- Residential-Purchase-Contract.pdf,345374,2024-03-09T18:44:34Z,sunrize.invest@gmail.com,Blank Purchase Contracts ,1ZNStsKzlTpsfoKpBtfcVSQ89umGLasBC,https://drive.google.com/file/d/1ZNStsKzlTpsfoKpBtfcVSQ89umGLasBC/view?usp=drivesdk
93,binary,YES,Invoice 25-112 6-plex.pdf,170965,2026-03-23T20:46:01.709Z,sunrize.invest@gmail.com,Allendale 6408 106/6408: Invoice,14yOscy8PtLTZbCEr-Y1mjtdInpJG2j-W,https://drive.google.com/file/d/14yOscy8PtLTZbCEr-Y1mjtdInpJG2j-W/view?usp=drivesdk
93,binary,no,Invoice 25-112 6-plex.pdf,170965,2025-07-29T05:14:49.899Z,sunrize.invest@gmail.com,Invoices /Invoices from gmail,1y4FmYMHahSogCecRRkXLhsHtvNPTzYAk,https://drive.google.com/file/d/1y4FmYMHahSogCecRRkXLhsHtvNPTzYAk/view?usp=drivesdk
93,binary,no,Invoice 25-112 6-plex.pdf,170965,2025-07-08T03:07:45Z,sunrize.invest@gmail.com,Allendale 6408 106/6408: Invoice,1luGlo24eVWvle_ucf-CTzOIvf56S7498,https://drive.google.com/file/d/1luGlo24eVWvle_ucf-CTzOIvf56S7498/view?usp=drivesdk
94,binary,YES,Allendale Development Decision 564496862-002.pdf,341503,2026-03-23T20:46:01.719Z,sunrize.invest@gmail.com,Allendale 6408 106/6408: Invoice,1Yh_jpBu4evFZG3YiU0LssC0RUzw9i70w,https://drive.google.com/file/d/1Yh_jpBu4evFZG3YiU0LssC0RUzw9i70w/view?usp=drivesdk
94,binary,no,Allendale Development Decision 564496862-002.pdf,341503,2025-12-03T00:29:16Z,sunrize.invest@gmail.com,Allendale 6408 106/6408: Invoice/Paid Jeremy ,1XoX-5SrFd-pEm0UKzmzswrRB_9tUs9lX,https://drive.google.com/file/d/1XoX-5SrFd-pEm0UKzmzswrRB_9tUs9lX/view?usp=drivesdk
95,binary,YES,Allendale Insurance Invoice 216903.pdf,337570,2026-03-23T20:46:01.717Z,sunrize.invest@gmail.com,Allendale 6408 106/6408: Invoice,1tSiF6-hG9VOnxPWx1v9fWCbgFh5OSUBG,https://drive.google.com/file/d/1tSiF6-hG9VOnxPWx1v9fWCbgFh5OSUBG/view?usp=drivesdk
95,binary,no,Allendale Insurance Invoice 216903.pdf,337570,2025-12-03T00:30:10Z,sunrize.invest@gmail.com,Allendale 6408 106/6408: Invoice/Paid Jeremy ,10mfy4gh0sGwkRHJilNoMK7AdlcNByCTX,https://drive.google.com/file/d/10mfy4gh0sGwkRHJilNoMK7AdlcNByCTX/view?usp=drivesdk
96,binary,YES,IMG_6187.PNG,324725,2026-03-23T20:46:01.701Z,sunrize.invest@gmail.com,Allendale 6408 106/6408: Invoice,1ToiCSURrBFc7f7pwzonWokp3p1Az2blK,https://drive.google.com/file/d/1ToiCSURrBFc7f7pwzonWokp3p1Az2blK/view?usp=drivesdk
96,binary,no,IMG_6187.PNG,324725,2025-07-15T18:22:06.375Z,sunrize.invest@gmail.com,Allendale 6408 106/6408: Invoice,1hjDlEY5gAMZyx9rAU5IpjGFUalstW0ki,https://drive.google.com/file/d/1hjDlEY5gAMZyx9rAU5IpjGFUalstW0ki/view?usp=drivesdk
97,binary,YES,0166867-00001_6564582_INV.PDF,162210,2026-03-23T21:44:57.465Z,sunrize.invest@gmail.com,2025 Tax/2025 Tax Emanation ,1PcY0_XAGbVm5mb8Y7W1DhNBUNCilMvd_,https://drive.google.com/file/d/1PcY0_XAGbVm5mb8Y7W1DhNBUNCilMvd_/view?usp=drivesdk
97,binary,no,0166867-00001_6564582_INV.PDF,162210,2025-07-29T05:14:49.899Z,sunrize.invest@gmail.com,Invoices /Invoices from gmail,1o1XwoigeYGKzvBWqDuNu_AoKEGR3Pauv,https://drive.google.com/file/d/1o1XwoigeYGKzvBWqDuNu_AoKEGR3Pauv/view?usp=drivesdk
97,binary,no,0166867-00001_6564582_INV.PDF,162210,2025-06-16T17:47:53Z,sunrize.invest@gmail.com,Invoices ,15elwi-LdAafd06QhYY5zXoML4urP1KH8,https://drive.google.com/file/d/15elwi-LdAafd06QhYY5zXoML4urP1KH8/view?usp=drivesdk
98,binary,YES,5K Canada list 0.csv,315477,2024-04-21T00:11:11.036Z,sunrize.invest@gmail.com,CORPORATION/Employee/Employees ,1tx9t0SqB4QliuS3tTE91trJ4iMHnk1Md,https://drive.google.com/file/d/1tx9t0SqB4QliuS3tTE91trJ4iMHnk1Md/view?usp=drivesdk
98,binary,no,5K Canada list 0.csv,315477,2024-04-07T15:55:17.443Z,sunrize.invest@gmail.com,Co-Star Calls  To Make ,13lauypPnyCqtzDvlUezawvKBLABqwb5d,https://drive.google.com/file/d/13lauypPnyCqtzDvlUezawvKBLABqwb5d/view?usp=drivesdk
99,binary,YES,10612 - 127 STREET NW- Addendum.pdf,303223,2026-01-05T23:44:00.219Z,sunrize.invest@gmail.com,Landridge/landridge 8-plex purching contract for clients ,1HkEzQ1r3-KBjgVzl1T_yX8Sh_VPmUaJk,https://drive.google.com/file/d/1HkEzQ1r3-KBjgVzl1T_yX8Sh_VPmUaJk/view?usp=drivesdk
99,binary,no,10612 - 127 STREET NW- Addendum.pdf,303223,2025-11-25T17:45:37Z,sunrize.invest@gmail.com,Landridge/Purchase Contracts Signed /10612 127St,1dur9pG-tbrIt9oloLgWDUve6wVfnHss_,https://drive.google.com/file/d/1dur9pG-tbrIt9oloLgWDUve6wVfnHss_/view?usp=drivesdk
100,binary,YES,Invoice 2232 - 1 18x24 Coroplast  Sign 40 with 4 grommets - Jan 07 2026.PDF,302338,2026-03-23T21:08:25.268Z,sunrize.invest@gmail.com,Mayfield 110/Mayfield-Invoice ,1Jqgab_lGLHtoQ6QOvsg_8Jyu9iyOUvne,https://drive.google.com/file/d/1Jqgab_lGLHtoQ6QOvsg_8Jyu9iyOUvne/view?usp=drivesdk
100,binary,no,Invoice 2232 - 1 18x24 Coroplast  Sign 40 with 4 grommets - Jan 07 2026.PDF,302338,2026-01-08T05:23:52Z,sunrize.invest@gmail.com,Jasper Park/Jasper Park-Invoice,1jzkZ0Req-hr67aBwb4gLn973AFHXueCD,https://drive.google.com/file/d/1jzkZ0Req-hr67aBwb4gLn973AFHXueCD/view?usp=drivesdk
101,binary,YES,Facebook Gather Investors .docx,292434,2025-09-03T21:45:20Z,sunrize.invest@gmail.com,LEADS////SPREADSHEETS!,1tMiifyLBlDyrDdql8Vrc9vHVEtjQnQ_c,https://drive.google.com/file/d/1tMiifyLBlDyrDdql8Vrc9vHVEtjQnQ_c/view?usp=drivesdk
101,binary,no,Facebook Gather Investors .docx,292434,2025-09-03T21:45:19Z,sunrize.invest@gmail.com,,1Sed381zyvvfNOxsSduf4Su5VRSkkiW7W,https://drive.google.com/file/d/1Sed381zyvvfNOxsSduf4Su5VRSkkiW7W/view?usp=drivesdk
102,binary,YES,"Income Statement Sep 30, 2024 - Sundia.pdf",266930,2026-03-23T19:58:52.654Z,sunrize.invest@gmail.com,Mayfield 110/Mayfield-Invoice ,1G2yhNYut-spPoE2ILtp-4dFmCx6RvC52,https://drive.google.com/file/d/1G2yhNYut-spPoE2ILtp-4dFmCx6RvC52/view?usp=drivesdk
102,binary,no,"Income Statement Sep 30, 2024 - Sundia.pdf",266930,2025-10-23T17:53:04.604Z,sunrize.invest@gmail.com,Mayfield 110/Purchasing & Corp.,1Z5iILpliVwLHsK7_NOUVBHdE80qvLzPO,https://drive.google.com/file/d/1Z5iILpliVwLHsK7_NOUVBHdE80qvLzPO/view?usp=drivesdk
103,binary,YES,Invoice-Facture MUIN00090084-MU MLI.PDF,260422,2026-03-23T20:46:01.715Z,sunrize.invest@gmail.com,Allendale 6408 106/6408: Invoice,1-HNTp6O1XxR8tkicHhp6Vh73MB8LFTcH,https://drive.google.com/file/d/1-HNTp6O1XxR8tkicHhp6Vh73MB8LFTcH/view?usp=drivesdk
103,binary,no,Invoice-Facture MUIN00090084-MU MLI.PDF,260422,2025-07-08T18:39:38.298Z,sunrize.invest@gmail.com,Allendale 6408 106/6408: Invoice,1dW317_6CqcGsTh44MkR6SGqfcX16s5eV,https://drive.google.com/file/d/1dW317_6CqcGsTh44MkR6SGqfcX16s5eV/view?usp=drivesdk
104,binary,YES,Invoice 13430EH.pdf,124770,2026-03-23T20:46:01.705Z,sunrize.invest@gmail.com,Allendale 6408 106/6408: Invoice,1fOzVGBQaOT89vQ4CIMUqcHfIlBQs-QxY,https://drive.google.com/file/d/1fOzVGBQaOT89vQ4CIMUqcHfIlBQs-QxY/view?usp=drivesdk
104,binary,no,Invoice 13430EH.pdf,124770,2026-03-09T16:50:21.392Z,sunrize.invest@gmail.com,Allendale 6408 106/5-Unit Receipts ,1XOgpPB90-RlKooXLwFQUfvZmyAPAjFOr,https://drive.google.com/file/d/1XOgpPB90-RlKooXLwFQUfvZmyAPAjFOr/view?usp=drivesdk
104,binary,no,Invoice 13430EH.pdf,124770,2025-07-29T05:14:49.899Z,sunrize.invest@gmail.com,Invoices /Invoices from gmail,1yGE1dSe37U1c4ZkgDnAp_8_OzdvG5RCA,https://drive.google.com/file/d/1yGE1dSe37U1c4ZkgDnAp_8_OzdvG5RCA/view?usp=drivesdk
105,binary,YES,Invoice 25-184 Allendale 5 plex.pdf,124744,2026-03-23T20:46:01.709Z,sunrize.invest@gmail.com,Allendale 6408 106/6408: Invoice,1WfUSyhim4Oth8U5uQGEW0y-7Uxe6zOiV,https://drive.google.com/file/d/1WfUSyhim4Oth8U5uQGEW0y-7Uxe6zOiV/view?usp=drivesdk
105,binary,no,Invoice 25-184 Allendale 5 plex.pdf,124744,2025-07-29T05:14:49.899Z,sunrize.invest@gmail.com,Invoices /Invoices from gmail,1l2VvfrHsvLD0k9dn6szKLRH41822dOuk,https://drive.google.com/file/d/1l2VvfrHsvLD0k9dn6szKLRH41822dOuk/view?usp=drivesdk
105,binary,no,Invoice 25-184 Allendale 5 plex.pdf,124744,2025-07-08T03:08:59.174Z,sunrize.invest@gmail.com,Allendale 6408 106/6408: Invoice,1t2XKq6HpAXyqr2eeDrN8WEluSQZFFsNz,https://drive.google.com/file/d/1t2XKq6HpAXyqr2eeDrN8WEluSQZFFsNz/view?usp=drivesdk
106,binary,YES,Tenant-Application-Form- (Blank).pdf,232425,2024-10-17T16:23:57.130Z,sunrize.invest@gmail.com,Flip Info/Rental Forms ,15Tfm8uwO16UO82nufe9KSSZTS0SfplZz,https://drive.google.com/file/d/15Tfm8uwO16UO82nufe9KSSZTS0SfplZz/view?usp=drivesdk
106,binary,no,Tenant-Application-Form- (Blank).pdf,232425,2024-07-26T03:49:27Z,sunrize.invest@gmail.com,Blank Purchase Contracts ,1KlcjxEjwQAcgAZKGYWW6WyddBECklR-u,https://drive.google.com/file/d/1KlcjxEjwQAcgAZKGYWW6WyddBECklR-u/view?usp=drivesdk
107,binary,YES,DONE-Definitions-and-Explanations-of-Seller-Financing-Terms-1.pdf,220612,2024-05-15T21:17:53Z,sunrize.invest@gmail.com,Blank Purchase Contracts /Seller Financing Offers ,1Zd8X6HmevbNeMezs1qO0xEYgIiCpbIF5,https://drive.google.com/file/d/1Zd8X6HmevbNeMezs1qO0xEYgIiCpbIF5/view?usp=drivesdk
107,binary,no,DONE-Definitions-and-Explanations-of-Seller-Financing-Terms-1.pdf,220612,2024-01-25T20:45:09Z,albertarealestate1@gmail.com,John Downloads,1D3JvdmioVGtDhATgi_fAtUlQQVm1raP7,https://drive.google.com/file/d/1D3JvdmioVGtDhATgi_fAtUlQQVm1raP7/view?usp=drivesdk
108,binary,YES,10612 - 127 STREET NW- Schedule M - Project Utility Metering.pdf,214817,2026-01-05T23:44:00.205Z,sunrize.invest@gmail.com,Landridge/landridge 8-plex purching contract for clients ,1yAPrea01KahLoeunySKggflfXrWBhWi9,https://drive.google.com/file/d/1yAPrea01KahLoeunySKggflfXrWBhWi9/view?usp=drivesdk
108,binary,no,10612 - 127 STREET NW- Schedule M - Project Utility Metering.pdf,214817,2025-11-25T17:45:37Z,sunrize.invest@gmail.com,Landridge/Purchase Contracts Signed /10612 127St,1Val3QunsiiDIzIkGxaSEtyzC851jrdDT,https://drive.google.com/file/d/1Val3QunsiiDIzIkGxaSEtyzC851jrdDT/view?usp=drivesdk
109,binary,YES,Disclosure Statment.pdf,211231,2023-10-19T02:40:00Z,sunrize.invest@gmail.com,CORPORATION/2024 Tax Info/Sold Houses/Viking ,10zFiAsu0PpVDJU0lgXfzmziqqzi4MxpX,https://drive.google.com/file/d/10zFiAsu0PpVDJU0lgXfzmziqqzi4MxpX/view?usp=drivesdk
109,binary,no,Disclosure Statment.pdf,211231,2023-10-19T02:40:00Z,sunrize.invest@gmail.com,Blank Purchase Contracts /Seller Financing Offers ,1oJ8QHwnVZHOFu8QF6mzL01YWEuPiN34T,https://drive.google.com/file/d/1oJ8QHwnVZHOFu8QF6mzL01YWEuPiN34T/view?usp=drivesdk
110,binary,YES,10612 - 127 STREET NW - Schedule R - Rental Guarantee Acknowledgment.pdf,208861,2026-01-05T23:44:00.206Z,sunrize.invest@gmail.com,Landridge/landridge 8-plex purching contract for clients ,1_CeJ5G4F2l3aS_t-UVewu6yWVcFCS3jU,https://drive.google.com/file/d/1_CeJ5G4F2l3aS_t-UVewu6yWVcFCS3jU/view?usp=drivesdk
110,binary,no,10612 - 127 STREET NW - Schedule R - Rental Guarantee Acknowledgment.pdf,208861,2025-11-25T17:45:37Z,sunrize.invest@gmail.com,Landridge/Purchase Contracts Signed /10612 127St,1gcraQnL7tT-JwuZxmJ6DsII5NBNj8Ir2,https://drive.google.com/file/d/1gcraQnL7tT-JwuZxmJ6DsII5NBNj8Ir2/view?usp=drivesdk
111,binary,YES,Invoice-2.pdf,208368,2026-03-12T05:56:40Z,maadisoncross82@gmail.com,IBH Tax,1hbqDeARvnQvt96wUr0S6hm6SSPWOCjbh,https://drive.google.com/file/d/1hbqDeARvnQvt96wUr0S6hm6SSPWOCjbh/view?usp=drivesdk
111,binary,no,Invoice-2.pdf,208368,2025-11-27T23:25:16Z,maadisoncross82@gmail.com,IBH Tax/9121 152 St NW Expenses,1bbw-lQIl4VCDzW6DO5lDC28ubIWS-hfN,https://drive.google.com/file/d/1bbw-lQIl4VCDzW6DO5lDC28ubIWS-hfN/view?usp=drivesdk
112,binary,YES,Invoice.pdf,208368,2026-03-12T05:56:40Z,maadisoncross82@gmail.com,IBH Tax,1WQTclT7sWMm9MYhyAUi-ASgE6PvUQVPU,https://drive.google.com/file/d/1WQTclT7sWMm9MYhyAUi-ASgE6PvUQVPU/view?usp=drivesdk
112,binary,no,Invoice.pdf,208368,2025-11-06T19:27:38.318Z,sunrize.invest@gmail.com,2025 Tax/2025 Flips/Wholesale /In Between Homes ,1zDs_POWaEUwbBHOaCqIdllptDHCs8eCf,https://drive.google.com/file/d/1zDs_POWaEUwbBHOaCqIdllptDHCs8eCf/view?usp=drivesdk
113,binary,YES,BTY Invoice Payment Options - Scotia Bank.pdf,207670,2026-03-23T20:46:01.702Z,sunrize.invest@gmail.com,Allendale 6408 106/6408: Invoice,1q1EHGg4Zchdlf9woOhCH1cHmZ1qpsphX,https://drive.google.com/file/d/1q1EHGg4Zchdlf9woOhCH1cHmZ1qpsphX/view?usp=drivesdk
113,binary,no,BTY Invoice Payment Options - Scotia Bank.pdf,207670,2025-10-28T19:32:24.493Z,sunrize.invest@gmail.com,Allendale 6408 106/6408: Invoice,1PdwZ_BlS63lCTGdQs1ciq_r21xM605d1,https://drive.google.com/file/d/1PdwZ_BlS63lCTGdQs1ciq_r21xM605d1/view?usp=drivesdk
114,binary,YES,Invoice_206970_from_Mani_Property_Services_Inc.pdf,100077,2026-03-23T20:17:18.901Z,sunrize.invest@gmail.com,Mayfield 110/Mayfield-Invoice ,17ng6CHRZcWIiynMqeYuQBr2wUCXPpNKf,https://drive.google.com/file/d/17ng6CHRZcWIiynMqeYuQBr2wUCXPpNKf/view?usp=drivesdk
114,binary,no,Invoice_206970_from_Mani_Property_Services_Inc.pdf,100077,2025-09-30T23:27:48.515Z,sunrize.invest@gmail.com,Mayfield 110/Mayfield-Invoice ,1_xpUoAcmdC8kPrBj3VmQABxF4ThtR31k,https://drive.google.com/file/d/1_xpUoAcmdC8kPrBj3VmQABxF4ThtR31k/view?usp=drivesdk
114,binary,no,Invoice_206970_from_Mani_Property_Services_Inc.pdf,100077,2025-09-18T17:06:28.904Z,sunrize.invest@gmail.com,Mayfield 110/Mayfield-Invoice ,1sFUV1MeryKryqP0F40F6GHJU9uzWfo9T,https://drive.google.com/file/d/1sFUV1MeryKryqP0F40F6GHJU9uzWfo9T/view?usp=drivesdk
115,binary,YES,Abatement Payment .png,98967,2026-03-23T20:46:01.700Z,sunrize.invest@gmail.com,Allendale 6408 106/6408: Invoice,1eaqpce_vs7xxWatWYRAMkbKuNR8oXRjA,https://drive.google.com/file/d/1eaqpce_vs7xxWatWYRAMkbKuNR8oXRjA/view?usp=drivesdk
115,binary,no,Abatement Payment .png,98967,2026-03-09T16:48:29.922Z,sunrize.invest@gmail.com,Allendale 6408 106/5-Unit Receipts ,1qrwmwa-49LVl6NMNzmn1mYXKL6titY5r,https://drive.google.com/file/d/1qrwmwa-49LVl6NMNzmn1mYXKL6titY5r/view?usp=drivesdk
115,binary,no,Abatement Payment .png,98967,2025-07-15T18:27:15Z,sunrize.invest@gmail.com,2025 Tax,1hy4646LR1ApEuelOhpyaMxD9baAbPayn,https://drive.google.com/file/d/1hy4646LR1ApEuelOhpyaMxD9baAbPayn/view?usp=drivesdk
116,binary,YES,Invoice 25223.pdf,196141,2025-10-23T17:03:47Z,sunrize.invest@gmail.com,,1-_OUCWFvBkcaBqNKMVgEzfzvctPN5tB7,https://drive.google.com/file/d/1-_OUCWFvBkcaBqNKMVgEzfzvctPN5tB7/view?usp=drivesdk
116,binary,no,Invoice 25223.pdf,196141,2025-10-09T14:14:21Z,sunrize.invest@gmail.com,2025 Tax/2025 Flips/Wholesale /Inglewood 8 Plex: 11614 127 St NW,1YvY2tRzxaOAow3_bVV-79GlZp72f0q8J,https://drive.google.com/file/d/1YvY2tRzxaOAow3_bVV-79GlZp72f0q8J/view?usp=drivesdk
117,binary,YES,Allendale Insurance.pdf,178300,2026-03-23T20:46:01.719Z,sunrize.invest@gmail.com,Allendale 6408 106/6408: Invoice,1s9s__96cbUBLhzAftYMRoZXkhgQNdzGd,https://drive.google.com/file/d/1s9s__96cbUBLhzAftYMRoZXkhgQNdzGd/view?usp=drivesdk
117,binary,no,Allendale Insurance.pdf,178300,2025-12-03T00:27:44Z,sunrize.invest@gmail.com,Allendale 6408 106/6408: Invoice/Paid Jeremy ,18RTcde85Gf0Y_XNHNDiA3i1RZohKlsVC,https://drive.google.com/file/d/18RTcde85Gf0Y_XNHNDiA3i1RZohKlsVC/view?usp=drivesdk
118,binary,YES,Allendale expense insurance.pdf,177070,2026-03-23T20:46:01.718Z,sunrize.invest@gmail.com,Allendale 6408 106/6408: Invoice,1PyjbfwPCR5OUDwkfJ_bEhkRDYfrTAhhn,https://drive.google.com/file/d/1PyjbfwPCR5OUDwkfJ_bEhkRDYfrTAhhn/view?usp=drivesdk
118,binary,no,Allendale expense insurance.pdf,177070,2025-12-03T00:27:14Z,sunrize.invest@gmail.com,Allendale 6408 106/6408: Invoice/Paid Jeremy ,1rODQFPP_DvhamVf9flHCx1DPUnRoE3gV,https://drive.google.com/file/d/1rODQFPP_DvhamVf9flHCx1DPUnRoE3gV/view?usp=drivesdk
119,binary,YES,UTF-8Articles-of-Incorporation.pdf,165395,2026-03-12T05:56:40Z,maadisoncross82@gmail.com,IBH Tax,11pfZftyQTL-9zTMjGTwkPnI-uZ8tv6oP,https://drive.google.com/file/d/11pfZftyQTL-9zTMjGTwkPnI-uZ8tv6oP/view?usp=drivesdk
119,binary,no,UTF-8Articles-of-Incorporation.pdf,165395,2025-04-26T01:57:18Z,maadisoncross82@gmail.com,IBH Tax/Corp Docs,1Bu8mURoFiConJWAok5dIbMw9YOcfgSrG,https://drive.google.com/file/d/1Bu8mURoFiConJWAok5dIbMw9YOcfgSrG/view?usp=drivesdk
120,binary,YES,Diamante reciept.pdf,164220,2026-03-23T19:22:26.889Z,sunrize.invest@gmail.com,Jasper Park/Jasper Park-Corporate Files ,1q3W0s0dMafcxnpeyhoK_OaMCxI6-HGzp,https://drive.google.com/file/d/1q3W0s0dMafcxnpeyhoK_OaMCxI6-HGzp/view?usp=drivesdk
120,binary,no,Diamante reciept.pdf,164220,2025-08-01T02:49:36.003Z,sunrize.invest@gmail.com,Jasper Park/Jasper Park-Invoice,14A9eu-1DHo4l601SBrm3JUIbUhkGlIXV,https://drive.google.com/file/d/14A9eu-1DHo4l601SBrm3JUIbUhkGlIXV/view?usp=drivesdk
121,binary,YES,DONE-Different-techniques-AFS-VTB-RTO-1.pdf,162552,2024-05-15T21:18:20Z,sunrize.invest@gmail.com,Blank Purchase Contracts /Seller Financing Offers ,1KJmRwduN7w-_MklmArQra0SjPmmZ_3sA,https://drive.google.com/file/d/1KJmRwduN7w-_MklmArQra0SjPmmZ_3sA/view?usp=drivesdk
121,binary,no,DONE-Different-techniques-AFS-VTB-RTO-1.pdf,162552,2024-01-25T20:52:12Z,albertarealestate1@gmail.com,John Downloads,1HANvp_9maLeYi0TC9oeijwRjY9P9ANSc,https://drive.google.com/file/d/1HANvp_9maLeYi0TC9oeijwRjY9P9ANSc/view?usp=drivesdk
122,binary,YES,Summary.pdf,162110,2025-03-31T21:06:06.834Z,sunrize.invest@gmail.com,Allendale 6408 106/6408: Purchase Docs ,1vcUfkVV9BQBhlgrFXvt1_zqyPGectYTc,https://drive.google.com/file/d/1vcUfkVV9BQBhlgrFXvt1_zqyPGectYTc/view?usp=drivesdk
122,binary,no,Summary.pdf,162110,2025-03-31T21:04:01Z,sunrize.invest@gmail.com,Allendale 6408 106/6408: Purchase Docs ,1CzcOGqWHdht-R96rf6JVnne3IZsdMah3,https://drive.google.com/file/d/1CzcOGqWHdht-R96rf6JVnne3IZsdMah3/view?usp=drivesdk
123,binary,YES,Statement of Account(39074569.1).pdf,159964,2025-07-29T05:14:49.899Z,sunrize.invest@gmail.com,Invoices /Invoices from gmail,1FhCSR5dOfqxbMTPIMgDMRdUcwqjl9zQk,https://drive.google.com/file/d/1FhCSR5dOfqxbMTPIMgDMRdUcwqjl9zQk/view?usp=drivesdk
123,binary,no,Statement of Account(39074569.1).pdf,159964,2024-12-14T02:36:21.278Z,sunrize.invest@gmail.com,CORPORATION/2024 Tax Info/Sold Houses/#202 10949 109,1vm--PdzSEPTRFi86TeOu-Zy-_Cn_9fVq,https://drive.google.com/file/d/1vm--PdzSEPTRFi86TeOu-Zy-_Cn_9fVq/view?usp=drivesdk
124,binary,YES,Welcome to Calvert Home Mortgage (C).pdf,153228,2024-10-15T16:12:06Z,sunrize.invest@gmail.com,Allendale 6408 106/6408: CMHC,14HXNTy4qsLmJy6rVVWBNG2MlsuyjDvuy,https://drive.google.com/file/d/14HXNTy4qsLmJy6rVVWBNG2MlsuyjDvuy/view?usp=drivesdk
124,binary,no,Welcome to Calvert Home Mortgage (C).pdf,153228,2024-10-15T16:12:06Z,sunrize.invest@gmail.com,Allendale 6408 106/6408: Invoice,1o96UhCbOUBL9cwfu8VXKynOQpMYi0dzL,https://drive.google.com/file/d/1o96UhCbOUBL9cwfu8VXKynOQpMYi0dzL/view?usp=drivesdk
125,binary,YES,Screenshot 2026-05-23 at 20.51.07.png,147256,2026-05-24T03:51:13Z,sunni@rizedevelopments.com,Allendale 6408 106/5-Unit Receipts ,1l27VndST44lSfIXkj59JE0hCT1PTKBCJ,https://drive.google.com/file/d/1l27VndST44lSfIXkj59JE0hCT1PTKBCJ/view?usp=drivesdk
125,binary,no,Screenshot 2026-05-23 at 20.51.07.png,147256,2026-05-24T03:51:13Z,sunrize.invest@gmail.com,Allendale 10646 61 Ave 6 Unit /Allendale: 10646 61 Ave/Receipts ,17xuzg0fNWYdSU4l7n_htatg0Zg9b1h-w,https://drive.google.com/file/d/17xuzg0fNWYdSU4l7n_htatg0Zg9b1h-w/view?usp=drivesdk
126,binary,YES,"Balance Sheet Sep 30, 2024- Sundia.pdf",143500,2026-03-23T19:58:52.645Z,sunrize.invest@gmail.com,Mayfield 110/Mayfield-Invoice ,1arYrB3pvXvktqkA_JmNB9W6ZS0rMn1Sm,https://drive.google.com/file/d/1arYrB3pvXvktqkA_JmNB9W6ZS0rMn1Sm/view?usp=drivesdk
126,binary,no,"Balance Sheet Sep 30, 2024- Sundia.pdf",143500,2025-10-23T17:53:04.599Z,sunrize.invest@gmail.com,Mayfield 110/Purchasing & Corp.,1brSlRDylsGIhsjpDCfEPO3MJbHuRV3co,https://drive.google.com/file/d/1brSlRDylsGIhsjpDCfEPO3MJbHuRV3co/view?usp=drivesdk
127,binary,YES,Developer & Builders  (1).xlsx,141182,2025-09-03T21:49:22Z,sunrize.invest@gmail.com,LEADS////SPREADSHEETS!,1Fo4ctT4wHugXpvbk_zAH9k8iexYFvk4G,https://drive.google.com/file/d/1Fo4ctT4wHugXpvbk_zAH9k8iexYFvk4G/view?usp=drivesdk
127,binary,no,Developer & Builders  (1).xlsx,141182,2025-09-03T21:49:20Z,sunrize.invest@gmail.com,,19rEqkAEDaeQG5DbU05VF0W0nECtPH8w1,https://drive.google.com/file/d/19rEqkAEDaeQG5DbU05VF0W0nECtPH8w1/view?usp=drivesdk
128,binary,YES,Construction of a New Building Permit Statement.pdf,138534,2026-03-23T20:46:01.709Z,sunrize.invest@gmail.com,Allendale 6408 106/6408: Invoice,1d-Qo-p7ea5cSd5cM41mqQCaCC7bfiVhi,https://drive.google.com/file/d/1d-Qo-p7ea5cSd5cM41mqQCaCC7bfiVhi/view?usp=drivesdk
128,binary,no,Construction of a New Building Permit Statement.pdf,138534,2025-07-08T03:08:59.178Z,sunrize.invest@gmail.com,Allendale 6408 106/6408: Invoice,1GfKTdUULD0ggtJP3_tKqHMYmNp0LLGsb,https://drive.google.com/file/d/1GfKTdUULD0ggtJP3_tKqHMYmNp0LLGsb/view?usp=drivesdk
129,binary,YES,ATCO Contract for 01603459 - ACTION REQUIRED_encrypted_.pdf,135947,2026-03-12T05:56:40Z,maadisoncross82@gmail.com,IBH Tax,1CEX-1LweLI4HNk29wmQJu3c1q3Mr9kwx,https://drive.google.com/file/d/1CEX-1LweLI4HNk29wmQJu3c1q3Mr9kwx/view?usp=drivesdk
129,binary,no,ATCO Contract for 01603459 - ACTION REQUIRED_encrypted_.pdf,135947,2025-10-29T17:15:30Z,maadisoncross82@gmail.com,IBH Tax/Invoices Paid by Madison,1hRpEOYKAh_AQtC4d_zUzPqq1yqpQ4DLt,https://drive.google.com/file/d/1hRpEOYKAh_AQtC4d_zUzPqq1yqpQ4DLt/view?usp=drivesdk
130,binary,YES,"CERT 25-26 CMLS Financial Ltd., Computershare Trust Comp.pdf",135690,2025-07-16T02:22:23Z,sunrize.invest@gmail.com,Allendale 6408 106/6408: CMHC,1ElLRKsh1FsfS060aY_QS0WKTaAULHV33,https://drive.google.com/file/d/1ElLRKsh1FsfS060aY_QS0WKTaAULHV33/view?usp=drivesdk
130,binary,no,"CERT 25-26 CMLS Financial Ltd., Computershare Trust Comp.pdf",135690,2025-07-09T23:11:09Z,sunrize.invest@gmail.com,,1W1zRr2Eki-VW91BmkueZHE1x4G4-HaAF,https://drive.google.com/file/d/1W1zRr2Eki-VW91BmkueZHE1x4G4-HaAF/view?usp=drivesdk
131,binary,YES,Invoice 13799RP.pdf,135642,2026-03-23T18:30:06.854Z,sunrize.invest@gmail.com,Mayfield 110/Mayfield-Invoice ,1Tt9GBEl15uyGIS1zTEGXfURNbBIqpkpr,https://drive.google.com/file/d/1Tt9GBEl15uyGIS1zTEGXfURNbBIqpkpr/view?usp=drivesdk
131,binary,no,Invoice 13799RP.pdf,135642,2025-07-29T05:14:49.899Z,sunrize.invest@gmail.com,Invoices /Invoices from gmail,1lYqoZoBNgB87B8flLlat_UFMCnUS8T9y,https://drive.google.com/file/d/1lYqoZoBNgB87B8flLlat_UFMCnUS8T9y/view?usp=drivesdk
132,binary,YES,Backyard House Building Permit Statement.pdf,135197,2026-03-19T20:45:28.327Z,sunrize.invest@gmail.com,Mayfield 110/Plans & Surveys ,1GNmcJNrnAJdWFyCbyRNCkRt8Bku8mcRk,https://drive.google.com/file/d/1GNmcJNrnAJdWFyCbyRNCkRt8Bku8mcRk/view?usp=drivesdk
132,binary,no,Backyard House Building Permit Statement.pdf,135197,2026-03-19T20:43:58Z,sunrize.invest@gmail.com,Mayfield 110/Mayfield-Invoice ,18GnKTtOZVPFhmkYCDUJ7S8oD-q7q0U_y,https://drive.google.com/file/d/18GnKTtOZVPFhmkYCDUJ7S8oD-q7q0U_y/view?usp=drivesdk
133,binary,YES,CERT 25-26 2652708 ALBERTA INC.pdf,135122,2025-07-16T02:22:19Z,sunrize.invest@gmail.com,Allendale 6408 106/6408: CMHC,1RSxLzsIplbTAhIA4wRGdSgz9S2PP5eg2,https://drive.google.com/file/d/1RSxLzsIplbTAhIA4wRGdSgz9S2PP5eg2/view?usp=drivesdk
133,binary,no,CERT 25-26 2652708 ALBERTA INC.pdf,135122,2025-07-09T23:11:09Z,sunrize.invest@gmail.com,Allendale 6408 106,1DnnGdHf9zezJ81VC3E99FjM4Ag05igKn,https://drive.google.com/file/d/1DnnGdHf9zezJ81VC3E99FjM4Ag05igKn/view?usp=drivesdk
134,binary,YES,Allendale Permit Statement.pdf,132024,2026-03-23T20:46:01.721Z,sunrize.invest@gmail.com,Allendale 6408 106/6408: Invoice,1sYUuLilb3urvAKtai5dfRDhRug7cn_da,https://drive.google.com/file/d/1sYUuLilb3urvAKtai5dfRDhRug7cn_da/view?usp=drivesdk
134,binary,no,Allendale Permit Statement.pdf,132024,2025-12-03T00:32:12Z,sunrize.invest@gmail.com,Allendale 6408 106/6408: Invoice/Paid Jeremy ,1XERNsgrTSMGW5VFtjDDwJlIYWe8ew6hP,https://drive.google.com/file/d/1XERNsgrTSMGW5VFtjDDwJlIYWe8ew6hP/view?usp=drivesdk
135,binary,YES,Backyard House Development Permit Statement.pdf,128523,2026-03-23T20:43:45.976Z,sunrize.invest@gmail.com,Mayfield 110/Mayfield-Invoice ,1dDRr0zWBIZNOScFVpk7vQ-qx17w5rN6v,https://drive.google.com/file/d/1dDRr0zWBIZNOScFVpk7vQ-qx17w5rN6v/view?usp=drivesdk
135,binary,no,Backyard House Development Permit Statement.pdf,128523,2026-01-08T05:52:53Z,sunrize.invest@gmail.com,Mayfield 110/Mayfield-Invoice ,1YyN_N_Mz-zkrVuN1t5p5PA56w7xLnmB6,https://drive.google.com/file/d/1YyN_N_Mz-zkrVuN1t5p5PA56w7xLnmB6/view?usp=drivesdk
136,binary,YES,992018905_49996769_0_0.pdf,42407,2024-04-27T23:52:53Z,sunrize.invest@gmail.com,NEW Properties /Titles Pulled ,1DgNd1EYbW--x38kwz3EliiHTTuV3ei5v,https://drive.google.com/file/d/1DgNd1EYbW--x38kwz3EliiHTTuV3ei5v/view?usp=drivesdk
136,binary,no,992018905_49996769_0_0.pdf,42407,2024-03-15T22:06:48Z,sunrize.invest@gmail.com,NEW Properties /Titles Pulled ,1w9NdvCm-MZerWozs5KLzLzN_dZN2dq5C,https://drive.google.com/file/d/1w9NdvCm-MZerWozs5KLzLzN_dZN2dq5C/view?usp=drivesdk
136,binary,no,992018905_49996769_0_0.pdf,42407,2024-03-15T22:06:48Z,sunrize.invest@gmail.com,NEW Properties /Titles Pulled ,1vTHEEd0_Y8yxw3MlV-FYiyCwFJfO9mtJ,https://drive.google.com/file/d/1vTHEEd0_Y8yxw3MlV-FYiyCwFJfO9mtJ/view?usp=drivesdk
136,binary,no,992018905_49996769_0_0.pdf,42407,2024-03-15T22:06:48Z,sunrize.invest@gmail.com,NEW Properties /Titles Pulled ,1JC9dGVZmYQtxwTg8mKOGle7GTIhNIXAB,https://drive.google.com/file/d/1JC9dGVZmYQtxwTg8mKOGle7GTIhNIXAB/view?usp=drivesdk
137,binary,YES,ApplicationStatusReport.pdf,126968,2025-04-21T18:38:47.952Z,sunrize.invest@gmail.com,Allendale 6408 106/6408: Plans/Survey,1vxSEPyRnFzuKyJballKrz4bzlh1Z1soZ,https://drive.google.com/file/d/1vxSEPyRnFzuKyJballKrz4bzlh1Z1soZ/view?usp=drivesdk
137,binary,no,ApplicationStatusReport.pdf,126968,2025-04-18T00:51:58.366Z,sunrize.invest@gmail.com,Allendale 6408 106/6408: Plans/Survey,1vLnvqiTnPsFA4vMfpY4be5fWzS7icfvi,https://drive.google.com/file/d/1vLnvqiTnPsFA4vMfpY4be5fWzS7icfvi/view?usp=drivesdk
138,binary,YES,142064110001_49605321_0_0.pdf,42036,2024-04-27T23:54:12Z,sunrize.invest@gmail.com,NEW Properties /Titles Pulled ,1TXBzn_u-Ep1GJDSzWxeHX0QEs8wksWoV,https://drive.google.com/file/d/1TXBzn_u-Ep1GJDSzWxeHX0QEs8wksWoV/view?usp=drivesdk
138,binary,no,142064110001_49605321_0_0.pdf,42036,2024-01-31T20:29:12Z,sunrize.invest@gmail.com,NEW Properties /Titles Pulled ,18PtCGqzU8rvyw8O6r6er6ROGvQZqa9z0,https://drive.google.com/file/d/18PtCGqzU8rvyw8O6r6er6ROGvQZqa9z0/view?usp=drivesdk
138,binary,no,142064110001_49605321_0_0.pdf,42036,2024-01-31T20:29:12Z,sunrize.invest@gmail.com,NEW Properties /Titles Pulled ,1yFALfPfVf2oUn4bwZ0EROvji635w3jzx,https://drive.google.com/file/d/1yFALfPfVf2oUn4bwZ0EROvji635w3jzx/view?usp=drivesdk
138,binary,no,142064110001_49605321_0_0.pdf,42036,2024-01-31T20:29:12Z,sunrize.invest@gmail.com,NEW Properties /Titles Pulled ,1SOFz2MO2DUClzsO9YofGb2p6l3Au7nbw,https://drive.google.com/file/d/1SOFz2MO2DUClzsO9YofGb2p6l3Au7nbw/view?usp=drivesdk
139,binary,YES,IMG_6186.PNG,125875,2026-03-23T20:46:01.718Z,sunrize.invest@gmail.com,Allendale 6408 106/6408: Invoice,1u2g_Y-6Kb649ZNVU6sFZtK7Box0fH1fb,https://drive.google.com/file/d/1u2g_Y-6Kb649ZNVU6sFZtK7Box0fH1fb/view?usp=drivesdk
139,binary,no,IMG_6186.PNG,125875,2025-07-15T18:22:08.785Z,sunrize.invest@gmail.com,Allendale 6408 106/6408: Invoice,1JnqpnDnoqSaTkj-LGQpm0U69CXMPLoxC,https://drive.google.com/file/d/1JnqpnDnoqSaTkj-LGQpm0U69CXMPLoxC/view?usp=drivesdk
140,binary,YES,CMLS Broker Disclosure Form.pdf,121067,2025-12-08T19:16:29.489Z,sunrize.invest@gmail.com,Allendale 6408 106/6408: CMHC/Commitment Letter 6408 ,1OOc-Opt99loeK9z0T03BO_z2tHb5_HFN,https://drive.google.com/file/d/1OOc-Opt99loeK9z0T03BO_z2tHb5_HFN/view?usp=drivesdk
140,binary,no,CMLS Broker Disclosure Form.pdf,121067,2025-12-08T16:12:49Z,sunrize.invest@gmail.com,,1Ukfx072RxqTAq0FAZ_hA3s0sdgN6MNA_,https://drive.google.com/file/d/1Ukfx072RxqTAq0FAZ_hA3s0sdgN6MNA_/view?usp=drivesdk
141,binary,YES,192138744004_49607021_0_0.pdf,40167,2024-04-27T23:58:16Z,sunrize.invest@gmail.com,NEW Properties /Titles Pulled ,15PXu0ROEAcAjyng7U8jnt7nemfZRZ3ni,https://drive.google.com/file/d/15PXu0ROEAcAjyng7U8jnt7nemfZRZ3ni/view?usp=drivesdk
141,binary,no,192138744004_49607021_0_0.pdf,40167,2024-01-31T20:53:12Z,sunrize.invest@gmail.com,NEW Properties /Titles Pulled ,1xFd7quWwkADkZiLcmR2JGtazU9UWRJXW,https://drive.google.com/file/d/1xFd7quWwkADkZiLcmR2JGtazU9UWRJXW/view?usp=drivesdk
141,binary,no,192138744004_49607021_0_0.pdf,40167,2024-01-31T20:53:12Z,sunrize.invest@gmail.com,NEW Properties /Titles Pulled ,1t8DRflf-F8p3s0y12D41tHackOqir7wl,https://drive.google.com/file/d/1t8DRflf-F8p3s0y12D41tHackOqir7wl/view?usp=drivesdk
141,binary,no,192138744004_49607021_0_0.pdf,40167,2024-01-31T20:53:12Z,sunrize.invest@gmail.com,NEW Properties /Titles Pulled ,1bf-Sq49Wp_iaps_3Za26qRdIIEfQoUtm,https://drive.google.com/file/d/1bf-Sq49Wp_iaps_3Za26qRdIIEfQoUtm/view?usp=drivesdk
142,binary,YES,"Icome Statement Nov 30, 2024 (2).pdf",120053,2025-11-03T23:37:54Z,sunrize.invest@gmail.com,LEADS////SPREADSHEETS!,1wJbUDZ7os4bs5YO5ghqVLH451j45XvBb,https://drive.google.com/file/d/1wJbUDZ7os4bs5YO5ghqVLH451j45XvBb/view?usp=drivesdk
142,binary,no,"Icome Statement Nov 30, 2024 (2).pdf",120053,2025-10-22T00:54:28Z,sunrize.invest@gmail.com,,1w9opYEhP06hPhq-znz0utVu07UgGJwKf,https://drive.google.com/file/d/1w9opYEhP06hPhq-znz0utVu07UgGJwKf/view?usp=drivesdk
143,binary,YES,Peakhill Wire EFT Instructions.pdf,116751,2025-12-08T19:16:29.493Z,sunrize.invest@gmail.com,Allendale 6408 106/6408: CMHC/Commitment Letter 6408 ,1je8cwozocxtzssfhgGARFkLsJl3xsXwz,https://drive.google.com/file/d/1je8cwozocxtzssfhgGARFkLsJl3xsXwz/view?usp=drivesdk
143,binary,no,Peakhill Wire EFT Instructions.pdf,116751,2025-12-08T16:12:49Z,sunrize.invest@gmail.com,,1HCD_ZizkKmew_nGd2zNh5nLTTtudB29C,https://drive.google.com/file/d/1HCD_ZizkKmew_nGd2zNh5nLTTtudB29C/view?usp=drivesdk
144,binary,YES,Diamante REG.pdf,113001,2026-03-23T19:22:26.714Z,sunrize.invest@gmail.com,Jasper Park/Jasper Park-Corporate Files ,12Kpv-6YN_jxKlp81IDQLr_bEJ1qWVtr0,https://drive.google.com/file/d/12Kpv-6YN_jxKlp81IDQLr_bEJ1qWVtr0/view?usp=drivesdk
144,binary,no,Diamante REG.pdf,113001,2025-08-01T02:49:36.024Z,sunrize.invest@gmail.com,Jasper Park/Jasper Park-Corporate Files ,1L2wda3hb5_BlUOB0uNFl3SU0pjFX9dPT,https://drive.google.com/file/d/1L2wda3hb5_BlUOB0uNFl3SU0pjFX9dPT/view?usp=drivesdk
145,binary,YES,invoice-5563.pdf,109216,2026-03-23T20:21:21.895Z,sunrize.invest@gmail.com,Mayfield 110/Mayfield-Invoice ,1ZZzdJhenYs8m64E-xufttnVBl1IPrLcn,https://drive.google.com/file/d/1ZZzdJhenYs8m64E-xufttnVBl1IPrLcn/view?usp=drivesdk
145,binary,no,invoice-5563.pdf,109216,2025-11-26T17:33:27Z,sunrize.invest@gmail.com,Mayfield 110/Mayfield-Invoice ,13la6966eytxzHjoGGCPo8H6vdKrA5mBH,https://drive.google.com/file/d/13la6966eytxzHjoGGCPo8H6vdKrA5mBH/view?usp=drivesdk
146,binary,YES,Diamante SHAREHOLDERS.pdf,104371,2026-03-23T19:22:26.714Z,sunrize.invest@gmail.com,Jasper Park/Jasper Park-Corporate Files ,1IQBvhZ9zCgCqbJfvScxXKKxKS_P7kRn9,https://drive.google.com/file/d/1IQBvhZ9zCgCqbJfvScxXKKxKS_P7kRn9/view?usp=drivesdk
146,binary,no,Diamante SHAREHOLDERS.pdf,104371,2025-08-01T02:49:36.006Z,sunrize.invest@gmail.com,Jasper Park/Jasper Park-Corporate Files ,1nY4DVcEgTyeUY-qTBOra_baFzaE-5CqS,https://drive.google.com/file/d/1nY4DVcEgTyeUY-qTBOra_baFzaE-5CqS/view?usp=drivesdk
147,binary,YES,Screenshot 2025-11-14 100618.png,101712,2025-11-14T17:06:18Z,sunrize.invest@gmail.com,2025 Tax,1ClZwAVyYU7AX66mHJQ48xB8eosOpffNz,https://drive.google.com/file/d/1ClZwAVyYU7AX66mHJQ48xB8eosOpffNz/view?usp=drivesdk
147,binary,no,Screenshot 2025-11-14 100618.png,101712,2025-11-14T17:06:18Z,sunrize.invest@gmail.com,2025 Tax/2025 Tax Emanation ,1R7ncb7E8abk8i5xQR2nv3YKXVpdRLTWA,https://drive.google.com/file/d/1R7ncb7E8abk8i5xQR2nv3YKXVpdRLTWA/view?usp=drivesdk
148,binary,YES,29766_invoice.pdf,50293,2025-07-29T05:14:49.899Z,sunrize.invest@gmail.com,Invoices /Invoices from gmail,151UUsoOdHyJCzFqQpE2sM20VTYi8duCB,https://drive.google.com/file/d/151UUsoOdHyJCzFqQpE2sM20VTYi8duCB/view?usp=drivesdk
148,binary,no,29766_invoice.pdf,50293,2024-08-01T16:27:22Z,sunrize.invest@gmail.com,Invoices ,1hHdhiNcAXCiTDE_w18FE0Bebb0m15XU8,https://drive.google.com/file/d/1hHdhiNcAXCiTDE_w18FE0Bebb0m15XU8/view?usp=drivesdk
148,binary,no,29766_invoice.pdf,50293,2024-07-17T17:32:20Z,sunrize.invest@gmail.com,CORPORATION/2024 Tax Info,1Q5DRNOps3QhILMPxNecIg3rKyW9D5lBp,https://drive.google.com/file/d/1Q5DRNOps3QhILMPxNecIg3rKyW9D5lBp/view?usp=drivesdk
149,binary,YES,Davis Printing - Jasper Park.pdf,100432,2026-03-23T21:13:12.220Z,sunrize.invest@gmail.com,Jasper Park/Jasper Park-Invoice,1rvNMsbdq-y3nm2z_3f83GiE4ZyzjYooX,https://drive.google.com/file/d/1rvNMsbdq-y3nm2z_3f83GiE4ZyzjYooX/view?usp=drivesdk
149,binary,no,Davis Printing - Jasper Park.pdf,100432,2025-12-01T21:48:01Z,sunrize.invest@gmail.com,,1lCfY_ltVCVaSiDz7P8KOfFnYvL63jF7w,https://drive.google.com/file/d/1lCfY_ltVCVaSiDz7P8KOfFnYvL63jF7w/view?usp=drivesdk
150,binary,YES,E2025-07-CI-001 Allendale Billing #1 26_08_2025.pdf,98490,2026-03-23T20:46:01.704Z,sunrize.invest@gmail.com,Allendale 6408 106/6408: Invoice,1fOHNKLGzPGcGn9VAyWkDJKUrC_5XNgB0,https://drive.google.com/file/d/1fOHNKLGzPGcGn9VAyWkDJKUrC_5XNgB0/view?usp=drivesdk
150,binary,no,E2025-07-CI-001 Allendale Billing #1 26_08_2025.pdf,98490,2025-09-12T22:53:26.975Z,sunrize.invest@gmail.com,Allendale 6408 106/6408: Invoice,1o-cTy7YTnRir11_IluuvBpaMBlvRUaZX,https://drive.google.com/file/d/1o-cTy7YTnRir11_IluuvBpaMBlvRUaZX/view?usp=drivesdk
151,binary,YES,Invoice_62216_from_Enviromatics_Group_Ltd.pdf,97683,2026-03-23T20:20:01.500Z,sunrize.invest@gmail.com,Mayfield 110/Mayfield-Invoice ,19IiLeu-818fN_TcWW_RScU52xXTUjWlR,https://drive.google.com/file/d/19IiLeu-818fN_TcWW_RScU52xXTUjWlR/view?usp=drivesdk
151,binary,no,Invoice_62216_from_Enviromatics_Group_Ltd.pdf,97683,2025-08-13T01:47:38.032Z,sunrize.invest@gmail.com,Mayfield 110/Mayfield-Invoice ,1uH7JXf2s1tx-31gZOTAyyE2uxY8Hmk7K,https://drive.google.com/file/d/1uH7JXf2s1tx-31gZOTAyyE2uxY8Hmk7K/view?usp=drivesdk
152,binary,YES,Invoice_67757_from_Enviromatics_Group_Ltd.pdf,95977,2026-05-24T01:46:08.573Z,sunrize.invest@gmail.com,Jasper Park/Jasper Park-Invoice,1GtnNKz1uTvjpDYWuud6Y9TupSNiGKljI,https://drive.google.com/file/d/1GtnNKz1uTvjpDYWuud6Y9TupSNiGKljI/view?usp=drivesdk
152,binary,no,Invoice_67757_from_Enviromatics_Group_Ltd.pdf,95977,2026-05-20T01:09:14.890Z,sunrize.invest@gmail.com,Jasper Park/Jasper Park-Invoice,1TDt-WCNi0ri-hSsK_qgnKAW0BsV3qx1r,https://drive.google.com/file/d/1TDt-WCNi0ri-hSsK_qgnKAW0BsV3qx1r/view?usp=drivesdk
153,binary,YES,Screenshot 2025-11-14 100609.png,93142,2025-11-14T17:06:09Z,sunrize.invest@gmail.com,2025 Tax,1QcRxEENuqoq6TXdDSKBb1HpyAEe0C_hW,https://drive.google.com/file/d/1QcRxEENuqoq6TXdDSKBb1HpyAEe0C_hW/view?usp=drivesdk
153,binary,no,Screenshot 2025-11-14 100609.png,93142,2025-11-14T17:06:09Z,sunrize.invest@gmail.com,2025 Tax/2025 Tax Emanation ,1-osmwZk8QZ2vzMRjPwnAHKPLtgqjpDfr,https://drive.google.com/file/d/1-osmwZk8QZ2vzMRjPwnAHKPLtgqjpDfr/view?usp=drivesdk
154,binary,YES,Bank Draft Calculation Lawyer Payments.pdf,92058,2026-03-23T20:46:01.715Z,sunrize.invest@gmail.com,Allendale 6408 106/6408: Invoice,1Z_w_yNo-XkI_S4Y6SrzZZnJhsmap83g5,https://drive.google.com/file/d/1Z_w_yNo-XkI_S4Y6SrzZZnJhsmap83g5/view?usp=drivesdk
154,binary,no,Bank Draft Calculation Lawyer Payments.pdf,92058,2026-03-09T16:48:45.512Z,sunrize.invest@gmail.com,Allendale 6408 106/5-Unit Receipts ,1MiepJoNSmE8_ANsOKP5vBijumsKD2qhe,https://drive.google.com/file/d/1MiepJoNSmE8_ANsOKP5vBijumsKD2qhe/view?usp=drivesdk
155,binary,YES,25-43999 Vibrant Homes.pdf,45851,2026-03-23T21:14:11.723Z,sunrize.invest@gmail.com,Mayfield 110/Mayfield-Invoice ,1vFau7itwpyPvwqyqRF3BatrhQ-zR5KRy,https://drive.google.com/file/d/1vFau7itwpyPvwqyqRF3BatrhQ-zR5KRy/view?usp=drivesdk
155,binary,no,25-43999 Vibrant Homes.pdf,45851,2026-02-26T15:25:46.203Z,sunrize.invest@gmail.com,Mayfield 110/Mayfield-Invoice ,1j6yzcYwuUm0y9oq1BeIp5GOOCqeHC01C,https://drive.google.com/file/d/1j6yzcYwuUm0y9oq1BeIp5GOOCqeHC01C/view?usp=drivesdk
155,binary,no,25-43999 Vibrant Homes.pdf,45851,2026-01-08T05:48:07Z,sunrize.invest@gmail.com,Mayfield 110/Mayfield-Invoice ,1HcCjQqJUbz_lEBwWW0NnMz9JCfzxqrrM,https://drive.google.com/file/d/1HcCjQqJUbz_lEBwWW0NnMz9JCfzxqrrM/view?usp=drivesdk
156,binary,YES,Demolition & Sign Receipt - Mayfield.pdf,90855,2026-01-08T05:40:02Z,sunrize.invest@gmail.com,Jasper Park/Jasper Park-Invoice,1G6JKG_I5DHmsxMW5IZLztbDkMJTGAXlv,https://drive.google.com/file/d/1G6JKG_I5DHmsxMW5IZLztbDkMJTGAXlv/view?usp=drivesdk
156,binary,no,Demolition & Sign Receipt - Mayfield.pdf,90855,2025-12-30T09:01:25.302Z,sunrize.invest@gmail.com,Mayfield 110/Mayfield-Invoice ,1BuUrLetN3bKIjR1AGE8jBa05lNIioP0K,https://drive.google.com/file/d/1BuUrLetN3bKIjR1AGE8jBa05lNIioP0K/view?usp=drivesdk
157,binary,YES,Condition Wavier (1).pdf,83535,2025-03-29T02:13:02Z,sunrize.invest@gmail.com,Blank Purchase Contracts ,1CjmTzb7KV5_PoLMATT8zrd-gfuUONFLR,https://drive.google.com/file/d/1CjmTzb7KV5_PoLMATT8zrd-gfuUONFLR/view?usp=drivesdk
157,binary,no,Condition Wavier (1).pdf,83535,2025-03-29T02:13:02Z,sunrize.invest@gmail.com,Blank Purchase Contracts /Purchase Contracts- Filled out ,11CmAp4L3AvE94akBq5Cz9_bbxS0A195I,https://drive.google.com/file/d/11CmAp4L3AvE94akBq5Cz9_bbxS0A195I/view?usp=drivesdk
158,binary,YES,Condition Wavier.pdf,83535,2024-05-31T16:10:15.974Z,sunrize.invest@gmail.com,Blank Purchase Contracts ,13R5Qa0CT3SwMJ-IITJNYvWQ7t27ikaIm,https://drive.google.com/file/d/13R5Qa0CT3SwMJ-IITJNYvWQ7t27ikaIm/view?usp=drivesdk
158,binary,no,Condition Wavier.pdf,83535,2024-04-28T00:09:55.645Z,sunrize.invest@gmail.com,Blank Purchase Contracts ,1jSFm0c1O5vqybYnnrlKGv4IUi6qkRxxZ,https://drive.google.com/file/d/1jSFm0c1O5vqybYnnrlKGv4IUi6qkRxxZ/view?usp=drivesdk
159,binary,YES,Invoice 2024.pdf,68428,2026-02-25T21:44:29.701Z,sunrize.invest@gmail.com,CORPORATION/2024 Tax Info,1PClxXSxlEACyDS854k5QrHofmixPiyWK,https://drive.google.com/file/d/1PClxXSxlEACyDS854k5QrHofmixPiyWK/view?usp=drivesdk
159,binary,no,Invoice 2024.pdf,68428,2025-11-01T20:51:25Z,sunrize.invest@gmail.com,2025 Tax,13B2ecY5A0tqs6YHez7mCd7Dfsl-2U2Px,https://drive.google.com/file/d/13B2ecY5A0tqs6YHez7mCd7Dfsl-2U2Px/view?usp=drivesdk
160,binary,YES,CMHC Construction Checklist Form.pdf,65348,2025-11-17T21:35:41Z,sunrize.invest@gmail.com,Landridge,1RVT_g9nTz7u4ZgxEvLrNZ1eTFPtVCydH,https://drive.google.com/file/d/1RVT_g9nTz7u4ZgxEvLrNZ1eTFPtVCydH/view?usp=drivesdk
160,binary,no,CMHC Construction Checklist Form.pdf,65348,2025-11-17T21:35:41Z,sunrize.invest@gmail.com,Landridge/Financing ,1BlfFlDeXPKMIaCV6hfcBloDbZ0Xb9Hx3,https://drive.google.com/file/d/1BlfFlDeXPKMIaCV6hfcBloDbZ0Xb9Hx3/view?usp=drivesdk
161,binary,YES,Invoice_17737_2025-10-31.pdf,61783,2026-03-23T21:13:40.211Z,sunrize.invest@gmail.com,Mayfield 110/Mayfield-Invoice ,1TDX8DJB99pUGUgtDJK01XVAnINiX-Lbs,https://drive.google.com/file/d/1TDX8DJB99pUGUgtDJK01XVAnINiX-Lbs/view?usp=drivesdk
161,binary,no,Invoice_17737_2025-10-31.pdf,61783,2026-01-08T05:46:49Z,sunrize.invest@gmail.com,Mayfield 110/Mayfield-Invoice ,1mWmEjwPfseuaAeenqhEONz9KVSpeDN30,https://drive.google.com/file/d/1mWmEjwPfseuaAeenqhEONz9KVSpeDN30/view?usp=drivesdk
162,binary,YES,Invoice_17738_2025-10-31.pdf,61626,2026-03-23T21:13:12.195Z,sunrize.invest@gmail.com,Jasper Park/Jasper Park-Invoice,18ZnIbvf6DyU4yCuEs30-aX6lVspsDkOY,https://drive.google.com/file/d/18ZnIbvf6DyU4yCuEs30-aX6lVspsDkOY/view?usp=drivesdk
162,binary,no,Invoice_17738_2025-10-31.pdf,61626,2025-12-01T21:48:01Z,sunrize.invest@gmail.com,Jasper Park/Jasper Park-Invoice,1RJGejIVaVxD9A44kaEDna7RL-RTCVcd0,https://drive.google.com/file/d/1RJGejIVaVxD9A44kaEDna7RL-RTCVcd0/view?usp=drivesdk
163,binary,YES,3-13862-16645.pdf,61223,2026-03-23T20:46:01.718Z,sunrize.invest@gmail.com,Allendale 6408 106/6408: Invoice,19LIrpPoBQRkJqLgEgzmFL-Psv9axEusC,https://drive.google.com/file/d/19LIrpPoBQRkJqLgEgzmFL-Psv9axEusC/view?usp=drivesdk
163,binary,no,3-13862-16645.pdf,61223,2025-10-27T22:26:18Z,sunrize.invest@gmail.com,Allendale 6408 106/6408: Invoice,15f4jSklSRwdNzi8sAu043howc2ZXiNvi,https://drive.google.com/file/d/15f4jSklSRwdNzi8sAu043howc2ZXiNvi/view?usp=drivesdk
164,binary,YES,15981 110b Ave NW Invoice (revised2).pdf,60844,2026-03-23T20:22:25.079Z,sunrize.invest@gmail.com,Mayfield 110/Mayfield-Invoice ,1_oZFKsB8ZUd_9gFbKQY5A8xESWcRLOhe,https://drive.google.com/file/d/1_oZFKsB8ZUd_9gFbKQY5A8xESWcRLOhe/view?usp=drivesdk
164,binary,no,15981 110b Ave NW Invoice (revised2).pdf,60844,2025-07-15T19:00:24Z,sunrize.invest@gmail.com,Invoices /Invoices from gmail,1BUZU-9JiDNDsT7eY6vtYB_djw9QQ47Gl,https://drive.google.com/file/d/1BUZU-9JiDNDsT7eY6vtYB_djw9QQ47Gl/view?usp=drivesdk
165,binary,YES,15981 110b Ave NW Invoice (revised).pdf,60572,2026-03-23T18:02:39Z,sunni@rizedevelopments.com,Mayfield 110/Mayfield-Invoice ,1l2P70EZvHeK1kjDOfzL93aRV4X6rf4RC,https://drive.google.com/file/d/1l2P70EZvHeK1kjDOfzL93aRV4X6rf4RC/view?usp=drivesdk
165,binary,no,15981 110b Ave NW Invoice (revised).pdf,60572,2025-07-15T18:55:10Z,sunrize.invest@gmail.com,Invoices /Invoices from gmail,17DYMgmPuxqKnnekOYHF2uPWvv75zdOBr,https://drive.google.com/file/d/17DYMgmPuxqKnnekOYHF2uPWvv75zdOBr/view?usp=drivesdk
166,binary,YES,Tree Removal .pdf,59364,2026-03-12T05:56:40Z,maadisoncross82@gmail.com,IBH Tax,149qJihNVV0aAKyKR0tuZ2ytzIgLSwYdb,https://drive.google.com/file/d/149qJihNVV0aAKyKR0tuZ2ytzIgLSwYdb/view?usp=drivesdk
166,binary,no,Tree Removal .pdf,59364,2026-03-05T19:47:18.694Z,maadisoncross82@gmail.com,IBH Tax/Invoices Paid by Madison,1_MiaWKm_C4lnmaNhwJauc5ZAAYdLadxF,https://drive.google.com/file/d/1_MiaWKm_C4lnmaNhwJauc5ZAAYdLadxF/view?usp=drivesdk
167,binary,YES,Tree Plan Invoice.pdf,59364,2026-03-12T05:56:40Z,maadisoncross82@gmail.com,IBH Tax,1COxU4Hjjog4MGeaovYX6nS4JN1wpQv-z,https://drive.google.com/file/d/1COxU4Hjjog4MGeaovYX6nS4JN1wpQv-z/view?usp=drivesdk
167,binary,no,Tree Plan Invoice.pdf,59364,2025-11-27T23:26:47.095Z,maadisoncross82@gmail.com,IBH Tax/10848 153 St NW Expenses,1j_ZPRZDTTzOFJDojtypScbjuiY9bvrt9,https://drive.google.com/file/d/1j_ZPRZDTTzOFJDojtypScbjuiY9bvrt9/view?usp=drivesdk
168,binary,YES,15981 110b Ave NW Invoice Working Drawings.pdf,58706,2026-03-23T18:06:36.354Z,sunrize.invest@gmail.com,Mayfield 110/Mayfield-Invoice ,1eMleQuOnc1wbiXH-38kz-BQn6hF4yfxu,https://drive.google.com/file/d/1eMleQuOnc1wbiXH-38kz-BQn6hF4yfxu/view?usp=drivesdk
168,binary,no,15981 110b Ave NW Invoice Working Drawings.pdf,58706,2025-07-15T18:53:15Z,sunrize.invest@gmail.com,Invoices /Invoices from gmail,1N4Fq2GEkhKqerkAwYyJlpWW3A4IIILCZ,https://drive.google.com/file/d/1N4Fq2GEkhKqerkAwYyJlpWW3A4IIILCZ/view?usp=drivesdk
169,binary,YES,Inglewood Investment 6-Plex 11328 126 St.xlsx,29129,2025-09-03T22:18:48Z,sunrize.invest@gmail.com,,1Xkde2Yr77BMB1i7Zq4MNLOUc0wFXy6Y7,https://drive.google.com/file/d/1Xkde2Yr77BMB1i7Zq4MNLOUc0wFXy6Y7/view?usp=drivesdk
169,binary,no,Inglewood Investment 6-Plex 11328 126 St.xlsx,29129,2025-09-02T19:08:56Z,sunrize.invest@gmail.com,LEADS////SPREADSHEETS!,1bGlcnC40Hvz-rQzW92pQ1Tx6NdzQi2Rn,https://drive.google.com/file/d/1bGlcnC40Hvz-rQzW92pQ1Tx6NdzQi2Rn/view?usp=drivesdk
169,binary,no,Inglewood Investment 6-Plex 11328 126 St.xlsx,29129,2025-03-04T02:32:36Z,sunrize.invest@gmail.com,Inglewood 6-Plex: 11328 126 St,1KhKynx-EMNaQt8txalgk_OaQEE5neoQQ,https://drive.google.com/file/d/1KhKynx-EMNaQt8txalgk_OaQEE5neoQQ/view?usp=drivesdk
170,binary,YES,Inv# 84.pdf,56290,2026-03-23T20:26:34.401Z,sunrize.invest@gmail.com,Mayfield 110/Mayfield-Invoice ,1BPlXUODEp9A_N8C6WBMNq8b7gqWXx8rT,https://drive.google.com/file/d/1BPlXUODEp9A_N8C6WBMNq8b7gqWXx8rT/view?usp=drivesdk
170,binary,no,Inv# 84.pdf,56290,2025-11-26T17:10:16Z,sunrize.invest@gmail.com,Mayfield 110/Mayfield-Invoice ,1LcIfnjttjOzmCrl6zFrWX6vPLdEJ3Dzc,https://drive.google.com/file/d/1LcIfnjttjOzmCrl6zFrWX6vPLdEJ3Dzc/view?usp=drivesdk
171,binary,YES,Diamante ART.pdf,55473,2026-03-23T19:22:26.718Z,sunrize.invest@gmail.com,Jasper Park/Jasper Park-Corporate Files ,1-aaqSUta4kv8W7jqSbTH-1YuHlmmywU8,https://drive.google.com/file/d/1-aaqSUta4kv8W7jqSbTH-1YuHlmmywU8/view?usp=drivesdk
171,binary,no,Diamante ART.pdf,55473,2025-08-01T02:49:36.039Z,sunrize.invest@gmail.com,Jasper Park/Jasper Park-Corporate Files ,1LUBItv9m5SRa4c9aD15f0_c64604UCIo,https://drive.google.com/file/d/1LUBItv9m5SRa4c9aD15f0_c64604UCIo/view?usp=drivesdk
172,binary,YES,Invoice_10553_from_OASIS_ENGINEERING_GROUP_LTD.pdf,48456,2026-03-23T21:09:16.223Z,sunrize.invest@gmail.com,Jasper Park/Jasper Park-Invoice,19D0UKEVyBi7o9bEYU9PSpKm6YPujtzDd,https://drive.google.com/file/d/19D0UKEVyBi7o9bEYU9PSpKm6YPujtzDd/view?usp=drivesdk
172,binary,no,Invoice_10553_from_OASIS_ENGINEERING_GROUP_LTD.pdf,48456,2026-01-08T05:27:57Z,sunrize.invest@gmail.com,Jasper Park/Jasper Park-Invoice,1ah-IbBsc5w128JMBEMlilUn_WJTxG2rw,https://drive.google.com/file/d/1ah-IbBsc5w128JMBEMlilUn_WJTxG2rw/view?usp=drivesdk
173,binary,YES,INVOICE_1819_from_Alberta Geomatics Inc_                                           (Operating as Arc Surveys Edmonton).pdf,47337,2026-03-23T20:24:33.853Z,sunrize.invest@gmail.com,Mayfield 110/Mayfield-Invoice ,1WlONpsz0IADZdeLKj4OK2uIn5pg2b3w5,https://drive.google.com/file/d/1WlONpsz0IADZdeLKj4OK2uIn5pg2b3w5/view?usp=drivesdk
173,binary,no,INVOICE_1819_from_Alberta Geomatics Inc_                                           (Operating as Arc Surveys Edmonton).pdf,47337,2025-08-13T01:47:38.028Z,sunrize.invest@gmail.com,Mayfield 110/Mayfield-Invoice ,1Bawta-VylB86rH6QzUdwTqrYM3oR-UUC,https://drive.google.com/file/d/1Bawta-VylB86rH6QzUdwTqrYM3oR-UUC/view?usp=drivesdk
174,binary,YES,Diamante CERT.pdf,47336,2026-03-23T19:22:26.719Z,sunrize.invest@gmail.com,Jasper Park/Jasper Park-Corporate Files ,17Pj_93CW_jzHp2eim17VHJ-DUeCpsFdi,https://drive.google.com/file/d/17Pj_93CW_jzHp2eim17VHJ-DUeCpsFdi/view?usp=drivesdk
174,binary,no,Diamante CERT.pdf,47336,2025-08-01T02:49:36.031Z,sunrize.invest@gmail.com,Jasper Park/Jasper Park-Corporate Files ,1_rAscfRfga2ShN5nOtYQmPWLIktP-ZeG,https://drive.google.com/file/d/1_rAscfRfga2ShN5nOtYQmPWLIktP-ZeG/view?usp=drivesdk
175,binary,YES,Invoice_000475_from_Offset_Excavating_Ltd.pdf,23602,2026-03-23T20:12:21.013Z,sunrize.invest@gmail.com,Mayfield 110/Mayfield-Invoice ,1AbsYw0xlsT2Hl71lzK0O47RU00BMsh-h,https://drive.google.com/file/d/1AbsYw0xlsT2Hl71lzK0O47RU00BMsh-h/view?usp=drivesdk
175,binary,no,Invoice_000475_from_Offset_Excavating_Ltd.pdf,23602,2025-11-26T17:17:55Z,sunrize.invest@gmail.com,,1sEcQeIo0q94CFDyUZDZ9QYyV67tYDYAo,https://drive.google.com/file/d/1sEcQeIo0q94CFDyUZDZ9QYyV67tYDYAo/view?usp=drivesdk
175,binary,no,Invoice_000475_from_Offset_Excavating_Ltd.pdf,23602,2025-11-13T17:11:00Z,sunrize.invest@gmail.com,Mayfield 110/Mayfield-Invoice ,1--zO5gXGgCW_fUs04ThXwWLElErhadKw,https://drive.google.com/file/d/1--zO5gXGgCW_fUs04ThXwWLElErhadKw/view?usp=drivesdk
176,binary,YES,25-42488 Vibrant Homes.pdf,46848,2026-03-23T20:20:01.484Z,sunrize.invest@gmail.com,Mayfield 110/Mayfield-Invoice ,14zl_3k6K31fHMqG5hWyBQ60pNCECcZzH,https://drive.google.com/file/d/14zl_3k6K31fHMqG5hWyBQ60pNCECcZzH/view?usp=drivesdk
176,binary,no,25-42488 Vibrant Homes.pdf,46848,2025-08-13T01:47:38.025Z,sunrize.invest@gmail.com,Mayfield 110/Mayfield-Invoice ,1Spkq3OoI6buvfL4LVW3WA29ER-C-0abn,https://drive.google.com/file/d/1Spkq3OoI6buvfL4LVW3WA29ER-C-0abn/view?usp=drivesdk
177,binary,YES,April Invoice for Sunni.pdf,41930,2024-05-02T04:22:40Z,sunrize.invest@gmail.com,Invoices ,14dM0OTaDtX3E4bm4EEfalYD_5znHNzXy,https://drive.google.com/file/d/14dM0OTaDtX3E4bm4EEfalYD_5znHNzXy/view?usp=drivesdk
177,binary,no,April Invoice for Sunni.pdf,41930,2024-05-02T04:22:40Z,sunrize.invest@gmail.com,Invoices ,1l--0m-ZElF4XeWbhlnleuWiBw3qxqZbe,https://drive.google.com/file/d/1l--0m-ZElF4XeWbhlnleuWiBw3qxqZbe/view?usp=drivesdk
178,binary,YES,192300279_51732692_0_0.pdf,40584,2024-09-26T20:26:34Z,sunrize.invest@gmail.com,NEW Properties /Titles Pulled ,1bD6w3K0Ms7nMXrQLQaGWDWdnH7Q6hurN,https://drive.google.com/file/d/1bD6w3K0Ms7nMXrQLQaGWDWdnH7Q6hurN/view?usp=drivesdk
178,binary,no,192300279_51732692_0_0.pdf,40584,2024-09-26T20:26:34Z,sunrize.invest@gmail.com,NEW Properties /Titles Pulled ,14G6WcQ-MyNL2sDK9ideZ3RGljz7YAPV_,https://drive.google.com/file/d/14G6WcQ-MyNL2sDK9ideZ3RGljz7YAPV_/view?usp=drivesdk
179,binary,YES,872186923_51587340_0_0.pdf,40547,2024-09-11T19:02:55.343Z,sunrize.invest@gmail.com,NEW Properties /Titles Pulled ,1ysU1pdZV1kOt0IIQl2-dCmLmDA6v1Cgo,https://drive.google.com/file/d/1ysU1pdZV1kOt0IIQl2-dCmLmDA6v1Cgo/view?usp=drivesdk
179,binary,no,872186923_51587340_0_0.pdf,40547,2024-09-11T19:01:29Z,sunrize.invest@gmail.com,NEW Properties /Titles Pulled ,1xaSyzyCxD2hcB7tnWGeu-JnTXs2vKepv,https://drive.google.com/file/d/1xaSyzyCxD2hcB7tnWGeu-JnTXs2vKepv/view?usp=drivesdk
180,binary,YES,892192580_51639410_0_0.pdf,40519,2024-09-17T18:48:52.415Z,sunrize.invest@gmail.com,NEW Properties /Titles Pulled ,1ehQjkOKjj0R5ZGiqZCyHBuLeNQSqcdab,https://drive.google.com/file/d/1ehQjkOKjj0R5ZGiqZCyHBuLeNQSqcdab/view?usp=drivesdk
180,binary,no,892192580_51639410_0_0.pdf,40519,2024-09-17T18:43:49Z,sunrize.invest@gmail.com,NEW Properties /Titles Pulled ,1qx8RuhZEOBTHuf1FTs7ssYNvqIbdArLf,https://drive.google.com/file/d/1qx8RuhZEOBTHuf1FTs7ssYNvqIbdArLf/view?usp=drivesdk
181,binary,YES,Invoice_116.pdf,38620,2026-03-23T20:12:31.680Z,sunrize.invest@gmail.com,Mayfield 110/Mayfield-Invoice ,1FPUz6s0XDcXi3jTtyBj9hN0i2wn-MBuv,https://drive.google.com/file/d/1FPUz6s0XDcXi3jTtyBj9hN0i2wn-MBuv/view?usp=drivesdk
181,binary,no,Invoice_116.pdf,38620,2025-11-06T20:00:08Z,sunrize.invest@gmail.com,Mayfield 110/Mayfield-Invoice ,1ppdYK0IWFqA2zywcEteyDaZeDpGGC8AM,https://drive.google.com/file/d/1ppdYK0IWFqA2zywcEteyDaZeDpGGC8AM/view?usp=drivesdk
182,binary,YES,Invoice_130.pdf,38574,2026-03-23T21:10:09.911Z,sunrize.invest@gmail.com,Mayfield 110/Mayfield-Invoice ,13TmxYwNaIYCnFZK5KfHhJ-UBqxob2tjC,https://drive.google.com/file/d/13TmxYwNaIYCnFZK5KfHhJ-UBqxob2tjC/view?usp=drivesdk
182,binary,no,Invoice_130.pdf,38574,2025-12-09T01:10:20.993Z,sunrize.invest@gmail.com,Mayfield 110/Mayfield-Invoice ,1XxE27h-v0pBszd2a_8i30QljGmnApnDK,https://drive.google.com/file/d/1XxE27h-v0pBszd2a_8i30QljGmnApnDK/view?usp=drivesdk
183,binary,YES,Receipt__from_OASIS_ENGINEERING_GROUP_LTD.pdf,38508,2026-03-23T20:27:41.198Z,sunrize.invest@gmail.com,Mayfield 110/Mayfield-Invoice ,1-r2_JJogr2DGDM3gjVCbGxZi_MX8_cXX,https://drive.google.com/file/d/1-r2_JJogr2DGDM3gjVCbGxZi_MX8_cXX/view?usp=drivesdk
183,binary,no,Receipt__from_OASIS_ENGINEERING_GROUP_LTD.pdf,38508,2025-08-13T01:47:38.032Z,sunrize.invest@gmail.com,Mayfield 110/Mayfield-Invoice ,1oB2BvIwUGJLWC7ZO82CLeS575I4qn-0F,https://drive.google.com/file/d/1oB2BvIwUGJLWC7ZO82CLeS575I4qn-0F/view?usp=drivesdk
184,binary,YES,Receipt_C1At6uDqeyU2_from_OASIS_ENGINEERING_GROUP_LTD.pdf,38259,2026-03-23T21:15:30.613Z,sunrize.invest@gmail.com,Jasper Park/Jasper Park-Invoice,14RaW7LKpLu5reBdeba9UGNvIUZmYE9Gv,https://drive.google.com/file/d/14RaW7LKpLu5reBdeba9UGNvIUZmYE9Gv/view?usp=drivesdk
184,binary,no,Receipt_C1At6uDqeyU2_from_OASIS_ENGINEERING_GROUP_LTD.pdf,38259,2026-02-12T18:42:16Z,sunrize.invest@gmail.com,Jasper Park/Jasper Park-Invoice,1QmqrH8GUneNWvy9WTgq0EVLCcf20lR99,https://drive.google.com/file/d/1QmqrH8GUneNWvy9WTgq0EVLCcf20lR99/view?usp=drivesdk
185,binary,YES,Edmonton Infill Project (8 & 9 Units).xlsx,37548,2024-12-02T18:47:57Z,sunrize.invest@gmail.com,2025 Tax/2025 Flips/Wholesale /In Between Homes /IN-Between Homes ,1192LTlY2YfavaswUtCYwcL4J5X8FH55_,https://drive.google.com/file/d/1192LTlY2YfavaswUtCYwcL4J5X8FH55_/view?usp=drivesdk
185,binary,no,Edmonton Infill Project (8 & 9 Units).xlsx,37548,2024-11-21T04:24:27Z,sunrize.invest@gmail.com,Development Info-----Go to rize/Cost Examples ,1ZGX-PXfJ_hJCLoSjluge-nY4uBQG20ro,https://drive.google.com/file/d/1ZGX-PXfJ_hJCLoSjluge-nY4uBQG20ro/view?usp=drivesdk
186,binary,YES,Jasper Park Budget.xlsx,36097,2025-11-06T20:10:30.635Z,sunrize.invest@gmail.com,Jasper Park/Jasper Park- Construction Budget,1cYJPO-UTd-ZN4luSYdEJmwRB4GbyF7Dj,https://drive.google.com/file/d/1cYJPO-UTd-ZN4luSYdEJmwRB4GbyF7Dj/view?usp=drivesdk
186,binary,no,Jasper Park Budget.xlsx,36097,2025-11-06T20:09:25Z,sunrize.invest@gmail.com,,1hESt_NEnXL26kCmbrTXNBlwScvmqC6-r,https://drive.google.com/file/d/1hESt_NEnXL26kCmbrTXNBlwScvmqC6-r/view?usp=drivesdk
187,binary,YES,Abatement (1).pdf,36059,2026-03-12T05:56:40Z,maadisoncross82@gmail.com,IBH Tax,1-D1L4Wkb-hPeAKTlNfBs3qeizSbR1OXl,https://drive.google.com/file/d/1-D1L4Wkb-hPeAKTlNfBs3qeizSbR1OXl/view?usp=drivesdk
187,binary,no,Abatement (1).pdf,36059,2026-03-05T19:47:49.770Z,maadisoncross82@gmail.com,IBH Tax/Invoices Paid by Madison,1S-puSmvy8qINuE11i3s-zrtxyBHsO_qB,https://drive.google.com/file/d/1S-puSmvy8qINuE11i3s-zrtxyBHsO_qB/view?usp=drivesdk
188,binary,YES,Invoice_9521_from_OASIS_ENGINEERING_GROUP_LTD.pdf,36001,2026-03-23T20:20:01.478Z,sunrize.invest@gmail.com,Mayfield 110/Mayfield-Invoice ,1NyWNKKb1J6uwGIaxvchwK97kS76cPbxk,https://drive.google.com/file/d/1NyWNKKb1J6uwGIaxvchwK97kS76cPbxk/view?usp=drivesdk
188,binary,no,Invoice_9521_from_OASIS_ENGINEERING_GROUP_LTD.pdf,36001,2025-08-12T20:42:42Z,sunrize.invest@gmail.com,,18H8NGDuKS5Os_Ku3Y6GwaY7cX_fR7A7z,https://drive.google.com/file/d/18H8NGDuKS5Os_Ku3Y6GwaY7cX_fR7A7z/view?usp=drivesdk
189,binary,YES,Policy Change MAXIN1 NWGDYPFL.pdf,35845,2026-03-12T05:56:40Z,maadisoncross82@gmail.com,IBH Tax,1xZ3xVrtnbgD4gcs_RZn6CcvoWV3LevgG,https://drive.google.com/file/d/1xZ3xVrtnbgD4gcs_RZn6CcvoWV3LevgG/view?usp=drivesdk
189,binary,no,Policy Change MAXIN1 NWGDYPFL.pdf,35845,2025-10-20T02:26:32.328Z,sunrize.invest@gmail.com,2025 Tax/2025 Flips/Wholesale /In Between Homes ,1WmXgjyEhAWS4dV_9MIv5XajWvsxH_qXW,https://drive.google.com/file/d/1WmXgjyEhAWS4dV_9MIv5XajWvsxH_qXW/view?usp=drivesdk
190,binary,YES,Invoice_10353_from_OASIS_ENGINEERING_GROUP_LTD.pdf,35537,2026-03-23T20:07:33.433Z,sunrize.invest@gmail.com,Jasper Park/Jasper Park-Invoice,1-zGTwgq4IgzZTi5In7_EfAeq2pssaz5e,https://drive.google.com/file/d/1-zGTwgq4IgzZTi5In7_EfAeq2pssaz5e/view?usp=drivesdk
190,binary,no,Invoice_10353_from_OASIS_ENGINEERING_GROUP_LTD.pdf,35537,2025-11-10T18:38:07Z,sunrize.invest@gmail.com,Jasper Park/Jasper Park-Invoice,1gBsURCsXW_okssE87XdXeDgqXltf2HDT,https://drive.google.com/file/d/1gBsURCsXW_okssE87XdXeDgqXltf2HDT/view?usp=drivesdk
191,binary,YES,Allendale Invoice_13935_from_ProtechGeo__Material_Testing_Ltd FINAL.pdf,31453,2026-03-23T20:46:01.724Z,sunrize.invest@gmail.com,Allendale 6408 106/6408: Invoice,1hnV-HMPmQEX8SljoCIEo6diwMrpmp09e,https://drive.google.com/file/d/1hnV-HMPmQEX8SljoCIEo6diwMrpmp09e/view?usp=drivesdk
191,binary,no,Allendale Invoice_13935_from_ProtechGeo__Material_Testing_Ltd FINAL.pdf,31453,2026-03-09T16:45:30.051Z,sunrize.invest@gmail.com,Allendale 6408 106/5-Unit Receipts ,1JwjF-T6zUWd8G2vm7n-OkztGq0poEf7V,https://drive.google.com/file/d/1JwjF-T6zUWd8G2vm7n-OkztGq0poEf7V/view?usp=drivesdk
192,binary,YES,Statement of Adjustments.pdf,28584,2026-02-26T18:12:50.104Z,sunrize.invest@gmail.com,Jasper Park/Jasper Park-Corporate Files ,1mgm2jfJKxE7uX8oi9mNVvPbETVU-40sy,https://drive.google.com/file/d/1mgm2jfJKxE7uX8oi9mNVvPbETVU-40sy/view?usp=drivesdk
192,binary,no,Statement of Adjustments.pdf,28584,2025-10-08T20:47:39.887Z,sunrize.invest@gmail.com,Jasper Park/Jasper Park-Corporate Files ,1R6RMyWabTkM4-qFqLTNsXha55AqKXzG2,https://drive.google.com/file/d/1R6RMyWabTkM4-qFqLTNsXha55AqKXzG2/view?usp=drivesdk
193,binary,YES,COURSE INFO INTO WHI+OLESLE .docx,27202,2025-09-03T21:50:34Z,sunrize.invest@gmail.com,LEADS////SPREADSHEETS!,1qpMdIN78Av5kdTQoBMGkE1Xsm3_edjwT,https://drive.google.com/file/d/1qpMdIN78Av5kdTQoBMGkE1Xsm3_edjwT/view?usp=drivesdk
193,binary,no,COURSE INFO INTO WHI+OLESLE .docx,27202,2025-09-03T21:50:33Z,sunrize.invest@gmail.com,,1SX4d7iKBDrSHypjhHiAQ1JhXHFU0X1_v,https://drive.google.com/file/d/1SX4d7iKBDrSHypjhHiAQ1JhXHFU0X1_v/view?usp=drivesdk
194,binary,YES,RECEIPT - Do not reply.eml,24846,2026-03-23T20:24:05.956Z,sunrize.invest@gmail.com,Mayfield 110/Mayfield-Invoice ,118nlaFApWXyDnVS3-lH6T7aKgDGuAq9V,https://drive.google.com/file/d/118nlaFApWXyDnVS3-lH6T7aKgDGuAq9V/view?usp=drivesdk
194,binary,no,RECEIPT - Do not reply.eml,24846,2025-08-13T01:47:38.042Z,sunrize.invest@gmail.com,Mayfield 110/Mayfield-Invoice ,1q11v_LPssr7NHyQOs-oOWc3EpYx0prxn,https://drive.google.com/file/d/1q11v_LPssr7NHyQOs-oOWc3EpYx0prxn/view?usp=drivesdk
195,binary,YES,Allendale hydrovac.pdf,24628,2026-03-23T20:46:01.715Z,sunrize.invest@gmail.com,Allendale 6408 106/6408: Invoice,18fe2Vr00qsB3l1BKPkHAFsxiFgEqDHqH,https://drive.google.com/file/d/18fe2Vr00qsB3l1BKPkHAFsxiFgEqDHqH/view?usp=drivesdk
195,binary,no,Allendale hydrovac.pdf,24628,2026-03-09T16:44:48.234Z,sunrize.invest@gmail.com,Allendale 6408 106/5-Unit Receipts ,12SZcA9nJ4TV4wEhHGlJ_hzD5qXXVYqGq,https://drive.google.com/file/d/12SZcA9nJ4TV4wEhHGlJ_hzD5qXXVYqGq/view?usp=drivesdk
196,binary,YES,Allendale Atco.pdf,23419,2026-03-23T20:46:01.757Z,sunrize.invest@gmail.com,Allendale 6408 106/6408: Invoice,1fm79sw0DV4kvSJHa1zqsJLDj95ZumLoZ,https://drive.google.com/file/d/1fm79sw0DV4kvSJHa1zqsJLDj95ZumLoZ/view?usp=drivesdk
196,binary,no,Allendale Atco.pdf,23419,2026-03-09T16:43:28.820Z,sunrize.invest@gmail.com,Allendale 6408 106/5-Unit Receipts ,19UB57bn7h2ZqDkuWlqeQjjO-JbCJRrWC,https://drive.google.com/file/d/19UB57bn7h2ZqDkuWlqeQjjO-JbCJRrWC/view?usp=drivesdk
197,binary,YES,Copy of Naturopathic Doctor Contact.xlsx,11911,2025-10-25T23:39:36.908Z,sunrize.invest@gmail.com,,1v6p0-TDNzObkSREPhuhjxS7JFGuhDHl9,https://drive.google.com/file/d/1v6p0-TDNzObkSREPhuhjxS7JFGuhDHl9/view?usp=drivesdk
197,binary,no,Copy of Naturopathic Doctor Contact.xlsx,11911,2025-09-03T21:51:44Z,sunrize.invest@gmail.com,LEADS////SPREADSHEETS!,1ISgTfb3ySbMOdpc-DpIklDXubQYcWlJh,https://drive.google.com/file/d/1ISgTfb3ySbMOdpc-DpIklDXubQYcWlJh/view?usp=drivesdk
198,binary,YES,Abatement (3).pdf,11705,2026-03-12T05:56:40Z,maadisoncross82@gmail.com,IBH Tax,13L-yi29C0JXByEEAXfTks41O8z8bqCv6,https://drive.google.com/file/d/13L-yi29C0JXByEEAXfTks41O8z8bqCv6/view?usp=drivesdk
198,binary,no,Abatement (3).pdf,11705,2026-03-05T19:48:02.351Z,maadisoncross82@gmail.com,IBH Tax/Invoices Paid by Madison,1xHFCdqJxMqvc0p18QsP4aY-EHDiTeoKa,https://drive.google.com/file/d/1xHFCdqJxMqvc0p18QsP4aY-EHDiTeoKa/view?usp=drivesdk
199,binary,YES,Abatement (2).pdf,11670,2026-03-12T05:56:40Z,maadisoncross82@gmail.com,IBH Tax,1BzxKvCsmk-Q1KPOPjMvWQn3Ijb6CNYKQ,https://drive.google.com/file/d/1BzxKvCsmk-Q1KPOPjMvWQn3Ijb6CNYKQ/view?usp=drivesdk
199,binary,no,Abatement (2).pdf,11670,2026-03-05T19:47:55.353Z,maadisoncross82@gmail.com,IBH Tax/Invoices Paid by Madison,1NvjnGFY5sOSMEftHjp921dHag7GPXI5P,https://drive.google.com/file/d/1NvjnGFY5sOSMEftHjp921dHag7GPXI5P/view?usp=drivesdk
200,binary,YES,PRe-Development Email .docx,11292,2025-09-02T18:59:42Z,sunrize.invest@gmail.com,LEADS////SPREADSHEETS!,176SgKJyo4sfVVMoHpS_EiNGt4ddoksSd,https://drive.google.com/file/d/176SgKJyo4sfVVMoHpS_EiNGt4ddoksSd/view?usp=drivesdk
200,binary,no,PRe-Development Email .docx,11292,2025-09-02T17:59:42Z,sunrize.invest@gmail.com,,1NplffRR2bFmBy55ynpSKnV6gFZ2BzQSd,https://drive.google.com/file/d/1NplffRR2bFmBy55ynpSKnV6gFZ2BzQSd/view?usp=drivesdk
201,binary,YES,Emanation_Invoice_JasperPark.docx,9331,2026-03-20T16:29:00Z,sunrize.invest@gmail.com,2025 Tax/2025 Flips/Wholesale ,1FJbNC-2ECqrr13lrqNwZCr9wOiNYwM-U,https://drive.google.com/file/d/1FJbNC-2ECqrr13lrqNwZCr9wOiNYwM-U/view?usp=drivesdk
201,binary,no,Emanation_Invoice_JasperPark.docx,9331,2026-03-20T16:29:00Z,sunni@rizedevelopments.com,Jasper Park/Jasper Park-Invoice,12IbiNHU2VjqnaR3U2b5Qc8Itnb1rwWh2,https://drive.google.com/file/d/12IbiNHU2VjqnaR3U2b5Qc8Itnb1rwWh2/view?usp=drivesdk
202,binary,YES,Emanation_Invoice_12020_129St.docx,9231,2026-03-20T16:41:22Z,sunrize.invest@gmail.com,2025 Tax/2025 Tax Emanation ,11tNYBMhs6HXyQZn5vBeEyl6ww0h8mbFY,https://drive.google.com/file/d/11tNYBMhs6HXyQZn5vBeEyl6ww0h8mbFY/view?usp=drivesdk
202,binary,no,Emanation_Invoice_12020_129St.docx,9231,2026-03-20T16:41:22Z,sunrize.invest@gmail.com,2025 Tax/2025 Flips/Wholesale /Sherbrooke Corner Lot PKG.,1kPey4kUl9mNofExG8x-HSwa-yeBZZTqC,https://drive.google.com/file/d/1kPey4kUl9mNofExG8x-HSwa-yeBZZTqC/view?usp=drivesdk
203,binary,YES,Home Owners New Jersey.xlsx,4498,2023-11-22T19:28:38Z,sunrize.invest@gmail.com,LEADS////SPREADSHEETS!,1rBCBgIOuNTzY6f-0Zbq2Zex0DyFy43kT,https://drive.google.com/file/d/1rBCBgIOuNTzY6f-0Zbq2Zex0DyFy43kT/view?usp=drivesdk
203,binary,no,Home Owners New Jersey.xlsx,4498,2023-11-22T19:28:36Z,sunrize.invest@gmail.com,,1wEHIdne8ps_GZnAHs2Vrshhp_GXgRQtQ,https://drive.google.com/file/d/1wEHIdne8ps_GZnAHs2Vrshhp_GXgRQtQ/view?usp=drivesdk
204,google_native,YES,Allendale_6408_5-Plex_BTY_Draft,(native),2026-05-24T20:01:57.788Z,sunrize.invest@gmail.com,,1Pr2GCPZ9Kty3v1BON_a67WjS28WufcufiGOZji95VYU,https://docs.google.com/spreadsheets/d/1Pr2GCPZ9Kty3v1BON_a67WjS28WufcufiGOZji95VYU/edit?usp=drivesdk&ouid=112966636072631084810
204,google_native,review,Allendale_6408_5-Plex_BTY_Draft,(native),2026-05-24T04:09:40.108Z,sunrize.invest@gmail.com,,1M6EtQaguBzc6ynoh4OR5lUqvHa8NPsk3QUdGfCto7jY,https://docs.google.com/spreadsheets/d/1M6EtQaguBzc6ynoh4OR5lUqvHa8NPsk3QUdGfCto7jY/edit?usp=drivesdk&ouid=112966636072631084810
204,google_native,review,Allendale_6408_5-Plex_BTY_Draft,(native),2026-05-24T03:51:42.761Z,sunrize.invest@gmail.com,,1kt9mfBx4bDYeV349-lD0CIzU6w0RV_3sa-crXDbvdbw,https://docs.google.com/spreadsheets/d/1kt9mfBx4bDYeV349-lD0CIzU6w0RV_3sa-crXDbvdbw/edit?usp=drivesdk&ouid=112966636072631084810
204,google_native,review,Allendale_6408_5-Plex_BTY_Draft,(native),2026-05-24T03:24:11.157Z,sunrize.invest@gmail.com,,1KW56WWZgWZcOugubdYNxuHvNc9ohpPG5j7mEbjDvT0w,https://docs.google.com/spreadsheets/d/1KW56WWZgWZcOugubdYNxuHvNc9ohpPG5j7mEbjDvT0w/edit?usp=drivesdk&ouid=112966636072631084810
205,google_native,YES,Allendale_6408_Cost_Overview_-_FINAL,(native),2026-05-24T22:07:18.523Z,sunrize.invest@gmail.com,,13Mb6LmkMr0tQlujsLeRjcaVI01wuUDpGW8JyDgaxuX8,https://docs.google.com/spreadsheets/d/13Mb6LmkMr0tQlujsLeRjcaVI01wuUDpGW8JyDgaxuX8/edit?usp=drivesdk&ouid=112966636072631084810
205,google_native,review,Allendale_6408_Cost_Overview_-_FINAL,(native),2026-05-24T21:54:30.516Z,sunrize.invest@gmail.com,,1D6dJ4vqK8JK9GrTXBVli8F0_i77AA-OELlPzfkp-gj0,https://docs.google.com/spreadsheets/d/1D6dJ4vqK8JK9GrTXBVli8F0_i77AA-OELlPzfkp-gj0/edit?usp=drivesdk&ouid=112966636072631084810
206,google_native,YES,CONSULTANT AGREEMENT,(native),2024-09-10T23:51:48.384Z,sunrize.invest@gmail.com,Development Info-----Go to rize/DAVID SANCHE Files,16xwuCpP4k7JbJLZAbn2OQWQGhoJEklAlWPMytXIdzG0,https://docs.google.com/document/d/16xwuCpP4k7JbJLZAbn2OQWQGhoJEklAlWPMytXIdzG0/edit?usp=drivesdk&ouid=112966636072631084810
206,google_native,review,CONSULTANT AGREEMENT,(native),2024-09-10T23:50:03.209Z,sunrize.invest@gmail.com,Development Info-----Go to rize/DAVID SANCHE Files,1PY5AjgOI0RjR6WxPpJmy6xyKG9iPdb9yg_MaVYkoHRY,https://docs.google.com/document/d/1PY5AjgOI0RjR6WxPpJmy6xyKG9iPdb9yg_MaVYkoHRY/edit?usp=drivesdk&ouid=112966636072631084810
207,google_native,YES,Derelict 2025 ,(native),2025-06-23T17:19:26.170Z,sunrize.invest@gmail.com,Actionables! JUNE/JULY 2025,1IOpckhNQ7bLYVpsdu-OgBsPYe-xrq1EG,https://drive.google.com/file/d/1IOpckhNQ7bLYVpsdu-OgBsPYe-xrq1EG/view?usp=drivesdk
207,google_native,review,Derelict 2025 ,(native),2025-06-23T17:19:20.106Z,sunrize.invest@gmail.com,NEW Properties ,1ALOw_uM4Na0rERk73Ht4nZUPzsdEF_TI,https://drive.google.com/file/d/1ALOw_uM4Na0rERk73Ht4nZUPzsdEF_TI/view?usp=drivesdk
208,google_native,YES,Multi Family mood baord,(native),2024-10-30T17:51:23.262Z,yaremchukmelodia@gmail.com,(root),18ad0hp0LGhqkfz1CnqM1zA06SF7swqixVoOametnae0,https://docs.google.com/presentation/d/18ad0hp0LGhqkfz1CnqM1zA06SF7swqixVoOametnae0/edit?usp=drivesdk&ouid=112966636072631084810
208,google_native,review,Multi Family mood baord,(native),2024-10-22T22:34:03.228Z,sunrize.invest@gmail.com,Development Info-----Go to rize,1O_oA37S7nUAqmvO_PywdNrLB0dzSZAKP,https://drive.google.com/file/d/1O_oA37S7nUAqmvO_PywdNrLB0dzSZAKP/view?usp=drivesdk
209,google_native,YES,Rent Roll,(native),2024-08-03T11:42:42.817Z,dan@infillchoice.ca,75 Marketing - Rent/9616 B 75 NW ,1yBNYNFPcvbzxjvGo9_5w8Cf2mkR_FD_DpxQyC0OX8Bk,https://docs.google.com/document/d/1yBNYNFPcvbzxjvGo9_5w8Cf2mkR_FD_DpxQyC0OX8Bk/edit?usp=drivesdk&ouid=112966636072631084810
209,google_native,review,Rent Roll,(native),2024-08-03T11:20:08.348Z,dan@infillchoice.ca,75 Marketing - Rent/9614 B 75 Ave NW,16yUhXvBEuEFODFqyJHjE-5Wz98U0YQ0eJFv8q_bK98M,https://docs.google.com/document/d/16yUhXvBEuEFODFqyJHjE-5Wz98U0YQ0eJFv8q_bK98M/edit?usp=drivesdk&ouid=112966636072631084810
209,google_native,review,Rent Roll,(native),2024-08-03T11:17:47.154Z,dan@infillchoice.ca,75 Marketing - Rent/9616 75 Ave NW,16dAwqsD3IEkDRwWlWe6u_fdoNczUAkXkH7aB6DOgLig,https://docs.google.com/document/d/16dAwqsD3IEkDRwWlWe6u_fdoNczUAkXkH7aB6DOgLig/edit?usp=drivesdk&ouid=112966636072631084810
210,google_native,YES,Untitled document,(native),2026-05-22T00:48:47.830Z,sunrize.invest@gmail.com,,1slfV_k8gq909keF7JC9S5tMpykNZgdi4L_BRZ1kw7Qc,https://docs.google.com/document/d/1slfV_k8gq909keF7JC9S5tMpykNZgdi4L_BRZ1kw7Qc/edit?usp=drivesdk&ouid=112966636072631084810
210,google_native,review,Untitled document,(native),2026-04-11T18:33:43.829Z,debbyvisko@gmail.com,"2811 34 Street Southwest
 2811 34 Street Southwest
 Killarney, Calgary,",11kovCSLxlTuaEJB50xTVJct-AEqzfk_x6sMVh6xRB_c,https://docs.google.com/document/d/11kovCSLxlTuaEJB50xTVJct-AEqzfk_x6sMVh6xRB_c/edit?usp=drivesdk&ouid=112966636072631084810
210,google_native,review,Untitled document,(native),2026-03-10T03:14:36.324Z,sunrize.invest@gmail.com,,19BnlfmvOSyDFA0eBEaK02Jy-VcKT_nlCJw4zSEADWEE,https://docs.google.com/document/d/19BnlfmvOSyDFA0eBEaK02Jy-VcKT_nlCJw4zSEADWEE/edit?usp=drivesdk&ouid=112966636072631084810
210,google_native,review,Untitled document,(native),2026-03-02T19:04:28.460Z,sunrize.invest@gmail.com,,1q_zRmJp5IIcnSbtJR-Z3qjN7W7EX7LdMNR8nH5r_4DY,https://docs.google.com/document/d/1q_zRmJp5IIcnSbtJR-Z3qjN7W7EX7LdMNR8nH5r_4DY/edit?usp=drivesdk&ouid=112966636072631084810
210,google_native,review,Untitled document,(native),2025-11-29T00:27:52.549Z,sunrize.invest@gmail.com,,1Lmg8Jw3kMhF7xy4LudksaswdX4eM0JcBZXv2c0I6X1M,https://docs.google.com/document/d/1Lmg8Jw3kMhF7xy4LudksaswdX4eM0JcBZXv2c0I6X1M/edit?usp=drivesdk&ouid=112966636072631084810
210,google_native,review,Untitled document,(native),2025-10-17T02:06:07.053Z,sunrize.invest@gmail.com,,1zJmzx94PtAyRw8fMj2-e8tD8mP_c-Fq2insZRcIxdwM,https://docs.google.com/document/d/1zJmzx94PtAyRw8fMj2-e8tD8mP_c-Fq2insZRcIxdwM/edit?usp=drivesdk&ouid=112966636072631084810
211,google_native,YES,Untitled spreadsheet,(native),2026-05-27T17:43:15.647Z,sunrize.invest@gmail.com,,1wBh8s8yDqd72Cnj8milCwFoZDt64AGd2ozAvfDa_lLk,https://docs.google.com/spreadsheets/d/1wBh8s8yDqd72Cnj8milCwFoZDt64AGd2ozAvfDa_lLk/edit?usp=drivesdk&ouid=112966636072631084810
211,google_native,review,Untitled spreadsheet,(native),2025-11-15T21:42:32.128Z,sunrize.invest@gmail.com,,1Iz2VwiGU6EkXihWsZOM0KBRVCs44LgNzq6d4QX-3vRo,https://docs.google.com/spreadsheets/d/1Iz2VwiGU6EkXihWsZOM0KBRVCs44LgNzq6d4QX-3vRo/edit?usp=drivesdk&ouid=112966636072631084810
211,google_native,review,Untitled spreadsheet,(native),2025-11-04T00:02:51.567Z,sunrize.invest@gmail.com,,1JdTmET2ZWeCxxHESSjnUlLopP4Gt50UXE0s5riw0nOQ,https://docs.google.com/spreadsheets/d/1JdTmET2ZWeCxxHESSjnUlLopP4Gt50UXE0s5riw0nOQ/edit?usp=drivesdk&ouid=112966636072631084810
212,google_native,YES,sunrize_investments_real_estate_agreement,(native),2026-05-15T22:30:55.480Z,sunrize.invest@gmail.com,,1OZg1oSfYJ_gi7w7G-ZFF_xTd-ZiNMfjQNy_o9_xgLNU,https://docs.google.com/document/d/1OZg1oSfYJ_gi7w7G-ZFF_xTd-ZiNMfjQNy_o9_xgLNU/edit?usp=drivesdk&ouid=112966636072631084810
212,google_native,review,sunrize_investments_real_estate_agreement,(native),2026-05-15T22:30:33.053Z,sunrize.invest@gmail.com,,10SktCBiS00Fee7lMnX7jE4OFpQmGVMaJR3O2OlZZ7TI,https://docs.google.com/document/d/10SktCBiS00Fee7lMnX7jE4OFpQmGVMaJR3O2OlZZ7TI/edit?usp=drivesdk&ouid=112966636072631084810
