id,title,status,current_path,proposed_target,viewUrl
1iFe40olLdkNErp45DaBpf8NvV5JrClvNj1rHKhj2WKg,AI_Assistant_Task_List,primary,,_NeedsReview/AI_Assistant_Task_List,https://docs.google.com/spreadsheets/d/1iFe40olLdkNErp45DaBpf8NvV5JrClvNj1rHKhj2WKg/edit?usp=drivesdk&ouid=112966636072631084810
1pL9KhVpTekPXfArxe-_JsK6D-Hx9V7_5TgyoRmxDWXo,Day1_Checklist_,primary,,_NeedsReview/Day1_Checklist_,https://docs.google.com/document/d/1pL9KhVpTekPXfArxe-_JsK6D-Hx9V7_5TgyoRmxDWXo/edit?usp=drivesdk&ouid=112966636072631084810
1xz_LiHaaI3Of9y6JFfWbzW8N3-WEpMBw,Invoice 2309 - 1 18x24 Coroplast  Sign 40 with 4 grommets - Apr 02 2026.PDF,primary,Allendale 10646 61 Ave 6 Unit /Receipts ,Allendale (generic)/Financials/Invoice 2309 - 1 18x24 Coroplast  Sign 40 with 4 grommets - Apr 02 2026.PDF,https://drive.google.com/file/d/1xz_LiHaaI3Of9y6JFfWbzW8N3-WEpMBw/view?usp=drivesdk
1h2rm_8tpLA_ti2NIdDZ8pnFxR4Ofa0DT,Payment_P10465.pdf,primary,Allendale 10646 61 Ave 6 Unit /Receipts ,Allendale (generic)/_NeedsReview/Payment_P10465.pdf,https://drive.google.com/file/d/1h2rm_8tpLA_ti2NIdDZ8pnFxR4Ofa0DT/view?usp=drivesdk
1KK8PJEvJYU44Pto77AU59_BhW6dWE0JB,Payment_P10553.pdf,primary,Allendale 10646 61 Ave 6 Unit /Receipts ,Allendale (generic)/_NeedsReview/Payment_P10553.pdf,https://drive.google.com/file/d/1KK8PJEvJYU44Pto77AU59_BhW6dWE0JB/view?usp=drivesdk
1jxBwe2-ZmZp0SRHa6YlOGHBTDDGE9sX6qdBg5igvtpc,05_Capital_Partners_LPs,primary,,_NeedsReview/05_Capital_Partners_LPs,https://docs.google.com/spreadsheets/d/1jxBwe2-ZmZp0SRHa6YlOGHBTDDGE9sX6qdBg5igvtpc/edit?usp=drivesdk&ouid=112966636072631084810
1mq_lD9Ce5iHfmkbmA_74cuviokP49MLjmbAedT0aBlw,11_MF_Buyers_All,primary,,_NeedsReview/11_MF_Buyers_All,https://docs.google.com/spreadsheets/d/1mq_lD9Ce5iHfmkbmA_74cuviokP49MLjmbAedT0aBlw/edit?usp=drivesdk&ouid=112966636072631084810
1nL0pxLyrmDv-c2GWfpKF6--Kv2Db1S1Nlh-uqQLhbRQ,10_PM_Owners,primary,,_NeedsReview/10_PM_Owners,https://docs.google.com/spreadsheets/d/1nL0pxLyrmDv-c2GWfpKF6--Kv2Db1S1Nlh-uqQLhbRQ/edit?usp=drivesdk&ouid=112966636072631084810
1vUmKGQVEYmQKVLxvIbAdMSiDStlh82IQIO6HOVRrHcY,Master_Contacts_JUNK,primary,,_NeedsReview/Master_Contacts_JUNK,https://docs.google.com/spreadsheets/d/1vUmKGQVEYmQKVLxvIbAdMSiDStlh82IQIO6HOVRrHcY/edit?usp=drivesdk&ouid=112966636072631084810
1a9ZBqRaC60ziFZpwd8mQ5HEEJQGgENpcTAev2FymPjE,Master_Contacts_CLEAN,primary,,_NeedsReview/Master_Contacts_CLEAN,https://docs.google.com/spreadsheets/d/1a9ZBqRaC60ziFZpwd8mQ5HEEJQGgENpcTAev2FymPjE/edit?usp=drivesdk&ouid=112966636072631084810
1-GT09LWdJfioWf49gY0gBMkV_gAHbRl9C4PW64iTeXc,Sunni_Operations_Playbook,primary,,_NeedsReview/Sunni_Operations_Playbook,https://docs.google.com/document/d/1-GT09LWdJfioWf49gY0gBMkV_gAHbRl9C4PW64iTeXc/edit?usp=drivesdk&ouid=112966636072631084810
1wBh8s8yDqd72Cnj8milCwFoZDt64AGd2ozAvfDa_lLk,Untitled spreadsheet,primary,,_NeedsReview/Untitled spreadsheet,https://docs.google.com/spreadsheets/d/1wBh8s8yDqd72Cnj8milCwFoZDt64AGd2ozAvfDa_lLk/edit?usp=drivesdk&ouid=112966636072631084810
15xVlFH43ak8SnNeLhwbKy_P6VKHgdPPvHk9sQvFYtn4,AB_BC_Developer_Grants_Reference,primary,,_NeedsReview/AB_BC_Developer_Grants_Reference,https://docs.google.com/spreadsheets/d/15xVlFH43ak8SnNeLhwbKy_P6VKHgdPPvHk9sQvFYtn4/edit?usp=drivesdk&ouid=112966636072631084810
10WFZoxaCt6bpQK4KSSy3eZGxttFvXpgp,10646 61 Ave. - Underwriting Sheet.pdf,primary,Allendale 10646 61 Ave 6 Unit ,Allendale (generic)/Financials/10646 61 Ave. - Underwriting Sheet.pdf,https://drive.google.com/file/d/10WFZoxaCt6bpQK4KSSy3eZGxttFvXpgp/view?usp=drivesdk
1iiAuXWCoSZ3LfCwURg1v_MUEHtMas_xq,Allendale_Build_Contract_docx_(2).pdf,primary,Allendale 6408 106/5-Plex info ,Allendale (generic)/_NeedsReview/Allendale_Build_Contract_docx_(2).pdf,https://drive.google.com/file/d/1iiAuXWCoSZ3LfCwURg1v_MUEHtMas_xq/view?usp=drivesdk
1EUB3bQAixeMgFwrI5x09b_6PbsILUwaxF4FOMBHNX6c,01_Upwork_Freelancer_Brief,primary,,_NeedsReview/01_Upwork_Freelancer_Brief,https://docs.google.com/document/d/1EUB3bQAixeMgFwrI5x09b_6PbsILUwaxF4FOMBHNX6c/edit?usp=drivesdk&ouid=112966636072631084810
1nCOfRHWb6C12OzZXhS2fF2pCd3_YTYpyAazbncU0DJQ,04_Claude_Project_Config,primary,,_NeedsReview/04_Claude_Project_Config,https://docs.google.com/document/d/1nCOfRHWb6C12OzZXhS2fF2pCd3_YTYpyAazbncU0DJQ/edit?usp=drivesdk&ouid=112966636072631084810
1fKCaGAMglpT8sZX0KX8dunZb7pC-ja53ZvsMhoHUPOo,Allendale 5 Unit Budget ,primary,,Allendale (generic)/Financials/Allendale 5 Unit Budget ,https://docs.google.com/spreadsheets/d/1fKCaGAMglpT8sZX0KX8dunZb7pC-ja53ZvsMhoHUPOo/edit?usp=drivesdk&ouid=112966636072631084810
13Mb6LmkMr0tQlujsLeRjcaVI01wuUDpGW8JyDgaxuX8,Allendale_6408_Cost_Overview_-_FINAL,primary,,Allendale (generic)/_NeedsReview/Allendale_6408_Cost_Overview_-_FINAL,https://docs.google.com/spreadsheets/d/13Mb6LmkMr0tQlujsLeRjcaVI01wuUDpGW8JyDgaxuX8/edit?usp=drivesdk&ouid=112966636072631084810
1D6dJ4vqK8JK9GrTXBVli8F0_i77AA-OELlPzfkp-gj0,Allendale_6408_Cost_Overview_-_FINAL,primary,,Allendale (generic)/_NeedsReview/Allendale_6408_Cost_Overview_-_FINAL,https://docs.google.com/spreadsheets/d/1D6dJ4vqK8JK9GrTXBVli8F0_i77AA-OELlPzfkp-gj0/edit?usp=drivesdk&ouid=112966636072631084810
1z0Z-TYtySTjyY8QYZ68wciG-whGRgsxXKZavLnFr6Bs,Allendale_6408_Cost_Overview_-_CLEAN,primary,,Allendale (generic)/_NeedsReview/Allendale_6408_Cost_Overview_-_CLEAN,https://docs.google.com/spreadsheets/d/1z0Z-TYtySTjyY8QYZ68wciG-whGRgsxXKZavLnFr6Bs/edit?usp=drivesdk&ouid=112966636072631084810
1Utw_FcJxP9KeH0GegeXud1kX_6bZb0yVbP9BFmbZmco,Allendale 6408 Cost Overview ,primary,,Allendale (generic)/_NeedsReview/Allendale 6408 Cost Overview ,https://docs.google.com/spreadsheets/d/1Utw_FcJxP9KeH0GegeXud1kX_6bZb0yVbP9BFmbZmco/edit?usp=drivesdk&ouid=112966636072631084810
1Pr2GCPZ9Kty3v1BON_a67WjS28WufcufiGOZji95VYU,Allendale_6408_5-Plex_BTY_Draft,primary,,Allendale (generic)/_NeedsReview/Allendale_6408_5-Plex_BTY_Draft,https://docs.google.com/spreadsheets/d/1Pr2GCPZ9Kty3v1BON_a67WjS28WufcufiGOZji95VYU/edit?usp=drivesdk&ouid=112966636072631084810
1M6EtQaguBzc6ynoh4OR5lUqvHa8NPsk3QUdGfCto7jY,Allendale_6408_5-Plex_BTY_Draft,primary,,Allendale (generic)/_NeedsReview/Allendale_6408_5-Plex_BTY_Draft,https://docs.google.com/spreadsheets/d/1M6EtQaguBzc6ynoh4OR5lUqvHa8NPsk3QUdGfCto7jY/edit?usp=drivesdk&ouid=112966636072631084810
1kt9mfBx4bDYeV349-lD0CIzU6w0RV_3sa-crXDbvdbw,Allendale_6408_5-Plex_BTY_Draft,primary,,Allendale (generic)/_NeedsReview/Allendale_6408_5-Plex_BTY_Draft,https://docs.google.com/spreadsheets/d/1kt9mfBx4bDYeV349-lD0CIzU6w0RV_3sa-crXDbvdbw/edit?usp=drivesdk&ouid=112966636072631084810
17xuzg0fNWYdSU4l7n_htatg0Zg9b1h-w,Screenshot 2026-05-23 at 20.51.07.png,primary,Allendale 10646 61 Ave 6 Unit /Allendale: 10646 61 Ave/Receipts ,Allendale (generic)/Photos/Screenshot 2026-05-23 at 20.51.07.png,https://drive.google.com/file/d/17xuzg0fNWYdSU4l7n_htatg0Zg9b1h-w/view?usp=drivesdk
1l27VndST44lSfIXkj59JE0hCT1PTKBCJ,Screenshot 2026-05-23 at 20.51.07.png,duplicate,Allendale 6408 106/5-Unit Receipts ,_Duplicates/Allendale (generic)/Screenshot 2026-05-23 at 20.51.07.png,https://drive.google.com/file/d/1l27VndST44lSfIXkj59JE0hCT1PTKBCJ/view?usp=drivesdk
1KW56WWZgWZcOugubdYNxuHvNc9ohpPG5j7mEbjDvT0w,Allendale_6408_5-Plex_BTY_Draft,primary,,Allendale (generic)/_NeedsReview/Allendale_6408_5-Plex_BTY_Draft,https://docs.google.com/spreadsheets/d/1KW56WWZgWZcOugubdYNxuHvNc9ohpPG5j7mEbjDvT0w/edit?usp=drivesdk&ouid=112966636072631084810
1sYyHjPoJmqRrHJLQD6dtSgKUtwNjEEO79YRAaC8g9us,Allendale_6408_CMHC_Cover_Memo,primary,,Allendale (generic)/_NeedsReview/Allendale_6408_CMHC_Cover_Memo,https://docs.google.com/document/d/1sYyHjPoJmqRrHJLQD6dtSgKUtwNjEEO79YRAaC8g9us/edit?usp=drivesdk&ouid=112966636072631084810
1yy42HHGJbQ6492H2_i7I3nMa_y3v4kfjAzth6l6HwPs,Allendale_6408_CMHC_Budget__1_7M,primary,,Allendale (generic)/_NeedsReview/Allendale_6408_CMHC_Budget__1_7M,https://docs.google.com/spreadsheets/d/1yy42HHGJbQ6492H2_i7I3nMa_y3v4kfjAzth6l6HwPs/edit?usp=drivesdk&ouid=112966636072631084810
1GtnNKz1uTvjpDYWuud6Y9TupSNiGKljI,Invoice_67757_from_Enviromatics_Group_Ltd.pdf,primary,Jasper Park/Jasper Park-Invoice,Jasper Park/_NeedsReview/Invoice_67757_from_Enviromatics_Group_Ltd.pdf,https://drive.google.com/file/d/1GtnNKz1uTvjpDYWuud6Y9TupSNiGKljI/view?usp=drivesdk
1slfV_k8gq909keF7JC9S5tMpykNZgdi4L_BRZ1kw7Qc,Untitled document,primary,,_NeedsReview/Untitled document,https://docs.google.com/document/d/1slfV_k8gq909keF7JC9S5tMpykNZgdi4L_BRZ1kw7Qc/edit?usp=drivesdk&ouid=112966636072631084810
1WGfaOuHkgNO8opv88-ef7ALcHPFRJXU4NVpyz76M6gY,10646 Pro-Forma ,primary,,_Library/Financials/10646 Pro-Forma ,https://docs.google.com/spreadsheets/d/1WGfaOuHkgNO8opv88-ef7ALcHPFRJXU4NVpyz76M6gY/edit?usp=drivesdk&ouid=112966636072631084810
1TDt-WCNi0ri-hSsK_qgnKAW0BsV3qx1r,Invoice_67757_from_Enviromatics_Group_Ltd.pdf,duplicate,Jasper Park/Jasper Park-Invoice,_Duplicates/Jasper Park/Invoice_67757_from_Enviromatics_Group_Ltd.pdf,https://drive.google.com/file/d/1TDt-WCNi0ri-hSsK_qgnKAW0BsV3qx1r/view?usp=drivesdk
1rAZ3zVWaOm5KpKMx0Vcz8T7jCe6mUzdT,Allendale 2 Budget.xlsx,primary,Allendale 10646 61 Ave 6 Unit ,Allendale 2/Financials/Allendale 2 Budget.xlsx,https://drive.google.com/file/d/1rAZ3zVWaOm5KpKMx0Vcz8T7jCe6mUzdT/view?usp=drivesdk
1_s7UMIaQ-y3cFZuQ9dLj0wQqA2GBkiw-6jZseMPYTTc,Allendale- Cashflow Analysis Matrix - 6 Unit,primary,Allendale 6408 106/Allendale Overview Info,Allendale (generic)/Financials/Allendale- Cashflow Analysis Matrix - 6 Unit,https://docs.google.com/spreadsheets/d/1_s7UMIaQ-y3cFZuQ9dLj0wQqA2GBkiw-6jZseMPYTTc/edit?usp=drivesdk&ouid=112966636072631084810
1lsfRFuK0NdDd7nVXrRGYZhMFX53aIzw8,Purchase Contract- 10646 61 AVE.pdf,primary,Allendale 10646 61 Ave 6 Unit /Purchasing & Corporat3e Files,Allendale (generic)/Contracts/Purchase Contract- 10646 61 AVE.pdf,https://drive.google.com/file/d/1lsfRFuK0NdDd7nVXrRGYZhMFX53aIzw8/view?usp=drivesdk
1X_0X_kzt_Yg8OhawFfN7dbaZ7eHKmw0m,30.png,primary,Photos/Prince Rupert/Photos,_Library/Photos/30.png,https://drive.google.com/file/d/1X_0X_kzt_Yg8OhawFfN7dbaZ7eHKmw0m/view?usp=drivesdk
1Cnba7p3KA3z-68nfGYgTrqs7xLPDeW69,29.png,primary,Photos/Prince Rupert/Photos,_Library/Photos/29.png,https://drive.google.com/file/d/1Cnba7p3KA3z-68nfGYgTrqs7xLPDeW69/view?usp=drivesdk
1oOic40NMbt9EBu9eTbj0rbgvVwaDfk9D,28.png,primary,Photos/Prince Rupert/Photos,_Library/Photos/28.png,https://drive.google.com/file/d/1oOic40NMbt9EBu9eTbj0rbgvVwaDfk9D/view?usp=drivesdk
1EZS6n7or6T5dKJpAkQclBrz043odlAZa,27.png,primary,Photos/Prince Rupert/Photos,_Library/Photos/27.png,https://drive.google.com/file/d/1EZS6n7or6T5dKJpAkQclBrz043odlAZa/view?usp=drivesdk
1UvmlRxUp6BAZrMbLUUXM4H-vdv3FN0Vz,26.png,primary,Photos/Prince Rupert/Photos,_Library/Photos/26.png,https://drive.google.com/file/d/1UvmlRxUp6BAZrMbLUUXM4H-vdv3FN0Vz/view?usp=drivesdk
1DgbZ0NAAeCdKcvdjMQLxn1PMUMkc3HH5,25.png,primary,Photos/Prince Rupert/Photos,_Library/Photos/25.png,https://drive.google.com/file/d/1DgbZ0NAAeCdKcvdjMQLxn1PMUMkc3HH5/view?usp=drivesdk
17yFF46bMVEBa1_FbS9gkkU-HDm3MoCJ8,24.png,primary,Photos/Prince Rupert/Photos,_Library/Photos/24.png,https://drive.google.com/file/d/17yFF46bMVEBa1_FbS9gkkU-HDm3MoCJ8/view?usp=drivesdk
1ayO-lsRjWhagoiINfx0azraj1nmORGDG,23.png,primary,Photos/Prince Rupert/Photos,_Library/Photos/23.png,https://drive.google.com/file/d/1ayO-lsRjWhagoiINfx0azraj1nmORGDG/view?usp=drivesdk
1MV72YWmABg9foYeJ5t2xsxCuM3YKnb3Y,22.png,primary,Photos/Prince Rupert/Photos,_Library/Photos/22.png,https://drive.google.com/file/d/1MV72YWmABg9foYeJ5t2xsxCuM3YKnb3Y/view?usp=drivesdk
1VViqyHT2BHcQmoxg4-FKudJ1ydCC6fGc,21.png,primary,Photos/Prince Rupert/Photos,_Library/Photos/21.png,https://drive.google.com/file/d/1VViqyHT2BHcQmoxg4-FKudJ1ydCC6fGc/view?usp=drivesdk
1KKWrpWAaKcTZcImBTfUwdjOfVugdGzfe,20.png,primary,Photos/Prince Rupert/Photos,_Library/Photos/20.png,https://drive.google.com/file/d/1KKWrpWAaKcTZcImBTfUwdjOfVugdGzfe/view?usp=drivesdk
1dX37rRNQT2vBe1LG-mwbfALQmtkieShQ,19.png,primary,Photos/Prince Rupert/Photos,_Library/Photos/19.png,https://drive.google.com/file/d/1dX37rRNQT2vBe1LG-mwbfALQmtkieShQ/view?usp=drivesdk
1xUkuCGOUAIT6jdsfwKIUrfmgBNSujAwe,18.png,primary,Photos/Prince Rupert/Photos,_Library/Photos/18.png,https://drive.google.com/file/d/1xUkuCGOUAIT6jdsfwKIUrfmgBNSujAwe/view?usp=drivesdk
1RXsnoNbdoZGs7p7rLpMNKgwVRADcIiDt,17.png,primary,Photos/Prince Rupert/Photos,_Library/Photos/17.png,https://drive.google.com/file/d/1RXsnoNbdoZGs7p7rLpMNKgwVRADcIiDt/view?usp=drivesdk
1CiOLqSWMtmII3BnMqghxhH0y8nc4dSPM,16.png,primary,Photos/Prince Rupert/Photos,_Library/Photos/16.png,https://drive.google.com/file/d/1CiOLqSWMtmII3BnMqghxhH0y8nc4dSPM/view?usp=drivesdk
1ll1-T92co_pwKcEWukflXc7f9UnFrkOR,15.png,primary,Photos/Prince Rupert/Photos,_Library/Photos/15.png,https://drive.google.com/file/d/1ll1-T92co_pwKcEWukflXc7f9UnFrkOR/view?usp=drivesdk
1uOL5Lqpx1YyQ2eNQDCmMgEjwAaopPFIy,14.png,primary,Photos/Prince Rupert/Photos,_Library/Photos/14.png,https://drive.google.com/file/d/1uOL5Lqpx1YyQ2eNQDCmMgEjwAaopPFIy/view?usp=drivesdk
16weqvHlqU0OKJCqtDiB_XjfWf_M1nHQD,13.png,primary,Photos/Prince Rupert/Photos,_Library/Photos/13.png,https://drive.google.com/file/d/16weqvHlqU0OKJCqtDiB_XjfWf_M1nHQD/view?usp=drivesdk
11OL13hslH7txBbXYbnBEZxn0nljyLcBc,12.png,primary,Photos/Prince Rupert/Photos,_Library/Photos/12.png,https://drive.google.com/file/d/11OL13hslH7txBbXYbnBEZxn0nljyLcBc/view?usp=drivesdk
1eMCISYZ0EevFw3oLWs1CDziPx67uQojz,11.png,primary,Photos/Prince Rupert/Photos,_Library/Photos/11.png,https://drive.google.com/file/d/1eMCISYZ0EevFw3oLWs1CDziPx67uQojz/view?usp=drivesdk
1UNSGcF-cVD2r-7BbrGScZKbJg8zk884t,10.png,primary,Photos/Prince Rupert/Photos,_Library/Photos/10.png,https://drive.google.com/file/d/1UNSGcF-cVD2r-7BbrGScZKbJg8zk884t/view?usp=drivesdk
15YRdN7ppOII5hhoOrCrbnMvhZZC45l0K,9.png,primary,Photos/Prince Rupert/Photos,_Library/Photos/9.png,https://drive.google.com/file/d/15YRdN7ppOII5hhoOrCrbnMvhZZC45l0K/view?usp=drivesdk
1M7jzioCz9OJ_yRiIIIdL_hLqusrrs2KQ,8.png,primary,Photos/Prince Rupert/Photos,_Library/Photos/8.png,https://drive.google.com/file/d/1M7jzioCz9OJ_yRiIIIdL_hLqusrrs2KQ/view?usp=drivesdk
1V_8jgi5_Vy2z68saAsTdU3-4YktjsIcG,7.png,primary,Photos/Prince Rupert/Photos,_Library/Photos/7.png,https://drive.google.com/file/d/1V_8jgi5_Vy2z68saAsTdU3-4YktjsIcG/view?usp=drivesdk
1TNcLvQG6nTUyJB_DM2t1sP-79VhEN8IC,6.png,primary,Photos/Prince Rupert/Photos,_Library/Photos/6.png,https://drive.google.com/file/d/1TNcLvQG6nTUyJB_DM2t1sP-79VhEN8IC/view?usp=drivesdk
1aLnbnwcmj_qi2_lS4MxTBSKALOpdDE6a,5.png,primary,Photos/Prince Rupert/Photos,_Library/Photos/5.png,https://drive.google.com/file/d/1aLnbnwcmj_qi2_lS4MxTBSKALOpdDE6a/view?usp=drivesdk
1CIx0l7diFwf_icYVJKjCjtnVTbPPgDum,4.png,primary,Photos/Prince Rupert/Photos,_Library/Photos/4.png,https://drive.google.com/file/d/1CIx0l7diFwf_icYVJKjCjtnVTbPPgDum/view?usp=drivesdk
1ufitw8jVmGhz2k8yfpxylO4ZBy2wZ8H9,3.png,primary,Photos/Prince Rupert/Photos,_Library/Photos/3.png,https://drive.google.com/file/d/1ufitw8jVmGhz2k8yfpxylO4ZBy2wZ8H9/view?usp=drivesdk
1odf6SrHRdku0EY1ni0v-e44_eubujY5N,2.png,primary,Photos/Prince Rupert/Photos,_Library/Photos/2.png,https://drive.google.com/file/d/1odf6SrHRdku0EY1ni0v-e44_eubujY5N/view?usp=drivesdk
1-MLkHUPvqJNTBruRtx4iZ9KvZHCTjVzV,1.png,primary,Photos/Prince Rupert/Photos,_Library/Photos/1.png,https://drive.google.com/file/d/1-MLkHUPvqJNTBruRtx4iZ9KvZHCTjVzV/view?usp=drivesdk
1FzFhJvbLrHqRNfr2h0e-h8DcygW1GFpF,Untitled design (24).png,primary,Photos/NAIT/Exterior,_Library/Photos/Untitled design (24).png,https://drive.google.com/file/d/1FzFhJvbLrHqRNfr2h0e-h8DcygW1GFpF/view?usp=drivesdk
11AUPZT9ttUEbvR9x7G73SmwQtdCGaqt5,4.png,primary,Photos/NAIT/Random,_Library/Photos/4.png,https://drive.google.com/file/d/11AUPZT9ttUEbvR9x7G73SmwQtdCGaqt5/view?usp=drivesdk
11BnwrmLwZJCXeL55WrPReYkSrnFHKY75,3.png,primary,Photos/NAIT/Random,_Library/Photos/3.png,https://drive.google.com/file/d/11BnwrmLwZJCXeL55WrPReYkSrnFHKY75/view?usp=drivesdk
1bjWfI9R91jfqAWd1Q9Df_3lrhSfisxw0,2.png,primary,Photos/NAIT/Random,_Library/Photos/2.png,https://drive.google.com/file/d/1bjWfI9R91jfqAWd1Q9Df_3lrhSfisxw0/view?usp=drivesdk
1XNtdP_DG3aNjKFE9-wV6cjRwWZaMig0S,Untitled design (23).png,primary,Photos/Central Mcdougal/exterior + commons,_Library/Photos/Untitled design (23).png,https://drive.google.com/file/d/1XNtdP_DG3aNjKFE9-wV6cjRwWZaMig0S/view?usp=drivesdk
1dgVQtdbA2HNl2N0nAnujXgWQVD0JQfzd,Invoice 000944.pdf,primary,Jasper Park/Jasper Park-Invoice,Jasper Park/Financials/Invoice 000944.pdf,https://drive.google.com/file/d/1dgVQtdbA2HNl2N0nAnujXgWQVD0JQfzd/view?usp=drivesdk
1gyk5FAc6cDCue5QQBFPjiVXtEr4_MOKZ,invoice_8195.pdf,primary,Allendale 10646 61 Ave 6 Unit /Receipts ,Allendale (generic)/_NeedsReview/invoice_8195.pdf,https://drive.google.com/file/d/1gyk5FAc6cDCue5QQBFPjiVXtEr4_MOKZ/view?usp=drivesdk
1LnQDXbiZiY1F3lSZHtcXaOzHhYujuWgJxbeFoK3B_gU,Payments to Make ,primary,,_NeedsReview/Payments to Make ,https://docs.google.com/spreadsheets/d/1LnQDXbiZiY1F3lSZHtcXaOzHhYujuWgJxbeFoK3B_gU/edit?usp=drivesdk&ouid=112966636072631084810
1OZg1oSfYJ_gi7w7G-ZFF_xTd-ZiNMfjQNy_o9_xgLNU,sunrize_investments_real_estate_agreement,primary,,_NeedsReview/sunrize_investments_real_estate_agreement,https://docs.google.com/document/d/1OZg1oSfYJ_gi7w7G-ZFF_xTd-ZiNMfjQNy_o9_xgLNU/edit?usp=drivesdk&ouid=112966636072631084810
10SktCBiS00Fee7lMnX7jE4OFpQmGVMaJR3O2OlZZ7TI,sunrize_investments_real_estate_agreement,duplicate,,_Duplicates/Unknown/sunrize_investments_real_estate_agreement,https://docs.google.com/document/d/10SktCBiS00Fee7lMnX7jE4OFpQmGVMaJR3O2OlZZ7TI/edit?usp=drivesdk&ouid=112966636072631084810
1VmKMULx1od7cIQvO-gP0IaK1en57vZuF,9121 Invoice.pdf,primary,,_Library/Financials/9121 Invoice.pdf,https://drive.google.com/file/d/1VmKMULx1od7cIQvO-gP0IaK1en57vZuF/view?usp=drivesdk
1yPcz3LpBT-31SGtAHh0OGRc96d7ssCUb,252321982_57149991_0_0.pdf,primary,Jasper Park,Jasper Park/_NeedsReview/252321982_57149991_0_0.pdf,https://drive.google.com/file/d/1yPcz3LpBT-31SGtAHh0OGRc96d7ssCUb/view?usp=drivesdk
1pRWdwI1lzeC4JEjlBbGZGEzLRUvHfldd,Manhattan Henock .xlsx,primary,,Manhattan/_NeedsReview/Manhattan Henock .xlsx,https://drive.google.com/file/d/1pRWdwI1lzeC4JEjlBbGZGEzLRUvHfldd/view?usp=drivesdk
1GoszboRaxrPoQw1NVoaRc0Z391klxXmN,Development Decision 637026666-002.pdf,primary,Jasper Park/Jasper Park Development ,Jasper Park/_NeedsReview/Development Decision 637026666-002.pdf,https://drive.google.com/file/d/1GoszboRaxrPoQw1NVoaRc0Z391klxXmN/view?usp=drivesdk
1ikVrChC-MfepohyMPkH3r1hIR6vxal5e1JPNbCKaqzQ,Capital Investors ,primary,,_NeedsReview/Capital Investors ,https://docs.google.com/spreadsheets/d/1ikVrChC-MfepohyMPkH3r1hIR6vxal5e1JPNbCKaqzQ/edit?usp=drivesdk&ouid=112966636072631084810
1-OID7sxa-6SkUa3JnofSRZitxLz2Fn5U,15981 110b Ave NW WDV.13.pdf,primary,Mayfield 110/Mayfield- Pre-Development ,Mayfield 110/_NeedsReview/15981 110b Ave NW WDV.13.pdf,https://drive.google.com/file/d/1-OID7sxa-6SkUa3JnofSRZitxLz2Fn5U/view?usp=drivesdk
1lrcszcdJRRmhe2mIm6AfA-1hN61wgBCY,"13799, Sundia Inc, 15981 110B Avenue, Mayfield 9-Unit Multi-Family Complex.pdf",primary,Mayfield 110/Mayfield- Pre-Development ,"Mayfield 110/_NeedsReview/13799, Sundia Inc, 15981 110B Avenue, Mayfield 9-Unit Multi-Family Complex.pdf",https://drive.google.com/file/d/1lrcszcdJRRmhe2mIm6AfA-1hN61wgBCY/view?usp=drivesdk
1L0YGoyQ-uWZMV30eKw8iTk5FsU-kpm-1,15014 5-Unit Complex 6408 106 St Allendale DRAFT.pdf,primary,Allendale 6408 106/5-Plex info ,Allendale (generic)/_NeedsReview/15014 5-Unit Complex 6408 106 St Allendale DRAFT.pdf,https://drive.google.com/file/d/1L0YGoyQ-uWZMV30eKw8iTk5FsU-kpm-1/view?usp=drivesdk
1f1lvENquI3YOMH2PMrROE54ydFsoiaXe,6408 106 St Allendale - 004.pdf,primary,Allendale 6408 106/5-Plex info ,Allendale (generic)/_NeedsReview/6408 106 St Allendale - 004.pdf,https://drive.google.com/file/d/1f1lvENquI3YOMH2PMrROE54ydFsoiaXe/view?usp=drivesdk
1WZXxePHsOoHqleKpN9ZRSpTkGn1mdrrM,"14858, 8 Unit Complex, Sunrize Investments, 9121 152 Street, Jasper Park_Draft 2.pdf",primary,Jasper Park/Jasper Park Development ,"Jasper Park/_NeedsReview/14858, 8 Unit Complex, Sunrize Investments, 9121 152 Street, Jasper Park_Draft 2.pdf",https://drive.google.com/file/d/1WZXxePHsOoHqleKpN9ZRSpTkGn1mdrrM/view?usp=drivesdk
1JXaRz5fS0B7oHLOpAECSTgA6iqtXydHL,"Diamonte Inc. Purchase of 9121 152 Street NW, Edmonton [DMS-5038625] - signed.pdf",primary,Jasper Park/Jasper Park Development ,"Jasper Park/Contracts/Diamonte Inc. Purchase of 9121 152 Street NW, Edmonton [DMS-5038625] - signed.pdf",https://drive.google.com/file/d/1JXaRz5fS0B7oHLOpAECSTgA6iqtXydHL/view?usp=drivesdk
18NeFhsY4fKoNZzGFgsNOEGhHSIVND7rT,Purchase_Contract_8207_121_AVE-1_(Signed) (1).pdf,primary,CORPORATION/2024 Tax Info/Sold Houses/Eastwood 6 Plex,_NeedsReview/Purchase_Contract_8207_121_AVE-1_(Signed) (1).pdf,https://drive.google.com/file/d/18NeFhsY4fKoNZzGFgsNOEGhHSIVND7rT/view?usp=drivesdk
1sx61lMrTyTiwRwKNeMvrypJxyC0Kya8D,242289879_53702664_0_1.pdf,primary,CORPORATION/2024 Tax Info/Sold Houses/Eastwood 6 Plex,_NeedsReview/242289879_53702664_0_1.pdf,https://drive.google.com/file/d/1sx61lMrTyTiwRwKNeMvrypJxyC0Kya8D/view?usp=drivesdk
1A7K9zsdOxRx3oBm1dF03qIBIMZ0WzdYD,Purchase-Contract--8207-121. Signed (1).pdf,primary,CORPORATION/2024 Tax Info/Sold Houses/Eastwood 6 Plex/8207 121 Ave 6 Plex,8207 121/Contracts/Purchase-Contract--8207-121. Signed (1).pdf,https://drive.google.com/file/d/1A7K9zsdOxRx3oBm1dF03qIBIMZ0WzdYD/view?usp=drivesdk
1ZmS0JZEnjc_GCbocA0nd_XbM71JtR7oL,Seller Signed Purchase Contract 10401 154 St.pdf,primary,CORPORATION/2024 Tax Info/Sold Houses/10401 154 St NW- Canora ,10401 154/Contracts/Seller Signed Purchase Contract 10401 154 St.pdf,https://drive.google.com/file/d/1ZmS0JZEnjc_GCbocA0nd_XbM71JtR7oL/view?usp=drivesdk
1xabZugGNdgKolBushWkCUzJVo7PfarE0,10414 154th st.pdf,primary,CORPORATION/2024 Tax Info/Sold Houses/10401 154 St NW- Canora ,10401 154/_NeedsReview/10414 154th st.pdf,https://drive.google.com/file/d/1xabZugGNdgKolBushWkCUzJVo7PfarE0/view?usp=drivesdk
1R6lwutNyToC5Vx0WKaAVTkCGywWLmnuA,10401 154 St Signed Seller Contract.pdf,primary,CORPORATION/2024 Tax Info/Sold Houses/10401 154 St NW- Canora ,10401 154/Contracts/10401 154 St Signed Seller Contract.pdf,https://drive.google.com/file/d/1R6lwutNyToC5Vx0WKaAVTkCGywWLmnuA/view?usp=drivesdk
1IwXiuMK3Dcn8GI7ibOc51EC41T028MhT,2541212-RPR.pdf,primary,2025 Tax/2025 Flips/Wholesale /Inglewood 8 Plex: 11614 127 St NW,Inglewood (generic)/_NeedsReview/2541212-RPR.pdf,https://drive.google.com/file/d/1IwXiuMK3Dcn8GI7ibOc51EC41T028MhT/view?usp=drivesdk
1rOUNLc0O4xAwpmV6RIA0589MoLrTTmW8,2024-12-11 CTC Final Report encl.pdf,primary,2025 Tax/2025 Flips/Wholesale /Sherbrooke Corner Lot PKG.,Sherbrooke/_NeedsReview/2024-12-11 CTC Final Report encl.pdf,https://drive.google.com/file/d/1rOUNLc0O4xAwpmV6RIA0589MoLrTTmW8/view?usp=drivesdk
14808A0xKhU7zAG041hUbtcfjqI7EHj1e,Jasper Park Cashflow Analysis.xlsx,primary,Jasper Park/Jasper Park Development ,Jasper Park/Financials/Jasper Park Cashflow Analysis.xlsx,https://drive.google.com/file/d/14808A0xKhU7zAG041hUbtcfjqI7EHj1e/view?usp=drivesdk
1VrFyT-bC4TqO-RIW4i7nL7KwRgXvC0W1vJGG85HTw7o,AI Underwitere ,primary,,_NeedsReview/AI Underwitere ,https://docs.google.com/document/d/1VrFyT-bC4TqO-RIW4i7nL7KwRgXvC0W1vJGG85HTw7o/edit?usp=drivesdk&ouid=112966636072631084810
17Dou14dB5CEhfK5AFOuQ5KlPey_Du8Dsmtd-z_D3L48,“Unlocking Emotional Clarity: How to Identify Triggers and Understand Your Feelings”,primary,(root),_NeedsReview/“Unlocking Emotional Clarity: How to Identify Triggers and Understand Your Feelings”,https://docs.google.com/document/d/17Dou14dB5CEhfK5AFOuQ5KlPey_Du8Dsmtd-z_D3L48/edit?usp=drivesdk&ouid=112966636072631084810
1O8DXoRNQvGNpglUlObMTZts3ieHI4RaVfZrhpFU0I_g,Ryan FB Leads #1 CVS Cleaned data,primary,LEADS////SPREADSHEETS!,_NeedsReview/Ryan FB Leads #1 CVS Cleaned data,https://docs.google.com/spreadsheets/d/1O8DXoRNQvGNpglUlObMTZts3ieHI4RaVfZrhpFU0I_g/edit?usp=drivesdk&ouid=112966636072631084810
1j0FkM7unG6WRRmyDglvHW8e1_UmcWBqKXlJpkS9Tqj0,Ryan FB Leades Skipped 2.1,primary,LEADS////SPREADSHEETS!,_NeedsReview/Ryan FB Leades Skipped 2.1,https://docs.google.com/spreadsheets/d/1j0FkM7unG6WRRmyDglvHW8e1_UmcWBqKXlJpkS9Tqj0/edit?usp=drivesdk&ouid=112966636072631084810
1nzvmqzvNM1oIzGbMwveoyzaedHA3IK1E,BillStatement_342097.pdf,primary,,_NeedsReview/BillStatement_342097.pdf,https://drive.google.com/file/d/1nzvmqzvNM1oIzGbMwveoyzaedHA3IK1E/view?usp=drivesdk
1k6H5IWZGoFfM4X3OvyyLYuNln_HfG4SB,20_Properties_Buyer_Pipeline_Plan.pdf,primary,,_NeedsReview/20_Properties_Buyer_Pipeline_Plan.pdf,https://drive.google.com/file/d/1k6H5IWZGoFfM4X3OvyyLYuNln_HfG4SB/view?usp=drivesdk
1XhNuSUBkqL97i3JXpWDn1ndWz2Nt_PkH,100_ central edmonton leads.xlsx,primary,LEADS////SPREADSHEETS!,_NeedsReview/100_ central edmonton leads.xlsx,https://drive.google.com/file/d/1XhNuSUBkqL97i3JXpWDn1ndWz2Nt_PkH/view?usp=drivesdk
1woAdnONqSy0Xnzj3nMyUPQqnGX9Zct87obNDjkVIRSs,Websites Needed ,primary,LEADS////SPREADSHEETS!,_NeedsReview/Websites Needed ,https://docs.google.com/spreadsheets/d/1woAdnONqSy0Xnzj3nMyUPQqnGX9Zct87obNDjkVIRSs/edit?usp=drivesdk&ouid=112966636072631084810
1Pvud-hm-_UFEV2703Qtz4hHnCF-ABRjI,FAE-VPL-20_20260504-receipt-1777901236129.pdf,primary,Jasper Park/Jasper Park-Invoice,Jasper Park/_NeedsReview/FAE-VPL-20_20260504-receipt-1777901236129.pdf,https://drive.google.com/file/d/1Pvud-hm-_UFEV2703Qtz4hHnCF-ABRjI/view?usp=drivesdk
1ORuQBeUn_Mpk0FVx3SnUQU_kjnm_gCN6,FAE-VPL-20_20260504.pdf,primary,Jasper Park/Jasper Park-Invoice,Jasper Park/_NeedsReview/FAE-VPL-20_20260504.pdf,https://drive.google.com/file/d/1ORuQBeUn_Mpk0FVx3SnUQU_kjnm_gCN6/view?usp=drivesdk
1THcBFDGwcYzDOj8co52yUgpYi0w2EpZdb_l5g-DDEL8,Sunni - online RE /Twitter Network Gameplan ,primary,(root),_NeedsReview/Sunni - online RE /Twitter Network Gameplan ,https://docs.google.com/document/d/1THcBFDGwcYzDOj8co52yUgpYi0w2EpZdb_l5g-DDEL8/edit?usp=drivesdk&ouid=112966636072631084810
1JqeHQgacFWPqlIWU5hA0acrSDld5d6zu,15014 5-Unit Complex 6408 106 St Allendale FINAL.pdf,primary,Allendale 6408 106,Allendale (generic)/_NeedsReview/15014 5-Unit Complex 6408 106 St Allendale FINAL.pdf,https://drive.google.com/file/d/1JqeHQgacFWPqlIWU5hA0acrSDld5d6zu/view?usp=drivesdk
1JGJTfcr14Trm-lYvXciWBAWBazJnm-cO,15014r 6-Unit Complex 6408 106 St Allendale .pdf,primary,Allendale 6408 106,Allendale (generic)/_NeedsReview/15014r 6-Unit Complex 6408 106 St Allendale .pdf,https://drive.google.com/file/d/1JGJTfcr14Trm-lYvXciWBAWBazJnm-cO/view?usp=drivesdk
1IeVksPPQR1J4e1_Q7h20hmx1Rs3aJVxb,"13823_Redline_Building_Ltd. Swan City Neighborhood Dev. W of RR55 N of 89 Ave, GP-GSI_Full_Report.pdf",primary,,"_NeedsReview/13823_Redline_Building_Ltd. Swan City Neighborhood Dev. W of RR55 N of 89 Ave, GP-GSI_Full_Report.pdf",https://drive.google.com/file/d/1IeVksPPQR1J4e1_Q7h20hmx1Rs3aJVxb/view?usp=drivesdk
1bR2sEswixtJlnH003WBgsTSvC-dg2PsG,Section8_Buyer_HitList.xlsx,primary,(root),_NeedsReview/Section8_Buyer_HitList.xlsx,https://drive.google.com/file/d/1bR2sEswixtJlnH003WBgsTSvC-dg2PsG/view?usp=drivesdk
12wrgUv-5M6eVMOxJ8Tp81U_Fy65IKs5f4oROd2LqMZs,California Buyer Leads ,primary,,_NeedsReview/California Buyer Leads ,https://docs.google.com/spreadsheets/d/12wrgUv-5M6eVMOxJ8Tp81U_Fy65IKs5f4oROd2LqMZs/edit?usp=drivesdk&ouid=112966636072631084810
1JIJIb5dmng0Ti6xx7QQyn9KzoQbGaTPE,IMG_4198.jpeg,primary,"2811 34 Street Southwest
 2811 34 Street Southwest
 Killarney, Calgary,/More info",2811 34/Photos/IMG_4198.jpeg,https://drive.google.com/file/d/1JIJIb5dmng0Ti6xx7QQyn9KzoQbGaTPE/view?usp=drivesdk
1YDpYjydNMyszn85ZLtaTuRoMYcrNUrGL,6B815E4C-BE61-4D3A-93E4-EB3B6C12F446.jpeg,primary,Photos/Prince Rupert/Unit 12 - 2 Bed,_Library/Photos/6B815E4C-BE61-4D3A-93E4-EB3B6C12F446.jpeg,https://drive.google.com/file/d/1YDpYjydNMyszn85ZLtaTuRoMYcrNUrGL/view?usp=drivesdk
1tcFitZtdimBRQiq1ax1K89sfgmrATrcZ,09B301F0-CE9C-4567-B21C-6C324E62218A.jpeg,primary,Photos/Prince Rupert/Unit 12 - 2 Bed,_Library/Photos/09B301F0-CE9C-4567-B21C-6C324E62218A.jpeg,https://drive.google.com/file/d/1tcFitZtdimBRQiq1ax1K89sfgmrATrcZ/view?usp=drivesdk
12mWCwP-v6esZnAYKeNMuGlQvLYJSNWXI,29BF5F1E-AF96-42C8-A034-C560C55EF04C.jpeg,primary,Photos/Prince Rupert/Unit 12 - 2 Bed,_Library/Photos/29BF5F1E-AF96-42C8-A034-C560C55EF04C.jpeg,https://drive.google.com/file/d/12mWCwP-v6esZnAYKeNMuGlQvLYJSNWXI/view?usp=drivesdk
1-fSreJLI7v21kemrjbugGGEWPjcNLY85,376A9158-C6EB-4C93-89D9-E87BE47D4164.jpeg,primary,Photos/Prince Rupert/Unit 12 - 2 Bed,_Library/Photos/376A9158-C6EB-4C93-89D9-E87BE47D4164.jpeg,https://drive.google.com/file/d/1-fSreJLI7v21kemrjbugGGEWPjcNLY85/view?usp=drivesdk
1MLhGIlsPNZykGkQtbGIo38w5-4IkrgAA,7702E1A3-4244-43E3-B32B-C6CC74940345.jpeg,primary,Photos/Prince Rupert/Unit 12 - 2 Bed,_Library/Photos/7702E1A3-4244-43E3-B32B-C6CC74940345.jpeg,https://drive.google.com/file/d/1MLhGIlsPNZykGkQtbGIo38w5-4IkrgAA/view?usp=drivesdk
1enPiza_E5OraUQHkEvVlvKJ_0UYspDgN,6E8961BD-057D-4957-8CC1-297526621FBF.jpeg,primary,Photos/Prince Rupert/Unit 12 - 2 Bed,_Library/Photos/6E8961BD-057D-4957-8CC1-297526621FBF.jpeg,https://drive.google.com/file/d/1enPiza_E5OraUQHkEvVlvKJ_0UYspDgN/view?usp=drivesdk
1Sj84KwEOmiaGKTKB0lH5cnxhf5tA2Qng,F1C1F600-3E1F-4F6D-A0E2-8A4E932C1062.jpeg,primary,Photos/Prince Rupert/Unit 12 - 2 Bed,_Library/Photos/F1C1F600-3E1F-4F6D-A0E2-8A4E932C1062.jpeg,https://drive.google.com/file/d/1Sj84KwEOmiaGKTKB0lH5cnxhf5tA2Qng/view?usp=drivesdk
1H6l1624P2WB_NJknrXlAFGsfW_RWY8vr,69E046E2-0CA5-4AEB-BF85-1257D8902169.jpeg,primary,Photos/Prince Rupert/Unit 12 - 2 Bed,_Library/Photos/69E046E2-0CA5-4AEB-BF85-1257D8902169.jpeg,https://drive.google.com/file/d/1H6l1624P2WB_NJknrXlAFGsfW_RWY8vr/view?usp=drivesdk
1QLHGeSq9RXsMRzSwjScqo7pAiDgg_ZrR,WhatsApp Image 2026-04-21 at 19.07.58 (1).jpeg,primary,Photos/Central Mcdougal/Unit 6 1 bed,_Library/Photos/WhatsApp Image 2026-04-21 at 19.07.58 (1).jpeg,https://drive.google.com/file/d/1QLHGeSq9RXsMRzSwjScqo7pAiDgg_ZrR/view?usp=drivesdk
1H6CRPe_0-zIUpJrPaN9bnPsT697ECXaZ,WhatsApp Image 2026-04-21 at 19.07.57 (2).jpeg,primary,Photos/Central Mcdougal/Unit 6 1 bed,_Library/Photos/WhatsApp Image 2026-04-21 at 19.07.57 (2).jpeg,https://drive.google.com/file/d/1H6CRPe_0-zIUpJrPaN9bnPsT697ECXaZ/view?usp=drivesdk
1EF-WnL9ZsVM6mGgXIpni3ybZ5gGSRQKC,WhatsApp Image 2026-04-21 at 19.07.57 (5).jpeg,primary,Photos/Central Mcdougal/Unit 6 1 bed,_Library/Photos/WhatsApp Image 2026-04-21 at 19.07.57 (5).jpeg,https://drive.google.com/file/d/1EF-WnL9ZsVM6mGgXIpni3ybZ5gGSRQKC/view?usp=drivesdk
1obmRfT0oEIgFddc8Cz8HGo1DMA533gjI,WhatsApp Image 2026-04-21 at 19.07.58.jpeg,primary,Photos/Central Mcdougal/Unit 6 1 bed,_Library/Photos/WhatsApp Image 2026-04-21 at 19.07.58.jpeg,https://drive.google.com/file/d/1obmRfT0oEIgFddc8Cz8HGo1DMA533gjI/view?usp=drivesdk
1LOSnIhl6FFhI0UGZCoYqcbITpdPxvErK,WhatsApp Image 2026-04-21 at 19.07.57 (3).jpeg,primary,Photos/Central Mcdougal/Unit 6 1 bed,_Library/Photos/WhatsApp Image 2026-04-21 at 19.07.57 (3).jpeg,https://drive.google.com/file/d/1LOSnIhl6FFhI0UGZCoYqcbITpdPxvErK/view?usp=drivesdk
12euPqDskpLBeeKdi5_aBN2yzvbmp7y7x,WhatsApp Image 2026-04-21 at 19.07.57 (4).jpeg,primary,Photos/Central Mcdougal/Unit 6 1 bed,_Library/Photos/WhatsApp Image 2026-04-21 at 19.07.57 (4).jpeg,https://drive.google.com/file/d/12euPqDskpLBeeKdi5_aBN2yzvbmp7y7x/view?usp=drivesdk
13-xN6WOjc8Ds_mf9zfi5lxei5KHMsTvn,9A917156-09AD-4AE6-BB6E-CE05398A9847_4_5005_c.jpeg,primary,Photos/NAIT/unit 202 - 2 bed ,_Library/Photos/9A917156-09AD-4AE6-BB6E-CE05398A9847_4_5005_c.jpeg,https://drive.google.com/file/d/13-xN6WOjc8Ds_mf9zfi5lxei5KHMsTvn/view?usp=drivesdk
1wrBklKpkZaHhBWX-70gqeN6xiHe5qJIF,10E3D46B-6185-4AE8-B5B4-E359BC5F50A0_4_5005_c.jpeg,primary,Photos/NAIT/unit 202 - 2 bed ,_Library/Photos/10E3D46B-6185-4AE8-B5B4-E359BC5F50A0_4_5005_c.jpeg,https://drive.google.com/file/d/1wrBklKpkZaHhBWX-70gqeN6xiHe5qJIF/view?usp=drivesdk
157PkLTL9orMmsZ6lP6YC-q1oXp4Zhpr0,26D03F2A-9ACA-4AFC-81C2-061F1DB41CC7_4_5005_c.jpeg,primary,Photos/NAIT/unit 202 - 2 bed ,_Library/Photos/26D03F2A-9ACA-4AFC-81C2-061F1DB41CC7_4_5005_c.jpeg,https://drive.google.com/file/d/157PkLTL9orMmsZ6lP6YC-q1oXp4Zhpr0/view?usp=drivesdk
1Orwka1kTqVHqjNQQP07GIFiztp4JW8r5,63525573-6F54-4841-ABF5-EFB70EF1A73B_4_5005_c.jpeg,primary,Photos/NAIT/unit 202 - 2 bed ,_Library/Photos/63525573-6F54-4841-ABF5-EFB70EF1A73B_4_5005_c.jpeg,https://drive.google.com/file/d/1Orwka1kTqVHqjNQQP07GIFiztp4JW8r5/view?usp=drivesdk
1WT5cNX4uQq7971RmNkeWJa8EEkknRhDw,54F1FC45-F3E6-4A23-B04E-2568FBE69A0C_4_5005_c.jpeg,primary,Photos/NAIT/Exterior,_Library/Photos/54F1FC45-F3E6-4A23-B04E-2568FBE69A0C_4_5005_c.jpeg,https://drive.google.com/file/d/1WT5cNX4uQq7971RmNkeWJa8EEkknRhDw/view?usp=drivesdk
1QW6A6WhTuqvjCiePO3KTmJgthECei62c,D600161C-2DDE-48BD-B419-60B479154DC4_4_5005_c.jpeg,primary,Photos/NAIT/Unit 302 - 1 bed can be turned to two ,_Library/Photos/D600161C-2DDE-48BD-B419-60B479154DC4_4_5005_c.jpeg,https://drive.google.com/file/d/1QW6A6WhTuqvjCiePO3KTmJgthECei62c/view?usp=drivesdk
1qNVBDHJluAiB5kx3LG3pkdAB2DCKFcyt,98EE42AD-617E-41D0-9917-146E32AA3973_4_5005_c.jpeg,primary,Photos/NAIT/Unit 302 - 1 bed can be turned to two ,_Library/Photos/98EE42AD-617E-41D0-9917-146E32AA3973_4_5005_c.jpeg,https://drive.google.com/file/d/1qNVBDHJluAiB5kx3LG3pkdAB2DCKFcyt/view?usp=drivesdk
11wqwfxJOxgsPuP_18ORt2IhFDXHjlu_I,22FD6D46-5B34-498E-94C0-A32793CC4CFC_4_5005_c.jpeg,primary,Photos/NAIT/Exterior,_Library/Photos/22FD6D46-5B34-498E-94C0-A32793CC4CFC_4_5005_c.jpeg,https://drive.google.com/file/d/11wqwfxJOxgsPuP_18ORt2IhFDXHjlu_I/view?usp=drivesdk
1IOs1qgYT2qdvwxYbFI_c3ot_quuVAu4M,F980F0A4-F1F3-48F4-B362-E7FDB660EF52_4_5005_c.jpeg,primary,Photos/NAIT/Exterior,_Library/Photos/F980F0A4-F1F3-48F4-B362-E7FDB660EF52_4_5005_c.jpeg,https://drive.google.com/file/d/1IOs1qgYT2qdvwxYbFI_c3ot_quuVAu4M/view?usp=drivesdk
1GBCpYuFMXEolMfaYb6_QtZ8pzIZ5sl6-,0F62E1C4-4AB9-4FAE-97C2-554A3BBF1DEC_4_5005_c.jpeg,primary,Photos/NAIT/Unit 302 - 1 bed can be turned to two ,_Library/Photos/0F62E1C4-4AB9-4FAE-97C2-554A3BBF1DEC_4_5005_c.jpeg,https://drive.google.com/file/d/1GBCpYuFMXEolMfaYb6_QtZ8pzIZ5sl6-/view?usp=drivesdk
1_M49orYUsueMKNK4FW_c4C42Ttw9TM-a,7F76D8A2-A501-4D29-A721-5BE4B7170DD2_4_5005_c.jpeg,primary,Photos/NAIT/Unit 302 - 1 bed can be turned to two ,_Library/Photos/7F76D8A2-A501-4D29-A721-5BE4B7170DD2_4_5005_c.jpeg,https://drive.google.com/file/d/1_M49orYUsueMKNK4FW_c4C42Ttw9TM-a/view?usp=drivesdk
1xCDDLKcjfEm39gCZMK9p2RX98PFD0Pls,883B9194-C50A-407F-BF6B-C3021A4F0DCF_4_5005_c.jpeg,primary,Photos/Prince Rupert/Exterior-Mechanical,_Library/Photos/883B9194-C50A-407F-BF6B-C3021A4F0DCF_4_5005_c.jpeg,https://drive.google.com/file/d/1xCDDLKcjfEm39gCZMK9p2RX98PFD0Pls/view?usp=drivesdk
1jj4agu4aAiUInkpSeviA4iz9P-wTpBtd,B74E6EC2-216D-49B0-85E1-7F6166582D35_4_5005_c.jpeg,primary,Photos/Prince Rupert/Exterior-Mechanical,_Library/Photos/B74E6EC2-216D-49B0-85E1-7F6166582D35_4_5005_c.jpeg,https://drive.google.com/file/d/1jj4agu4aAiUInkpSeviA4iz9P-wTpBtd/view?usp=drivesdk
1AgvQVQ3QgoUBiWcnnWcHj9HZYBI3oKzH,56F0DEE9-6E35-400D-8B11-8E1A6D2E670A_4_5005_c.jpeg,primary,Photos/NAIT/Unit 203 - Bach ,_Library/Photos/56F0DEE9-6E35-400D-8B11-8E1A6D2E670A_4_5005_c.jpeg,https://drive.google.com/file/d/1AgvQVQ3QgoUBiWcnnWcHj9HZYBI3oKzH/view?usp=drivesdk
1p8v20eHc95HpsjVIDwttrOSFqegH2S6O,617237B2-F6E0-4A1B-8D5A-65AF814363C3_4_5005_c.jpeg,primary,Photos/Prince Rupert/Exterior-Mechanical,_Library/Photos/617237B2-F6E0-4A1B-8D5A-65AF814363C3_4_5005_c.jpeg,https://drive.google.com/file/d/1p8v20eHc95HpsjVIDwttrOSFqegH2S6O/view?usp=drivesdk
1c4lj2aFxWkFwTeSngDFBMD-1H2W7v68I,FCA307F7-AB9F-40C0-A29F-0765091F3198_4_5005_c.jpeg,primary,Photos/Prince Rupert/Unit 8 - 1 bed,_Library/Photos/FCA307F7-AB9F-40C0-A29F-0765091F3198_4_5005_c.jpeg,https://drive.google.com/file/d/1c4lj2aFxWkFwTeSngDFBMD-1H2W7v68I/view?usp=drivesdk
1Gut7k9sf58bCrMl6Vo2JiLnDrkMnqKlJ,41049F58-C7C0-4813-8008-103A5E43E65E_4_5005_c.jpeg,primary,Photos/Prince Rupert/Unit 8 - 1 bed,_Library/Photos/41049F58-C7C0-4813-8008-103A5E43E65E_4_5005_c.jpeg,https://drive.google.com/file/d/1Gut7k9sf58bCrMl6Vo2JiLnDrkMnqKlJ/view?usp=drivesdk
1ZOllQHEBGu_84u9fbRKfhXlwtUKCGkoP,02732B54-A57C-4185-9962-022255A32597_4_5005_c.jpeg,primary,Photos/Prince Rupert/Unit 8 - 1 bed,_Library/Photos/02732B54-A57C-4185-9962-022255A32597_4_5005_c.jpeg,https://drive.google.com/file/d/1ZOllQHEBGu_84u9fbRKfhXlwtUKCGkoP/view?usp=drivesdk
12QSmYiOdgrh4UJdKzsbwWf1FcX-4QPZ3,C48892D4-51CE-4AC9-8648-F457E0AD9756_4_5005_c.jpeg,primary,Photos/Prince Rupert/Unit 8 - 1 bed,_Library/Photos/C48892D4-51CE-4AC9-8648-F457E0AD9756_4_5005_c.jpeg,https://drive.google.com/file/d/12QSmYiOdgrh4UJdKzsbwWf1FcX-4QPZ3/view?usp=drivesdk
1aLLZEs2zAeCtgMwxySK5zpPb4WsUVeA3,E40F0DEB-875C-4F70-89A7-D43F28B20996_4_5005_c.jpeg,primary,Photos/Prince Rupert/Unit 10 - 2 bed,_Library/Photos/E40F0DEB-875C-4F70-89A7-D43F28B20996_4_5005_c.jpeg,https://drive.google.com/file/d/1aLLZEs2zAeCtgMwxySK5zpPb4WsUVeA3/view?usp=drivesdk
1Ph7HITmr93zLLT0rMd03a8-eXje8fOy8,9F2C7388-4AA6-4CF1-897E-4D2C3A41C2C4_4_5005_c.jpeg,primary,Photos/NAIT/Unit 201 - 1 Bed,_Library/Photos/9F2C7388-4AA6-4CF1-897E-4D2C3A41C2C4_4_5005_c.jpeg,https://drive.google.com/file/d/1Ph7HITmr93zLLT0rMd03a8-eXje8fOy8/view?usp=drivesdk
1jZqiwETxZ4gyYu_k7sTiaHxPfRva9Xo_,8A01EC56-EED8-4C7E-99C5-89E2FD9A612E_4_5005_c.jpeg,primary,Photos/Prince Rupert/Exterior-Mechanical,_Library/Photos/8A01EC56-EED8-4C7E-99C5-89E2FD9A612E_4_5005_c.jpeg,https://drive.google.com/file/d/1jZqiwETxZ4gyYu_k7sTiaHxPfRva9Xo_/view?usp=drivesdk
1AMrM4QqyUAhXt7YzPUe_s9usxDu_sGT-,61FADED8-769A-4978-AE74-EBDCDD8F1A5F_4_5005_c.jpeg,primary,Photos/Prince Rupert/Unit 10 - 2 bed,_Library/Photos/61FADED8-769A-4978-AE74-EBDCDD8F1A5F_4_5005_c.jpeg,https://drive.google.com/file/d/1AMrM4QqyUAhXt7YzPUe_s9usxDu_sGT-/view?usp=drivesdk
124dROGk8idsc_RelwsvJelZofREhM21N,7937D314-4A1D-429F-B74B-87C8E85C83DC_4_5005_c.jpeg,primary,Photos/Prince Rupert/Unit 8 - 1 bed,_Library/Photos/7937D314-4A1D-429F-B74B-87C8E85C83DC_4_5005_c.jpeg,https://drive.google.com/file/d/124dROGk8idsc_RelwsvJelZofREhM21N/view?usp=drivesdk
1BjjUpmvRCmE3eArgu6ENYYbLhhbSCgok,65D0BE66-DCD7-432E-8B15-199AB2C3CEF6_4_5005_c.jpeg,primary,Photos/Prince Rupert/Unit 8 - 1 bed,_Library/Photos/65D0BE66-DCD7-432E-8B15-199AB2C3CEF6_4_5005_c.jpeg,https://drive.google.com/file/d/1BjjUpmvRCmE3eArgu6ENYYbLhhbSCgok/view?usp=drivesdk
1hdAby1Fc9Lq7ypFDwnRfpC4axc_kEfl1,3F14EC47-D307-461F-AC49-9E66C1DCF24A_4_5005_c.jpeg,primary,Photos/NAIT/Unit 201 - 1 Bed,_Library/Photos/3F14EC47-D307-461F-AC49-9E66C1DCF24A_4_5005_c.jpeg,https://drive.google.com/file/d/1hdAby1Fc9Lq7ypFDwnRfpC4axc_kEfl1/view?usp=drivesdk
1KF9TSMNVqw1Dl367xetldo-aRn5zf2Il,8789879B-AF2C-4932-95C2-BFCBBB26E5CB_4_5005_c.jpeg,primary,Photos/Prince Rupert/Unit 10 - 2 bed,_Library/Photos/8789879B-AF2C-4932-95C2-BFCBBB26E5CB_4_5005_c.jpeg,https://drive.google.com/file/d/1KF9TSMNVqw1Dl367xetldo-aRn5zf2Il/view?usp=drivesdk
1liDCGQkwUP5lMWYObBKee2XFcwTmdnOp,19B7D183-F797-453D-9C8D-3DD2638CD2CB_4_5005_c.jpeg,primary,Photos/NAIT/Unit 203 - Bach ,_Library/Photos/19B7D183-F797-453D-9C8D-3DD2638CD2CB_4_5005_c.jpeg,https://drive.google.com/file/d/1liDCGQkwUP5lMWYObBKee2XFcwTmdnOp/view?usp=drivesdk
1Kf--z5WRfqlJheEr5_pn-KqKjUCDzp8s,2869FDFE-B44E-4C59-95D7-8701C867D795_4_5005_c.jpeg,primary,Photos/Prince Rupert/Unit 8 - 1 bed,_Library/Photos/2869FDFE-B44E-4C59-95D7-8701C867D795_4_5005_c.jpeg,https://drive.google.com/file/d/1Kf--z5WRfqlJheEr5_pn-KqKjUCDzp8s/view?usp=drivesdk
1eC9t_03Y1XvA4S0IyAmi6DLRwySRFoJy,F11F69F7-FAEC-4F4B-96F6-9F39EC9AB5EE_4_5005_c.jpeg,primary,Photos/Prince Rupert/Exterior-Mechanical,_Library/Photos/F11F69F7-FAEC-4F4B-96F6-9F39EC9AB5EE_4_5005_c.jpeg,https://drive.google.com/file/d/1eC9t_03Y1XvA4S0IyAmi6DLRwySRFoJy/view?usp=drivesdk
1P18wvqpVQq5gw_PvTfV_PblYcGyIyF71,03B751ED-A358-406D-8276-490903FDEB76_4_5005_c.jpeg,primary,Photos/Prince Rupert/Exterior-Mechanical,_Library/Photos/03B751ED-A358-406D-8276-490903FDEB76_4_5005_c.jpeg,https://drive.google.com/file/d/1P18wvqpVQq5gw_PvTfV_PblYcGyIyF71/view?usp=drivesdk
1I6ZuL-ACF6HSw3rq-2tVrj9dMmMUV3zj,4F212A48-8006-41E0-94C4-FBFBD1876C65_4_5005_c.jpeg,primary,Photos/Prince Rupert/Exterior-Mechanical,_Library/Photos/4F212A48-8006-41E0-94C4-FBFBD1876C65_4_5005_c.jpeg,https://drive.google.com/file/d/1I6ZuL-ACF6HSw3rq-2tVrj9dMmMUV3zj/view?usp=drivesdk
1flJK_W-QmxDdPP32mllMCSU9fc-PUaXM,7BD060C4-EEA7-42B7-A2E8-88FC295CDE4F_4_5005_c.jpeg,primary,Photos/Prince Rupert/Exterior-Mechanical,_Library/Photos/7BD060C4-EEA7-42B7-A2E8-88FC295CDE4F_4_5005_c.jpeg,https://drive.google.com/file/d/1flJK_W-QmxDdPP32mllMCSU9fc-PUaXM/view?usp=drivesdk
1uH56VeFDCZRWPYVRnT9Q17s_gWfLnu1_,BE0349C8-1003-42E7-8B73-96FABDAADA58_4_5005_c.jpeg,primary,Photos/NAIT/Unit 201 - 1 Bed,_Library/Photos/BE0349C8-1003-42E7-8B73-96FABDAADA58_4_5005_c.jpeg,https://drive.google.com/file/d/1uH56VeFDCZRWPYVRnT9Q17s_gWfLnu1_/view?usp=drivesdk
1fzFKx_CKU9Av6viwgboOyg2IUNdBlFjR,C397F09B-702D-431A-A2CD-43D42BDFC510_4_5005_c.jpeg,primary,Photos/Prince Rupert/Unit 10 - 2 bed,_Library/Photos/C397F09B-702D-431A-A2CD-43D42BDFC510_4_5005_c.jpeg,https://drive.google.com/file/d/1fzFKx_CKU9Av6viwgboOyg2IUNdBlFjR/view?usp=drivesdk
1Bhvw6U1U862kJo-0TggItSkqwERuMGSh,2B06F060-65F9-48B1-AF9D-2CE8F1A0CE41_4_5005_c.jpeg,primary,Photos/NAIT/Unit 102 - 1 bed,_Library/Photos/2B06F060-65F9-48B1-AF9D-2CE8F1A0CE41_4_5005_c.jpeg,https://drive.google.com/file/d/1Bhvw6U1U862kJo-0TggItSkqwERuMGSh/view?usp=drivesdk
1HAKYt23t0piRvpeY4q8RKnQang49_6rM,34C33284-2EA1-4CDA-BB91-44ACA144FC1A_4_5005_c.jpeg,primary,Photos/NAIT/Unit 201 - 1 Bed,_Library/Photos/34C33284-2EA1-4CDA-BB91-44ACA144FC1A_4_5005_c.jpeg,https://drive.google.com/file/d/1HAKYt23t0piRvpeY4q8RKnQang49_6rM/view?usp=drivesdk
1Di0Jj9lX_CRdNLQ87AbJUe3-rfhC3n9w,F7E62E55-50FD-46D8-A85F-08E4832BFD8C_4_5005_c.jpeg,primary,Photos/NAIT/Unit 201 - 1 Bed,_Library/Photos/F7E62E55-50FD-46D8-A85F-08E4832BFD8C_4_5005_c.jpeg,https://drive.google.com/file/d/1Di0Jj9lX_CRdNLQ87AbJUe3-rfhC3n9w/view?usp=drivesdk
1Zds2fTLSkL8EX73HvpJS2XNeL06MJDUL,A28B6886-A3DB-4553-858A-6B99EE8138F4_4_5005_c.jpeg,primary,Photos/NAIT/Unit 203 - Bach ,_Library/Photos/A28B6886-A3DB-4553-858A-6B99EE8138F4_4_5005_c.jpeg,https://drive.google.com/file/d/1Zds2fTLSkL8EX73HvpJS2XNeL06MJDUL/view?usp=drivesdk
1mEtdaSKN82fJolTdX-Vt3zFmwVVWxecl,4A654379-93A8-4824-B93A-315DA9A50AF0_4_5005_c.jpeg,primary,Photos/NAIT/Unit 203 - Bach ,_Library/Photos/4A654379-93A8-4824-B93A-315DA9A50AF0_4_5005_c.jpeg,https://drive.google.com/file/d/1mEtdaSKN82fJolTdX-Vt3zFmwVVWxecl/view?usp=drivesdk
1B-tTRIDkqN8L0WBtFVMX_lQuhcPFyInE,30013D7C-83AD-4314-8F41-B0E20F38858D_4_5005_c.jpeg,primary,Photos/NAIT/Unit 201 - 1 Bed,_Library/Photos/30013D7C-83AD-4314-8F41-B0E20F38858D_4_5005_c.jpeg,https://drive.google.com/file/d/1B-tTRIDkqN8L0WBtFVMX_lQuhcPFyInE/view?usp=drivesdk
17E1_D3g-lJ4guoie8u4-9iNnoJ4T2wMY,D0E0CADD-738C-41FD-AD18-E86B0718DE62_4_5005_c.jpeg,primary,Photos/NAIT/unit 202 - 2 bed ,_Library/Photos/D0E0CADD-738C-41FD-AD18-E86B0718DE62_4_5005_c.jpeg,https://drive.google.com/file/d/17E1_D3g-lJ4guoie8u4-9iNnoJ4T2wMY/view?usp=drivesdk
19_ocAK85vAp3iyJDUeEEtlpax0GqC1JO,60DFB618-5A39-42C7-B935-79FD2A241635_4_5005_c.jpeg,primary,Photos/NAIT/unit 202 - 2 bed ,_Library/Photos/60DFB618-5A39-42C7-B935-79FD2A241635_4_5005_c.jpeg,https://drive.google.com/file/d/19_ocAK85vAp3iyJDUeEEtlpax0GqC1JO/view?usp=drivesdk
1Yf6GGKnj15SuYPWpAUupJo2DjWTYKwO5,4225602D-964A-40A3-A1D3-24C88F50E585_4_5005_c.jpeg,primary,Photos/NAIT/Exterior,_Library/Photos/4225602D-964A-40A3-A1D3-24C88F50E585_4_5005_c.jpeg,https://drive.google.com/file/d/1Yf6GGKnj15SuYPWpAUupJo2DjWTYKwO5/view?usp=drivesdk
16fHzKW1idrtizs-xFQEh4JKhFS0uOCY6,3F94D8FC-DB76-4610-AAAA-D03F51E4D58B_4_5005_c.jpeg,primary,Photos/Prince Rupert/Exterior-Mechanical,_Library/Photos/3F94D8FC-DB76-4610-AAAA-D03F51E4D58B_4_5005_c.jpeg,https://drive.google.com/file/d/16fHzKW1idrtizs-xFQEh4JKhFS0uOCY6/view?usp=drivesdk
1VHrm00ALm8Q87dk1aSTcf4qkt2AFuSBO,CA2C997E-DB4C-40BC-BB3F-212431A14D8C_4_5005_c.jpeg,primary,Photos/NAIT/Exterior,_Library/Photos/CA2C997E-DB4C-40BC-BB3F-212431A14D8C_4_5005_c.jpeg,https://drive.google.com/file/d/1VHrm00ALm8Q87dk1aSTcf4qkt2AFuSBO/view?usp=drivesdk
15Ugp3RPqSd5oTXRomrCivE6_b81n3zSk,02AE9E6E-506E-425B-AF4F-67C2E56FC1A6_4_5005_c.jpeg,primary,Photos/NAIT/unit 202 - 2 bed ,_Library/Photos/02AE9E6E-506E-425B-AF4F-67C2E56FC1A6_4_5005_c.jpeg,https://drive.google.com/file/d/15Ugp3RPqSd5oTXRomrCivE6_b81n3zSk/view?usp=drivesdk
1CSd1tDfSjHhbZVDvT3nU99h8jQPiF3Q4,D6C0365F-3CAA-47EF-9CE5-1B93E44B453E_4_5005_c.jpeg,primary,Photos/Prince Rupert/Exterior-Mechanical,_Library/Photos/D6C0365F-3CAA-47EF-9CE5-1B93E44B453E_4_5005_c.jpeg,https://drive.google.com/file/d/1CSd1tDfSjHhbZVDvT3nU99h8jQPiF3Q4/view?usp=drivesdk
1b_QZwrIiTmtqGqpek-aolqB9Yk_9Fn8T,1B054C9F-8A7E-4D2A-9394-BC5893F55A60_4_5005_c.jpeg,primary,Photos/Prince Rupert/Unit 10 - 2 bed,_Library/Photos/1B054C9F-8A7E-4D2A-9394-BC5893F55A60_4_5005_c.jpeg,https://drive.google.com/file/d/1b_QZwrIiTmtqGqpek-aolqB9Yk_9Fn8T/view?usp=drivesdk
1BbrS1Su_t9btlEXXWbo-g7awrscf4pBU,1AE3B9F4-A88C-48A1-B7A9-D180ADD1B428_4_5005_c.jpeg,primary,Photos/Prince Rupert/Unit 10 - 2 bed,_Library/Photos/1AE3B9F4-A88C-48A1-B7A9-D180ADD1B428_4_5005_c.jpeg,https://drive.google.com/file/d/1BbrS1Su_t9btlEXXWbo-g7awrscf4pBU/view?usp=drivesdk
18ko90Gyhj8-TXB21-blcitiszO_YNZ2N,1426ED2E-1178-478B-B057-F2753A8B7D65_4_5005_c.jpeg,primary,Photos/Prince Rupert/Exterior-Mechanical,_Library/Photos/1426ED2E-1178-478B-B057-F2753A8B7D65_4_5005_c.jpeg,https://drive.google.com/file/d/18ko90Gyhj8-TXB21-blcitiszO_YNZ2N/view?usp=drivesdk
1JHTptWJqSFMnXqaCqdmJsN8MDA1TKIpx,3878A556-54EA-45F1-96D7-6866A8E61EFE_4_5005_c.jpeg,primary,Photos/Prince Rupert/Unit 10 - 2 bed,_Library/Photos/3878A556-54EA-45F1-96D7-6866A8E61EFE_4_5005_c.jpeg,https://drive.google.com/file/d/1JHTptWJqSFMnXqaCqdmJsN8MDA1TKIpx/view?usp=drivesdk
1pzCnQdENyziJlG1Qo3FgNdeRUhatX2s3,C2FAABB7-B42A-4301-9FC7-D0862920DCE1_4_5005_c.jpeg,primary,Photos/Prince Rupert/Exterior-Mechanical,_Library/Photos/C2FAABB7-B42A-4301-9FC7-D0862920DCE1_4_5005_c.jpeg,https://drive.google.com/file/d/1pzCnQdENyziJlG1Qo3FgNdeRUhatX2s3/view?usp=drivesdk
13a0upWpmIQ52LerATW-J43m2wRhSoC87,6B2BB161-CA11-441F-B526-9EF574A81B98_4_5005_c.jpeg,primary,Photos/Prince Rupert/Exterior-Mechanical,_Library/Photos/6B2BB161-CA11-441F-B526-9EF574A81B98_4_5005_c.jpeg,https://drive.google.com/file/d/13a0upWpmIQ52LerATW-J43m2wRhSoC87/view?usp=drivesdk
1D0pXwkNXJCRwg4qWHtmWKwwtNlGQQvmg,0720B3B5-BC6C-4A36-A0D4-645398EC3ECD_4_5005_c.jpeg,primary,Photos/Prince Rupert/Unit 8 - 1 bed,_Library/Photos/0720B3B5-BC6C-4A36-A0D4-645398EC3ECD_4_5005_c.jpeg,https://drive.google.com/file/d/1D0pXwkNXJCRwg4qWHtmWKwwtNlGQQvmg/view?usp=drivesdk
1crDGhb_Numu5xqpt4te1XhpY9lEnhEKQ,96513B21-BD39-4175-9C63-6E3E48664AE3_4_5005_c.jpeg,primary,Photos/NAIT/Unit 203 - Bach ,_Library/Photos/96513B21-BD39-4175-9C63-6E3E48664AE3_4_5005_c.jpeg,https://drive.google.com/file/d/1crDGhb_Numu5xqpt4te1XhpY9lEnhEKQ/view?usp=drivesdk
1fLpDecAMXdkcLgxVMvMPzfOlKMC-O4rq,3094C864-94CA-449C-BE33-28B3F4713385_4_5005_c.jpeg,primary,Photos/NAIT/Unit 203 - Bach ,_Library/Photos/3094C864-94CA-449C-BE33-28B3F4713385_4_5005_c.jpeg,https://drive.google.com/file/d/1fLpDecAMXdkcLgxVMvMPzfOlKMC-O4rq/view?usp=drivesdk
1D3Shp6B9KTNh45lRvLQym0dgawApOQKr,33102D6C-CD80-4087-B19B-C8C3FE353025_4_5005_c.jpeg,primary,Photos/Prince Rupert/Unit 8 - 1 bed,_Library/Photos/33102D6C-CD80-4087-B19B-C8C3FE353025_4_5005_c.jpeg,https://drive.google.com/file/d/1D3Shp6B9KTNh45lRvLQym0dgawApOQKr/view?usp=drivesdk
16vTrNAIry7ylyTrhP7-OjkLa16eosOTp,CCFC06CA-38E7-40A1-803D-CB4A2A38B007_4_5005_c.jpeg,primary,Photos/NAIT/Unit 201 - 1 Bed,_Library/Photos/CCFC06CA-38E7-40A1-803D-CB4A2A38B007_4_5005_c.jpeg,https://drive.google.com/file/d/16vTrNAIry7ylyTrhP7-OjkLa16eosOTp/view?usp=drivesdk
1SVtyXPtk-8nEKYDly2mo5fy4dBF4ga-p,A832ECD4-357C-4EB9-91EC-41A8C5140F67_4_5005_c.jpeg,primary,Photos/NAIT/Unit 201 - 1 Bed,_Library/Photos/A832ECD4-357C-4EB9-91EC-41A8C5140F67_4_5005_c.jpeg,https://drive.google.com/file/d/1SVtyXPtk-8nEKYDly2mo5fy4dBF4ga-p/view?usp=drivesdk
1Xl7gK3gY0qqH-S5aelx5XH6gVs5XRfJO,A7A0B040-1C7A-4D4D-8ABE-DA0DFF75329B_1_105_c.jpeg,primary,Photos/Central Mcdougal/Unit 1 2 bed,_Library/Photos/A7A0B040-1C7A-4D4D-8ABE-DA0DFF75329B_1_105_c.jpeg,https://drive.google.com/file/d/1Xl7gK3gY0qqH-S5aelx5XH6gVs5XRfJO/view?usp=drivesdk
1L-48Q3sQubxntE5uH5gw1-zTaBZvqlTK,B4B46FB8-3073-4523-9A85-87C5575F65A5_1_105_c.jpeg,primary,Photos/NAIT/Unit 102 - 1 bed,_Library/Photos/B4B46FB8-3073-4523-9A85-87C5575F65A5_1_105_c.jpeg,https://drive.google.com/file/d/1L-48Q3sQubxntE5uH5gw1-zTaBZvqlTK/view?usp=drivesdk
1tRRnnvbtY1PUUDw5YF3XswxgtSac5mKc,BE4A198B-A7B0-4D95-AFDC-5006089FEEF7_1_105_c.jpeg,primary,Photos/Central Mcdougal/Unit 1 2 bed,_Library/Photos/BE4A198B-A7B0-4D95-AFDC-5006089FEEF7_1_105_c.jpeg,https://drive.google.com/file/d/1tRRnnvbtY1PUUDw5YF3XswxgtSac5mKc/view?usp=drivesdk
19HQIFcqVSDK-YVlQrl1B4EQ_L_NQ52QK,D06272C3-BC52-48C0-AFA0-912666A5A560_1_105_c.jpeg,primary,Photos/NAIT/Unit 102 - 1 bed,_Library/Photos/D06272C3-BC52-48C0-AFA0-912666A5A560_1_105_c.jpeg,https://drive.google.com/file/d/19HQIFcqVSDK-YVlQrl1B4EQ_L_NQ52QK/view?usp=drivesdk
1hJj3FHCvMjFUinCA7BHMjNra2d48BcI-,D98DCCE9-7248-4225-AA96-53938200968B_1_105_c.jpeg,primary,Photos/NAIT/Unit 102 - 1 bed,_Library/Photos/D98DCCE9-7248-4225-AA96-53938200968B_1_105_c.jpeg,https://drive.google.com/file/d/1hJj3FHCvMjFUinCA7BHMjNra2d48BcI-/view?usp=drivesdk
1hpEFTs13ziW9sNATusuN0MQP4nL7sksI,46E0A758-9754-4AD2-97B8-32C74B8B0E35_1_105_c.jpeg,primary,Photos/Central Mcdougal/exterior + commons,_Library/Photos/46E0A758-9754-4AD2-97B8-32C74B8B0E35_1_105_c.jpeg,https://drive.google.com/file/d/1hpEFTs13ziW9sNATusuN0MQP4nL7sksI/view?usp=drivesdk
1Mz6oDjOSH_frMPxO2EDNZlEq0znKykfn,649B6A98-BF33-4CDA-963D-260B92FC26E9_1_105_c.jpeg,primary,Photos/NAIT/Unit 102 - 1 bed,_Library/Photos/649B6A98-BF33-4CDA-963D-260B92FC26E9_1_105_c.jpeg,https://drive.google.com/file/d/1Mz6oDjOSH_frMPxO2EDNZlEq0znKykfn/view?usp=drivesdk
1gr-Lp3CR4G6xam1106Z7yDoOMr4Ti2vV,DE5A3713-82ED-4061-9AF3-9882F6DE6EBB_1_105_c.jpeg,primary,Photos/NAIT/Unit 101 - 1 bed,_Library/Photos/DE5A3713-82ED-4061-9AF3-9882F6DE6EBB_1_105_c.jpeg,https://drive.google.com/file/d/1gr-Lp3CR4G6xam1106Z7yDoOMr4Ti2vV/view?usp=drivesdk
1q5JdaMmcg8w3n62Q3nsLd9IUe_YDZ8gj,6B8BD201-3602-4991-A6A4-01C426615F0F_1_105_c.jpeg,primary,Photos/Central Mcdougal/exterior + commons,_Library/Photos/6B8BD201-3602-4991-A6A4-01C426615F0F_1_105_c.jpeg,https://drive.google.com/file/d/1q5JdaMmcg8w3n62Q3nsLd9IUe_YDZ8gj/view?usp=drivesdk
1MjmgSJ9fYIqS3zr95qdDOKfLvU5e47LL,3CDB2A14-D989-4935-AE4A-5D9F2452C573_1_105_c.jpeg,primary,Photos/Central Mcdougal/exterior + commons,_Library/Photos/3CDB2A14-D989-4935-AE4A-5D9F2452C573_1_105_c.jpeg,https://drive.google.com/file/d/1MjmgSJ9fYIqS3zr95qdDOKfLvU5e47LL/view?usp=drivesdk
1U04XLr8Ox_WhHcpAKKnYD3x0SFfcOHFH,CCCA81C4-B937-4F86-B343-F2ABB90FEA70_1_105_c.jpeg,primary,Photos/NAIT/Unit 101 - 1 bed,_Library/Photos/CCCA81C4-B937-4F86-B343-F2ABB90FEA70_1_105_c.jpeg,https://drive.google.com/file/d/1U04XLr8Ox_WhHcpAKKnYD3x0SFfcOHFH/view?usp=drivesdk
1ArG03fzdpDY6LdFwzIixrMgipLZem8i4,ABD043EB-5574-42DA-8A20-1733EB2B91D1_1_105_c.jpeg,primary,Photos/NAIT/Unit 102 - 1 bed,_Library/Photos/ABD043EB-5574-42DA-8A20-1733EB2B91D1_1_105_c.jpeg,https://drive.google.com/file/d/1ArG03fzdpDY6LdFwzIixrMgipLZem8i4/view?usp=drivesdk
1cO9D8HXx4DMa1_tlwcKSYmcpL2NWl7IA,399B1FFF-C175-4B67-9567-096828952D28_1_105_c.jpeg,primary,Photos/Central Mcdougal/Unit 4 1 bed,_Library/Photos/399B1FFF-C175-4B67-9567-096828952D28_1_105_c.jpeg,https://drive.google.com/file/d/1cO9D8HXx4DMa1_tlwcKSYmcpL2NWl7IA/view?usp=drivesdk
1SlbmD-IQBs-gIeXmUonae4DufFnGz2lF,DA2D1B07-3B33-418D-93B1-0C4DB20A45A0_1_105_c.jpeg,primary,Photos/Central Mcdougal/Unit 1 2 bed,_Library/Photos/DA2D1B07-3B33-418D-93B1-0C4DB20A45A0_1_105_c.jpeg,https://drive.google.com/file/d/1SlbmD-IQBs-gIeXmUonae4DufFnGz2lF/view?usp=drivesdk
1VRx8J7kJAxN6ppxhv31Dit1OLWzwfYQP,CEBC7CDB-40D4-4A83-9598-8986B7F62D72_1_105_c.jpeg,primary,Photos/Central Mcdougal/Unit 1 2 bed,_Library/Photos/CEBC7CDB-40D4-4A83-9598-8986B7F62D72_1_105_c.jpeg,https://drive.google.com/file/d/1VRx8J7kJAxN6ppxhv31Dit1OLWzwfYQP/view?usp=drivesdk
1tPABvquYonuw0Zz5mOnV9DILTbC282wL,C0377C6D-D45A-4A21-929C-0B5187403674_1_105_c.jpeg,primary,Photos/NAIT/Exterior,_Library/Photos/C0377C6D-D45A-4A21-929C-0B5187403674_1_105_c.jpeg,https://drive.google.com/file/d/1tPABvquYonuw0Zz5mOnV9DILTbC282wL/view?usp=drivesdk
17DGrpUNZElyGAlw0kfCCV67m4nDtxBmA,22B4BA38-BFFB-4983-9341-42F2B89E13B6_1_105_c.jpeg,primary,Photos/Central Mcdougal/Unit 1 2 bed,_Library/Photos/22B4BA38-BFFB-4983-9341-42F2B89E13B6_1_105_c.jpeg,https://drive.google.com/file/d/17DGrpUNZElyGAlw0kfCCV67m4nDtxBmA/view?usp=drivesdk
1e_QtunGWCgy9e3CtrkPRk9hS4IDbjURe,F557E85F-187F-4596-8D5E-623EE6DEC098_1_105_c.jpeg,primary,Photos/Central Mcdougal/exterior + commons,_Library/Photos/F557E85F-187F-4596-8D5E-623EE6DEC098_1_105_c.jpeg,https://drive.google.com/file/d/1e_QtunGWCgy9e3CtrkPRk9hS4IDbjURe/view?usp=drivesdk
1daS36WvmAizMIF1XFq2hzi6mLgBWsPIS,399AD977-6D20-4245-B9C8-89F176CD1AAD_1_105_c.jpeg,primary,Photos/Central Mcdougal/Unit 4 1 bed,_Library/Photos/399AD977-6D20-4245-B9C8-89F176CD1AAD_1_105_c.jpeg,https://drive.google.com/file/d/1daS36WvmAizMIF1XFq2hzi6mLgBWsPIS/view?usp=drivesdk
12ih1ziM2jCSowoPotbjoeI42fsvrD-ro,A1CD15E0-0E89-419C-9797-E7BE92759EEC_1_105_c.jpeg,primary,Photos/NAIT/Exterior,_Library/Photos/A1CD15E0-0E89-419C-9797-E7BE92759EEC_1_105_c.jpeg,https://drive.google.com/file/d/12ih1ziM2jCSowoPotbjoeI42fsvrD-ro/view?usp=drivesdk
14-KzlQzVdP9JqH5W84QLD8nC_2h85BjJ,3C961DA6-06D3-4493-83C2-C37CCEED5D74_1_105_c.jpeg,primary,Photos/Central Mcdougal/exterior + commons,_Library/Photos/3C961DA6-06D3-4493-83C2-C37CCEED5D74_1_105_c.jpeg,https://drive.google.com/file/d/14-KzlQzVdP9JqH5W84QLD8nC_2h85BjJ/view?usp=drivesdk
1x-8eu53EUy2okUoSVdhyr-mT5LR6YW4f,BF20D3CD-2E99-4ADC-9A12-47CDC83527DF_1_105_c.jpeg,primary,Photos/NAIT/Unit 101 - 1 bed,_Library/Photos/BF20D3CD-2E99-4ADC-9A12-47CDC83527DF_1_105_c.jpeg,https://drive.google.com/file/d/1x-8eu53EUy2okUoSVdhyr-mT5LR6YW4f/view?usp=drivesdk
1v8aQZzEYNNY3A41nI8QzWofBNNwHSBp9,AF6D5DC3-9F3F-4FA9-964F-CED4664494D3_1_105_c.jpeg,primary,Photos/Central Mcdougal/exterior + commons,_Library/Photos/AF6D5DC3-9F3F-4FA9-964F-CED4664494D3_1_105_c.jpeg,https://drive.google.com/file/d/1v8aQZzEYNNY3A41nI8QzWofBNNwHSBp9/view?usp=drivesdk
1MsS6ihGLs4DP-hc0tfmb5DBtYFkWoXfH,B11702C5-0937-471E-9723-E2AA035C037A_1_105_c.jpeg,primary,Photos/Central Mcdougal/Unit 5 1 bed,_Library/Photos/B11702C5-0937-471E-9723-E2AA035C037A_1_105_c.jpeg,https://drive.google.com/file/d/1MsS6ihGLs4DP-hc0tfmb5DBtYFkWoXfH/view?usp=drivesdk
11YxKkf9n_2Uj1ZWeNaLumsC0MoZ57iyX,E9D0231E-494E-4AB6-A023-5DAF812BF6F0_1_105_c.jpeg,primary,Photos/NAIT/Exterior,_Library/Photos/E9D0231E-494E-4AB6-A023-5DAF812BF6F0_1_105_c.jpeg,https://drive.google.com/file/d/11YxKkf9n_2Uj1ZWeNaLumsC0MoZ57iyX/view?usp=drivesdk
1ASkFAPadtgbZBv-2gkKs0se5VOwWGByc,100D1C34-2302-40EB-A8A5-89A53906BDE7_1_105_c.jpeg,primary,Photos/NAIT/Exterior,_Library/Photos/100D1C34-2302-40EB-A8A5-89A53906BDE7_1_105_c.jpeg,https://drive.google.com/file/d/1ASkFAPadtgbZBv-2gkKs0se5VOwWGByc/view?usp=drivesdk
1xk1AinsGg-tN_wW5oOcDt_QZ_mHOEFnn,6B1A0E51-00C5-4516-BB2B-9A20D10B833B_1_105_c.jpeg,primary,Photos/NAIT/Exterior,_Library/Photos/6B1A0E51-00C5-4516-BB2B-9A20D10B833B_1_105_c.jpeg,https://drive.google.com/file/d/1xk1AinsGg-tN_wW5oOcDt_QZ_mHOEFnn/view?usp=drivesdk
1Wxkbn6pdNLkOqnwPcLcvxqUJ14k_nTWc,3C64F695-F2A0-4D8B-A870-94AC318B17FD_1_105_c.jpeg,primary,Photos/NAIT/Unit 102 - 1 bed,_Library/Photos/3C64F695-F2A0-4D8B-A870-94AC318B17FD_1_105_c.jpeg,https://drive.google.com/file/d/1Wxkbn6pdNLkOqnwPcLcvxqUJ14k_nTWc/view?usp=drivesdk
1b6nOzA2JbXR3oe95GQ5cnHwWSyPWie10,89E4D3B6-453A-4E7E-ABC0-C91195949BF4_1_105_c.jpeg,primary,Photos/Central Mcdougal/Unit 1 2 bed,_Library/Photos/89E4D3B6-453A-4E7E-ABC0-C91195949BF4_1_105_c.jpeg,https://drive.google.com/file/d/1b6nOzA2JbXR3oe95GQ5cnHwWSyPWie10/view?usp=drivesdk
1EknnVnHHGzLnwzXbOUFZZGufv1y6cOeK,DFF2212E-2F31-4E7C-AAED-9053FBB16656_1_105_c.jpeg,primary,Photos/NAIT/Exterior,_Library/Photos/DFF2212E-2F31-4E7C-AAED-9053FBB16656_1_105_c.jpeg,https://drive.google.com/file/d/1EknnVnHHGzLnwzXbOUFZZGufv1y6cOeK/view?usp=drivesdk
1sMvpJXC9QDXXEJLxhdNWINcnf7y8mejd,FC7344D8-01A5-4262-8011-2668A78FF191_1_105_c.jpeg,primary,Photos/NAIT/Exterior,_Library/Photos/FC7344D8-01A5-4262-8011-2668A78FF191_1_105_c.jpeg,https://drive.google.com/file/d/1sMvpJXC9QDXXEJLxhdNWINcnf7y8mejd/view?usp=drivesdk
1JxJYvwULvw42NlNZ6cWu6GfgUYuNmS-_,D9077753-1EF9-48A5-9148-0BED89FF2482_1_105_c.jpeg,primary,Photos/NAIT/Exterior,_Library/Photos/D9077753-1EF9-48A5-9148-0BED89FF2482_1_105_c.jpeg,https://drive.google.com/file/d/1JxJYvwULvw42NlNZ6cWu6GfgUYuNmS-_/view?usp=drivesdk
1JrVy4BB-QCcS9PJxljEX1EWbbDQ8zybw,BA18432A-6CFF-4091-8C4A-1E45DDD85E65_1_105_c.jpeg,primary,Photos/NAIT/Unit 102 - 1 bed,_Library/Photos/BA18432A-6CFF-4091-8C4A-1E45DDD85E65_1_105_c.jpeg,https://drive.google.com/file/d/1JrVy4BB-QCcS9PJxljEX1EWbbDQ8zybw/view?usp=drivesdk
1MoJBd8L2o3tMnxRsYHXpbNRuUkO6JWPJ,8B48BB3E-A735-4A85-A349-5165CF09EDBD_1_105_c.jpeg,primary,Photos/NAIT/Unit 101 - 1 bed,_Library/Photos/8B48BB3E-A735-4A85-A349-5165CF09EDBD_1_105_c.jpeg,https://drive.google.com/file/d/1MoJBd8L2o3tMnxRsYHXpbNRuUkO6JWPJ/view?usp=drivesdk
1Bdpf1pWF5WZzWKV35w2yLgfINwqCucAA,1F90ED1D-C0E9-44F5-B711-3CEA2876CFE1_1_105_c.jpeg,primary,Photos/NAIT/Unit 102 - 1 bed,_Library/Photos/1F90ED1D-C0E9-44F5-B711-3CEA2876CFE1_1_105_c.jpeg,https://drive.google.com/file/d/1Bdpf1pWF5WZzWKV35w2yLgfINwqCucAA/view?usp=drivesdk
10IYSMiPL0IIeCpov0AfdosiK9ALi4Bs_,B9D52D51-ADE7-49A0-83E8-5CC8B2B26BE0_1_105_c.jpeg,primary,Photos/Central Mcdougal/exterior + commons,_Library/Photos/B9D52D51-ADE7-49A0-83E8-5CC8B2B26BE0_1_105_c.jpeg,https://drive.google.com/file/d/10IYSMiPL0IIeCpov0AfdosiK9ALi4Bs_/view?usp=drivesdk
1YqNdKpDBuy7bx3V4sjNu2wPvwBT2A_AP,5ABC28F1-0FAB-4BA6-9EC1-0A5365FB4003_1_105_c.jpeg,primary,Photos/Central Mcdougal/exterior + commons,_Library/Photos/5ABC28F1-0FAB-4BA6-9EC1-0A5365FB4003_1_105_c.jpeg,https://drive.google.com/file/d/1YqNdKpDBuy7bx3V4sjNu2wPvwBT2A_AP/view?usp=drivesdk
1Udu-0PjOHkyvsp82wo59-WUpbw0z9BKF,5DF35B1E-73C7-4F0C-8BD4-559CE3248E17_1_105_c.jpeg,primary,Photos/NAIT/Unit 101 - 1 bed,_Library/Photos/5DF35B1E-73C7-4F0C-8BD4-559CE3248E17_1_105_c.jpeg,https://drive.google.com/file/d/1Udu-0PjOHkyvsp82wo59-WUpbw0z9BKF/view?usp=drivesdk
18uSqMbnrP_7Zs4YF81-nEC1MvrL3pzaK,33493CA5-C860-48AF-830A-C294E098561A_1_105_c.jpeg,primary,Photos/NAIT/Unit 101 - 1 bed,_Library/Photos/33493CA5-C860-48AF-830A-C294E098561A_1_105_c.jpeg,https://drive.google.com/file/d/18uSqMbnrP_7Zs4YF81-nEC1MvrL3pzaK/view?usp=drivesdk
1rbCP3Wleb04tOoCicYq03mY4n3wtOFgl,056F8D95-D990-4F09-8F08-7B9FFE062D84_1_105_c.jpeg,primary,Photos/NAIT/Unit 101 - 1 bed,_Library/Photos/056F8D95-D990-4F09-8F08-7B9FFE062D84_1_105_c.jpeg,https://drive.google.com/file/d/1rbCP3Wleb04tOoCicYq03mY4n3wtOFgl/view?usp=drivesdk
153Oy7L1rRDKiJAJgHqqYOuYBG9hnacsB,D713D5E3-1180-458C-846C-C5694B4690B0_1_105_c.jpeg,primary,Photos/Central Mcdougal/unit 2 1 bed,_Library/Photos/D713D5E3-1180-458C-846C-C5694B4690B0_1_105_c.jpeg,https://drive.google.com/file/d/153Oy7L1rRDKiJAJgHqqYOuYBG9hnacsB/view?usp=drivesdk
1lBqFyPpqxpPKmu52ADXerca3UFPFyVCz,AFAA0B8D-06BF-4B8B-B4E1-7A0950EFDFE6_1_105_c.jpeg,primary,Photos/Central Mcdougal/Unit 1 2 bed,_Library/Photos/AFAA0B8D-06BF-4B8B-B4E1-7A0950EFDFE6_1_105_c.jpeg,https://drive.google.com/file/d/1lBqFyPpqxpPKmu52ADXerca3UFPFyVCz/view?usp=drivesdk
1YMNGg4UI-MY78o6skdfzbQb4YrSd1DzO,AC8FFD01-5A45-4485-99EE-4471518D8752_1_105_c.jpeg,primary,Photos/Central Mcdougal/unit 2 1 bed,_Library/Photos/AC8FFD01-5A45-4485-99EE-4471518D8752_1_105_c.jpeg,https://drive.google.com/file/d/1YMNGg4UI-MY78o6skdfzbQb4YrSd1DzO/view?usp=drivesdk
164240KnXeM2yfrx_eYTJg7GWk3-sgPGi,2DA4152E-9729-461E-B3D4-FD6D570D018C_1_105_c.jpeg,primary,Photos/Central Mcdougal/unit 2 1 bed,_Library/Photos/2DA4152E-9729-461E-B3D4-FD6D570D018C_1_105_c.jpeg,https://drive.google.com/file/d/164240KnXeM2yfrx_eYTJg7GWk3-sgPGi/view?usp=drivesdk
1DloiW4h-KYUiDyvyCr24DwjXenYN601V,8D44A001-65D3-488B-9233-EBF3A92C82BB_1_105_c.jpeg,primary,Photos/Central Mcdougal/unit 2 1 bed,_Library/Photos/8D44A001-65D3-488B-9233-EBF3A92C82BB_1_105_c.jpeg,https://drive.google.com/file/d/1DloiW4h-KYUiDyvyCr24DwjXenYN601V/view?usp=drivesdk
15ZbEkLASXDvKy7JHpdIwhL_R9jLIqWEV,CB6C4DE0-A471-456D-974A-45BC80283C38_1_105_c.jpeg,primary,Photos/Central Mcdougal/Unit 1 2 bed,_Library/Photos/CB6C4DE0-A471-456D-974A-45BC80283C38_1_105_c.jpeg,https://drive.google.com/file/d/15ZbEkLASXDvKy7JHpdIwhL_R9jLIqWEV/view?usp=drivesdk
133jXjtUBckXedxuCZs9NpctHFZ2Tyih5,43F0D8F3-BE24-4269-8A45-BCDE91736010_1_105_c.jpeg,primary,Photos/Central Mcdougal/unit 2 1 bed,_Library/Photos/43F0D8F3-BE24-4269-8A45-BCDE91736010_1_105_c.jpeg,https://drive.google.com/file/d/133jXjtUBckXedxuCZs9NpctHFZ2Tyih5/view?usp=drivesdk
1vkZZhLUqjuyprJlXb9SC5i23UzfsHoSS,03EEAE91-B23A-489A-8E9B-8E41688DB21A_1_105_c.jpeg,primary,Photos/Central Mcdougal/unit 2 1 bed,_Library/Photos/03EEAE91-B23A-489A-8E9B-8E41688DB21A_1_105_c.jpeg,https://drive.google.com/file/d/1vkZZhLUqjuyprJlXb9SC5i23UzfsHoSS/view?usp=drivesdk
1eaS2TJhXrmtBcM_2HPLVpwiOd6-w05nu,E60C5747-3270-46F2-A0EC-E6EF2E985943_1_105_c.jpeg,primary,Photos/Central Mcdougal/unit 2 1 bed,_Library/Photos/E60C5747-3270-46F2-A0EC-E6EF2E985943_1_105_c.jpeg,https://drive.google.com/file/d/1eaS2TJhXrmtBcM_2HPLVpwiOd6-w05nu/view?usp=drivesdk
1FlGQ6mJLH-PpcwehwyyjdrBqvx2IpJPg,B511EEDF-341A-4E9A-8091-FD8CC70710BE_1_105_c.jpeg,primary,Photos/Central Mcdougal/unit 2 1 bed,_Library/Photos/B511EEDF-341A-4E9A-8091-FD8CC70710BE_1_105_c.jpeg,https://drive.google.com/file/d/1FlGQ6mJLH-PpcwehwyyjdrBqvx2IpJPg/view?usp=drivesdk
1TC-qjP0DC1ccDhon8iKSK4OyAuEoVWWy,7AE9DCFC-B85C-4484-B8DC-B72145BF26A6_1_105_c.jpeg,primary,Photos/Central Mcdougal/Unit 1 2 bed,_Library/Photos/7AE9DCFC-B85C-4484-B8DC-B72145BF26A6_1_105_c.jpeg,https://drive.google.com/file/d/1TC-qjP0DC1ccDhon8iKSK4OyAuEoVWWy/view?usp=drivesdk
14D8kEgojPA2WJ6LNClczCO8TGpRzB2Ie,E27ADA9E-9741-4D36-8966-49CFC189A1DD_1_105_c.jpeg,primary,Photos/Central Mcdougal/Unit 4 1 bed,_Library/Photos/E27ADA9E-9741-4D36-8966-49CFC189A1DD_1_105_c.jpeg,https://drive.google.com/file/d/14D8kEgojPA2WJ6LNClczCO8TGpRzB2Ie/view?usp=drivesdk
1I7v-MrhBgdzmNFxzxRLBy6Tmehuiqm_c,D201FC80-508F-4B35-9B1E-FC2AEDEF8755_1_105_c.jpeg,primary,Photos/Central Mcdougal/Unit 4 1 bed,_Library/Photos/D201FC80-508F-4B35-9B1E-FC2AEDEF8755_1_105_c.jpeg,https://drive.google.com/file/d/1I7v-MrhBgdzmNFxzxRLBy6Tmehuiqm_c/view?usp=drivesdk
1EkW8DSODwl0G-JXwBwwovDn2X-6f4m6x,0DEDBEF7-A7B9-4E48-879D-BEBC4E395B94_1_105_c.jpeg,primary,Photos/Central Mcdougal/Unit 5 1 bed,_Library/Photos/0DEDBEF7-A7B9-4E48-879D-BEBC4E395B94_1_105_c.jpeg,https://drive.google.com/file/d/1EkW8DSODwl0G-JXwBwwovDn2X-6f4m6x/view?usp=drivesdk
18wUy7ZZcHkrBY8CflauZD0qKuhzKhp70,DC1C1A70-97B9-46CE-BB31-3A533302459A_1_105_c.jpeg,primary,Photos/Central Mcdougal/Unit 4 1 bed,_Library/Photos/DC1C1A70-97B9-46CE-BB31-3A533302459A_1_105_c.jpeg,https://drive.google.com/file/d/18wUy7ZZcHkrBY8CflauZD0qKuhzKhp70/view?usp=drivesdk
1T8iqMBCZ2tVyEo_mnKehH7LRhpwg7Aqi,7AAF3D33-DACA-400C-9EA4-90BDB6E06A0D_1_105_c.jpeg,primary,Photos/Central Mcdougal/Unit 4 1 bed,_Library/Photos/7AAF3D33-DACA-400C-9EA4-90BDB6E06A0D_1_105_c.jpeg,https://drive.google.com/file/d/1T8iqMBCZ2tVyEo_mnKehH7LRhpwg7Aqi/view?usp=drivesdk
1DOaO0doFEeaUMgeF2Qz5JMTgUdwxr4JY,03FC9A09-DC03-44D7-8080-F992B8D7C9BF_1_105_c.jpeg,primary,Photos/Central Mcdougal/Unit 4 1 bed,_Library/Photos/03FC9A09-DC03-44D7-8080-F992B8D7C9BF_1_105_c.jpeg,https://drive.google.com/file/d/1DOaO0doFEeaUMgeF2Qz5JMTgUdwxr4JY/view?usp=drivesdk
1qlAbpZeKngwfErRTn0EEZBYPMRPoljSv,3B709D48-4A96-4E06-9D62-5EEA3972363E_1_105_c.jpeg,primary,Photos/Central Mcdougal/Unit 5 1 bed,_Library/Photos/3B709D48-4A96-4E06-9D62-5EEA3972363E_1_105_c.jpeg,https://drive.google.com/file/d/1qlAbpZeKngwfErRTn0EEZBYPMRPoljSv/view?usp=drivesdk
1EaVGw4J_tDcqwg7wISOrR6DcUcfZ4EAc,06199EF1-26B0-4611-858F-ACF42018AA84_1_105_c.jpeg,primary,Photos/Central Mcdougal/Unit 5 1 bed,_Library/Photos/06199EF1-26B0-4611-858F-ACF42018AA84_1_105_c.jpeg,https://drive.google.com/file/d/1EaVGw4J_tDcqwg7wISOrR6DcUcfZ4EAc/view?usp=drivesdk
1IWoDVEd4DKLqIKaZKZi8AHjI4elQNMDG,6C9BBE41-D176-41E5-8E28-A1B90825A1EF_1_105_c.jpeg,primary,Photos/Central Mcdougal/Unit 5 1 bed,_Library/Photos/6C9BBE41-D176-41E5-8E28-A1B90825A1EF_1_105_c.jpeg,https://drive.google.com/file/d/1IWoDVEd4DKLqIKaZKZi8AHjI4elQNMDG/view?usp=drivesdk
1tiGewok6LPP0WlOdaDVdSMdVR2WjtXKS,875C1048-2F58-4BAF-B9F1-D9B5B7FEFE65_1_105_c.jpeg,primary,Photos/Central Mcdougal/Unit 5 1 bed,_Library/Photos/875C1048-2F58-4BAF-B9F1-D9B5B7FEFE65_1_105_c.jpeg,https://drive.google.com/file/d/1tiGewok6LPP0WlOdaDVdSMdVR2WjtXKS/view?usp=drivesdk
14tJds1qrWr-1t_T0zgobRsnvZBBJ_XRd,446CF88A-C0C2-44DF-99D9-154B8331CEE7_1_105_c.jpeg,primary,Photos/Central Mcdougal/exterior + commons,_Library/Photos/446CF88A-C0C2-44DF-99D9-154B8331CEE7_1_105_c.jpeg,https://drive.google.com/file/d/14tJds1qrWr-1t_T0zgobRsnvZBBJ_XRd/view?usp=drivesdk
10SBVkZcEkwLNKYAVf6YZoI71fECWR_Sk,ECC28707-B265-4F56-906F-A26737AD70FF_1_105_c.jpeg,primary,Photos/Central Mcdougal/exterior + commons,_Library/Photos/ECC28707-B265-4F56-906F-A26737AD70FF_1_105_c.jpeg,https://drive.google.com/file/d/10SBVkZcEkwLNKYAVf6YZoI71fECWR_Sk/view?usp=drivesdk
1y1vMD77PNdrXSmwNbMy1DvBEvo5bKBIo,696BA2B3-33D3-41A8-B415-DC87664D94E0_1_105_c.jpeg,primary,Photos/NAIT/Exterior,_Library/Photos/696BA2B3-33D3-41A8-B415-DC87664D94E0_1_105_c.jpeg,https://drive.google.com/file/d/1y1vMD77PNdrXSmwNbMy1DvBEvo5bKBIo/view?usp=drivesdk
1ByZ356QRK5R71bBpBDGt55uPNiA5Gftw,E6D7A610-A8E8-4D85-971A-377E0708BFBC_1_105_c.jpeg,primary,Photos/NAIT/Exterior,_Library/Photos/E6D7A610-A8E8-4D85-971A-377E0708BFBC_1_105_c.jpeg,https://drive.google.com/file/d/1ByZ356QRK5R71bBpBDGt55uPNiA5Gftw/view?usp=drivesdk
1QM2W2Q6xtjoERmToWhSWhDfsg26rwpf2,41481683-1FE0-45A7-8E8A-ECDD6EEF76BE_1_105_c.jpeg,primary,Photos/NAIT/Exterior,_Library/Photos/41481683-1FE0-45A7-8E8A-ECDD6EEF76BE_1_105_c.jpeg,https://drive.google.com/file/d/1QM2W2Q6xtjoERmToWhSWhDfsg26rwpf2/view?usp=drivesdk
1IWVd3Rg3pxjZADcnhXV3Yy_ChEtVcjm5,241B8976-58EE-4D95-8E59-214F43A4438A_1_105_c.jpeg,primary,Photos/NAIT/Unit 101 - 1 bed,_Library/Photos/241B8976-58EE-4D95-8E59-214F43A4438A_1_105_c.jpeg,https://drive.google.com/file/d/1IWVd3Rg3pxjZADcnhXV3Yy_ChEtVcjm5/view?usp=drivesdk
18ULMzJG7AqcwmGvDZoA0zgCGLx9Jz7qr,DA2AE42B-89D3-4DB0-AEAC-1C393C01CD23_1_105_c.jpeg,primary,Photos/NAIT/Exterior,_Library/Photos/DA2AE42B-89D3-4DB0-AEAC-1C393C01CD23_1_105_c.jpeg,https://drive.google.com/file/d/18ULMzJG7AqcwmGvDZoA0zgCGLx9Jz7qr/view?usp=drivesdk
1E-W9DO-MTq91n-syf8saDPxVZsFkC2Qs,4E556E76-5EF8-4234-A267-2D538563ED29_1_105_c.jpeg,primary,Photos/NAIT/Unit 101 - 1 bed,_Library/Photos/4E556E76-5EF8-4234-A267-2D538563ED29_1_105_c.jpeg,https://drive.google.com/file/d/1E-W9DO-MTq91n-syf8saDPxVZsFkC2Qs/view?usp=drivesdk
1yzkbPWgtJAv-fMPl3Rl_oH62gCnf450t,A5F0B455-0305-49BD-8231-A27558964E64_1_105_c.jpeg,primary,Photos/NAIT/Exterior,_Library/Photos/A5F0B455-0305-49BD-8231-A27558964E64_1_105_c.jpeg,https://drive.google.com/file/d/1yzkbPWgtJAv-fMPl3Rl_oH62gCnf450t/view?usp=drivesdk
1VBnmH4Ae7W8HSGZKLRhHINpiDO_T-2Mt,Att_ 05c6b654b6724142ab5ffb1ceea5c4b4.xps.pdf,primary,Jasper Park/Jasper Park-Corporate Files ,Jasper Park/_NeedsReview/Att_ 05c6b654b6724142ab5ffb1ceea5c4b4.xps.pdf,https://drive.google.com/file/d/1VBnmH4Ae7W8HSGZKLRhHINpiDO_T-2Mt/view?usp=drivesdk
10cU1XpR679-y8K7Wkdebv8gSpMhHoXzm,Invoice 11024.pdf,primary,Allendale 10646 61 Ave 6 Unit /Receipts ,Allendale (generic)/Financials/Invoice 11024.pdf,https://drive.google.com/file/d/10cU1XpR679-y8K7Wkdebv8gSpMhHoXzm/view?usp=drivesdk
1NDTlhJAQEz3nebvXj3luEJFTKtsIGffc,Receipt 11024.pdf,primary,Allendale 10646 61 Ave 6 Unit /Allendale: 10646 61 Ave/Receipts ,Allendale (generic)/_NeedsReview/Receipt 11024.pdf,https://drive.google.com/file/d/1NDTlhJAQEz3nebvXj3luEJFTKtsIGffc/view?usp=drivesdk
1_lROT62AmZANXyfWDxPa_0KFZr2zh6Ff,USA August 2025-2026 Sellers- uploaded .xlsx,primary,LEADS////SPREADSHEETS!,_NeedsReview/USA August 2025-2026 Sellers- uploaded .xlsx,https://drive.google.com/file/d/1_lROT62AmZANXyfWDxPa_0KFZr2zh6Ff/view?usp=drivesdk
1b-tT7zvyWjEDUMJp8bJ4Q5VKOKn0W1JbEqNszIlZbNE,SUNNI DAILY TASKS SHEET,primary,(root),_NeedsReview/SUNNI DAILY TASKS SHEET,https://docs.google.com/spreadsheets/d/1b-tT7zvyWjEDUMJp8bJ4Q5VKOKn0W1JbEqNszIlZbNE/edit?usp=drivesdk&ouid=112966636072631084810
11KMX9IimfIKcdDDpKHt1kjUau94t_Opn,Row House Development Permit Statement.pdf,primary,Allendale 10646 61 Ave 6 Unit /Allendale: 10646 61 Ave/Receipts ,Allendale (generic)/Plans & Permits/Row House Development Permit Statement.pdf,https://drive.google.com/file/d/11KMX9IimfIKcdDDpKHt1kjUau94t_Opn/view?usp=drivesdk
11kovCSLxlTuaEJB50xTVJct-AEqzfk_x6sMVh6xRB_c,Untitled document,duplicate,"2811 34 Street Southwest
 2811 34 Street Southwest
 Killarney, Calgary,",_Duplicates/2811 34/Untitled document,https://docs.google.com/document/d/11kovCSLxlTuaEJB50xTVJct-AEqzfk_x6sMVh6xRB_c/edit?usp=drivesdk&ouid=112966636072631084810
1PPY0URdCYTYrvBuH7hScOABHO2I9bcee,TEMPLATE - PNW Statement - Loren .xlsx,primary,Mayfield 110/Loren Files ,Mayfield 110/Investor Docs/TEMPLATE - PNW Statement - Loren .xlsx,https://drive.google.com/file/d/1PPY0URdCYTYrvBuH7hScOABHO2I9bcee/view?usp=drivesdk
15ANk-199CbRL2gudWNLht22D5IhbwnnP,Compliant RPR - 2811 34 St SW.pdf,primary,"2811 34 Street Southwest
 2811 34 Street Southwest
 Killarney, Calgary,",2811 34/_NeedsReview/Compliant RPR - 2811 34 St SW.pdf,https://drive.google.com/file/d/15ANk-199CbRL2gudWNLht22D5IhbwnnP/view?usp=drivesdk
1SWujnFlv5mbFX_KEf0A_kZbYDfjc37Mu,IMG_2215.heif,primary,"2811 34 Street Southwest
 2811 34 Street Southwest
 Killarney, Calgary,/Pictures ",2811 34/Photos/IMG_2215.heif,https://drive.google.com/file/d/1SWujnFlv5mbFX_KEf0A_kZbYDfjc37Mu/view?usp=drivesdk
19eGbYMKULGNzHTyJFwz0RGOj-6ZMfjai,IMG_2214.heif,primary,"2811 34 Street Southwest
 2811 34 Street Southwest
 Killarney, Calgary,/Pictures ",2811 34/Photos/IMG_2214.heif,https://drive.google.com/file/d/19eGbYMKULGNzHTyJFwz0RGOj-6ZMfjai/view?usp=drivesdk
1IcwFpfJ6VLeIalL0kSNK_dPDxmiu1dS5,IMG_2213.heif,primary,"2811 34 Street Southwest
 2811 34 Street Southwest
 Killarney, Calgary,/Pictures ",2811 34/Photos/IMG_2213.heif,https://drive.google.com/file/d/1IcwFpfJ6VLeIalL0kSNK_dPDxmiu1dS5/view?usp=drivesdk
1T9BS86oMyjqDa4_qhVAtbZ7eurFfuZ6e,IMG_2212.heif,primary,"2811 34 Street Southwest
 2811 34 Street Southwest
 Killarney, Calgary,/Pictures ",2811 34/Photos/IMG_2212.heif,https://drive.google.com/file/d/1T9BS86oMyjqDa4_qhVAtbZ7eurFfuZ6e/view?usp=drivesdk
191aWWTSVcUHub_lO8U-x68YQB-Cduhw8,IMG_2210.heif,primary,"2811 34 Street Southwest
 2811 34 Street Southwest
 Killarney, Calgary,/Pictures ",2811 34/Photos/IMG_2210.heif,https://drive.google.com/file/d/191aWWTSVcUHub_lO8U-x68YQB-Cduhw8/view?usp=drivesdk
16_7tZkyT3ixOHw46z18ZZE5DR_Uc3NJm,IMG_2209.heif,primary,"2811 34 Street Southwest
 2811 34 Street Southwest
 Killarney, Calgary,/Pictures ",2811 34/Photos/IMG_2209.heif,https://drive.google.com/file/d/16_7tZkyT3ixOHw46z18ZZE5DR_Uc3NJm/view?usp=drivesdk
1pohbWk4TzknY1W6-N_w5xQAHv0reK3rh,IMG_2208.heif,primary,"2811 34 Street Southwest
 2811 34 Street Southwest
 Killarney, Calgary,/Pictures ",2811 34/Photos/IMG_2208.heif,https://drive.google.com/file/d/1pohbWk4TzknY1W6-N_w5xQAHv0reK3rh/view?usp=drivesdk
1Q2aKmqfV6V_zjmNPWwMAOyoPH7R5Los8,IMG_2207.heif,primary,"2811 34 Street Southwest
 2811 34 Street Southwest
 Killarney, Calgary,/Pictures ",2811 34/Photos/IMG_2207.heif,https://drive.google.com/file/d/1Q2aKmqfV6V_zjmNPWwMAOyoPH7R5Los8/view?usp=drivesdk
108vX_xMxZB9pANFzrUuqb3_XUd7Y9iPV,IMG_2205.heif,primary,"2811 34 Street Southwest
 2811 34 Street Southwest
 Killarney, Calgary,/Pictures ",2811 34/Photos/IMG_2205.heif,https://drive.google.com/file/d/108vX_xMxZB9pANFzrUuqb3_XUd7Y9iPV/view?usp=drivesdk
1X0jM9Zxg6BL7EEkPENKJeJ0jgtIdDULR,IMG_2203.heif,primary,"2811 34 Street Southwest
 2811 34 Street Southwest
 Killarney, Calgary,/Pictures ",2811 34/Photos/IMG_2203.heif,https://drive.google.com/file/d/1X0jM9Zxg6BL7EEkPENKJeJ0jgtIdDULR/view?usp=drivesdk
1scha2ujzq-VNv6b4Rvy70uIl5EwSY5Ye,IMG_2202.heif,primary,"2811 34 Street Southwest
 2811 34 Street Southwest
 Killarney, Calgary,/Pictures ",2811 34/Photos/IMG_2202.heif,https://drive.google.com/file/d/1scha2ujzq-VNv6b4Rvy70uIl5EwSY5Ye/view?usp=drivesdk
1cvaXkd3pqUecaoIvmu8b0Tr3qvzQAfeg,IMG_2201.heif,primary,"2811 34 Street Southwest
 2811 34 Street Southwest
 Killarney, Calgary,/Pictures ",2811 34/Photos/IMG_2201.heif,https://drive.google.com/file/d/1cvaXkd3pqUecaoIvmu8b0Tr3qvzQAfeg/view?usp=drivesdk
1CvIgWzxaDaMxxT88Uip6-EmMw19wlkrr,IMG_2200.heif,primary,"2811 34 Street Southwest
 2811 34 Street Southwest
 Killarney, Calgary,/Pictures ",2811 34/Photos/IMG_2200.heif,https://drive.google.com/file/d/1CvIgWzxaDaMxxT88Uip6-EmMw19wlkrr/view?usp=drivesdk
1zf55y9j78Xff_3VG-Y7h5HJ6lyA2006Y,IMG_2199.heif,primary,"2811 34 Street Southwest
 2811 34 Street Southwest
 Killarney, Calgary,/Pictures ",2811 34/Photos/IMG_2199.heif,https://drive.google.com/file/d/1zf55y9j78Xff_3VG-Y7h5HJ6lyA2006Y/view?usp=drivesdk
17bCNY3xM8qXlWx4Uae0O-y6O3qdenSx6,IMG_2198.heif,primary,"2811 34 Street Southwest
 2811 34 Street Southwest
 Killarney, Calgary,/Pictures ",2811 34/Photos/IMG_2198.heif,https://drive.google.com/file/d/17bCNY3xM8qXlWx4Uae0O-y6O3qdenSx6/view?usp=drivesdk
16YGFIwsDP65n_aCJ3_FweV_e_CU9CP1C,IMG_2197.heif,primary,"2811 34 Street Southwest
 2811 34 Street Southwest
 Killarney, Calgary,/Pictures ",2811 34/Photos/IMG_2197.heif,https://drive.google.com/file/d/16YGFIwsDP65n_aCJ3_FweV_e_CU9CP1C/view?usp=drivesdk
1aXREQd2ynrJIf8C-WQtGltWCB31ZFKDf,IMG_2196.heif,primary,"2811 34 Street Southwest
 2811 34 Street Southwest
 Killarney, Calgary,/Pictures ",2811 34/Photos/IMG_2196.heif,https://drive.google.com/file/d/1aXREQd2ynrJIf8C-WQtGltWCB31ZFKDf/view?usp=drivesdk
1uokPyyHLJlD4SlYkdgrVOxp8e8yRqrNK,IMG_2194.heif,primary,"2811 34 Street Southwest
 2811 34 Street Southwest
 Killarney, Calgary,/Pictures ",2811 34/Photos/IMG_2194.heif,https://drive.google.com/file/d/1uokPyyHLJlD4SlYkdgrVOxp8e8yRqrNK/view?usp=drivesdk
1v890eIBmqu29HA5Hl8qA1xe4JGFHji3A,IMG_2192.MOV,primary,"2811 34 Street Southwest
 2811 34 Street Southwest
 Killarney, Calgary,/Pictures ",2811 34/_NeedsReview/IMG_2192.MOV,https://drive.google.com/file/d/1v890eIBmqu29HA5Hl8qA1xe4JGFHji3A/view?usp=drivesdk
1tKvgfyKVnx6KExzZmxBHkDs4VmoW5_Pr,IMG_2191.heif,primary,"2811 34 Street Southwest
 2811 34 Street Southwest
 Killarney, Calgary,/Pictures ",2811 34/Photos/IMG_2191.heif,https://drive.google.com/file/d/1tKvgfyKVnx6KExzZmxBHkDs4VmoW5_Pr/view?usp=drivesdk
1iedEI1Rbwi6NwKBx-TFlBPotEGZP5Qj3,rentt_ai.mp4,primary,(root),_NeedsReview/rentt_ai.mp4,https://drive.google.com/file/d/1iedEI1Rbwi6NwKBx-TFlBPotEGZP5Qj3/view?usp=drivesdk
1FHCZIIkLYefsFfhMkVDBezruwMpXhsKn,Rentt AI - Property Management Platform - Google Chrome 2026-04-04 00-10-47.mp4,primary,(root),_NeedsReview/Rentt AI - Property Management Platform - Google Chrome 2026-04-04 00-10-47.mp4,https://drive.google.com/file/d/1FHCZIIkLYefsFfhMkVDBezruwMpXhsKn/view?usp=drivesdk
1BwcYXxjRSy8tkwe2eqlJZ79fBS5YPgi5,Rentt AI - Property Management Platform - Google Chrome 2026-04-04 13-41-53.mp4,primary,(root),_NeedsReview/Rentt AI - Property Management Platform - Google Chrome 2026-04-04 13-41-53.mp4,https://drive.google.com/file/d/1BwcYXxjRSy8tkwe2eqlJZ79fBS5YPgi5/view?usp=drivesdk
1RoqMyUEZAXYlo2G5X-cI-SAIJO93o5tJ,Permit 652109222-002.pdf,primary,Allendale 10646 61 Ave 6 Unit /Plans,Allendale (generic)/Plans & Permits/Permit 652109222-002.pdf,https://drive.google.com/file/d/1RoqMyUEZAXYlo2G5X-cI-SAIJO93o5tJ/view?usp=drivesdk
1w4qo0Oet2p1qqXKn7lvIyokhTADHwZ5v,"14858, 8 Unit Complex, Sunrize Investments, 9121 152 Street, Jasper Park, FINAL.pdf",primary,Jasper Park,"Jasper Park/_NeedsReview/14858, 8 Unit Complex, Sunrize Investments, 9121 152 Street, Jasper Park, FINAL.pdf",https://drive.google.com/file/d/1w4qo0Oet2p1qqXKn7lvIyokhTADHwZ5v/view?usp=drivesdk
1hzvdC_lA6pJX6srD3MkNW5SwThvzec02,"Montana, Co-Star, Buyers, All, All Classes, After 2014.xlsx",primary,LEADS////SPREADSHEETS!,"_NeedsReview/Montana, Co-Star, Buyers, All, All Classes, After 2014.xlsx",https://drive.google.com/file/d/1hzvdC_lA6pJX6srD3MkNW5SwThvzec02/view?usp=drivesdk
1gl-CAXyMoVkB5AKZEjne82Avq44md5_i,"Vancouver, Co-Star, Sellers, All, MF, After 2014.xlsx",primary,LEADS////SPREADSHEETS!,"_NeedsReview/Vancouver, Co-Star, Sellers, All, MF, After 2014.xlsx",https://drive.google.com/file/d/1gl-CAXyMoVkB5AKZEjne82Avq44md5_i/view?usp=drivesdk
1RJi4sYM2QRGGT_ucXFJuPdcxi2cPvP3cm8Hyx2N5UB0,Website- Login,primary,CORPORATION,_NeedsReview/Website- Login,https://docs.google.com/spreadsheets/d/1RJi4sYM2QRGGT_ucXFJuPdcxi2cPvP3cm8Hyx2N5UB0/edit?usp=drivesdk&ouid=112966636072631084810
1BggR9B2ebfrNTnDyw73CsrOT0PlQRMa6,High_Ticket_Lead_Tracker.xlsx,primary,(root),_NeedsReview/High_Ticket_Lead_Tracker.xlsx,https://drive.google.com/file/d/1BggR9B2ebfrNTnDyw73CsrOT0PlQRMa6/view?usp=drivesdk
1WVqVawVKJu4ug5RA9eBH4qdZY7hDgqJv,Screenshot 2026-03-28 at 10.15.13.png,primary,In Between Homes Expenses ,_Library/Photos/Screenshot 2026-03-28 at 10.15.13.png,https://drive.google.com/file/d/1WVqVawVKJu4ug5RA9eBH4qdZY7hDgqJv/view?usp=drivesdk
1G6-O5pMkNvHE5JSk542A8MlzrMfZ7zT3,Screenshot 2026-03-28 at 11.26.30.png,primary,In Between Homes Expenses ,_Library/Photos/Screenshot 2026-03-28 at 11.26.30.png,https://drive.google.com/file/d/1G6-O5pMkNvHE5JSk542A8MlzrMfZ7zT3/view?usp=drivesdk
11TzvDsrB3aP1LG1Ao7TlEuUpxVGBRk_4,Screenshot 2026-03-28 at 10.31.53.png,primary,In Between Homes Expenses ,_Library/Photos/Screenshot 2026-03-28 at 10.31.53.png,https://drive.google.com/file/d/11TzvDsrB3aP1LG1Ao7TlEuUpxVGBRk_4/view?usp=drivesdk
1x2yNQpIAQYqx_NsKvEKauijTDn2ZFoDQ,Screenshot 2026-03-28 at 10.30.30.png,primary,In Between Homes Expenses ,_Library/Photos/Screenshot 2026-03-28 at 10.30.30.png,https://drive.google.com/file/d/1x2yNQpIAQYqx_NsKvEKauijTDn2ZFoDQ/view?usp=drivesdk
1Op84IICbdsylnGWQFbWsTtMJUlpJvtUs,Screenshot 2026-03-28 at 10.29.46.png,primary,In Between Homes Expenses ,_Library/Photos/Screenshot 2026-03-28 at 10.29.46.png,https://drive.google.com/file/d/1Op84IICbdsylnGWQFbWsTtMJUlpJvtUs/view?usp=drivesdk
1Z7GvlWqRr9IlD1aOfBLYCLCePPZDuV9L,Screenshot 2026-03-28 at 10.29.23.png,primary,In Between Homes Expenses ,_Library/Photos/Screenshot 2026-03-28 at 10.29.23.png,https://drive.google.com/file/d/1Z7GvlWqRr9IlD1aOfBLYCLCePPZDuV9L/view?usp=drivesdk
19cIBGkc0RtKO9lymoHJP03aJYyaf0SKg,Screenshot 2026-03-28 at 10.28.54.png,primary,In Between Homes Expenses ,_Library/Photos/Screenshot 2026-03-28 at 10.28.54.png,https://drive.google.com/file/d/19cIBGkc0RtKO9lymoHJP03aJYyaf0SKg/view?usp=drivesdk
1s50VWCwFRGQPL9ww7_A2si_SIhdxXhqU,Screenshot 2026-03-28 at 10.27.42.png,primary,In Between Homes Expenses ,_Library/Photos/Screenshot 2026-03-28 at 10.27.42.png,https://drive.google.com/file/d/1s50VWCwFRGQPL9ww7_A2si_SIhdxXhqU/view?usp=drivesdk
1qRxWVRSj2Yw93y7dzCzdn8Vvmm-4cW6U,Screenshot 2026-03-28 at 10.26.30.png,primary,In Between Homes Expenses ,_Library/Photos/Screenshot 2026-03-28 at 10.26.30.png,https://drive.google.com/file/d/1qRxWVRSj2Yw93y7dzCzdn8Vvmm-4cW6U/view?usp=drivesdk
1L3gs-_pg6plH27FxOiRl-ZX8jA5ZBGDD,Screenshot 2026-03-28 at 10.24.10.png,primary,In Between Homes Expenses ,_Library/Photos/Screenshot 2026-03-28 at 10.24.10.png,https://drive.google.com/file/d/1L3gs-_pg6plH27FxOiRl-ZX8jA5ZBGDD/view?usp=drivesdk
1BR8RWJKK09GzT6IJCtqvR6aVvUiih7IY,Screenshot 2026-03-28 at 10.20.37.png,primary,In Between Homes Expenses ,_Library/Photos/Screenshot 2026-03-28 at 10.20.37.png,https://drive.google.com/file/d/1BR8RWJKK09GzT6IJCtqvR6aVvUiih7IY/view?usp=drivesdk
13eAFhtRSnRkLROQloAjImUw6-kISGbEz,Sunni Yaremchuk- PNW Statement - Blank.xlsx,primary,Allendale 6408 106/6408: CMHC,Allendale (generic)/Investor Docs/Sunni Yaremchuk- PNW Statement - Blank.xlsx,https://drive.google.com/file/d/13eAFhtRSnRkLROQloAjImUw6-kISGbEz/view?usp=drivesdk
15RN1r-bM6y6hGKy8CBg06UPTeo2iu-cD,0166867-00001_RS.PDF,primary,2025 Tax,_NeedsReview/0166867-00001_RS.PDF,https://drive.google.com/file/d/15RN1r-bM6y6hGKy8CBg06UPTeo2iu-cD/view?usp=drivesdk
1SixqprXcQdgOaPbuk6IMjUwnVS3mWFg8,Demolition Permit Statement.pdf,primary,Allendale 10646 61 Ave 6 Unit /Plans,Allendale (generic)/Plans & Permits/Demolition Permit Statement.pdf,https://drive.google.com/file/d/1SixqprXcQdgOaPbuk6IMjUwnVS3mWFg8/view?usp=drivesdk
1r6hs4yCvmhwBXSPINdjF7zK4GMXYAOiu,2441288-Plot.pdf,primary,Allendale 6408 106/5-Plex info ,Allendale (generic)/_NeedsReview/2441288-Plot.pdf,https://drive.google.com/file/d/1r6hs4yCvmhwBXSPINdjF7zK4GMXYAOiu/view?usp=drivesdk
130-Y6EGwXF6eoDiNNrYsKUNl01AECWJJ,2026-03-25 Report to Client.pdf,primary,2025 Tax/2025 Tax Emanation ,_NeedsReview/2026-03-25 Report to Client.pdf,https://drive.google.com/file/d/130-Y6EGwXF6eoDiNNrYsKUNl01AECWJJ/view?usp=drivesdk
14nb8UEY6QGAYu8TJFlVkj3NhgwDSA84J,Invoice 26036.pdf,primary,Allendale 6408 106/5-Unit Receipts ,Allendale (generic)/Financials/Invoice 26036.pdf,https://drive.google.com/file/d/14nb8UEY6QGAYu8TJFlVkj3NhgwDSA84J/view?usp=drivesdk
1bPwD3LXP00i_kzmQw077aLfYdARRi5OF,Invoice 10801_05.pdf,primary,2026 Tax - ,_Library/Financials/Invoice 10801_05.pdf,https://drive.google.com/file/d/1bPwD3LXP00i_kzmQw077aLfYdARRi5OF/view?usp=drivesdk
15asYTJqlFAhTfEie_UVidnA5vkyzQMEdXP-6fgZnTxA,Insert to Claude,primary,,_NeedsReview/Insert to Claude,https://docs.google.com/document/d/15asYTJqlFAhTfEie_UVidnA5vkyzQMEdXP-6fgZnTxA/edit?usp=drivesdk&ouid=112966636072631084810
1fzbPrWJpgpD0wajkC13U2eRjg0lSDhH9,Tax Data: 2024.xlsx,primary,,_Library/Financials/Tax Data: 2024.xlsx,https://drive.google.com/file/d/1fzbPrWJpgpD0wajkC13U2eRjg0lSDhH9/view?usp=drivesdk
1lUeVcq84qhi4dMnh2qpa7qzbi31iBrc-,0166867-00001_RS.PDF,primary,2025 Tax/2025 Tax Emanation ,_NeedsReview/0166867-00001_RS.PDF,https://drive.google.com/file/d/1lUeVcq84qhi4dMnh2qpa7qzbi31iBrc-/view?usp=drivesdk
1PcY0_XAGbVm5mb8Y7W1DhNBUNCilMvd_,0166867-00001_6564582_INV.PDF,primary,2025 Tax/2025 Tax Emanation ,_NeedsReview/0166867-00001_6564582_INV.PDF,https://drive.google.com/file/d/1PcY0_XAGbVm5mb8Y7W1DhNBUNCilMvd_/view?usp=drivesdk
1MVsS9zZLlcW4y4TEgmjdj1eHuhPAWCMW,STAT5787_0.pdf,primary,Mayfield 110/Mayfield-Invoice ,Mayfield 110/_NeedsReview/STAT5787_0.pdf,https://drive.google.com/file/d/1MVsS9zZLlcW4y4TEgmjdj1eHuhPAWCMW/view?usp=drivesdk
1irkns7f_hVcN-3rPrOqKnpdydMECTrVq,Statement of Adjustments.pdf,primary,Allendale 10646 61 Ave 6 Unit /Purchasing & Corporat3e Files,Allendale (generic)/_NeedsReview/Statement of Adjustments.pdf,https://drive.google.com/file/d/1irkns7f_hVcN-3rPrOqKnpdydMECTrVq/view?usp=drivesdk
1yzcsg_d2GH3GLZ7KE5kFTE3Kh0c3lLDW,Estimated Trust Rec.pdf,primary,Allendale 10646 61 Ave 6 Unit /Purchasing & Corporat3e Files,Allendale (generic)/_NeedsReview/Estimated Trust Rec.pdf,https://drive.google.com/file/d/1yzcsg_d2GH3GLZ7KE5kFTE3Kh0c3lLDW/view?usp=drivesdk
1ph6gfpzQpKEMLYMaW1kk_y1iUvfHDRUY,NEW - SCOTIA - Wire - Trust - Instructions.pdf,primary,Allendale 10646 61 Ave 6 Unit /Purchasing & Corporat3e Files,Allendale (generic)/_NeedsReview/NEW - SCOTIA - Wire - Trust - Instructions.pdf,https://drive.google.com/file/d/1ph6gfpzQpKEMLYMaW1kk_y1iUvfHDRUY/view?usp=drivesdk
1Zhwj6Db60IlV2mPHSckkvVTKPxF1YOIU,INV0000173423.pdf,primary,Mayfield 110/Mayfield-Invoice ,Mayfield 110/_NeedsReview/INV0000173423.pdf,https://drive.google.com/file/d/1Zhwj6Db60IlV2mPHSckkvVTKPxF1YOIU/view?usp=drivesdk
1KD3poqYcsGOv7OWHoUl5F6NJHRE2RoDY,86886529.pdf,primary,Allendale 10646 61 Ave 6 Unit /Receipts ,Allendale (generic)/_NeedsReview/86886529.pdf,https://drive.google.com/file/d/1KD3poqYcsGOv7OWHoUl5F6NJHRE2RoDY/view?usp=drivesdk
1wPJHkWzqSw3zAuxDv0I0-6ptx77CB5Bk,2025 Oct 28 Enamation Inv. Invoice.pdf,primary,2025 Tax/2025 Tax Emanation ,_Library/Financials/2025 Oct 28 Enamation Inv. Invoice.pdf,https://drive.google.com/file/d/1wPJHkWzqSw3zAuxDv0I0-6ptx77CB5Bk/view?usp=drivesdk
1XKt2wIlX56Tok2Y2cMRXlvABc_9J6b_F,2024 Apr 18 Emanation Inv. Invoice.pdf,primary,2025 Tax/2025 Tax Emanation ,_Library/Financials/2024 Apr 18 Emanation Inv. Invoice.pdf,https://drive.google.com/file/d/1XKt2wIlX56Tok2Y2cMRXlvABc_9J6b_F/view?usp=drivesdk
1NNf3WLJ_JHhyphT1PNvd3FB0Z3_CZpho,Invoice-0231195- Tree.pdf,primary,Jasper Park/Jasper Park-Invoice,Jasper Park/Financials/Invoice-0231195- Tree.pdf,https://drive.google.com/file/d/1NNf3WLJ_JHhyphT1PNvd3FB0Z3_CZpho/view?usp=drivesdk
1hcn5LfJo_LWPvnPz9pm9MVOzG5yWNFeR,STAT5787_0.pdf,primary,Mayfield 110/Mayfield-Invoice ,Mayfield 110/_NeedsReview/STAT5787_0.pdf,https://drive.google.com/file/d/1hcn5LfJo_LWPvnPz9pm9MVOzG5yWNFeR/view?usp=drivesdk
17pMRgk16qMMOyzX0gRDjh6NGvnYhcCzn,INVOICE_V101671_from_Vista Environmental Science Ltd_.pdf,primary,Mayfield 110/Mayfield-Invoice ,Mayfield 110/Reports/INVOICE_V101671_from_Vista Environmental Science Ltd_.pdf,https://drive.google.com/file/d/17pMRgk16qMMOyzX0gRDjh6NGvnYhcCzn/view?usp=drivesdk
1Uk85dPrkgO5L1Ai-vSk2Cm3zV41EuhMJ,INV0000171945.pdf,primary,Mayfield 110/Mayfield-Invoice ,Mayfield 110/_NeedsReview/INV0000171945.pdf,https://drive.google.com/file/d/1Uk85dPrkgO5L1Ai-vSk2Cm3zV41EuhMJ/view?usp=drivesdk
1iIq-neLho_amvxCiKPldFg3XKpHIsBWe,5474321392.pdf,primary,2025 Tax/2025 Tax Emanation ,_NeedsReview/5474321392.pdf,https://drive.google.com/file/d/1iIq-neLho_amvxCiKPldFg3XKpHIsBWe/view?usp=drivesdk
14RaW7LKpLu5reBdeba9UGNvIUZmYE9Gv,Receipt_C1At6uDqeyU2_from_OASIS_ENGINEERING_GROUP_LTD.pdf,primary,Jasper Park/Jasper Park-Invoice,Jasper Park/_NeedsReview/Receipt_C1At6uDqeyU2_from_OASIS_ENGINEERING_GROUP_LTD.pdf,https://drive.google.com/file/d/14RaW7LKpLu5reBdeba9UGNvIUZmYE9Gv/view?usp=drivesdk
1vFau7itwpyPvwqyqRF3BatrhQ-zR5KRy,25-43999 Vibrant Homes.pdf,primary,Mayfield 110/Mayfield-Invoice ,Mayfield 110/_NeedsReview/25-43999 Vibrant Homes.pdf,https://drive.google.com/file/d/1vFau7itwpyPvwqyqRF3BatrhQ-zR5KRy/view?usp=drivesdk
1yJI-8HUE1KG9r1gIrwU6lrGM0u6hLuf0,Davis Printing - Mayfield.pdf,primary,Mayfield 110/Mayfield-Invoice ,Mayfield 110/_NeedsReview/Davis Printing - Mayfield.pdf,https://drive.google.com/file/d/1yJI-8HUE1KG9r1gIrwU6lrGM0u6hLuf0/view?usp=drivesdk
1TDX8DJB99pUGUgtDJK01XVAnINiX-Lbs,Invoice_17737_2025-10-31.pdf,primary,Mayfield 110/Mayfield-Invoice ,Mayfield 110/_NeedsReview/Invoice_17737_2025-10-31.pdf,https://drive.google.com/file/d/1TDX8DJB99pUGUgtDJK01XVAnINiX-Lbs/view?usp=drivesdk
1rvNMsbdq-y3nm2z_3f83GiE4ZyzjYooX,Davis Printing - Jasper Park.pdf,primary,Jasper Park/Jasper Park-Invoice,Jasper Park/_NeedsReview/Davis Printing - Jasper Park.pdf,https://drive.google.com/file/d/1rvNMsbdq-y3nm2z_3f83GiE4ZyzjYooX/view?usp=drivesdk
18ZnIbvf6DyU4yCuEs30-aX6lVspsDkOY,Invoice_17738_2025-10-31.pdf,primary,Jasper Park/Jasper Park-Invoice,Jasper Park/_NeedsReview/Invoice_17738_2025-10-31.pdf,https://drive.google.com/file/d/18ZnIbvf6DyU4yCuEs30-aX6lVspsDkOY/view?usp=drivesdk
13TmxYwNaIYCnFZK5KfHhJ-UBqxob2tjC,Invoice_130.pdf,primary,Mayfield 110/Mayfield-Invoice ,Mayfield 110/_NeedsReview/Invoice_130.pdf,https://drive.google.com/file/d/13TmxYwNaIYCnFZK5KfHhJ-UBqxob2tjC/view?usp=drivesdk
19D0UKEVyBi7o9bEYU9PSpKm6YPujtzDd,Invoice_10553_from_OASIS_ENGINEERING_GROUP_LTD.pdf,primary,Jasper Park/Jasper Park-Invoice,Jasper Park/_NeedsReview/Invoice_10553_from_OASIS_ENGINEERING_GROUP_LTD.pdf,https://drive.google.com/file/d/19D0UKEVyBi7o9bEYU9PSpKm6YPujtzDd/view?usp=drivesdk
1Jqgab_lGLHtoQ6QOvsg_8Jyu9iyOUvne,Invoice 2232 - 1 18x24 Coroplast  Sign 40 with 4 grommets - Jan 07 2026.PDF,primary,Mayfield 110/Mayfield-Invoice ,Mayfield 110/Financials/Invoice 2232 - 1 18x24 Coroplast  Sign 40 with 4 grommets - Jan 07 2026.PDF,https://drive.google.com/file/d/1Jqgab_lGLHtoQ6QOvsg_8Jyu9iyOUvne/view?usp=drivesdk
1a1AaPdTLaWKVOtHpfg9n0UBQBEDqQ8z4,Invoice - 15014EH.pdf,primary,Allendale 6408 106/5-Unit Receipts ,Allendale (generic)/Financials/Invoice - 15014EH.pdf,https://drive.google.com/file/d/1a1AaPdTLaWKVOtHpfg9n0UBQBEDqQ8z4/view?usp=drivesdk
1dlutHKURZ3eDzrCIU3CvqTq9h35hnuEY,INV0000170443.pdf,primary,Mayfield 110/Mayfield-Invoice ,Mayfield 110/_NeedsReview/INV0000170443.pdf,https://drive.google.com/file/d/1dlutHKURZ3eDzrCIU3CvqTq9h35hnuEY/view?usp=drivesdk
1fm79sw0DV4kvSJHa1zqsJLDj95ZumLoZ,Allendale Atco.pdf,primary,Allendale 6408 106/6408: Invoice,Allendale (generic)/_NeedsReview/Allendale Atco.pdf,https://drive.google.com/file/d/1fm79sw0DV4kvSJHa1zqsJLDj95ZumLoZ/view?usp=drivesdk
1WNODCfy37Bjv4fuc8pUgdGx2PwxIw9gB,Invoice 24241-11328 126 St.pdf,primary,Allendale 6408 106/6408: Invoice,Allendale (generic)/Financials/Invoice 24241-11328 126 St.pdf,https://drive.google.com/file/d/1WNODCfy37Bjv4fuc8pUgdGx2PwxIw9gB/view?usp=drivesdk
1hnV-HMPmQEX8SljoCIEo6diwMrpmp09e,Allendale Invoice_13935_from_ProtechGeo__Material_Testing_Ltd FINAL.pdf,primary,Allendale 6408 106/6408: Invoice,Allendale (generic)/_NeedsReview/Allendale Invoice_13935_from_ProtechGeo__Material_Testing_Ltd FINAL.pdf,https://drive.google.com/file/d/1hnV-HMPmQEX8SljoCIEo6diwMrpmp09e/view?usp=drivesdk
1sYUuLilb3urvAKtai5dfRDhRug7cn_da,Allendale Permit Statement.pdf,primary,Allendale 6408 106/6408: Invoice,Allendale (generic)/Plans & Permits/Allendale Permit Statement.pdf,https://drive.google.com/file/d/1sYUuLilb3urvAKtai5dfRDhRug7cn_da/view?usp=drivesdk
1s9s__96cbUBLhzAftYMRoZXkhgQNdzGd,Allendale Insurance.pdf,primary,Allendale 6408 106/6408: Invoice,Allendale (generic)/_NeedsReview/Allendale Insurance.pdf,https://drive.google.com/file/d/1s9s__96cbUBLhzAftYMRoZXkhgQNdzGd/view?usp=drivesdk
1Yh_jpBu4evFZG3YiU0LssC0RUzw9i70w,Allendale Development Decision 564496862-002.pdf,primary,Allendale 6408 106/6408: Invoice,Allendale (generic)/_NeedsReview/Allendale Development Decision 564496862-002.pdf,https://drive.google.com/file/d/1Yh_jpBu4evFZG3YiU0LssC0RUzw9i70w/view?usp=drivesdk
19LIrpPoBQRkJqLgEgzmFL-Psv9axEusC,3-13862-16645.pdf,primary,Allendale 6408 106/6408: Invoice,Allendale (generic)/_NeedsReview/3-13862-16645.pdf,https://drive.google.com/file/d/19LIrpPoBQRkJqLgEgzmFL-Psv9axEusC/view?usp=drivesdk
1u2g_Y-6Kb649ZNVU6sFZtK7Box0fH1fb,IMG_6186.PNG,primary,Allendale 6408 106/6408: Invoice,Allendale (generic)/Photos/IMG_6186.PNG,https://drive.google.com/file/d/1u2g_Y-6Kb649ZNVU6sFZtK7Box0fH1fb/view?usp=drivesdk
1PyjbfwPCR5OUDwkfJ_bEhkRDYfrTAhhn,Allendale expense insurance.pdf,primary,Allendale 6408 106/6408: Invoice,Allendale (generic)/_NeedsReview/Allendale expense insurance.pdf,https://drive.google.com/file/d/1PyjbfwPCR5OUDwkfJ_bEhkRDYfrTAhhn/view?usp=drivesdk
1tSiF6-hG9VOnxPWx1v9fWCbgFh5OSUBG,Allendale Insurance Invoice 216903.pdf,primary,Allendale 6408 106/6408: Invoice,Allendale (generic)/Financials/Allendale Insurance Invoice 216903.pdf,https://drive.google.com/file/d/1tSiF6-hG9VOnxPWx1v9fWCbgFh5OSUBG/view?usp=drivesdk
18fe2Vr00qsB3l1BKPkHAFsxiFgEqDHqH,Allendale hydrovac.pdf,primary,Allendale 6408 106/6408: Invoice,Allendale (generic)/_NeedsReview/Allendale hydrovac.pdf,https://drive.google.com/file/d/18fe2Vr00qsB3l1BKPkHAFsxiFgEqDHqH/view?usp=drivesdk
1Z_w_yNo-XkI_S4Y6SrzZZnJhsmap83g5,Bank Draft Calculation Lawyer Payments.pdf,primary,Allendale 6408 106/6408: Invoice,Allendale (generic)/Legal/Bank Draft Calculation Lawyer Payments.pdf,https://drive.google.com/file/d/1Z_w_yNo-XkI_S4Y6SrzZZnJhsmap83g5/view?usp=drivesdk
1IYW0N6QSW9_3apepr201TAHqeMOLwUOw,Invoice 25-120 6-plex.pdf,primary,Allendale 6408 106/6408: Invoice,Allendale (generic)/Financials/Invoice 25-120 6-plex.pdf,https://drive.google.com/file/d/1IYW0N6QSW9_3apepr201TAHqeMOLwUOw/view?usp=drivesdk
1-HNTp6O1XxR8tkicHhp6Vh73MB8LFTcH,Invoice-Facture MUIN00090084-MU MLI.PDF,primary,Allendale 6408 106/6408: Invoice,Allendale (generic)/Financials/Invoice-Facture MUIN00090084-MU MLI.PDF,https://drive.google.com/file/d/1-HNTp6O1XxR8tkicHhp6Vh73MB8LFTcH/view?usp=drivesdk
1evdIKJQHnbX6oxJTFxxXX1Y3OewFgs4U,invoice_93826.pdf,primary,Allendale 6408 106/6408: Invoice,Allendale (generic)/_NeedsReview/invoice_93826.pdf,https://drive.google.com/file/d/1evdIKJQHnbX6oxJTFxxXX1Y3OewFgs4U/view?usp=drivesdk
1QswOqYDKCslcrbmsc7uh-TsNkOSQ8dDI,LOE_6-Unit_Complex_at_6408_106_St_Edmonton.pdf,primary,Allendale 6408 106/6408: Invoice,Allendale (generic)/_NeedsReview/LOE_6-Unit_Complex_at_6408_106_St_Edmonton.pdf,https://drive.google.com/file/d/1QswOqYDKCslcrbmsc7uh-TsNkOSQ8dDI/view?usp=drivesdk
1C6KH6OeYiHwJveOZGjegkjWjeE-OGRe4,106 Street Property - Venture Invoice 16643.pdf,primary,Allendale 6408 106/6408: Invoice,Allendale (generic)/Financials/106 Street Property - Venture Invoice 16643.pdf,https://drive.google.com/file/d/1C6KH6OeYiHwJveOZGjegkjWjeE-OGRe4/view?usp=drivesdk
1bxUBdFaQAuoLT93c4oBt4HG9OGp7mhM6,Landscape Securities,primary,Allendale 6408 106/6408: Invoice,Allendale (generic)/Photos/Landscape Securities,https://drive.google.com/file/d/1bxUBdFaQAuoLT93c4oBt4HG9OGp7mhM6/view?usp=drivesdk
1d-Qo-p7ea5cSd5cM41mqQCaCC7bfiVhi,Construction of a New Building Permit Statement.pdf,primary,Allendale 6408 106/6408: Invoice,Allendale (generic)/Plans & Permits/Construction of a New Building Permit Statement.pdf,https://drive.google.com/file/d/1d-Qo-p7ea5cSd5cM41mqQCaCC7bfiVhi/view?usp=drivesdk
14yOscy8PtLTZbCEr-Y1mjtdInpJG2j-W,Invoice 25-112 6-plex.pdf,primary,Allendale 6408 106/6408: Invoice,Allendale (generic)/Financials/Invoice 25-112 6-plex.pdf,https://drive.google.com/file/d/14yOscy8PtLTZbCEr-Y1mjtdInpJG2j-W/view?usp=drivesdk
1wAIinvJE1h2xWZHi7Uk1Hai-rDg-evLS,HPSCAN_20250605154707796_2025-06-05_154755568.pdf,primary,Allendale 6408 106/6408: Invoice,Allendale (generic)/_NeedsReview/HPSCAN_20250605154707796_2025-06-05_154755568.pdf,https://drive.google.com/file/d/1wAIinvJE1h2xWZHi7Uk1Hai-rDg-evLS/view?usp=drivesdk
1WfUSyhim4Oth8U5uQGEW0y-7Uxe6zOiV,Invoice 25-184 Allendale 5 plex.pdf,primary,Allendale 6408 106/6408: Invoice,Allendale (generic)/Financials/Invoice 25-184 Allendale 5 plex.pdf,https://drive.google.com/file/d/1WfUSyhim4Oth8U5uQGEW0y-7Uxe6zOiV/view?usp=drivesdk
1fOzVGBQaOT89vQ4CIMUqcHfIlBQs-QxY,Invoice 13430EH.pdf,primary,Allendale 6408 106/6408: Invoice,Allendale (generic)/Financials/Invoice 13430EH.pdf,https://drive.google.com/file/d/1fOzVGBQaOT89vQ4CIMUqcHfIlBQs-QxY/view?usp=drivesdk
1fOHNKLGzPGcGn9VAyWkDJKUrC_5XNgB0,E2025-07-CI-001 Allendale Billing #1 26_08_2025.pdf,primary,Allendale 6408 106/6408: Invoice,Allendale (generic)/_NeedsReview/E2025-07-CI-001 Allendale Billing #1 26_08_2025.pdf,https://drive.google.com/file/d/1fOHNKLGzPGcGn9VAyWkDJKUrC_5XNgB0/view?usp=drivesdk
1q1EHGg4Zchdlf9woOhCH1cHmZ1qpsphX,BTY Invoice Payment Options - Scotia Bank.pdf,primary,Allendale 6408 106/6408: Invoice,Allendale (generic)/Financials/BTY Invoice Payment Options - Scotia Bank.pdf,https://drive.google.com/file/d/1q1EHGg4Zchdlf9woOhCH1cHmZ1qpsphX/view?usp=drivesdk
1o1e3gHYha5vDae2cEjyenmkMhcTrHaBQ,COI-CMLS Deposit .pdf,primary,Allendale 6408 106/6408: Invoice,Allendale (generic)/Marketing & OM/COI-CMLS Deposit .pdf,https://drive.google.com/file/d/1o1e3gHYha5vDae2cEjyenmkMhcTrHaBQ/view?usp=drivesdk
1ToiCSURrBFc7f7pwzonWokp3p1Az2blK,IMG_6187.PNG,primary,Allendale 6408 106/6408: Invoice,Allendale (generic)/Photos/IMG_6187.PNG,https://drive.google.com/file/d/1ToiCSURrBFc7f7pwzonWokp3p1Az2blK/view?usp=drivesdk
1eaqpce_vs7xxWatWYRAMkbKuNR8oXRjA,Abatement Payment .png,primary,Allendale 6408 106/6408: Invoice,Allendale (generic)/Photos/Abatement Payment .png,https://drive.google.com/file/d/1eaqpce_vs7xxWatWYRAMkbKuNR8oXRjA/view?usp=drivesdk
1dDRr0zWBIZNOScFVpk7vQ-qx17w5rN6v,Backyard House Development Permit Statement.pdf,primary,Mayfield 110/Mayfield-Invoice ,Mayfield 110/Plans & Permits/Backyard House Development Permit Statement.pdf,https://drive.google.com/file/d/1dDRr0zWBIZNOScFVpk7vQ-qx17w5rN6v/view?usp=drivesdk
1LFUkPZynrykVz6teAmoL1EnPAIvrDTZK,Invoice_121.pdf,primary,Jasper Park/Jasper Park-Invoice,Jasper Park/_NeedsReview/Invoice_121.pdf,https://drive.google.com/file/d/1LFUkPZynrykVz6teAmoL1EnPAIvrDTZK/view?usp=drivesdk
1NiCEU8f6xFzDM05BqATD6p6jtdjMYLaL,9121 152 Jasper Park Landscape - 001.pdf,primary,Jasper Park/Jasper Park-Invoice,Jasper Park/_NeedsReview/9121 152 Jasper Park Landscape - 001.pdf,https://drive.google.com/file/d/1NiCEU8f6xFzDM05BqATD6p6jtdjMYLaL/view?usp=drivesdk
1UNrR9yN-cZkrkMUlgtXq-u6Ga6WXGs7L,Commitment Letter - Signed.pdf,primary,Mayfield 110/Mayfield-Invoice ,Mayfield 110/_NeedsReview/Commitment Letter - Signed.pdf,https://drive.google.com/file/d/1UNrR9yN-cZkrkMUlgtXq-u6Ga6WXGs7L/view?usp=drivesdk
1ReKrcfmNsuIlNIV_5FhrZGPuWfTylDYQ,~WRD0000.jpg,primary,Mayfield 110/Mayfield-Invoice ,Mayfield 110/Photos/~WRD0000.jpg,https://drive.google.com/file/d/1ReKrcfmNsuIlNIV_5FhrZGPuWfTylDYQ/view?usp=drivesdk
1XaVTVQmk6mn2C5fVV3r3GGZJ3KLrO2P_,image003.png,primary,Mayfield 110/Mayfield-Invoice ,Mayfield 110/Photos/image003.png,https://drive.google.com/file/d/1XaVTVQmk6mn2C5fVV3r3GGZJ3KLrO2P_/view?usp=drivesdk
1b4oqgYLJFPyK4EzA8_ES22tqCFXJwkJ9,image001.png,primary,Mayfield 110/Mayfield-Invoice ,Mayfield 110/Photos/image001.png,https://drive.google.com/file/d/1b4oqgYLJFPyK4EzA8_ES22tqCFXJwkJ9/view?usp=drivesdk
1eXJhXybWYVlKzG-N7gGRuobsC8_bYXCt,Signed Renewal September 2025.pdf,primary,Mayfield 110/Mayfield-Invoice ,Mayfield 110/_NeedsReview/Signed Renewal September 2025.pdf,https://drive.google.com/file/d/1eXJhXybWYVlKzG-N7gGRuobsC8_bYXCt/view?usp=drivesdk
1rtpe1RLJFKF7BZcry3uWWiYpr7SxgpJ2,image002.png,primary,Mayfield 110/Mayfield-Invoice ,Mayfield 110/Photos/image002.png,https://drive.google.com/file/d/1rtpe1RLJFKF7BZcry3uWWiYpr7SxgpJ2/view?usp=drivesdk
14zBkZny8eMi3L2DB4M_MjTaydWHPJyAq,Invoice 14858RP.pdf,primary,Jasper Park/Jasper Park-Invoice,Jasper Park/Financials/Invoice 14858RP.pdf,https://drive.google.com/file/d/14zBkZny8eMi3L2DB4M_MjTaydWHPJyAq/view?usp=drivesdk
1-r2_JJogr2DGDM3gjVCbGxZi_MX8_cXX,Receipt__from_OASIS_ENGINEERING_GROUP_LTD.pdf,primary,Mayfield 110/Mayfield-Invoice ,Mayfield 110/_NeedsReview/Receipt__from_OASIS_ENGINEERING_GROUP_LTD.pdf,https://drive.google.com/file/d/1-r2_JJogr2DGDM3gjVCbGxZi_MX8_cXX/view?usp=drivesdk
14Mlf-JSCVBLw8KvIiuoKYPQaO2hT9IVy,Policy Pkg - Policy#RRB0023249-00.pdf,primary,Mayfield 110/Mayfield-Invoice ,Mayfield 110/_NeedsReview/Policy Pkg - Policy#RRB0023249-00.pdf,https://drive.google.com/file/d/14Mlf-JSCVBLw8KvIiuoKYPQaO2hT9IVy/view?usp=drivesdk
1Gc27NIsnQT89MSynrFh9hHN5ke7i69re,image001.png,primary,Mayfield 110/Mayfield-Invoice ,Mayfield 110/Photos/image001.png,https://drive.google.com/file/d/1Gc27NIsnQT89MSynrFh9hHN5ke7i69re/view?usp=drivesdk
1BPlXUODEp9A_N8C6WBMNq8b7gqWXx8rT,Inv# 84.pdf,primary,Mayfield 110/Mayfield-Invoice ,Mayfield 110/_NeedsReview/Inv# 84.pdf,https://drive.google.com/file/d/1BPlXUODEp9A_N8C6WBMNq8b7gqWXx8rT/view?usp=drivesdk
1UJW6ZcIS5Nw7iu6LJ3CFucv6CK6km8oQ,image002.jpg,primary,Mayfield 110/Mayfield-Invoice ,Mayfield 110/Photos/image002.jpg,https://drive.google.com/file/d/1UJW6ZcIS5Nw7iu6LJ3CFucv6CK6km8oQ/view?usp=drivesdk
1gclPfbYdVPl5kJiICkEf2WvI8pQvUDh_,Paid Invoice 13799RP.pdf,primary,Mayfield 110/Mayfield-Invoice ,Mayfield 110/Financials/Paid Invoice 13799RP.pdf,https://drive.google.com/file/d/1gclPfbYdVPl5kJiICkEf2WvI8pQvUDh_/view?usp=drivesdk
1R5FR1ZfIw2nNM-zx5w7vvEOJA9m7XwlX,image001.jpg,primary,Mayfield 110/Mayfield-Invoice ,Mayfield 110/Photos/image001.jpg,https://drive.google.com/file/d/1R5FR1ZfIw2nNM-zx5w7vvEOJA9m7XwlX/view?usp=drivesdk
1WlONpsz0IADZdeLKj4OK2uIn5pg2b3w5,INVOICE_1819_from_Alberta Geomatics Inc_                                           (Operating as Arc Surveys Edmonton).pdf,primary,Mayfield 110/Mayfield-Invoice ,Mayfield 110/_NeedsReview/INVOICE_1819_from_Alberta Geomatics Inc_                                           (Operating as Arc Surveys Edmonton).pdf,https://drive.google.com/file/d/1WlONpsz0IADZdeLKj4OK2uIn5pg2b3w5/view?usp=drivesdk
118nlaFApWXyDnVS3-lH6T7aKgDGuAq9V,RECEIPT - Do not reply.eml,primary,Mayfield 110/Mayfield-Invoice ,Mayfield 110/_NeedsReview/RECEIPT - Do not reply.eml,https://drive.google.com/file/d/118nlaFApWXyDnVS3-lH6T7aKgDGuAq9V/view?usp=drivesdk
1_oZFKsB8ZUd_9gFbKQY5A8xESWcRLOhe,15981 110b Ave NW Invoice (revised2).pdf,primary,Mayfield 110/Mayfield-Invoice ,Mayfield 110/Financials/15981 110b Ave NW Invoice (revised2).pdf,https://drive.google.com/file/d/1_oZFKsB8ZUd_9gFbKQY5A8xESWcRLOhe/view?usp=drivesdk
1ZZzdJhenYs8m64E-xufttnVBl1IPrLcn,invoice-5563.pdf,primary,Mayfield 110/Mayfield-Invoice ,Mayfield 110/Financials/invoice-5563.pdf,https://drive.google.com/file/d/1ZZzdJhenYs8m64E-xufttnVBl1IPrLcn/view?usp=drivesdk
19IiLeu-818fN_TcWW_RScU52xXTUjWlR,Invoice_62216_from_Enviromatics_Group_Ltd.pdf,primary,Mayfield 110/Mayfield-Invoice ,Mayfield 110/_NeedsReview/Invoice_62216_from_Enviromatics_Group_Ltd.pdf,https://drive.google.com/file/d/19IiLeu-818fN_TcWW_RScU52xXTUjWlR/view?usp=drivesdk
14zl_3k6K31fHMqG5hWyBQ60pNCECcZzH,25-42488 Vibrant Homes.pdf,primary,Mayfield 110/Mayfield-Invoice ,Mayfield 110/_NeedsReview/25-42488 Vibrant Homes.pdf,https://drive.google.com/file/d/14zl_3k6K31fHMqG5hWyBQ60pNCECcZzH/view?usp=drivesdk
1NyWNKKb1J6uwGIaxvchwK97kS76cPbxk,Invoice_9521_from_OASIS_ENGINEERING_GROUP_LTD.pdf,primary,Mayfield 110/Mayfield-Invoice ,Mayfield 110/_NeedsReview/Invoice_9521_from_OASIS_ENGINEERING_GROUP_LTD.pdf,https://drive.google.com/file/d/1NyWNKKb1J6uwGIaxvchwK97kS76cPbxk/view?usp=drivesdk
1nKenb6zXihEyeTz5iSJoSGDnr64TSkJZ,invoice-5547.pdf,primary,Mayfield 110/Mayfield-Invoice ,Mayfield 110/Financials/invoice-5547.pdf,https://drive.google.com/file/d/1nKenb6zXihEyeTz5iSJoSGDnr64TSkJZ/view?usp=drivesdk
12CbmfUmmTCOgikJpdo3QzcDfyTlcV9Sh,invoice-5563.pdf,primary,Mayfield 110/Mayfield-Invoice ,Mayfield 110/Financials/invoice-5563.pdf,https://drive.google.com/file/d/12CbmfUmmTCOgikJpdo3QzcDfyTlcV9Sh/view?usp=drivesdk
1QBfaGCo4LYaVCxiO6KancPxnZFtqEEsQ,invoice-5547.pdf,primary,Mayfield 110/Mayfield-Invoice ,Mayfield 110/Financials/invoice-5547.pdf,https://drive.google.com/file/d/1QBfaGCo4LYaVCxiO6KancPxnZFtqEEsQ/view?usp=drivesdk
1AoybD3Lo_JMvVQfQ9K2J6XCLJSKY3f02,SUN002HDServices invoice (1).pdf,primary,Mayfield 110/Mayfield-Invoice ,Mayfield 110/Financials/SUN002HDServices invoice (1).pdf,https://drive.google.com/file/d/1AoybD3Lo_JMvVQfQ9K2J6XCLJSKY3f02/view?usp=drivesdk
17ng6CHRZcWIiynMqeYuQBr2wUCXPpNKf,Invoice_206970_from_Mani_Property_Services_Inc.pdf,primary,Mayfield 110/Mayfield-Invoice ,Mayfield 110/_NeedsReview/Invoice_206970_from_Mani_Property_Services_Inc.pdf,https://drive.google.com/file/d/17ng6CHRZcWIiynMqeYuQBr2wUCXPpNKf/view?usp=drivesdk
1VpdSIlBqzKwN6zRX6_YfKIsb6TSrpziX,Inv# 102.pdf,primary,Mayfield 110/Mayfield-Invoice ,Mayfield 110/_NeedsReview/Inv# 102.pdf,https://drive.google.com/file/d/1VpdSIlBqzKwN6zRX6_YfKIsb6TSrpziX/view?usp=drivesdk
17VnPFHjt9V5XfaijAMxGIWQf6SeZACxI,20251024_103337.jpg,primary,Mayfield 110/Mayfield-Invoice ,Mayfield 110/Photos/20251024_103337.jpg,https://drive.google.com/file/d/17VnPFHjt9V5XfaijAMxGIWQf6SeZACxI/view?usp=drivesdk
1WTMalllhRmFVALtFD6O1S8bLiWaL0Dld,document.pdf,primary,Mayfield 110/Mayfield-Invoice ,Mayfield 110/_NeedsReview/document.pdf,https://drive.google.com/file/d/1WTMalllhRmFVALtFD6O1S8bLiWaL0Dld/view?usp=drivesdk
1wY9sOdQuLTfitzI4DcSCnkFVsfb5GJNj,TRANSACTION_RECORD.pdf,primary,Mayfield 110/Mayfield-Invoice ,Mayfield 110/_NeedsReview/TRANSACTION_RECORD.pdf,https://drive.google.com/file/d/1wY9sOdQuLTfitzI4DcSCnkFVsfb5GJNj/view?usp=drivesdk
1FPUz6s0XDcXi3jTtyBj9hN0i2wn-MBuv,Invoice_116.pdf,primary,Mayfield 110/Mayfield-Invoice ,Mayfield 110/_NeedsReview/Invoice_116.pdf,https://drive.google.com/file/d/1FPUz6s0XDcXi3jTtyBj9hN0i2wn-MBuv/view?usp=drivesdk
1AbsYw0xlsT2Hl71lzK0O47RU00BMsh-h,Invoice_000475_from_Offset_Excavating_Ltd.pdf,primary,Mayfield 110/Mayfield-Invoice ,Mayfield 110/_NeedsReview/Invoice_000475_from_Offset_Excavating_Ltd.pdf,https://drive.google.com/file/d/1AbsYw0xlsT2Hl71lzK0O47RU00BMsh-h/view?usp=drivesdk
1auMtH0wvA2WdAod5xADkOF5ybpn7yquz,Row House Development Permit Statement.pdf,primary,Jasper Park/Jasper Park-Invoice,Jasper Park/Plans & Permits/Row House Development Permit Statement.pdf,https://drive.google.com/file/d/1auMtH0wvA2WdAod5xADkOF5ybpn7yquz/view?usp=drivesdk
1-zGTwgq4IgzZTi5In7_EfAeq2pssaz5e,Invoice_10353_from_OASIS_ENGINEERING_GROUP_LTD.pdf,primary,Jasper Park/Jasper Park-Invoice,Jasper Park/_NeedsReview/Invoice_10353_from_OASIS_ENGINEERING_GROUP_LTD.pdf,https://drive.google.com/file/d/1-zGTwgq4IgzZTi5In7_EfAeq2pssaz5e/view?usp=drivesdk
1TsLwYAyqeJuhgWmYkVLaOjNm8_TZowNa,INVOICE_2898_from_Alberta Geomatics Inc_ (Operating as Arc Surveys Edmonton).pdf,primary,Jasper Park/Jasper Park-Invoice,Jasper Park/_NeedsReview/INVOICE_2898_from_Alberta Geomatics Inc_ (Operating as Arc Surveys Edmonton).pdf,https://drive.google.com/file/d/1TsLwYAyqeJuhgWmYkVLaOjNm8_TZowNa/view?usp=drivesdk
13xn5GKo5TRynlI5rpqk4cF6F-zASV9Nr,Confirmation_for_Booking_ID_#_929179910.pdf,primary,2025 Tax,_NeedsReview/Confirmation_for_Booking_ID_#_929179910.pdf,https://drive.google.com/file/d/13xn5GKo5TRynlI5rpqk4cF6F-zASV9Nr/view?usp=drivesdk
1V-AMYqgj9krpYOgvmqdPOkcol9zzmX8X,IMG_0089.jpeg,primary,Allendale 6408 106/5-Unit Receipts ,Allendale (generic)/Photos/IMG_0089.jpeg,https://drive.google.com/file/d/1V-AMYqgj9krpYOgvmqdPOkcol9zzmX8X/view?usp=drivesdk
1Kus19MbkhtoyDGHR6e9qi67oZzcqzDtE,IMG_0086.jpeg,primary,Allendale 6408 106/5-Unit Receipts ,Allendale (generic)/Photos/IMG_0086.jpeg,https://drive.google.com/file/d/1Kus19MbkhtoyDGHR6e9qi67oZzcqzDtE/view?usp=drivesdk
1G2yhNYut-spPoE2ILtp-4dFmCx6RvC52,"Income Statement Sep 30, 2024 - Sundia.pdf",primary,Mayfield 110/Mayfield-Invoice ,"Mayfield 110/_NeedsReview/Income Statement Sep 30, 2024 - Sundia.pdf",https://drive.google.com/file/d/1G2yhNYut-spPoE2ILtp-4dFmCx6RvC52/view?usp=drivesdk
1arYrB3pvXvktqkA_JmNB9W6ZS0rMn1Sm,"Balance Sheet Sep 30, 2024- Sundia.pdf",primary,Mayfield 110/Mayfield-Invoice ,"Mayfield 110/_NeedsReview/Balance Sheet Sep 30, 2024- Sundia.pdf",https://drive.google.com/file/d/1arYrB3pvXvktqkA_JmNB9W6ZS0rMn1Sm/view?usp=drivesdk
1cXd-QNJuWzaLhUZ_k8sjZlIOjjrvMFsw,7638059.pdf,primary,Allendale 6408 106/5-Unit Receipts ,Allendale (generic)/_NeedsReview/7638059.pdf,https://drive.google.com/file/d/1cXd-QNJuWzaLhUZ_k8sjZlIOjjrvMFsw/view?usp=drivesdk
1kPt2bgPAaK2wuoLhfJ0pY4J1bSdnk3qB,SUN003HDServices invoice.pdf,primary,Mayfield 110/Mayfield-Invoice ,Mayfield 110/Financials/SUN003HDServices invoice.pdf,https://drive.google.com/file/d/1kPt2bgPAaK2wuoLhfJ0pY4J1bSdnk3qB/view?usp=drivesdk
1_xC6tFLwNhWdQVHUEgtyzruUCydAUGS7,Demolition Permit Statement.pdf,primary,Mayfield 110/Mayfield-Invoice ,Mayfield 110/Plans & Permits/Demolition Permit Statement.pdf,https://drive.google.com/file/d/1_xC6tFLwNhWdQVHUEgtyzruUCydAUGS7/view?usp=drivesdk
1xWUlE1qAZi3Apzf6IRM4ZaDIJDj980cs,10646 61 Ave Insurance.pdf,primary,Allendale 10646 61 Ave 6 Unit /Receipts ,Allendale (generic)/_NeedsReview/10646 61 Ave Insurance.pdf,https://drive.google.com/file/d/1xWUlE1qAZi3Apzf6IRM4ZaDIJDj980cs/view?usp=drivesdk
1qxAoiM_NGCvfIMnwlmuIZwskjgAVDl8Q,Invoice-4B74LQP6-0001.pdf,primary,2025 Tax,_Library/Financials/Invoice-4B74LQP6-0001.pdf,https://drive.google.com/file/d/1qxAoiM_NGCvfIMnwlmuIZwskjgAVDl8Q/view?usp=drivesdk
13ZUJWAmsf7wrdmrFz8dKK0qqw-doABDd,Receipt-2572-9363.pdf,primary,2025 Tax,_NeedsReview/Receipt-2572-9363.pdf,https://drive.google.com/file/d/13ZUJWAmsf7wrdmrFz8dKK0qqw-doABDd/view?usp=drivesdk
1aVu9aJ1A9vGtyJQ7IxBT0IzFz_pwHke-,Invoice_2001_2025-09-02.pdf,primary,2025 Tax,_NeedsReview/Invoice_2001_2025-09-02.pdf,https://drive.google.com/file/d/1aVu9aJ1A9vGtyJQ7IxBT0IzFz_pwHke-/view?usp=drivesdk
1ClYRVJV0rJ1lppOuRbU0iWr9P1JhbF-r,INV-000157.pdf,primary,2025 Tax,_NeedsReview/INV-000157.pdf,https://drive.google.com/file/d/1ClYRVJV0rJ1lppOuRbU0iWr9P1JhbF-r/view?usp=drivesdk
1xraBTbhi2b1zOsOwB6lb4GXs5hIQVG7I,Invoice-XSHB3CIK-0002.pdf,primary,Rentt.ai Invoices ,_Library/Financials/Invoice-XSHB3CIK-0002.pdf,https://drive.google.com/file/d/1xraBTbhi2b1zOsOwB6lb4GXs5hIQVG7I/view?usp=drivesdk
1gn8NllQF_YVcB7UIS-BKSwwVD8GiSAX0,Receipt-2783-4332.pdf,primary,Rentt.ai Invoices ,_NeedsReview/Receipt-2783-4332.pdf,https://drive.google.com/file/d/1gn8NllQF_YVcB7UIS-BKSwwVD8GiSAX0/view?usp=drivesdk
1q3W0s0dMafcxnpeyhoK_OaMCxI6-HGzp,Diamante reciept.pdf,primary,Jasper Park/Jasper Park-Corporate Files ,Jasper Park/_NeedsReview/Diamante reciept.pdf,https://drive.google.com/file/d/1q3W0s0dMafcxnpeyhoK_OaMCxI6-HGzp/view?usp=drivesdk
1cxGZP6_fqYpQGVcAbB83P1II6B6vOxfE,Diamante NUANS.pdf,primary,Jasper Park/Jasper Park-Corporate Files ,Jasper Park/_NeedsReview/Diamante NUANS.pdf,https://drive.google.com/file/d/1cxGZP6_fqYpQGVcAbB83P1II6B6vOxfE/view?usp=drivesdk
1P3s9GYC_Dzm4olV1VG47NP24x7PQ3QZH,image.png,primary,Jasper Park/Jasper Park-Corporate Files ,Jasper Park/Photos/image.png,https://drive.google.com/file/d/1P3s9GYC_Dzm4olV1VG47NP24x7PQ3QZH/view?usp=drivesdk
17Pj_93CW_jzHp2eim17VHJ-DUeCpsFdi,Diamante CERT.pdf,primary,Jasper Park/Jasper Park-Corporate Files ,Jasper Park/_NeedsReview/Diamante CERT.pdf,https://drive.google.com/file/d/17Pj_93CW_jzHp2eim17VHJ-DUeCpsFdi/view?usp=drivesdk
1ZM-cBiUEuYbVQdETqFwKQksPfScVdXIG,image.png,primary,Jasper Park/Jasper Park-Corporate Files ,Jasper Park/Photos/image.png,https://drive.google.com/file/d/1ZM-cBiUEuYbVQdETqFwKQksPfScVdXIG/view?usp=drivesdk
1-aaqSUta4kv8W7jqSbTH-1YuHlmmywU8,Diamante ART.pdf,primary,Jasper Park/Jasper Park-Corporate Files ,Jasper Park/_NeedsReview/Diamante ART.pdf,https://drive.google.com/file/d/1-aaqSUta4kv8W7jqSbTH-1YuHlmmywU8/view?usp=drivesdk
1gaFpDPSSEKQ7FhBn7GpRJhuFCIi8_RUB,image.png,primary,Jasper Park/Jasper Park-Corporate Files ,Jasper Park/Photos/image.png,https://drive.google.com/file/d/1gaFpDPSSEKQ7FhBn7GpRJhuFCIi8_RUB/view?usp=drivesdk
1IQBvhZ9zCgCqbJfvScxXKKxKS_P7kRn9,Diamante SHAREHOLDERS.pdf,primary,Jasper Park/Jasper Park-Corporate Files ,Jasper Park/_NeedsReview/Diamante SHAREHOLDERS.pdf,https://drive.google.com/file/d/1IQBvhZ9zCgCqbJfvScxXKKxKS_P7kRn9/view?usp=drivesdk
12Kpv-6YN_jxKlp81IDQLr_bEJ1qWVtr0,Diamante REG.pdf,primary,Jasper Park/Jasper Park-Corporate Files ,Jasper Park/_NeedsReview/Diamante REG.pdf,https://drive.google.com/file/d/12Kpv-6YN_jxKlp81IDQLr_bEJ1qWVtr0/view?usp=drivesdk
1YACxxCqKocPDoaAY-D3fDjkE1UPrKnbi,INV-000154.pdf,primary,2025 Tax,_NeedsReview/INV-000154.pdf,https://drive.google.com/file/d/1YACxxCqKocPDoaAY-D3fDjkE1UPrKnbi/view?usp=drivesdk
1jT3lD1qLcLf0yQoLe0bZV604_FFoDPBr,INV-000148.pdf,primary,2025 Tax,_NeedsReview/INV-000148.pdf,https://drive.google.com/file/d/1jT3lD1qLcLf0yQoLe0bZV604_FFoDPBr/view?usp=drivesdk
1IZmvQOzhKeWQh9Fmzd9uH553lq7odtRZ,Receipt-2469-8266.pdf,primary,Rentt.ai Invoices ,_NeedsReview/Receipt-2469-8266.pdf,https://drive.google.com/file/d/1IZmvQOzhKeWQh9Fmzd9uH553lq7odtRZ/view?usp=drivesdk
1XfTMbawAVDGgWwTWovw54_hXKWhP-1JS,Invoice-XSHB3CIK-0001.pdf,primary,Rentt.ai Invoices ,_Library/Financials/Invoice-XSHB3CIK-0001.pdf,https://drive.google.com/file/d/1XfTMbawAVDGgWwTWovw54_hXKWhP-1JS/view?usp=drivesdk
1CGSSHPv1X_eVxvTge1f43I1Pusou-krN,502498286-DEC-20250430-77591754.pdf,primary,2025 Tax,_NeedsReview/502498286-DEC-20250430-77591754.pdf,https://drive.google.com/file/d/1CGSSHPv1X_eVxvTge1f43I1Pusou-krN/view?usp=drivesdk
1aEtQnIiUZH6wp6MNd1MWIWqsneJHnuvE,502498286-INV-20250430-77591756.pdf,primary,2025 Tax,_NeedsReview/502498286-INV-20250430-77591756.pdf,https://drive.google.com/file/d/1aEtQnIiUZH6wp6MNd1MWIWqsneJHnuvE/view?usp=drivesdk
1_fCtl2OWtDDo2ylw8MDvqWg2jd72AKCf,502498286-WEL-20250430-77591751.pdf,primary,2025 Tax,_NeedsReview/502498286-WEL-20250430-77591751.pdf,https://drive.google.com/file/d/1_fCtl2OWtDDo2ylw8MDvqWg2jd72AKCf/view?usp=drivesdk
1Tt9GBEl15uyGIS1zTEGXfURNbBIqpkpr,Invoice 13799RP.pdf,primary,Mayfield 110/Mayfield-Invoice ,Mayfield 110/Financials/Invoice 13799RP.pdf,https://drive.google.com/file/d/1Tt9GBEl15uyGIS1zTEGXfURNbBIqpkpr/view?usp=drivesdk
1eMleQuOnc1wbiXH-38kz-BQn6hF4yfxu,15981 110b Ave NW Invoice Working Drawings.pdf,primary,Mayfield 110/Mayfield-Invoice ,Mayfield 110/Financials/15981 110b Ave NW Invoice Working Drawings.pdf,https://drive.google.com/file/d/1eMleQuOnc1wbiXH-38kz-BQn6hF4yfxu/view?usp=drivesdk
1l2P70EZvHeK1kjDOfzL93aRV4X6rf4RC,15981 110b Ave NW Invoice (revised).pdf,primary,Mayfield 110/Mayfield-Invoice ,Mayfield 110/Financials/15981 110b Ave NW Invoice (revised).pdf,https://drive.google.com/file/d/1l2P70EZvHeK1kjDOfzL93aRV4X6rf4RC/view?usp=drivesdk
1iaz8dLKMN65irCj8QWmdZUnK68ZGjIYA,Receipt-2497-2052-9915.pdf,primary,2026 Tax - ,_NeedsReview/Receipt-2497-2052-9915.pdf,https://drive.google.com/file/d/1iaz8dLKMN65irCj8QWmdZUnK68ZGjIYA/view?usp=drivesdk
11__uIvfKhV_WESTn1p39D2k083hof4mA,Invoice-5AOEBDGB-0001.pdf,primary,2026 Tax - ,_Library/Financials/Invoice-5AOEBDGB-0001.pdf,https://drive.google.com/file/d/11__uIvfKhV_WESTn1p39D2k083hof4mA/view?usp=drivesdk
1LD2IiuWNmReOX7yMLaYTv8C24JYERzpq,FAE-VPL-17_20260323-Maintenance-Building-Warranty.pdf,primary,Allendale 10646 61 Ave 6 Unit /Allendale: 10646 61 Ave/Insurance ,Allendale (generic)/_NeedsReview/FAE-VPL-17_20260323-Maintenance-Building-Warranty.pdf,https://drive.google.com/file/d/1LD2IiuWNmReOX7yMLaYTv8C24JYERzpq/view?usp=drivesdk
119TGLHW0rGAksiAANWvM5SvwSbb_Tqn7,FAE-VPL-17_20260323-Vacant-Property-Endorsement.pdf,primary,Allendale 10646 61 Ave 6 Unit /Allendale: 10646 61 Ave/Insurance ,Allendale (generic)/_NeedsReview/FAE-VPL-17_20260323-Vacant-Property-Endorsement.pdf,https://drive.google.com/file/d/119TGLHW0rGAksiAANWvM5SvwSbb_Tqn7/view?usp=drivesdk
1JgCEfIsiap0B1XxtyQxfdY58Jq6jv4rk,FAE-VPL-17_20260323-COI-PM.pdf,primary,Allendale 10646 61 Ave 6 Unit /Allendale: 10646 61 Ave/Insurance ,Allendale (generic)/_NeedsReview/FAE-VPL-17_20260323-COI-PM.pdf,https://drive.google.com/file/d/1JgCEfIsiap0B1XxtyQxfdY58Jq6jv4rk/view?usp=drivesdk
1aetiXm8ZaxsBlQ7bA9uLZoVCbqUw2YFl,FAE-VPL-17_20260323.pdf,primary,Allendale 10646 61 Ave 6 Unit /Allendale: 10646 61 Ave/Insurance ,Allendale (generic)/_NeedsReview/FAE-VPL-17_20260323.pdf,https://drive.google.com/file/d/1aetiXm8ZaxsBlQ7bA9uLZoVCbqUw2YFl/view?usp=drivesdk
1QJKo3pm6bGTl_Pcor1TuxLhBniy-cKJF,FAE-VPL-17_20260323-CGL.pdf,primary,Allendale 10646 61 Ave 6 Unit /Allendale: 10646 61 Ave/Insurance ,Allendale (generic)/_NeedsReview/FAE-VPL-17_20260323-CGL.pdf,https://drive.google.com/file/d/1QJKo3pm6bGTl_Pcor1TuxLhBniy-cKJF/view?usp=drivesdk
1rUFfeXa-EhaIF5YsHhmtaRVqnz65oKkQ,FAE-VPL-17_20260323-receipt-1774272434748.pdf,primary,Allendale 10646 61 Ave 6 Unit /Allendale: 10646 61 Ave/Receipts ,Allendale (generic)/_NeedsReview/FAE-VPL-17_20260323-receipt-1774272434748.pdf,https://drive.google.com/file/d/1rUFfeXa-EhaIF5YsHhmtaRVqnz65oKkQ/view?usp=drivesdk
164BUaYu11ZGco5YTJ68Vy6GMrnHmIMBY,Jasper Park 9121 152 St .jpeg,primary,Jasper Park/Jasper Park-Plans ,Jasper Park/Photos/Jasper Park 9121 152 St .jpeg,https://drive.google.com/file/d/164BUaYu11ZGco5YTJ68Vy6GMrnHmIMBY/view?usp=drivesdk
1CQDfNcn_Pj_8-xGA-dNcZE5jsfEs4wPB,RT Registration.pdf,primary,Jasper Park/Jasper Park-Corporate Files ,Jasper Park/_NeedsReview/RT Registration.pdf,https://drive.google.com/file/d/1CQDfNcn_Pj_8-xGA-dNcZE5jsfEs4wPB/view?usp=drivesdk
1D18v769PHo9vOA7TSDyImaUUzBfT9Aad,RT Registration.pdf,primary,CORPORATION/Numbered Corp Files,_NeedsReview/RT Registration.pdf,https://drive.google.com/file/d/1D18v769PHo9vOA7TSDyImaUUzBfT9Aad/view?usp=drivesdk
11tNYBMhs6HXyQZn5vBeEyl6ww0h8mbFY,Emanation_Invoice_12020_129St.docx,primary,2025 Tax/2025 Tax Emanation ,_NeedsReview/Emanation_Invoice_12020_129St.docx,https://drive.google.com/file/d/11tNYBMhs6HXyQZn5vBeEyl6ww0h8mbFY/view?usp=drivesdk
1kPey4kUl9mNofExG8x-HSwa-yeBZZTqC,Emanation_Invoice_12020_129St.docx,duplicate,2025 Tax/2025 Flips/Wholesale /Sherbrooke Corner Lot PKG.,_Duplicates/Sherbrooke/Emanation_Invoice_12020_129St.docx,https://drive.google.com/file/d/1kPey4kUl9mNofExG8x-HSwa-yeBZZTqC/view?usp=drivesdk
1FJbNC-2ECqrr13lrqNwZCr9wOiNYwM-U,Emanation_Invoice_JasperPark.docx,primary,2025 Tax/2025 Flips/Wholesale ,_NeedsReview/Emanation_Invoice_JasperPark.docx,https://drive.google.com/file/d/1FJbNC-2ECqrr13lrqNwZCr9wOiNYwM-U/view?usp=drivesdk
12IbiNHU2VjqnaR3U2b5Qc8Itnb1rwWh2,Emanation_Invoice_JasperPark.docx,duplicate,Jasper Park/Jasper Park-Invoice,_Duplicates/Jasper Park/Emanation_Invoice_JasperPark.docx,https://drive.google.com/file/d/12IbiNHU2VjqnaR3U2b5Qc8Itnb1rwWh2/view?usp=drivesdk
16ppe2gTdzK9Iktt5oUI-iEYIhwoKBoA71Oob1DxB3p4,"Mayfield Cost-To-Date (15981 110B Ave,)",primary,Mayfield 110/Mayfield-Invoice ,"Mayfield 110/_NeedsReview/Mayfield Cost-To-Date (15981 110B Ave,)",https://docs.google.com/spreadsheets/d/16ppe2gTdzK9Iktt5oUI-iEYIhwoKBoA71Oob1DxB3p4/edit?usp=drivesdk&ouid=112966636072631084810
1GNmcJNrnAJdWFyCbyRNCkRt8Bku8mcRk,Backyard House Building Permit Statement.pdf,primary,Mayfield 110/Plans & Surveys ,Mayfield 110/Plans & Permits/Backyard House Building Permit Statement.pdf,https://drive.google.com/file/d/1GNmcJNrnAJdWFyCbyRNCkRt8Bku8mcRk/view?usp=drivesdk
1fdQQbvHfpq570OC3IrHvND5zrvxowYOX,Backyard House Development Permit Statement.pdf,primary,Mayfield 110/Plans & Surveys ,Mayfield 110/Plans & Permits/Backyard House Development Permit Statement.pdf,https://drive.google.com/file/d/1fdQQbvHfpq570OC3IrHvND5zrvxowYOX/view?usp=drivesdk
1-UHuoeS_b6AzqNy71cqlLo0Tennw4fxAFFmI9oER_LY,Jasper Park Cost (9121 152 st) ,primary,Jasper Park/Jasper Park-Invoice,Jasper Park/_NeedsReview/Jasper Park Cost (9121 152 st) ,https://docs.google.com/spreadsheets/d/1-UHuoeS_b6AzqNy71cqlLo0Tennw4fxAFFmI9oER_LY/edit?usp=drivesdk&ouid=112966636072631084810
1eT8exbgL7BCBttHSmJGP0ly7-ZWruQaZ,Backyard House Development Permit Statement (1).pdf,primary,Mayfield 110/Mayfield-Invoice ,Mayfield 110/Plans & Permits/Backyard House Development Permit Statement (1).pdf,https://drive.google.com/file/d/1eT8exbgL7BCBttHSmJGP0ly7-ZWruQaZ/view?usp=drivesdk
18GnKTtOZVPFhmkYCDUJ7S8oD-q7q0U_y,Backyard House Building Permit Statement.pdf,duplicate,Mayfield 110/Mayfield-Invoice ,_Duplicates/Mayfield 110/Backyard House Building Permit Statement.pdf,https://drive.google.com/file/d/18GnKTtOZVPFhmkYCDUJ7S8oD-q7q0U_y/view?usp=drivesdk
1VRZf18aPRKDr7vRohQ3f_eU5mQQ292-V,Invoice 15313EH.pdf,primary,Allendale 10646 61 Ave 6 Unit /Receipts ,Allendale (generic)/Financials/Invoice 15313EH.pdf,https://drive.google.com/file/d/1VRZf18aPRKDr7vRohQ3f_eU5mQQ292-V/view?usp=drivesdk
1-DsIjTaXesRJxCuw-Lg1_tmjRvsW6ndW,"6408 - 106 Street - Issued for Approval - March 17, 2026.pdf",primary,Allendale 6408 106/5-Plex info ,"Allendale (generic)/_NeedsReview/6408 - 106 Street - Issued for Approval - March 17, 2026.pdf",https://drive.google.com/file/d/1-DsIjTaXesRJxCuw-Lg1_tmjRvsW6ndW/view?usp=drivesdk
1Q4PsPaMldgCKbK0UHzSGZcsORyhGlWVU,FAE-VPL-19_20260319-receipt-1773926835684.pdf,primary,Allendale 6408 106/6408: Purchase Docs ,Allendale (generic)/_NeedsReview/FAE-VPL-19_20260319-receipt-1773926835684.pdf,https://drive.google.com/file/d/1Q4PsPaMldgCKbK0UHzSGZcsORyhGlWVU/view?usp=drivesdk
100VPe2YE09sxRoI1IN4db_SpXJnxaBsz,FAE-VPL-19_20260319-Maintenance-Building-Warranty.pdf,primary,Allendale 6408 106/6408: Purchase Docs ,Allendale (generic)/_NeedsReview/FAE-VPL-19_20260319-Maintenance-Building-Warranty.pdf,https://drive.google.com/file/d/100VPe2YE09sxRoI1IN4db_SpXJnxaBsz/view?usp=drivesdk
1wxdtf2bYz0CYaRo635ctz5NLmG6pGd80,FAE-VPL-19_20260319-COI-PM.pdf,primary,Allendale 6408 106/6408: Purchase Docs ,Allendale (generic)/_NeedsReview/FAE-VPL-19_20260319-COI-PM.pdf,https://drive.google.com/file/d/1wxdtf2bYz0CYaRo635ctz5NLmG6pGd80/view?usp=drivesdk
1oDUl2f-dHcxk0sitxELrwoNfYaQkwjsc,FAE-VPL-19_20260319-Vacant-Property-Endorsement.pdf,primary,Allendale 6408 106/6408: Purchase Docs ,Allendale (generic)/_NeedsReview/FAE-VPL-19_20260319-Vacant-Property-Endorsement.pdf,https://drive.google.com/file/d/1oDUl2f-dHcxk0sitxELrwoNfYaQkwjsc/view?usp=drivesdk
1KvPkbulixc28CL9VbG-1RmHvI_qNzPOY,FAE-VPL-19_20260319-Maintenance-Land-Warranty.pdf,primary,Allendale 6408 106/6408: Purchase Docs ,Allendale (generic)/_NeedsReview/FAE-VPL-19_20260319-Maintenance-Land-Warranty.pdf,https://drive.google.com/file/d/1KvPkbulixc28CL9VbG-1RmHvI_qNzPOY/view?usp=drivesdk
1Y2sTJ9CVo7ZFuwyMgzG8wo7ZMcHC6jTH,FAE-VPL-19_20260319.pdf,primary,Allendale 6408 106/6408: Purchase Docs ,Allendale (generic)/_NeedsReview/FAE-VPL-19_20260319.pdf,https://drive.google.com/file/d/1Y2sTJ9CVo7ZFuwyMgzG8wo7ZMcHC6jTH/view?usp=drivesdk
1BvOuqc5DJSe2L9LuF3kAHsGJ9Tdm4uij,FAE-VPL-19_20260319-CGL.pdf,primary,Allendale 6408 106/6408: Purchase Docs ,Allendale (generic)/_NeedsReview/FAE-VPL-19_20260319-CGL.pdf,https://drive.google.com/file/d/1BvOuqc5DJSe2L9LuF3kAHsGJ9Tdm4uij/view?usp=drivesdk
1AHZHaUHeihtDHGSYXeiJ0vH5l_8msM0jcpNg-az8Lis,Vancouver Realtors ,primary,Landridge,_NeedsReview/Vancouver Realtors ,https://docs.google.com/spreadsheets/d/1AHZHaUHeihtDHGSYXeiJ0vH5l_8msM0jcpNg-az8Lis/edit?usp=drivesdk&ouid=112966636072631084810
18OpfEa3cnMeSLCgUfOb3jGpng-V6QhZf,Builder Agreement Jasper Park .pdf,primary,Jasper Park/Jasper Park Development ,Jasper Park/Contracts/Builder Agreement Jasper Park .pdf,https://drive.google.com/file/d/18OpfEa3cnMeSLCgUfOb3jGpng-V6QhZf/view?usp=drivesdk
11n8R4n0-_yqp0JrXQqPO4Zq8SruOsIPq,10646 61 Ave Allendale 6 Plex - 004.pdf,primary,Allendale 10646 61 Ave 6 Unit /Plans,Allendale (generic)/_NeedsReview/10646 61 Ave Allendale 6 Plex - 004.pdf,https://drive.google.com/file/d/11n8R4n0-_yqp0JrXQqPO4Zq8SruOsIPq/view?usp=drivesdk
1BjEcBtinvFs3ReuN3Mwu7zYS-MG4s2_MGWCOsvacebI,B & H: Expense Tracker,primary,B & H ,_NeedsReview/B & H: Expense Tracker,https://docs.google.com/spreadsheets/d/1BjEcBtinvFs3ReuN3Mwu7zYS-MG4s2_MGWCOsvacebI/edit?usp=drivesdk&ouid=112966636072631084810
11pfZftyQTL-9zTMjGTwkPnI-uZ8tv6oP,UTF-8Articles-of-Incorporation.pdf,primary,IBH Tax,_NeedsReview/UTF-8Articles-of-Incorporation.pdf,https://drive.google.com/file/d/11pfZftyQTL-9zTMjGTwkPnI-uZ8tv6oP/view?usp=drivesdk
1CEX-1LweLI4HNk29wmQJu3c1q3Mr9kwx,ATCO Contract for 01603459 - ACTION REQUIRED_encrypted_.pdf,primary,IBH Tax,_Library/Contracts/ATCO Contract for 01603459 - ACTION REQUIRED_encrypted_.pdf,https://drive.google.com/file/d/1CEX-1LweLI4HNk29wmQJu3c1q3Mr9kwx/view?usp=drivesdk
1qKUBEhCimH490pVHdQrH-SQJI3fuC3Gn,EPCOR_Bills_05-03-2026 13_24_33.pdf,primary,IBH Tax,_NeedsReview/EPCOR_Bills_05-03-2026 13_24_33.pdf,https://drive.google.com/file/d/1qKUBEhCimH490pVHdQrH-SQJI3fuC3Gn/view?usp=drivesdk
1hbqDeARvnQvt96wUr0S6hm6SSPWOCjbh,Invoice-2.pdf,primary,IBH Tax,_Library/Financials/Invoice-2.pdf,https://drive.google.com/file/d/1hbqDeARvnQvt96wUr0S6hm6SSPWOCjbh/view?usp=drivesdk
1MINITEpkCM3U1J5JLg6LIUF5RFQAsZCF,10848 153 ST Edmonton.pdf,primary,IBH Tax,In-Between Homes (10848 153 St)/_NeedsReview/10848 153 ST Edmonton.pdf,https://drive.google.com/file/d/1MINITEpkCM3U1J5JLg6LIUF5RFQAsZCF/view?usp=drivesdk
1xZ3xVrtnbgD4gcs_RZn6CcvoWV3LevgG,Policy Change MAXIN1 NWGDYPFL.pdf,primary,IBH Tax,_NeedsReview/Policy Change MAXIN1 NWGDYPFL.pdf,https://drive.google.com/file/d/1xZ3xVrtnbgD4gcs_RZn6CcvoWV3LevgG/view?usp=drivesdk
1-D1L4Wkb-hPeAKTlNfBs3qeizSbR1OXl,Abatement (1).pdf,primary,IBH Tax,_NeedsReview/Abatement (1).pdf,https://drive.google.com/file/d/1-D1L4Wkb-hPeAKTlNfBs3qeizSbR1OXl/view?usp=drivesdk
1Baxg-_7OKbsf8usyFcXM0W4mphUPvCIX,Assignment Agreement.pdf,primary,IBH Tax,_Library/Contracts/Assignment Agreement.pdf,https://drive.google.com/file/d/1Baxg-_7OKbsf8usyFcXM0W4mphUPvCIX/view?usp=drivesdk
149qJihNVV0aAKyKR0tuZ2ytzIgLSwYdb,Tree Removal .pdf,primary,IBH Tax,_NeedsReview/Tree Removal .pdf,https://drive.google.com/file/d/149qJihNVV0aAKyKR0tuZ2ytzIgLSwYdb/view?usp=drivesdk
1fAj_f8yycojw-p9HnlkmYWb9X6PlrHhY,Invoice[1].pdf,primary,IBH Tax,_Library/Financials/Invoice[1].pdf,https://drive.google.com/file/d/1fAj_f8yycojw-p9HnlkmYWb9X6PlrHhY/view?usp=drivesdk
1qLTO8PE4wZywCQcznrxX0-irsBV_voGA,GSA.pdf,primary,IBH Tax,_NeedsReview/GSA.pdf,https://drive.google.com/file/d/1qLTO8PE4wZywCQcznrxX0-irsBV_voGA/view?usp=drivesdk
1b-gAaG0p6uc34IggPMhubCI46pc6l50N,Tree Plan Invoice[1].pdf,primary,IBH Tax,_Library/Plans & Permits/Tree Plan Invoice[1].pdf,https://drive.google.com/file/d/1b-gAaG0p6uc34IggPMhubCI46pc6l50N/view?usp=drivesdk
1S3SMsxYg_-hApBNNhSlnI2uwAyXTe3oL,Statements.pdf,primary,IBH Tax,_NeedsReview/Statements.pdf,https://drive.google.com/file/d/1S3SMsxYg_-hApBNNhSlnI2uwAyXTe3oL/view?usp=drivesdk
13L-yi29C0JXByEEAXfTks41O8z8bqCv6,Abatement (3).pdf,primary,IBH Tax,_NeedsReview/Abatement (3).pdf,https://drive.google.com/file/d/13L-yi29C0JXByEEAXfTks41O8z8bqCv6/view?usp=drivesdk
1WQTclT7sWMm9MYhyAUi-ASgE6PvUQVPU,Invoice.pdf,primary,IBH Tax,_Library/Financials/Invoice.pdf,https://drive.google.com/file/d/1WQTclT7sWMm9MYhyAUi-ASgE6PvUQVPU/view?usp=drivesdk
1BzxKvCsmk-Q1KPOPjMvWQn3Ijb6CNYKQ,Abatement (2).pdf,primary,IBH Tax,_NeedsReview/Abatement (2).pdf,https://drive.google.com/file/d/1BzxKvCsmk-Q1KPOPjMvWQn3Ijb6CNYKQ/view?usp=drivesdk
1hoeJF9zpgS8z-y-CiaD1z9lnCgzYOvEY,10848 153 ST Edmonton[1].pdf,primary,IBH Tax,In-Between Homes (10848 153 St)/_NeedsReview/10848 153 ST Edmonton[1].pdf,https://drive.google.com/file/d/1hoeJF9zpgS8z-y-CiaD1z9lnCgzYOvEY/view?usp=drivesdk
1COxU4Hjjog4MGeaovYX6nS4JN1wpQv-z,Tree Plan Invoice.pdf,primary,IBH Tax,_Library/Plans & Permits/Tree Plan Invoice.pdf,https://drive.google.com/file/d/1COxU4Hjjog4MGeaovYX6nS4JN1wpQv-z/view?usp=drivesdk
1vyrFSDPnAzyVghp3t7R41tiyuA_c8U5s,Allendale 2 Investment Summary .xlsx,primary,Allendale 10646 61 Ave 6 Unit ,Allendale 2/Financials/Allendale 2 Investment Summary .xlsx,https://drive.google.com/file/d/1vyrFSDPnAzyVghp3t7R41tiyuA_c8U5s/view?usp=drivesdk
1kiKP7likmj0vXNPzZ4SKv4WL4QJs1mnU,JP Project Brieft.xlsx,primary,Jasper Park,Jasper Park/_NeedsReview/JP Project Brieft.xlsx,https://drive.google.com/file/d/1kiKP7likmj0vXNPzZ4SKv4WL4QJs1mnU/view?usp=drivesdk
1n9qMlin2B65HUPCL1Wh-dXzOmh-BDhF5,Spec Design Concept for Drawings (2).pdf,primary,Jasper Park/Jasper Park-Plans ,Jasper Park/_NeedsReview/Spec Design Concept for Drawings (2).pdf,https://drive.google.com/file/d/1n9qMlin2B65HUPCL1Wh-dXzOmh-BDhF5/view?usp=drivesdk
19BnlfmvOSyDFA0eBEaK02Jy-VcKT_nlCJw4zSEADWEE,Untitled document,primary,,_NeedsReview/Untitled document,https://docs.google.com/document/d/19BnlfmvOSyDFA0eBEaK02Jy-VcKT_nlCJw4zSEADWEE/edit?usp=drivesdk&ouid=112966636072631084810
19RvBDarJ3USr7-TpwtKSywVyUV8M1qif,Jasper Place 9121 152 St  LOI - Revised - February 4 2026 (1).pdf,primary,Jasper Park,Jasper Park/_NeedsReview/Jasper Place 9121 152 St  LOI - Revised - February 4 2026 (1).pdf,https://drive.google.com/file/d/19RvBDarJ3USr7-TpwtKSywVyUV8M1qif/view?usp=drivesdk
1a__oSSJMW6eGWDmMIAmIBco0BJkmtJIN,Invoice_154_PAID.pdf,primary,Allendale 10646 61 Ave 6 Unit /Allendale: 10646 61 Ave/Receipts ,Allendale (generic)/_NeedsReview/Invoice_154_PAID.pdf,https://drive.google.com/file/d/1a__oSSJMW6eGWDmMIAmIBco0BJkmtJIN/view?usp=drivesdk
1p1Cx5W8s1mqZUSVhdt1f3S4n-hwNAOsZuCf7s6ahoZQ,Allendale Construction Budget (sent to Larmie,primary,Allendale 6408 106/Allendale Overview Info,Allendale (generic)/Financials/Allendale Construction Budget (sent to Larmie,https://docs.google.com/spreadsheets/d/1p1Cx5W8s1mqZUSVhdt1f3S4n-hwNAOsZuCf7s6ahoZQ/edit?usp=drivesdk&ouid=112966636072631084810
1UuL5SpV17VWwFM63oQxUy030mQM3tU4u,2024-12-11 CTC Final Report encl.pdf,primary,Allendale 6408 106/5-Unit Receipts ,Allendale (generic)/_NeedsReview/2024-12-11 CTC Final Report encl.pdf,https://drive.google.com/file/d/1UuL5SpV17VWwFM63oQxUy030mQM3tU4u/view?usp=drivesdk
1s5huQa0mbg9qnqsaeN9MGHliQkQMRUPJ,Berghuis- ArchitectInvoice_154.pdf,primary,Allendale 6408 106/5-Unit Receipts ,Allendale (generic)/_NeedsReview/Berghuis- ArchitectInvoice_154.pdf,https://drive.google.com/file/d/1s5huQa0mbg9qnqsaeN9MGHliQkQMRUPJ/view?usp=drivesdk
1a8VMkdJQgzKhjvV14mlnC17Ct3u0hyhz5sadESCrxfs,Allendale 6-Plex Claim No. 1 DRAFTS R1,primary,,Allendale 6-Plex (10646 61 Ave)/_NeedsReview/Allendale 6-Plex Claim No. 1 DRAFTS R1,https://docs.google.com/document/d/1a8VMkdJQgzKhjvV14mlnC17Ct3u0hyhz5sadESCrxfs/edit?usp=drivesdk&ouid=112966636072631084810
10C8ycMhD1Xrm4jLEtJdV5iRIaCY2oXrR,Landscape Securities ,primary,Allendale 6408 106/5-Unit Receipts ,Allendale (generic)/Photos/Landscape Securities ,https://drive.google.com/file/d/10C8ycMhD1Xrm4jLEtJdV5iRIaCY2oXrR/view?usp=drivesdk
1qeyGHecazUdyeM-LLyTqqQKKvq4RFOSz,invoice_93826.pdf,duplicate,Allendale 6408 106/5-Unit Receipts ,_Duplicates/Allendale (generic)/invoice_93826.pdf,https://drive.google.com/file/d/1qeyGHecazUdyeM-LLyTqqQKKvq4RFOSz/view?usp=drivesdk
1GdGFACuTcGVdJk6Yab8VKZLqOlz1Kd-5,Invoice 24241-11328 126 St.pdf,duplicate,Allendale 6408 106/5-Unit Receipts ,_Duplicates/Allendale (generic)/Invoice 24241-11328 126 St.pdf,https://drive.google.com/file/d/1GdGFACuTcGVdJk6Yab8VKZLqOlz1Kd-5/view?usp=drivesdk
1ovu48IkGTEJPmnmCwxv674TbAVLO_iss,Invoice 15252EH.pdf,primary,Allendale 6408 106/5-Unit Receipts ,Allendale (generic)/Financials/Invoice 15252EH.pdf,https://drive.google.com/file/d/1ovu48IkGTEJPmnmCwxv674TbAVLO_iss/view?usp=drivesdk
1XOgpPB90-RlKooXLwFQUfvZmyAPAjFOr,Invoice 13430EH.pdf,duplicate,Allendale 6408 106/5-Unit Receipts ,_Duplicates/Allendale (generic)/Invoice 13430EH.pdf,https://drive.google.com/file/d/1XOgpPB90-RlKooXLwFQUfvZmyAPAjFOr/view?usp=drivesdk
1cqiTyVkj1V4rEEzG5w3VQtGU-BZFInx3,HPSCAN_20250605154707796_2025-06-05_154755568.pdf,duplicate,Allendale 6408 106/5-Unit Receipts ,_Duplicates/Allendale (generic)/HPSCAN_20250605154707796_2025-06-05_154755568.pdf,https://drive.google.com/file/d/1cqiTyVkj1V4rEEzG5w3VQtGU-BZFInx3/view?usp=drivesdk
1FMo-g6t5dhrGQdXWdQ2X8tQchEkMpcYR,COI-CMLS Deposit .pdf,duplicate,Allendale 6408 106/5-Unit Receipts ,_Duplicates/Allendale (generic)/COI-CMLS Deposit .pdf,https://drive.google.com/file/d/1FMo-g6t5dhrGQdXWdQ2X8tQchEkMpcYR/view?usp=drivesdk
1MiepJoNSmE8_ANsOKP5vBijumsKD2qhe,Bank Draft Calculation Lawyer Payments.pdf,duplicate,Allendale 6408 106/5-Unit Receipts ,_Duplicates/Allendale (generic)/Bank Draft Calculation Lawyer Payments.pdf,https://drive.google.com/file/d/1MiepJoNSmE8_ANsOKP5vBijumsKD2qhe/view?usp=drivesdk
1qrwmwa-49LVl6NMNzmn1mYXKL6titY5r,Abatement Payment .png,duplicate,Allendale 6408 106/5-Unit Receipts ,_Duplicates/Allendale (generic)/Abatement Payment .png,https://drive.google.com/file/d/1qrwmwa-49LVl6NMNzmn1mYXKL6titY5r/view?usp=drivesdk
1WAmprGiMhmpZYoTu_I4i3f3gpM-Ui3y3,106 Street Property - Venture Invoice 16643.pdf,duplicate,Allendale 6408 106/5-Unit Receipts ,_Duplicates/Allendale (generic)/106 Street Property - Venture Invoice 16643.pdf,https://drive.google.com/file/d/1WAmprGiMhmpZYoTu_I4i3f3gpM-Ui3y3/view?usp=drivesdk
14OSMb9etd19Np2bukp0BDiEPW5kZm1sm,Pay Employees and Vendors - RBC Online Banking for Business.pdf,primary,Allendale 6408 106/5-Unit Receipts ,Allendale (generic)/_NeedsReview/Pay Employees and Vendors - RBC Online Banking for Business.pdf,https://drive.google.com/file/d/14OSMb9etd19Np2bukp0BDiEPW5kZm1sm/view?usp=drivesdk
1JwjF-T6zUWd8G2vm7n-OkztGq0poEf7V,Allendale Invoice_13935_from_ProtechGeo__Material_Testing_Ltd FINAL.pdf,duplicate,Allendale 6408 106/5-Unit Receipts ,_Duplicates/Allendale (generic)/Allendale Invoice_13935_from_ProtechGeo__Material_Testing_Ltd FINAL.pdf,https://drive.google.com/file/d/1JwjF-T6zUWd8G2vm7n-OkztGq0poEf7V/view?usp=drivesdk
12SZcA9nJ4TV4wEhHGlJ_hzD5qXXVYqGq,Allendale hydrovac.pdf,duplicate,Allendale 6408 106/5-Unit Receipts ,_Duplicates/Allendale (generic)/Allendale hydrovac.pdf,https://drive.google.com/file/d/12SZcA9nJ4TV4wEhHGlJ_hzD5qXXVYqGq/view?usp=drivesdk
19UB57bn7h2ZqDkuWlqeQjjO-JbCJRrWC,Allendale Atco.pdf,duplicate,Allendale 6408 106/5-Unit Receipts ,_Duplicates/Allendale (generic)/Allendale Atco.pdf,https://drive.google.com/file/d/19UB57bn7h2ZqDkuWlqeQjjO-JbCJRrWC/view?usp=drivesdk
1Og60rIzt7q1WdX4DElOUBBRjwuP-PxxX,Pay Employees and Vendors - RBC Online Banking for Business Jeremy Payment.pdf,primary,Allendale 6408 106/5-Unit Receipts ,Allendale (generic)/_NeedsReview/Pay Employees and Vendors - RBC Online Banking for Business Jeremy Payment.pdf,https://drive.google.com/file/d/1Og60rIzt7q1WdX4DElOUBBRjwuP-PxxX/view?usp=drivesdk
1onkL4tKX8vnD35u1tdGiIxshyCAX8qjH,Emanation Investments Inc. (2024-10-10 - Quote) Allendale 6408 Insurance.pdf,primary,Allendale 6408 106/5-Unit Receipts ,Allendale (generic)/_NeedsReview/Emanation Investments Inc. (2024-10-10 - Quote) Allendale 6408 Insurance.pdf,https://drive.google.com/file/d/1onkL4tKX8vnD35u1tdGiIxshyCAX8qjH/view?usp=drivesdk
1CB4OV_SJ5X5CbnwuyOjb9enVYjfmJ9Ie,Property Tax 6408 106 .pdf,primary,Allendale 6408 106/5-Unit Receipts ,Allendale (generic)/Financials/Property Tax 6408 106 .pdf,https://drive.google.com/file/d/1CB4OV_SJ5X5CbnwuyOjb9enVYjfmJ9Ie/view?usp=drivesdk
1e2CjAKp7a3LqHmGWbUkRENhwCbhHOOm-,Allendale 1 Budget.xlsx,primary,Allendale 6408 106/5-Plex info ,Allendale (generic)/Financials/Allendale 1 Budget.xlsx,https://drive.google.com/file/d/1e2CjAKp7a3LqHmGWbUkRENhwCbhHOOm-/view?usp=drivesdk
1bLhqREd583pgI9MloW5TaOwAav4CHvVBWtRMm2Slnl0,6408 106 ST Summary,primary,Allendale 6408 106/5-Plex info ,Allendale (generic)/Financials/6408 106 ST Summary,https://docs.google.com/spreadsheets/d/1bLhqREd583pgI9MloW5TaOwAav4CHvVBWtRMm2Slnl0/edit?usp=drivesdk&ouid=112966636072631084810
1psCT1cwX-4cOpwZPw4xswtaVG_tgtDDr,BTY Proposal - 9121 152 Street - 8-Unit Multi-Plex - 2026.02.18.pdf,primary,Jasper Park/Jasper Park Development ,Jasper Park/_NeedsReview/BTY Proposal - 9121 152 Street - 8-Unit Multi-Plex - 2026.02.18.pdf,https://drive.google.com/file/d/1psCT1cwX-4cOpwZPw4xswtaVG_tgtDDr/view?usp=drivesdk
1ojWY-qhGbHXKeFu6b6iljSZi06m0vgA5,Jasper-Park Underwriting.xlsx,primary,Jasper Park,Jasper Park/Financials/Jasper-Park Underwriting.xlsx,https://drive.google.com/file/d/1ojWY-qhGbHXKeFu6b6iljSZi06m0vgA5/view?usp=drivesdk
1KeBIZ4KFI5Vc4ZPYfWh4sHPUIDH8AFgi,6408 106 Street Budget 5-Plex.xlsx,primary,Allendale 6408 106/5-Plex info ,Allendale (generic)/Financials/6408 106 Street Budget 5-Plex.xlsx,https://drive.google.com/file/d/1KeBIZ4KFI5Vc4ZPYfWh4sHPUIDH8AFgi/view?usp=drivesdk
17_ODJB3AFzcYwio0T_mU-XDWwFHqv_xFNzNRVJxd5mM,"Strathcona  Whyte / U of A, but much more defensible",primary,,"_NeedsReview/Strathcona  Whyte / U of A, but much more defensible",https://docs.google.com/document/d/17_ODJB3AFzcYwio0T_mU-XDWwFHqv_xFNzNRVJxd5mM/edit?usp=drivesdk&ouid=112966636072631084810
1Adh4xR8aRBgupHrWYhQFOIcdpqSqhhdC,Invoice-0231195- Tree Removal .pdf,primary,Jasper Park/Jasper Park-Invoice,Jasper Park/Financials/Invoice-0231195- Tree Removal .pdf,https://drive.google.com/file/d/1Adh4xR8aRBgupHrWYhQFOIcdpqSqhhdC/view?usp=drivesdk
1ZHMDQc8rCdNqtNBx5m9IvuuJxOfgNDpSGJSCrw1wJT8,10646 61 Inc. Investment Summary,primary,Allendale 10646 61 Ave 6 Unit ,Allendale (generic)/Financials/10646 61 Inc. Investment Summary,https://docs.google.com/spreadsheets/d/1ZHMDQc8rCdNqtNBx5m9IvuuJxOfgNDpSGJSCrw1wJT8/edit?usp=drivesdk&ouid=112966636072631084810
1cC5tnZdVU5GIA9MALI-gbP0JnhyYtSxP,10646 61 Ave Allendale - Front & Right.jpg,primary,Allendale 10646 61 Ave 6 Unit /Plans,Allendale (generic)/Photos/10646 61 Ave Allendale - Front & Right.jpg,https://drive.google.com/file/d/1cC5tnZdVU5GIA9MALI-gbP0JnhyYtSxP/view?usp=drivesdk
1FvfWYabjv-CMAJFrVzohgkuogL7_Gdvb,10646 61 Ave Allendale - Front & Left.jpg,primary,Allendale 10646 61 Ave 6 Unit /Plans,Allendale (generic)/Photos/10646 61 Ave Allendale - Front & Left.jpg,https://drive.google.com/file/d/1FvfWYabjv-CMAJFrVzohgkuogL7_Gdvb/view?usp=drivesdk
1fbyMgTCqMVUCZ1qQL7N7V_hJm_HIk0GD,"LOE 6-Unit Complex at 10646 61 Ave, Edmonton.pdf",primary,Allendale 10646 61 Ave 6 Unit /Allendale: 10646 61 Ave/Receipts ,"Allendale (generic)/_NeedsReview/LOE 6-Unit Complex at 10646 61 Ave, Edmonton.pdf",https://drive.google.com/file/d/1fbyMgTCqMVUCZ1qQL7N7V_hJm_HIk0GD/view?usp=drivesdk
16HUDICXCWHH9ZubR7YWt4BLy_dE7EGKL,PXL_20260129_171456570.mp4,primary,(root),_NeedsReview/PXL_20260129_171456570.mp4,https://drive.google.com/file/d/16HUDICXCWHH9ZubR7YWt4BLy_dE7EGKL/view?usp=drivesdk
12WpjeeCOaOHFYImEefAKCAp0VKS-KB8j,IMG_2458.HEIC,primary,IBH Tax/Invoices Paid by Madison,_Library/Photos/IMG_2458.HEIC,https://drive.google.com/file/d/12WpjeeCOaOHFYImEefAKCAp0VKS-KB8j/view?usp=drivesdk
16pGgpwWuIwB_llCd_8WGSE0MkRWISspD,EPCOR_Bills_05-03-2026 13_24_33.pdf,duplicate,IBH Tax/Invoices Paid by Madison,_Duplicates/Unknown/EPCOR_Bills_05-03-2026 13_24_33.pdf,https://drive.google.com/file/d/16pGgpwWuIwB_llCd_8WGSE0MkRWISspD/view?usp=drivesdk
1PIsJi_2d2dbOd8nHF2nLalKXdklHuNEj,"Purchase_Contract 9121 152 ST NW- APRIL 11, 20215 BUYER SIGNED.pdf",primary,IBH Tax/9121 152 St NW Expenses,"Verum (9121 152 St)/_NeedsReview/Purchase_Contract 9121 152 ST NW- APRIL 11, 20215 BUYER SIGNED.pdf",https://drive.google.com/file/d/1PIsJi_2d2dbOd8nHF2nLalKXdklHuNEj/view?usp=drivesdk
1neAjgksbhqWuM82X8XeWgwl1_4JhHcIe,Website hosting reciept.pdf,primary,IBH Tax/Invoices Paid by Madison,_NeedsReview/Website hosting reciept.pdf,https://drive.google.com/file/d/1neAjgksbhqWuM82X8XeWgwl1_4JhHcIe/view?usp=drivesdk
10tWOl5oyvkw3lmBt01qowZ92JIrDtDq2,website hosting.pdf,primary,IBH Tax/Invoices Paid by Madison,_NeedsReview/website hosting.pdf,https://drive.google.com/file/d/10tWOl5oyvkw3lmBt01qowZ92JIrDtDq2/view?usp=drivesdk
1AjiYIK8t8dGs88zqdAOzr-tq2ESdYmJJ,drawings invoice.pdf,primary,IBH Tax/Invoices Paid by Madison,_Library/Financials/drawings invoice.pdf,https://drive.google.com/file/d/1AjiYIK8t8dGs88zqdAOzr-tq2ESdYmJJ/view?usp=drivesdk
1xHFCdqJxMqvc0p18QsP4aY-EHDiTeoKa,Abatement (3).pdf,duplicate,IBH Tax/Invoices Paid by Madison,_Duplicates/Unknown/Abatement (3).pdf,https://drive.google.com/file/d/1xHFCdqJxMqvc0p18QsP4aY-EHDiTeoKa/view?usp=drivesdk
1NvjnGFY5sOSMEftHjp921dHag7GPXI5P,Abatement (2).pdf,duplicate,IBH Tax/Invoices Paid by Madison,_Duplicates/Unknown/Abatement (2).pdf,https://drive.google.com/file/d/1NvjnGFY5sOSMEftHjp921dHag7GPXI5P/view?usp=drivesdk
1S-puSmvy8qINuE11i3s-zrtxyBHsO_qB,Abatement (1).pdf,duplicate,IBH Tax/Invoices Paid by Madison,_Duplicates/Unknown/Abatement (1).pdf,https://drive.google.com/file/d/1S-puSmvy8qINuE11i3s-zrtxyBHsO_qB/view?usp=drivesdk
1_MiaWKm_C4lnmaNhwJauc5ZAAYdLadxF,Tree Removal .pdf,duplicate,IBH Tax/Invoices Paid by Madison,_Duplicates/Unknown/Tree Removal .pdf,https://drive.google.com/file/d/1_MiaWKm_C4lnmaNhwJauc5ZAAYdLadxF/view?usp=drivesdk
1k9wqcz8JVNwLF9YmVuQe_YuJKUpfgJfZ,In-Between Homes Final Contributions,primary,IBH Tax,In-Between Homes (10848 153 St)/_NeedsReview/In-Between Homes Final Contributions,https://drive.google.com/file/d/1k9wqcz8JVNwLF9YmVuQe_YuJKUpfgJfZ/view?usp=drivesdk
1EeDy8LBG1MIeU3BgHUh4mASbnfeKJbtO,CHAN007HDServices invoice.pdf,primary,Allendale 10646 61 Ave 6 Unit /Receipts ,Allendale (generic)/Financials/CHAN007HDServices invoice.pdf,https://drive.google.com/file/d/1EeDy8LBG1MIeU3BgHUh4mASbnfeKJbtO/view?usp=drivesdk
1RX4UTV37JTJOwYX-qcmI_i42euUdb7hn,2026-153 Hazmat 10646 61 Avenue Asbestos Bulk Sampling Report.pdf,primary,Allendale 10646 61 Ave 6 Unit /Receipts ,Allendale (generic)/_NeedsReview/2026-153 Hazmat 10646 61 Avenue Asbestos Bulk Sampling Report.pdf,https://drive.google.com/file/d/1RX4UTV37JTJOwYX-qcmI_i42euUdb7hn/view?usp=drivesdk
17dgnOCsIMsYNHoIo2j4opYRekwzEVGKQ,10646-61 Ave Abatement.pdf,primary,Allendale 10646 61 Ave 6 Unit /Receipts ,Allendale (generic)/_NeedsReview/10646-61 Ave Abatement.pdf,https://drive.google.com/file/d/17dgnOCsIMsYNHoIo2j4opYRekwzEVGKQ/view?usp=drivesdk
1BF8Y47J4eCVj4e_2mxT49KOxrfQxMA0AyFg1UuwfOjo,Expense Allendale 10646 61 Ave,primary,Allendale 10646 61 Ave 6 Unit ,Allendale (generic)/_NeedsReview/Expense Allendale 10646 61 Ave,https://docs.google.com/spreadsheets/d/1BF8Y47J4eCVj4e_2mxT49KOxrfQxMA0AyFg1UuwfOjo/edit?usp=drivesdk&ouid=112966636072631084810
1EWbipUkcCuRi2lc0R8FdNokgRKwHeTNUw56Y3rEYAQ4,Allendale Soft Cost: 6408 106 St ,primary,Allendale 6408 106/Allendale Overview Info,Allendale (generic)/Financials/Allendale Soft Cost: 6408 106 St ,https://docs.google.com/spreadsheets/d/1EWbipUkcCuRi2lc0R8FdNokgRKwHeTNUw56Y3rEYAQ4/edit?usp=drivesdk&ouid=112966636072631084810
1FDmVHZZwNVqz-bZLEzzLoi3DbjFM0xP8F5tBXpd2zh8,Active Properties ,primary,,_NeedsReview/Active Properties ,https://docs.google.com/document/d/1FDmVHZZwNVqz-bZLEzzLoi3DbjFM0xP8F5tBXpd2zh8/edit?usp=drivesdk&ouid=112966636072631084810
1Quawf-uxnMuwD-XYe2uGx6rHJRUf-5y9,252295916_56441897_0_0.pdf,primary,Allendale 10646 61 Ave 6 Unit /Purchasing & Corporat3e Files,Allendale (generic)/_NeedsReview/252295916_56441897_0_0.pdf,https://drive.google.com/file/d/1Quawf-uxnMuwD-XYe2uGx6rHJRUf-5y9/view?usp=drivesdk
1yGYwZ8S_q92MVTw_HxwnBf33CGzwjQcf,Allendale 6-Plex Cost Breakdown .xlsx,primary,Allendale 6408 106/6408: Invoice/6408: Spreadsheets,Allendale 6-Plex (10646 61 Ave)/Financials/Allendale 6-Plex Cost Breakdown .xlsx,https://drive.google.com/file/d/1yGYwZ8S_q92MVTw_HxwnBf33CGzwjQcf/view?usp=drivesdk
1YrH1LiM6kBqdRICFa7RVHTIp3O-DX014SuZjqxfy1DM,Contract Amendment,primary,(root),_Library/Contracts/Contract Amendment,https://docs.google.com/document/d/1YrH1LiM6kBqdRICFa7RVHTIp3O-DX014SuZjqxfy1DM/edit?usp=drivesdk&ouid=112966636072631084810
1q_zRmJp5IIcnSbtJR-Z3qjN7W7EX7LdMNR8nH5r_4DY,Untitled document,primary,,_NeedsReview/Untitled document,https://docs.google.com/document/d/1q_zRmJp5IIcnSbtJR-Z3qjN7W7EX7LdMNR8nH5r_4DY/edit?usp=drivesdk&ouid=112966636072631084810
1igO4fKTQroYArvIXXM4dhewb6XHZ-fOe,2652708 ALBERTA INC. 2025 Proof of Filing.pdf,primary,CORPORATION/Numbered Corp Files,_NeedsReview/2652708 ALBERTA INC. 2025 Proof of Filing.pdf,https://drive.google.com/file/d/1igO4fKTQroYArvIXXM4dhewb6XHZ-fOe/view?usp=drivesdk
1ggefksHINfeqxijabgs2isulhPC0cnDpQf1oElS7lOA,2025 Tax ,primary,,_Library/Financials/2025 Tax ,https://docs.google.com/document/d/1ggefksHINfeqxijabgs2isulhPC0cnDpQf1oElS7lOA/edit?usp=drivesdk&ouid=112966636072631084810
1mgm2jfJKxE7uX8oi9mNVvPbETVU-40sy,Statement of Adjustments.pdf,primary,Jasper Park/Jasper Park-Corporate Files ,Jasper Park/_NeedsReview/Statement of Adjustments.pdf,https://drive.google.com/file/d/1mgm2jfJKxE7uX8oi9mNVvPbETVU-40sy/view?usp=drivesdk
1j6yzcYwuUm0y9oq1BeIp5GOOCqeHC01C,25-43999 Vibrant Homes.pdf,duplicate,Mayfield 110/Mayfield-Invoice ,_Duplicates/Mayfield 110/25-43999 Vibrant Homes.pdf,https://drive.google.com/file/d/1j6yzcYwuUm0y9oq1BeIp5GOOCqeHC01C/view?usp=drivesdk
1GBnxdh2FU4VfybXe_1IyFjn-vriZoGM3,"15981 - 110B Avenue NW, Edmonton, Alberta - Phase I ESA (V101671) - Compressed.pdf",primary,Mayfield 110/Plans & Surveys ,"Mayfield 110/Reports/15981 - 110B Avenue NW, Edmonton, Alberta - Phase I ESA (V101671) - Compressed.pdf",https://drive.google.com/file/d/1GBnxdh2FU4VfybXe_1IyFjn-vriZoGM3/view?usp=drivesdk
1tw5Kl_9zMn1TH4ejQCOVhj3bsCSqBBR2,T4_2024_Submission_29425752.pdf,primary,CORPORATION/2024 Tax Info,_NeedsReview/T4_2024_Submission_29425752.pdf,https://drive.google.com/file/d/1tw5Kl_9zMn1TH4ejQCOVhj3bsCSqBBR2/view?usp=drivesdk
1d1g2eBZxeU7ci7ygGaxGHFlUMUNC5sv0,EMANATION INVESTMENTS INC (20241130).pdf,primary,CORPORATION/2024 Tax Info,_NeedsReview/EMANATION INVESTMENTS INC (20241130).pdf,https://drive.google.com/file/d/1d1g2eBZxeU7ci7ygGaxGHFlUMUNC5sv0/view?usp=drivesdk
1sc2jq4Kot096whoL-fkXlCOJwORR6_v7,T5_2024_Submission_29425771.pdf,primary,CORPORATION/2024 Tax Info,_NeedsReview/T5_2024_Submission_29425771.pdf,https://drive.google.com/file/d/1sc2jq4Kot096whoL-fkXlCOJwORR6_v7/view?usp=drivesdk
1PClxXSxlEACyDS854k5QrHofmixPiyWK,Invoice 2024.pdf,primary,CORPORATION/2024 Tax Info,_Library/Financials/Invoice 2024.pdf,https://drive.google.com/file/d/1PClxXSxlEACyDS854k5QrHofmixPiyWK/view?usp=drivesdk
16mjS5-k3u-1EsWhzPN1VfhqTM1ouAZMH,"Confirmation of Filing T2 Nov 30, 2024.pdf",primary,CORPORATION/2024 Tax Info,"_NeedsReview/Confirmation of Filing T2 Nov 30, 2024.pdf",https://drive.google.com/file/d/16mjS5-k3u-1EsWhzPN1VfhqTM1ouAZMH/view?usp=drivesdk
1q7NMdUkFjXj3vLyONQiDZUfiWG8x078p5FvCcx6G6bA,-Capital Sheets #2 FB Leads ,primary,,_NeedsReview/-Capital Sheets #2 FB Leads ,https://docs.google.com/spreadsheets/d/1q7NMdUkFjXj3vLyONQiDZUfiWG8x078p5FvCcx6G6bA/edit?usp=drivesdk&ouid=112966636072631084810
1xEaSQuophhEUBq2G_TKoNIgb1fv9plfOvqnv9whcjHI,Kia Ora ,primary,,_NeedsReview/Kia Ora ,https://docs.google.com/document/d/1xEaSQuophhEUBq2G_TKoNIgb1fv9plfOvqnv9whcjHI/edit?usp=drivesdk&ouid=112966636072631084810
1C1TBiqiTwEminx0_99qapaCh5AFfxdCg0pkASnvedYw,September Retreat-Kia ora ,primary,,_NeedsReview/September Retreat-Kia ora ,https://docs.google.com/document/d/1C1TBiqiTwEminx0_99qapaCh5AFfxdCg0pkASnvedYw/edit?usp=drivesdk&ouid=112966636072631084810
1elWmPqf7wtadFvv-XZbkAQCea8esrmJEAcjYfW3bSKI,Uvita Developemt Project ,primary,,_NeedsReview/Uvita Developemt Project ,https://docs.google.com/document/d/1elWmPqf7wtadFvv-XZbkAQCea8esrmJEAcjYfW3bSKI/edit?usp=drivesdk&ouid=112966636072631084810
1adt3Xazm6uae1MC3vp4gCNykS4eOHKtA,PXL_20260220_020130189.jpg,primary,Jasper Park/Jasper Park-Corporate Files ,Jasper Park/Photos/PXL_20260220_020130189.jpg,https://drive.google.com/file/d/1adt3Xazm6uae1MC3vp4gCNykS4eOHKtA/view?usp=drivesdk
13I_5n3hqMBT_bHtwnzpPQBpTKugyBN-BxWiih4GEnkg,The Foundation Immersion 2026,primary,,_NeedsReview/The Foundation Immersion 2026,https://docs.google.com/document/d/13I_5n3hqMBT_bHtwnzpPQBpTKugyBN-BxWiih4GEnkg/edit?usp=drivesdk&ouid=112966636072631084810
1dglz0RV4I6tjAPc6jyfIFkrX7EwKcJcX,The Foundation Immersion 2026.pdf,primary,,_NeedsReview/The Foundation Immersion 2026.pdf,https://drive.google.com/file/d/1dglz0RV4I6tjAPc6jyfIFkrX7EwKcJcX/view?usp=drivesdk
1APCgicq0nKvP534rglRc-u-POHo_dt3KnR9yniCg3mk,Message retreat,primary,,_NeedsReview/Message retreat,https://docs.google.com/document/d/1APCgicq0nKvP534rglRc-u-POHo_dt3KnR9yniCg3mk/edit?usp=drivesdk&ouid=112966636072631084810
1PcdIQ6oC-4HqjHdzC5Qt0l4_95uxXBvgQIWl8Ufb9Fk,Retreat Brief: The Foundation Immersion 2026,primary,,_NeedsReview/Retreat Brief: The Foundation Immersion 2026,https://docs.google.com/document/d/1PcdIQ6oC-4HqjHdzC5Qt0l4_95uxXBvgQIWl8Ufb9Fk/edit?usp=drivesdk&ouid=112966636072631084810
1NWgx3Q_6NMwDd2Ujp5L19TRGn-5vBxeXumZGce_OGt0,Sept Retreat Overview ,primary,,_NeedsReview/Sept Retreat Overview ,https://docs.google.com/document/d/1NWgx3Q_6NMwDd2Ujp5L19TRGn-5vBxeXumZGce_OGt0/edit?usp=drivesdk&ouid=112966636072631084810
1fz2Hll8Iflw_lS63ZvxNuc9mGVKmCDB6Vzswjf8R-EE,Marketing Brief: The Foundation Immersion 2026,primary,,_Library/Marketing & OM/Marketing Brief: The Foundation Immersion 2026,https://docs.google.com/document/d/1fz2Hll8Iflw_lS63ZvxNuc9mGVKmCDB6Vzswjf8R-EE/edit?usp=drivesdk&ouid=112966636072631084810
1PjP_DIeta_rgrJk6dhpR8leKT3OlLgCWn3tGDuRXBF4,Kia Ora Health Allignment Institute ,primary,,_NeedsReview/Kia Ora Health Allignment Institute ,https://docs.google.com/document/d/1PjP_DIeta_rgrJk6dhpR8leKT3OlLgCWn3tGDuRXBF4/edit?usp=drivesdk&ouid=112966636072631084810
1ZlPyI-n3ux2yx8aNHalRa8kFGgVQIlT9Ol3DdJWRVA0,Kia Ora Reatret-Long Form ,primary,,_NeedsReview/Kia Ora Reatret-Long Form ,https://docs.google.com/document/d/1ZlPyI-n3ux2yx8aNHalRa8kFGgVQIlT9Ol3DdJWRVA0/edit?usp=drivesdk&ouid=112966636072631084810
1ChrJO9xmES-ihNY25k60KdV2Vv5A3Vwv,Receipt V101671 (1).pdf,primary,Mayfield 110/Mayfield-Invoice ,Mayfield 110/_NeedsReview/Receipt V101671 (1).pdf,https://drive.google.com/file/d/1ChrJO9xmES-ihNY25k60KdV2Vv5A3Vwv/view?usp=drivesdk
1Iyty4Kk-09rR0CMVbod0g70XTJeyF78o,Invoice V101671 (3).pdf,primary,Mayfield 110/Mayfield-Invoice ,Mayfield 110/Financials/Invoice V101671 (3).pdf,https://drive.google.com/file/d/1Iyty4Kk-09rR0CMVbod0g70XTJeyF78o/view?usp=drivesdk
1H2QvH4Jb9Xq-YMRH9WFQujOAsgq3WZm_wUBjh0gqK3o,Founders of Retreat at kia Ora,primary,,_NeedsReview/Founders of Retreat at kia Ora,https://docs.google.com/document/d/1H2QvH4Jb9Xq-YMRH9WFQujOAsgq3WZm_wUBjh0gqK3o/edit?usp=drivesdk&ouid=112966636072631084810
17L83pRX5mU1ke3apAabT1mM8zN4RUmgS,Att_ 05c6b654b6724142ab5ffb1ceea5c4b4.xps.pdf,duplicate,Jasper Park/Purchasing Documents ,_Duplicates/Jasper Park/Att_ 05c6b654b6724142ab5ffb1ceea5c4b4.xps.pdf,https://drive.google.com/file/d/17L83pRX5mU1ke3apAabT1mM8zN4RUmgS/view?usp=drivesdk
1E606rjhgDqzkv6IAGrKfmIxDBV0HRLzh,Summary.pdf,primary,Jasper Park/Purchasing Documents ,Jasper Park/Financials/Summary.pdf,https://drive.google.com/file/d/1E606rjhgDqzkv6IAGrKfmIxDBV0HRLzh/view?usp=drivesdk
1ojCpj7Yu-kRWH9ccfliOLkdgOY_dhT7t,Kia Ora Reatret .pdf,primary,,_NeedsReview/Kia Ora Reatret .pdf,https://drive.google.com/file/d/1ojCpj7Yu-kRWH9ccfliOLkdgOY_dhT7t/view?usp=drivesdk
1mUpKxm5exBRP5bdfNoRyB9XKx-nGyTNd,Founders of Retreat at kia Ora.pdf,primary,,_NeedsReview/Founders of Retreat at kia Ora.pdf,https://drive.google.com/file/d/1mUpKxm5exBRP5bdfNoRyB9XKx-nGyTNd/view?usp=drivesdk
10ckcgN03_MQss12xf7a_U4zKbU1_KiN5uHiFLyqB-RU,2026 Derilect ,primary,,_NeedsReview/2026 Derilect ,https://docs.google.com/spreadsheets/d/10ckcgN03_MQss12xf7a_U4zKbU1_KiN5uHiFLyqB-RU/edit?usp=drivesdk&ouid=112966636072631084810
1j3HKTRglyb4iMR1ql-dmB0kvQvWBotyr,Jasper Place 9121 152 St  LOI - Revised - February 4 2026.pdf,primary,Jasper Park/Financing ,Jasper Park/_NeedsReview/Jasper Place 9121 152 St  LOI - Revised - February 4 2026.pdf,https://drive.google.com/file/d/1j3HKTRglyb4iMR1ql-dmB0kvQvWBotyr/view?usp=drivesdk
1JSs6aiNUtxuqRUxvtZQ4g2kO10wGDPW6,9117_-_152_STREET_NW_Addressing_Letter.pdf,primary,Jasper Park/Jasper Park Development ,Jasper Park/_NeedsReview/9117_-_152_STREET_NW_Addressing_Letter.pdf,https://drive.google.com/file/d/1JSs6aiNUtxuqRUxvtZQ4g2kO10wGDPW6/view?usp=drivesdk
1QmqrH8GUneNWvy9WTgq0EVLCcf20lR99,Receipt_C1At6uDqeyU2_from_OASIS_ENGINEERING_GROUP_LTD.pdf,duplicate,Jasper Park/Jasper Park-Invoice,_Duplicates/Jasper Park/Receipt_C1At6uDqeyU2_from_OASIS_ENGINEERING_GROUP_LTD.pdf,https://drive.google.com/file/d/1QmqrH8GUneNWvy9WTgq0EVLCcf20lR99/view?usp=drivesdk
1AO7qVM7KIMU6mxUfjQlH12m5z_ejLZdz,Summary.pdf,primary,Allendale 10646 61 Ave 6 Unit /Allendale: 10646 61 Ave/Receipts ,Allendale (generic)/Financials/Summary.pdf,https://drive.google.com/file/d/1AO7qVM7KIMU6mxUfjQlH12m5z_ejLZdz/view?usp=drivesdk
1miSboonimm0KC1iWyw_xuh5mpTM8BwCQ,All Loans _ The Mortgage Office.xps.pdf,primary,Allendale 10646 61 Ave 6 Unit ,Allendale (generic)/_NeedsReview/All Loans _ The Mortgage Office.xps.pdf,https://drive.google.com/file/d/1miSboonimm0KC1iWyw_xuh5mpTM8BwCQ/view?usp=drivesdk
1AsM6hNH6i6x1vkjw2jC4CiPYoqdtiqtq,PRE_M.LIFE.pdf,primary,(root),_NeedsReview/PRE_M.LIFE.pdf,https://drive.google.com/file/d/1AsM6hNH6i6x1vkjw2jC4CiPYoqdtiqtq/view?usp=drivesdk
1v-T2HByQ2uEyKJGqj_kbpafKUDTS7i51,"14858, 8 Unit Complex, Sunrize Investments, 9121 152 Street, Jasper Park, FINAL.pdf",primary,Jasper Park/Jasper Park-Plans ,"Jasper Park/_NeedsReview/14858, 8 Unit Complex, Sunrize Investments, 9121 152 Street, Jasper Park, FINAL.pdf",https://drive.google.com/file/d/1v-T2HByQ2uEyKJGqj_kbpafKUDTS7i51/view?usp=drivesdk
1hrP_SnbPW-DShtGVTCscDWDznWEAtWVo,ING.PRE_M.COCOBEACH3.pdf,primary,(root),_NeedsReview/ING.PRE_M.COCOBEACH3.pdf,https://drive.google.com/file/d/1hrP_SnbPW-DShtGVTCscDWDznWEAtWVo/view?usp=drivesdk
1d5ys3I1NbthAI1XIMWcg1PsF97ds7uH1,ESP.PRE_M.COCOBEACH3.pdf,primary,(root),_NeedsReview/ESP.PRE_M.COCOBEACH3.pdf,https://drive.google.com/file/d/1d5ys3I1NbthAI1XIMWcg1PsF97ds7uH1/view?usp=drivesdk
1v5pnpHVOn_TX9fMev4g9bXf9FMgfMGdv,Mayfield - Foundation Stage Cost Breakdown revised - Feb 10th.xlsx,primary,,Mayfield 110/Financials/Mayfield - Foundation Stage Cost Breakdown revised - Feb 10th.xlsx,https://drive.google.com/file/d/1v5pnpHVOn_TX9fMev4g9bXf9FMgfMGdv/view?usp=drivesdk
19NhXFKjzxL9XQErJnfM0Nck0NH3yO5Vh,Mayfield - Foundation Stage Cost Breakdown revised - Feb 9th.xlsx,primary,,Mayfield 110/Financials/Mayfield - Foundation Stage Cost Breakdown revised - Feb 9th.xlsx,https://drive.google.com/file/d/19NhXFKjzxL9XQErJnfM0Nck0NH3yO5Vh/view?usp=drivesdk
14aric8DO6E7Ft7peeJeypemXziSZC9FUqm5R0-TL-AU,How to underwrite Unit Size ,primary,Development Info-----Go to rize/Akeem Underwite ,_NeedsReview/How to underwrite Unit Size ,https://docs.google.com/document/d/14aric8DO6E7Ft7peeJeypemXziSZC9FUqm5R0-TL-AU/edit?usp=drivesdk&ouid=112966636072631084810
19fAujfUN9Lb7NtMG3Z4J6LjIGuVFk4enGttMhjPiK30,Mail To send ,primary,,_NeedsReview/Mail To send ,https://docs.google.com/document/d/19fAujfUN9Lb7NtMG3Z4J6LjIGuVFk4enGttMhjPiK30/edit?usp=drivesdk&ouid=112966636072631084810
1U92JmVdW9VJaY-7xT19gKwOKM7_DFw1Q,Invoice Finders Fee 10801 & 10805.pdf,primary,2026 Tax - ,_Library/Financials/Invoice Finders Fee 10801 & 10805.pdf,https://drive.google.com/file/d/1U92JmVdW9VJaY-7xT19gKwOKM7_DFw1Q/view?usp=drivesdk
1Kk-qOOT174VJpVJGuaf0g1QZBCD3zzZf,Invoice Assignment Fee 10612 127 St .pdf,primary,2026 Tax - ,10612 127/Contracts/Invoice Assignment Fee 10612 127 St .pdf,https://drive.google.com/file/d/1Kk-qOOT174VJpVJGuaf0g1QZBCD3zzZf/view?usp=drivesdk
1BSAtLFwk4UyRYjTbPH9YU3Eldk0Gitm1,Toronto_1000.csv,primary,,_NeedsReview/Toronto_1000.csv,https://drive.google.com/file/d/1BSAtLFwk4UyRYjTbPH9YU3Eldk0Gitm1/view?usp=drivesdk
1ZUNcH9-O4pVhaUnv7xHcTA1g0tpIqaqE,PRESENTACIÓN_M MIDTOWN 360.pdf,primary,(root),_NeedsReview/PRESENTACIÓN_M MIDTOWN 360.pdf,https://drive.google.com/file/d/1ZUNcH9-O4pVhaUnv7xHcTA1g0tpIqaqE/view?usp=drivesdk
1t20FHqQ8qjMXHm75UPkPZfeaGbWxoNcY,PRESENTACION MIDTOWN 2.pdf,primary,(root),_NeedsReview/PRESENTACION MIDTOWN 2.pdf,https://drive.google.com/file/d/1t20FHqQ8qjMXHm75UPkPZfeaGbWxoNcY/view?usp=drivesdk
1Ucem--r7TkFxnk7HqJ4ki10tZ07fCoPL,Admin_ Investors.xlsx,primary,LEADS////SPREADSHEETS!,_NeedsReview/Admin_ Investors.xlsx,https://drive.google.com/file/d/1Ucem--r7TkFxnk7HqJ4ki10tZ07fCoPL/view?usp=drivesdk
19trMeYx4HEUluhU0TT3jMslLhTbogeUe,"Co-Star, Multifamily Sellers, 2014-2022, 1-4 stars---.xlsx",primary,LEADS////SPREADSHEETS!,"_NeedsReview/Co-Star, Multifamily Sellers, 2014-2022, 1-4 stars---.xlsx",https://drive.google.com/file/d/19trMeYx4HEUluhU0TT3jMslLhTbogeUe/view?usp=drivesdk
1wzILtdEA2R3FyVMZqsVuraIhvLnMHTB8,"Co-Star, Multifamily Buyers, 2014-2022, 1-4 star-----Completed .xlsx",primary,LEADS////SPREADSHEETS!,"_NeedsReview/Co-Star, Multifamily Buyers, 2014-2022, 1-4 star-----Completed .xlsx",https://drive.google.com/file/d/1wzILtdEA2R3FyVMZqsVuraIhvLnMHTB8/view?usp=drivesdk
1Qiqw2nuECue1w6T50dPrXbemTeY3a7-P,Buyers_Builders_1759706089-Uploaded .xlsx,primary,LEADS////SPREADSHEETS!,_NeedsReview/Buyers_Builders_1759706089-Uploaded .xlsx,https://drive.google.com/file/d/1Qiqw2nuECue1w6T50dPrXbemTeY3a7-P/view?usp=drivesdk
1wnO9xDt0sKB8SAU5wxp-uu9Zzg3eQp1c,Buyers_Builders_1759706010-----Uploaded .xlsx,primary,LEADS////SPREADSHEETS!,_NeedsReview/Buyers_Builders_1759706010-----Uploaded .xlsx,https://drive.google.com/file/d/1wnO9xDt0sKB8SAU5wxp-uu9Zzg3eQp1c/view?usp=drivesdk
13M4BdJ_t6TbFZPVthbfcQ342HkHoN0rp,Buyers_1742680165---uploaded .xlsx,primary,LEADS////SPREADSHEETS!,_NeedsReview/Buyers_1742680165---uploaded .xlsx,https://drive.google.com/file/d/13M4BdJ_t6TbFZPVthbfcQ342HkHoN0rp/view?usp=drivesdk
14PDfCYLUR3ek8JjNha-9wuX-NCccNssR,Builders-uploaded .xlsx,primary,LEADS////SPREADSHEETS!,_NeedsReview/Builders-uploaded .xlsx,https://drive.google.com/file/d/14PDfCYLUR3ek8JjNha-9wuX-NCccNssR/view?usp=drivesdk
1eBm1aFWJ0QFSvyEndaqQ79FFzZ1NQbEf,Builders_Developers INFO (email_numbers) ----uploaded .xlsx,primary,LEADS////SPREADSHEETS!,_NeedsReview/Builders_Developers INFO (email_numbers) ----uploaded .xlsx,https://drive.google.com/file/d/1eBm1aFWJ0QFSvyEndaqQ79FFzZ1NQbEf/view?usp=drivesdk
12dw-G_m4hetVRgbG1RbMie2pkCCtSln_,Bea LinkedIN.xlsx----Completed ,primary,LEADS////SPREADSHEETS!,_NeedsReview/Bea LinkedIN.xlsx----Completed ,https://drive.google.com/file/d/12dw-G_m4hetVRgbG1RbMie2pkCCtSln_/view?usp=drivesdk
1K6KFJ61iDld7YobTjJZvH1KMfdf2ZbIJ,"BC, Co-Star, Buyers, All, After 2014------completd .xlsx",primary,LEADS////SPREADSHEETS!,"_NeedsReview/BC, Co-Star, Buyers, All, After 2014------completd .xlsx",https://drive.google.com/file/d/1K6KFJ61iDld7YobTjJZvH1KMfdf2ZbIJ/view?usp=drivesdk
1f_a083FwdSj5-M5h9VvX7HTp7y9dhqZm,Buyers_Realtor_1757725372--- uploaded .xlsx,primary,LEADS////SPREADSHEETS!,_NeedsReview/Buyers_Realtor_1757725372--- uploaded .xlsx,https://drive.google.com/file/d/1f_a083FwdSj5-M5h9VvX7HTp7y9dhqZm/view?usp=drivesdk
1lKHqDonLa6u7rawzs0oP_BfQgJk8sWzF,Alberta August 23 2023-2024 Buyers--- Uploaded .xlsx,primary,LEADS////SPREADSHEETS!,_NeedsReview/Alberta August 23 2023-2024 Buyers--- Uploaded .xlsx,https://drive.google.com/file/d/1lKHqDonLa6u7rawzs0oP_BfQgJk8sWzF/view?usp=drivesdk
1aM1w6pjqHn1pfhGFpUmK9dTPB0qA_z8ZLH3PUEQDGH8,Ab buyer - Uploaded ,primary,,_NeedsReview/Ab buyer - Uploaded ,https://docs.google.com/spreadsheets/d/1aM1w6pjqHn1pfhGFpUmK9dTPB0qA_z8ZLH3PUEQDGH8/edit?usp=drivesdk&ouid=112966636072631084810
1BdyFG3yNTIcJ7YIb2k9qW9XLkzIFepoWINgx5rIQhZc,Edmonton Co-Start List 2 ,primary,,_NeedsReview/Edmonton Co-Start List 2 ,https://docs.google.com/spreadsheets/d/1BdyFG3yNTIcJ7YIb2k9qW9XLkzIFepoWINgx5rIQhZc/edit?usp=drivesdk&ouid=112966636072631084810
1sI_wKj_XlPCmSkCJfP1uOZQMmcFAcPd4CghCQzwnJtQ,Edmonton Co-Star List,primary,Actionables! JUNE/JULY 2025,_NeedsReview/Edmonton Co-Star List,https://docs.google.com/spreadsheets/d/1sI_wKj_XlPCmSkCJfP1uOZQMmcFAcPd4CghCQzwnJtQ/edit?usp=drivesdk&ouid=112966636072631084810
1mW96zkhVPoip4UvL04fZSIOR5gctJTZw,Jasper Park Budget v3.xlsx,primary,Jasper Park/Jasper Park- Construction Budget,Jasper Park/Financials/Jasper Park Budget v3.xlsx,https://drive.google.com/file/d/1mW96zkhVPoip4UvL04fZSIOR5gctJTZw/view?usp=drivesdk
1VQFeIX7SW980Rv8q3o1xt-pByymQAbn90EsbhRm9BHk,Ryan FB Leads  #1,primary,,_NeedsReview/Ryan FB Leads  #1,https://docs.google.com/spreadsheets/d/1VQFeIX7SW980Rv8q3o1xt-pByymQAbn90EsbhRm9BHk/edit?usp=drivesdk&ouid=112966636072631084810
1uqIeM0zeuXaUkz6D4vD7JtGG188DqIo7,Jasper Park Budget v2.xlsx,primary,Jasper Park/Jasper Park Development ,Jasper Park/Financials/Jasper Park Budget v2.xlsx,https://drive.google.com/file/d/1uqIeM0zeuXaUkz6D4vD7JtGG188DqIo7/view?usp=drivesdk
1obsE0TQvRFQBAEAfQNa88E4lWFrmthyj,organized_contacts.xlsx,primary,LEADS////SPREADSHEETS!,_NeedsReview/organized_contacts.xlsx,https://drive.google.com/file/d/1obsE0TQvRFQBAEAfQNa88E4lWFrmthyj/view?usp=drivesdk
1BkVolZvlh-f8bZQWsdyOB1n1OJvjYGRP,"LOI - 15981 110B Ave, Edmonton.pdf",primary,Mayfield 110/CMHC Files,"Mayfield 110/_NeedsReview/LOI - 15981 110B Ave, Edmonton.pdf",https://drive.google.com/file/d/1BkVolZvlh-f8bZQWsdyOB1n1OJvjYGRP/view?usp=drivesdk
1TCWL7lQKwGicVQAMgQgpHDQRp4gXgTZU,Call- Aamir Co-Star_ Alberta (After 2014).xlsx,primary,LEADS////SPREADSHEETS!/Co star Data - CA,_NeedsReview/Call- Aamir Co-Star_ Alberta (After 2014).xlsx,https://drive.google.com/file/d/1TCWL7lQKwGicVQAMgQgpHDQRp4gXgTZU/view?usp=drivesdk
1NasWRQcqPvBRu71WFfrQPT4b9E_FPffA,CRA-GRID.pdf,primary,Personal /2024 Filled Tax,_NeedsReview/CRA-GRID.pdf,https://drive.google.com/file/d/1NasWRQcqPvBRu71WFfrQPT4b9E_FPffA/view?usp=drivesdk
1fEwp35ntF0vP11E7Z0s0G0uFGxI2NEml,912326805_51563546_0_0.pdf---,primary,NEW Properties /Titles Pulled ,_NeedsReview/912326805_51563546_0_0.pdf---,https://drive.google.com/file/d/1fEwp35ntF0vP11E7Z0s0G0uFGxI2NEml/view?usp=drivesdk
1pmHUj6IV9tb3VgaNMim-IQy3C-RJzlHB,9121 152 ST WDV.4.pdf,primary,Jasper Park/Jasper Park-Plans ,Jasper Park/_NeedsReview/9121 152 ST WDV.4.pdf,https://drive.google.com/file/d/1pmHUj6IV9tb3VgaNMim-IQy3C-RJzlHB/view?usp=drivesdk
1oP9PK3Htsyz-jmvTnMI-MqINbYzu6Jq8,Mayfield - Building Permit Receipt.pdf,primary,Mayfield 110/Mayfield-Invoice ,Mayfield 110/Plans & Permits/Mayfield - Building Permit Receipt.pdf,https://drive.google.com/file/d/1oP9PK3Htsyz-jmvTnMI-MqINbYzu6Jq8/view?usp=drivesdk
1YtwPYuLRFsbd5f5ee5afMoF28KN7J60A,Invoice_142.pdf,primary,Allendale 10646 61 Ave 6 Unit /Allendale: 10646 61 Ave/Receipts ,Allendale (generic)/_NeedsReview/Invoice_142.pdf,https://drive.google.com/file/d/1YtwPYuLRFsbd5f5ee5afMoF28KN7J60A/view?usp=drivesdk
1JWaK60UrV4iOS3UncCo8_6zn3zf5BU2FfxlnfilR9yM,10646 61 Ave Allendale Cashflow ,primary,,Allendale (generic)/Financials/10646 61 Ave Allendale Cashflow ,https://docs.google.com/spreadsheets/d/1JWaK60UrV4iOS3UncCo8_6zn3zf5BU2FfxlnfilR9yM/edit?usp=drivesdk&ouid=112966636072631084810
1-zWeVAGoJE09EuxQ0WJNzHnZTyIci2Tz,756739751044073014.xlsx,primary,(root),_NeedsReview/756739751044073014.xlsx,https://drive.google.com/file/d/1-zWeVAGoJE09EuxQ0WJNzHnZTyIci2Tz/view?usp=drivesdk
1xUiLdsQ0CRwJbVYUwefTwUsQRjSls3A6rOFhE_Y27U4,B&H estimates,primary,(root),_NeedsReview/B&H estimates,https://docs.google.com/spreadsheets/d/1xUiLdsQ0CRwJbVYUwefTwUsQRjSls3A6rOFhE_Y27U4/edit?usp=drivesdk&ouid=112966636072631084810
1P2FgNwH54klmeTA4OXA5H4x5OTEnJJ9o,Independent Contractor - Signed Hannah Goyer.pdf,primary,CORPORATION/Employee/Employees /Hannah-Drive ,_Library/Contracts/Independent Contractor - Signed Hannah Goyer.pdf,https://drive.google.com/file/d/1P2FgNwH54klmeTA4OXA5H4x5OTEnJJ9o/view?usp=drivesdk
11g7lPJxK3lrxNwYrEtpIAKdFWHJBEXnN7AqU1r7p4sg,INDEPENDENT CONTRACTOR AGREEMENT ,primary,,_Library/Contracts/INDEPENDENT CONTRACTOR AGREEMENT ,https://docs.google.com/document/d/11g7lPJxK3lrxNwYrEtpIAKdFWHJBEXnN7AqU1r7p4sg/edit?usp=drivesdk&ouid=112966636072631084810
1FuEFlbrnDZv1KyB7ZGf6_r6frxNOmWuQ,Distressed Property Outreach .pdf,primary,CORPORATION/Employee/Employees /Hannah-Drive ,Distressed Property Outreach/_NeedsReview/Distressed Property Outreach .pdf,https://drive.google.com/file/d/1FuEFlbrnDZv1KyB7ZGf6_r6frxNOmWuQ/view?usp=drivesdk
1zo5H6pi0xfxLELITT7AeAmj2KxXkflkx59usXKZGQi4,Distressed Property Outreach ,primary,,Distressed Property Outreach/_NeedsReview/Distressed Property Outreach ,https://docs.google.com/document/d/1zo5H6pi0xfxLELITT7AeAmj2KxXkflkx59usXKZGQi4/edit?usp=drivesdk&ouid=112966636072631084810
1KC3vtxMCWW8IddGu-F6I3kwx7P5HGeaF,Distressed_Property_Outreach.xlsx,primary,CORPORATION/Employee/Employees /Hannah-Drive ,Distressed Property Outreach/_NeedsReview/Distressed_Property_Outreach.xlsx,https://drive.google.com/file/d/1KC3vtxMCWW8IddGu-F6I3kwx7P5HGeaF/view?usp=drivesdk
1kRHA6zEfu--uw7k2IFJ8Eq5hpFlnmHdAgiik5UZ9QBg,Homeowner Outreach,primary,,_NeedsReview/Homeowner Outreach,https://docs.google.com/document/d/1kRHA6zEfu--uw7k2IFJ8Eq5hpFlnmHdAgiik5UZ9QBg/edit?usp=drivesdk&ouid=112966636072631084810
1gS1EFpILZS0q2d0JXZzOprAhyZ6Kd8BnFuk7AM5o8eQ,2026 Derelict List Final ,primary,,_NeedsReview/2026 Derelict List Final ,https://docs.google.com/spreadsheets/d/1gS1EFpILZS0q2d0JXZzOprAhyZ6Kd8BnFuk7AM5o8eQ/edit?usp=drivesdk&ouid=112966636072631084810
19YqMpDoWUX--JWd-hs-EZ_2-soOtzjrv,Commercial Purchase Contract (1) (2).pdf,primary,Jasper Park/Jasper Park- Ana Purchasing Documents ,Jasper Park/Contracts/Commercial Purchase Contract (1) (2).pdf,https://drive.google.com/file/d/19YqMpDoWUX--JWd-hs-EZ_2-soOtzjrv/view?usp=drivesdk
1p9_dE4NKI48hfT-cvUv_IZz0A0_eCOCn,Schedule_G_Completion_Addendum_Q1_2027_DepositRelease.pdf,primary,Jasper Park/Jasper Park- Ana Purchasing Documents ,Jasper Park/_NeedsReview/Schedule_G_Completion_Addendum_Q1_2027_DepositRelease.pdf,https://drive.google.com/file/d/1p9_dE4NKI48hfT-cvUv_IZz0A0_eCOCn/view?usp=drivesdk
1T28951PhiJqa2bA4kRd1uIjyPQ2VSt2x,Schedule_F_GST_Rebate_Agreement_Simple_Filled_2337k.pdf,primary,Jasper Park/Jasper Park- Ana Purchasing Documents ,Jasper Park/_NeedsReview/Schedule_F_GST_Rebate_Agreement_Simple_Filled_2337k.pdf,https://drive.google.com/file/d/1T28951PhiJqa2bA4kRd1uIjyPQ2VSt2x/view?usp=drivesdk
1bIc4JmBuc4cvydieqttanawbq5Hnj42d,GST_Rebate_Agreement 9121 152 ST.pdf,primary,Jasper Park/Jasper Park- Ana Purchasing Documents ,Jasper Park/_NeedsReview/GST_Rebate_Agreement 9121 152 ST.pdf,https://drive.google.com/file/d/1bIc4JmBuc4cvydieqttanawbq5Hnj42d/view?usp=drivesdk
1OZy5XKNpHEAp8Q-GNkegth522dUKtfxR,Front.jpg,primary,Jasper Park/Jasper Park- Ana Purchasing Documents ,Jasper Park/Photos/Front.jpg,https://drive.google.com/file/d/1OZy5XKNpHEAp8Q-GNkegth522dUKtfxR/view?usp=drivesdk
1T_4P37jqRw6_AlCRs782jJoTGzgUbvoJ,Back Driving license.jpg,primary,Jasper Park/Jasper Park- Ana Purchasing Documents ,Jasper Park/Photos/Back Driving license.jpg,https://drive.google.com/file/d/1T_4P37jqRw6_AlCRs782jJoTGzgUbvoJ/view?usp=drivesdk
1d6BSCzPsUGy7z0cEWbWV1tVOMkkZ9Q3R,Schedule_C_Appliance_Schedule_Blank.pdf,primary,Jasper Park/Jasper Park- Ana Purchasing Documents ,Jasper Park/_NeedsReview/Schedule_C_Appliance_Schedule_Blank.pdf,https://drive.google.com/file/d/1d6BSCzPsUGy7z0cEWbWV1tVOMkkZ9Q3R/view?usp=drivesdk
1bbz2jQfB0xYMdsX4N15Z0MYg9gZOo16T,Schedule_D_Project_Utility_Metering.pdf,primary,Jasper Park/Jasper Park- Ana Purchasing Documents ,Jasper Park/_NeedsReview/Schedule_D_Project_Utility_Metering.pdf,https://drive.google.com/file/d/1bbz2jQfB0xYMdsX4N15Z0MYg9gZOo16T/view?usp=drivesdk
1Ai4M-3i2D-LOyp8HdCL3rNehBg-QQTss,9121 152 ST NW Plans (1).pdf,primary,Jasper Park/Jasper Park- Ana Purchasing Documents ,Jasper Park/Plans & Permits/9121 152 ST NW Plans (1).pdf,https://drive.google.com/file/d/1Ai4M-3i2D-LOyp8HdCL3rNehBg-QQTss/view?usp=drivesdk
1hK9gUJzcACns2Cp_6dnuiBH-FwOG4sfmk76dat9Hw_c,Allendale 6408: Master COST Summary ,primary,Allendale 6408 106/6408: Invoice/6408: Spreadsheets,Allendale (generic)/Financials/Allendale 6408: Master COST Summary ,https://docs.google.com/spreadsheets/d/1hK9gUJzcACns2Cp_6dnuiBH-FwOG4sfmk76dat9Hw_c/edit?usp=drivesdk&ouid=112966636072631084810
1CKVwCgvKMdu8WdczgEepJ5PRKDo_jMEY,WhatsApp Image 2025-11-19 at 3.16.30 PM.jpeg,primary,Landridge/8338 81 Ave (6-Plex),8338 81/Photos/WhatsApp Image 2025-11-19 at 3.16.30 PM.jpeg,https://drive.google.com/file/d/1CKVwCgvKMdu8WdczgEepJ5PRKDo_jMEY/view?usp=drivesdk
1fVGVy0v3JeB2WnBJvsPATaf1cWJEhiQYrCwHiTcDwuk,2025 List ,primary,,_NeedsReview/2025 List ,https://docs.google.com/spreadsheets/d/1fVGVy0v3JeB2WnBJvsPATaf1cWJEhiQYrCwHiTcDwuk/edit?usp=drivesdk&ouid=112966636072631084810
1EXiQD-96qt49uhRytHCWoOW3Wwd2xN4c,#2 Mayfield 110: Cost Breakdown .xls.xlsx,primary,Mayfield 110/CMHC Files,Mayfield 110/Financials/#2 Mayfield 110: Cost Breakdown .xls.xlsx,https://drive.google.com/file/d/1EXiQD-96qt49uhRytHCWoOW3Wwd2xN4c/view?usp=drivesdk
1KO2KrxtsTbReCqBxCMFlx0RLdpmERRQR,Letter of Good Standing.pdf,primary,Mayfield 110/Purchasing & Corp.,Mayfield 110/_NeedsReview/Letter of Good Standing.pdf,https://drive.google.com/file/d/1KO2KrxtsTbReCqBxCMFlx0RLdpmERRQR/view?usp=drivesdk
1f2111jruRSz1_2Dcw4qO7WNpzWGxhKZG,Information Statement.pdf,primary,Mayfield 110/Purchasing & Corp.,Mayfield 110/_NeedsReview/Information Statement.pdf,https://drive.google.com/file/d/1f2111jruRSz1_2Dcw4qO7WNpzWGxhKZG/view?usp=drivesdk
1BU655zOjg-ET_fwRGPwHQyOdg_gip2tL,HSFC_PNW_filled_Loren (1) (1).pdf,primary,Mayfield 110/Purchasing & Corp.,Mayfield 110/_NeedsReview/HSFC_PNW_filled_Loren (1) (1).pdf,https://drive.google.com/file/d/1BU655zOjg-ET_fwRGPwHQyOdg_gip2tL/view?usp=drivesdk
1y9OXA5sqdGWnsArEARbo3QFuedDJGGnYUavIY_dX4VY,TEMPLATE - PNW Statement - Loren ,primary,Mayfield 110/Loren Files ,Mayfield 110/Investor Docs/TEMPLATE - PNW Statement - Loren ,https://docs.google.com/spreadsheets/d/1y9OXA5sqdGWnsArEARbo3QFuedDJGGnYUavIY_dX4VY/edit?usp=drivesdk&ouid=112966636072631084810
1oHJj82W5o7YWmlPuZ-wJvFbzSGnbExVV,YAREMCHUK. LOREN 2024.pdf,primary,Mayfield 110/Loren Files ,Mayfield 110/_NeedsReview/YAREMCHUK. LOREN 2024.pdf,https://drive.google.com/file/d/1oHJj82W5o7YWmlPuZ-wJvFbzSGnbExVV/view?usp=drivesdk
1S9Dirx_wqtjehmz9tBaDTCFgm6Um_0Vl,"Statement of account Loren Yaremchuk Dec 23, 2025.pdf",primary,Mayfield 110/Loren Files ,"Mayfield 110/_NeedsReview/Statement of account Loren Yaremchuk Dec 23, 2025.pdf",https://drive.google.com/file/d/1S9Dirx_wqtjehmz9tBaDTCFgm6Um_0Vl/view?usp=drivesdk
1V_aEylRmZx9D86VlP-jxcIo06-ze-Cra,Sep 30. 21 ye.doc,primary,Mayfield 110/Loren Files ,Mayfield 110/_NeedsReview/Sep 30. 21 ye.doc,https://drive.google.com/file/d/1V_aEylRmZx9D86VlP-jxcIo06-ze-Cra/view?usp=drivesdk
12VGjq3HK2xMa_DVyb_WYwe-Ftl2-Q3-G,Sep 30. 23 ye.doc,primary,Mayfield 110/Loren Files ,Mayfield 110/_NeedsReview/Sep 30. 23 ye.doc,https://drive.google.com/file/d/12VGjq3HK2xMa_DVyb_WYwe-Ftl2-Q3-G/view?usp=drivesdk
1YyN_N_Mz-zkrVuN1t5p5PA56w7xLnmB6,Backyard House Development Permit Statement.pdf,duplicate,Mayfield 110/Mayfield-Invoice ,_Duplicates/Mayfield 110/Backyard House Development Permit Statement.pdf,https://drive.google.com/file/d/1YyN_N_Mz-zkrVuN1t5p5PA56w7xLnmB6/view?usp=drivesdk
1sn_Flc0hZGEJetLMUN8elvYSyE6P2b3H,09 (1).jpg,primary,Jasper Park/Jasper Park-Invoice,Jasper Park/Photos/09 (1).jpg,https://drive.google.com/file/d/1sn_Flc0hZGEJetLMUN8elvYSyE6P2b3H/view?usp=drivesdk
1HcCjQqJUbz_lEBwWW0NnMz9JCfzxqrrM,25-43999 Vibrant Homes.pdf,duplicate,Mayfield 110/Mayfield-Invoice ,_Duplicates/Mayfield 110/25-43999 Vibrant Homes.pdf,https://drive.google.com/file/d/1HcCjQqJUbz_lEBwWW0NnMz9JCfzxqrrM/view?usp=drivesdk
1mWmEjwPfseuaAeenqhEONz9KVSpeDN30,Invoice_17737_2025-10-31.pdf,duplicate,Mayfield 110/Mayfield-Invoice ,_Duplicates/Mayfield 110/Invoice_17737_2025-10-31.pdf,https://drive.google.com/file/d/1mWmEjwPfseuaAeenqhEONz9KVSpeDN30/view?usp=drivesdk
1G6JKG_I5DHmsxMW5IZLztbDkMJTGAXlv,Demolition & Sign Receipt - Mayfield.pdf,primary,Jasper Park/Jasper Park-Invoice,Mayfield 110/_NeedsReview/Demolition & Sign Receipt - Mayfield.pdf,https://drive.google.com/file/d/1G6JKG_I5DHmsxMW5IZLztbDkMJTGAXlv/view?usp=drivesdk
1cjkZcqSXW0zC74bF4KEAywnZ1XP2mblO,INV0000170443.pdf,primary,Mayfield 110/Mayfield-Invoice ,Mayfield 110/_NeedsReview/INV0000170443.pdf,https://drive.google.com/file/d/1cjkZcqSXW0zC74bF4KEAywnZ1XP2mblO/view?usp=drivesdk
1ah-IbBsc5w128JMBEMlilUn_WJTxG2rw,Invoice_10553_from_OASIS_ENGINEERING_GROUP_LTD.pdf,duplicate,Jasper Park/Jasper Park-Invoice,_Duplicates/Jasper Park/Invoice_10553_from_OASIS_ENGINEERING_GROUP_LTD.pdf,https://drive.google.com/file/d/1ah-IbBsc5w128JMBEMlilUn_WJTxG2rw/view?usp=drivesdk
1cq7N5B3spf9hjUyijDBcrl6rrAeFKy8Y,MA Connect Rental Designation - Mayfield.pdf,primary,Jasper Park/Jasper Park-Invoice,Mayfield 110/_NeedsReview/MA Connect Rental Designation - Mayfield.pdf,https://drive.google.com/file/d/1cq7N5B3spf9hjUyijDBcrl6rrAeFKy8Y/view?usp=drivesdk
1jzkZ0Req-hr67aBwb4gLn973AFHXueCD,Invoice 2232 - 1 18x24 Coroplast  Sign 40 with 4 grommets - Jan 07 2026.PDF,duplicate,Jasper Park/Jasper Park-Invoice,_Duplicates/Jasper Park/Invoice 2232 - 1 18x24 Coroplast  Sign 40 with 4 grommets - Jan 07 2026.PDF,https://drive.google.com/file/d/1jzkZ0Req-hr67aBwb4gLn973AFHXueCD/view?usp=drivesdk
1Y9_8Ng6TnYM_FxLUEz0YXUH_JAJTtOZ5,Blueprints-Fourplex Back to Back .pdf,primary,Landridge/Westmount (8-Plex),Westmount/_NeedsReview/Blueprints-Fourplex Back to Back .pdf,https://drive.google.com/file/d/1Y9_8Ng6TnYM_FxLUEz0YXUH_JAJTtOZ5/view?usp=drivesdk
1WZHpzlusy7tyDoY_BH5Ac0EVByPVIF4L,metro_vancouver_commercial_agents_350PLUS.csv,primary,Landridge,_NeedsReview/metro_vancouver_commercial_agents_350PLUS.csv,https://drive.google.com/file/d/1WZHpzlusy7tyDoY_BH5Ac0EVByPVIF4L/view?usp=drivesdk
1qoun3_fEc9FQte1ZBR5pZAETvz27cbPt,Allendale 61. 6-Plex Pro-Forma .xlsx,primary,Allendale 10646 61 Ave 6 Unit ,Allendale (generic)/Financials/Allendale 61. 6-Plex Pro-Forma .xlsx,https://drive.google.com/file/d/1qoun3_fEc9FQte1ZBR5pZAETvz27cbPt/view?usp=drivesdk
120YRlaU2O9u2MPtY9F59DZIRLzpfIb65,10612 - 127 STREET NW- Schedule C.pdf,primary,Landridge/landridge 8-plex purching contract for clients ,10612 127 Street NW/Contracts/10612 - 127 STREET NW- Schedule C.pdf,https://drive.google.com/file/d/120YRlaU2O9u2MPtY9F59DZIRLzpfIb65/view?usp=drivesdk
1ZW_GBAb-CrpV1JxQhHNwnLf8NBE9RcrP,10612 - 127 STREET NW - Schedule A - Plans.pdf,primary,Landridge/landridge 8-plex purching contract for clients ,10612 127 Street NW/Contracts/10612 - 127 STREET NW - Schedule A - Plans.pdf,https://drive.google.com/file/d/1ZW_GBAb-CrpV1JxQhHNwnLf8NBE9RcrP/view?usp=drivesdk
1Pgis-HtO6NX1rcKtwzZ2HykI0uyUEpO0,Landridge Trust Account Details.pdf,primary,Landridge/landridge 8-plex purching contract for clients ,_NeedsReview/Landridge Trust Account Details.pdf,https://drive.google.com/file/d/1Pgis-HtO6NX1rcKtwzZ2HykI0uyUEpO0/view?usp=drivesdk
1nHgxHcUxAvYdOpNL3LNPQe-3pNcq_juk,10612 - 127 STREET NW- Rebate Agreement.pdf,primary,Landridge/landridge 8-plex purching contract for clients ,10612 127 Street NW/Contracts/10612 - 127 STREET NW- Rebate Agreement.pdf,https://drive.google.com/file/d/1nHgxHcUxAvYdOpNL3LNPQe-3pNcq_juk/view?usp=drivesdk
1HkEzQ1r3-KBjgVzl1T_yX8Sh_VPmUaJk,10612 - 127 STREET NW- Addendum.pdf,primary,Landridge/landridge 8-plex purching contract for clients ,10612 127 Street NW/Contracts/10612 - 127 STREET NW- Addendum.pdf,https://drive.google.com/file/d/1HkEzQ1r3-KBjgVzl1T_yX8Sh_VPmUaJk/view?usp=drivesdk
1_CeJ5G4F2l3aS_t-UVewu6yWVcFCS3jU,10612 - 127 STREET NW - Schedule R - Rental Guarantee Acknowledgment.pdf,primary,Landridge/landridge 8-plex purching contract for clients ,10612 127 Street NW/Contracts/10612 - 127 STREET NW - Schedule R - Rental Guarantee Acknowledgment.pdf,https://drive.google.com/file/d/1_CeJ5G4F2l3aS_t-UVewu6yWVcFCS3jU/view?usp=drivesdk
1yAPrea01KahLoeunySKggflfXrWBhWi9,10612 - 127 STREET NW- Schedule M - Project Utility Metering.pdf,primary,Landridge/landridge 8-plex purching contract for clients ,10612 127 Street NW/Contracts/10612 - 127 STREET NW- Schedule M - Project Utility Metering.pdf,https://drive.google.com/file/d/1yAPrea01KahLoeunySKggflfXrWBhWi9/view?usp=drivesdk
1DMRPlgKjRCDf-6fevW1SGpTwZz9eK6fQ,10612 - 127 STREET NW- Landridge Homes-Sales Contract.pdf,primary,Landridge/landridge 8-plex purching contract for clients ,10612 127 Street NW/Contracts/10612 - 127 STREET NW- Landridge Homes-Sales Contract.pdf,https://drive.google.com/file/d/1DMRPlgKjRCDf-6fevW1SGpTwZz9eK6fQ/view?usp=drivesdk
17qeT-zp1LtcSP1sA3_IpGuzuzxSjN6Lt,10612 - 127 STREET NW - Schedule_B - Sepcifications.pdf,primary,Landridge/landridge 8-plex purching contract for clients ,10612 127 Street NW/Contracts/10612 - 127 STREET NW - Schedule_B - Sepcifications.pdf,https://drive.google.com/file/d/17qeT-zp1LtcSP1sA3_IpGuzuzxSjN6Lt/view?usp=drivesdk
1zUz2QYc10zC2K2flJdojZmfYXI72jDCl,"25273-ESA I- 15981 110b Ave NW Edmonton, AB T5P 1J5.pdf",primary,Mayfield 110/Plans & Surveys ,"Mayfield 110/_NeedsReview/25273-ESA I- 15981 110b Ave NW Edmonton, AB T5P 1J5.pdf",https://drive.google.com/file/d/1zUz2QYc10zC2K2flJdojZmfYXI72jDCl/view?usp=drivesdk
1uTf_vzXxYPTbV7UbTou9HLOAoI_cpoAk,Continue Writing Letters here .pdf,primary,NEW Properties /Titles Pulled ,_NeedsReview/Continue Writing Letters here .pdf,https://drive.google.com/file/d/1uTf_vzXxYPTbV7UbTou9HLOAoI_cpoAk/view?usp=drivesdk
1PQAmY5Hg39JFOaT7Z2jmjU_rWsoWDnn4p7HNmuiqwqw,Properties to inquire ,primary,,_NeedsReview/Properties to inquire ,https://docs.google.com/document/d/1PQAmY5Hg39JFOaT7Z2jmjU_rWsoWDnn4p7HNmuiqwqw/edit?usp=drivesdk&ouid=112966636072631084810
1jITbUxsG9JIVB1AAVsGiJSvx0QOqPSfof3CPTQAIVnI,Wholesale Seller Leads ,primary,,_NeedsReview/Wholesale Seller Leads ,https://docs.google.com/spreadsheets/d/1jITbUxsG9JIVB1AAVsGiJSvx0QOqPSfof3CPTQAIVnI/edit?usp=drivesdk&ouid=112966636072631084810
1W1re-B2VGuurrqHeeYEJX4B4TBj3hxjntgIdGrv127U,Leads - Doctors in alberta ,primary,,_NeedsReview/Leads - Doctors in alberta ,https://docs.google.com/spreadsheets/d/1W1re-B2VGuurrqHeeYEJX4B4TBj3hxjntgIdGrv127U/edit?usp=drivesdk&ouid=112966636072631084810
1BuUrLetN3bKIjR1AGE8jBa05lNIioP0K,Demolition & Sign Receipt - Mayfield.pdf,duplicate,Mayfield 110/Mayfield-Invoice ,_Duplicates/Mayfield 110/Demolition & Sign Receipt - Mayfield.pdf,https://drive.google.com/file/d/1BuUrLetN3bKIjR1AGE8jBa05lNIioP0K/view?usp=drivesdk
1oZ2F8CvXHd8EY9Mnn81fi6fq2ZrOp0hn,SCHEDULE B – ACCREDITED INVESTOR CERTIFICATE (Individual – NI 45‑106).docx.lnk,primary,Build Contracts Blank,_Library/Contracts/SCHEDULE B – ACCREDITED INVESTOR CERTIFICATE (Individual – NI 45‑106).docx.lnk,https://drive.google.com/file/d/1oZ2F8CvXHd8EY9Mnn81fi6fq2ZrOp0hn/view?usp=drivesdk
1Hwpg7HI7qJ7ZcZ-QQBuNfa3UEtN6FSWm,Alberta Credit Facility & Promissory Note – Revised (15% _ Corrected Lender Name).docx (2).lnk,primary,Build Contracts Blank,_NeedsReview/Alberta Credit Facility & Promissory Note – Revised (15% _ Corrected Lender Name).docx (2).lnk,https://drive.google.com/file/d/1Hwpg7HI7qJ7ZcZ-QQBuNfa3UEtN6FSWm/view?usp=drivesdk
1UhogT99p-5SbC9MPxV5hBiGoITcA7aqn,Alberta Credit Facility & Promissory Note – Revised (15% _ Corrected Lender Name).docx.lnk,primary,Build Contracts Blank,_NeedsReview/Alberta Credit Facility & Promissory Note – Revised (15% _ Corrected Lender Name).docx.lnk,https://drive.google.com/file/d/1UhogT99p-5SbC9MPxV5hBiGoITcA7aqn/view?usp=drivesdk
1c5CW4PhWLEZCvvuO5luezOG4Rik-P8_5,Jasper Park - Foundation Stage Cost Breakdown.xlsx,primary,Jasper Park/Jasper Park- Construction Budget,Jasper Park/Financials/Jasper Park - Foundation Stage Cost Breakdown.xlsx,https://drive.google.com/file/d/1c5CW4PhWLEZCvvuO5luezOG4Rik-P8_5/view?usp=drivesdk
1GYrrfH15Rn06-vTpDIyupppq9OsGgQDtuuKovVIJJSY,"Land Sellers, Alberta ",primary,,"_NeedsReview/Land Sellers, Alberta ",https://docs.google.com/spreadsheets/d/1GYrrfH15Rn06-vTpDIyupppq9OsGgQDtuuKovVIJJSY/edit?usp=drivesdk&ouid=112966636072631084810
1dzBiQ1KrGA0snQXZKfdXwPPDDS5VCzeK6NKkyv16bU0,"\Vancouver. zco-star, Buyer, all, MF- Upload to GHL",primary,,"_NeedsReview/\Vancouver. zco-star, Buyer, all, MF- Upload to GHL",https://docs.google.com/spreadsheets/d/1dzBiQ1KrGA0snQXZKfdXwPPDDS5VCzeK6NKkyv16bU0/edit?usp=drivesdk&ouid=112966636072631084810
1h-fviSpHw2iVSSgwRCuMDJH8YfX6dGIT,CCDC2 BLANK.pdf,primary,Mayfield 110/Chanpreet Info ,Mayfield 110/_NeedsReview/CCDC2 BLANK.pdf,https://drive.google.com/file/d/1h-fviSpHw2iVSSgwRCuMDJH8YfX6dGIT/view?usp=drivesdk
1ALgWf-Rv5EtToJF5ThwzfZ-PhSu414_t,Development Decision 564496862-002.pdf,primary,Allendale 6408 106/6408: Plans/Survey,Allendale (generic)/_NeedsReview/Development Decision 564496862-002.pdf,https://drive.google.com/file/d/1ALgWf-Rv5EtToJF5ThwzfZ-PhSu414_t/view?usp=drivesdk
1l5n9hOIETm7pKzw63ccRMO2L1K756VvA,CCDC2 BLANK (1).pdf,primary,Mayfield 110/CMHC Files,Mayfield 110/_NeedsReview/CCDC2 BLANK (1).pdf,https://drive.google.com/file/d/1l5n9hOIETm7pKzw63ccRMO2L1K756VvA/view?usp=drivesdk
1KCkDi1JsA_ZxhEpTJNYvBEGgH2zgf-os,Allendale Build Contract .docx,primary,Allendale 6408 106,Allendale (generic)/Contracts/Allendale Build Contract .docx,https://drive.google.com/file/d/1KCkDi1JsA_ZxhEpTJNYvBEGgH2zgf-os/view?usp=drivesdk
1uMr1CnlOZ7yQO-htTX7PcW69O3BpNI_x9QzGMFgOYdI,Sundia Wellness Manufactures  ,primary,(root),_NeedsReview/Sundia Wellness Manufactures  ,https://docs.google.com/spreadsheets/d/1uMr1CnlOZ7yQO-htTX7PcW69O3BpNI_x9QzGMFgOYdI/edit?usp=drivesdk&ouid=112966636072631084810
1fU5XwF8FMlYuyDj5F8PoYxwwgRKhjPz7,Weird Week.mp4,primary,(root),_NeedsReview/Weird Week.mp4,https://drive.google.com/file/d/1fU5XwF8FMlYuyDj5F8PoYxwwgRKhjPz7/view?usp=drivesdk
1kUv3YQ5oY3RBb5aQ4GWLkaaWuMs-1w1p,Builder Resume.xlsx,primary,Chanpreet ,_NeedsReview/Builder Resume.xlsx,https://drive.google.com/file/d/1kUv3YQ5oY3RBb5aQ4GWLkaaWuMs-1w1p/view?usp=drivesdk
1GhEgqvKFNLZxAWHPkgEXTIpiZ3uGLWjC,BTY Proposal - Mayfield - 9 Unit Multiplex - 2025.12.22.pdf,primary,Mayfield 110,Mayfield 110/_NeedsReview/BTY Proposal - Mayfield - 9 Unit Multiplex - 2025.12.22.pdf,https://drive.google.com/file/d/1GhEgqvKFNLZxAWHPkgEXTIpiZ3uGLWjC/view?usp=drivesdk
1DGUsUIIU8_FYkHFHuBZgDXE5R6WW-TF2,Receipt 10545.pdf,primary,Mayfield 110/Mayfield-Invoice ,Mayfield 110/_NeedsReview/Receipt 10545.pdf,https://drive.google.com/file/d/1DGUsUIIU8_FYkHFHuBZgDXE5R6WW-TF2/view?usp=drivesdk
1JZ5xyVsPS78LD41KLZO7dSOaqGJdXSH7,Invoice_10545_from_OASIS_ENGINEERING_GROUP_LTD.pdf,primary,Mayfield 110/Mayfield-Invoice ,Mayfield 110/_NeedsReview/Invoice_10545_from_OASIS_ENGINEERING_GROUP_LTD.pdf,https://drive.google.com/file/d/1JZ5xyVsPS78LD41KLZO7dSOaqGJdXSH7/view?usp=drivesdk
1VuSty1HS9kLm2ASXD4yVF3eViorm5zXH,Sunrize_Investments_NDA_John_Wade_SIGNED_BOXED.pdf,primary,CORPORATION/Employee,_NeedsReview/Sunrize_Investments_NDA_John_Wade_SIGNED_BOXED.pdf,https://drive.google.com/file/d/1VuSty1HS9kLm2ASXD4yVF3eViorm5zXH/view?usp=drivesdk
1f3pJyaV_k92wzUhgbQwFscK-fNMFkzar,Pro Forma: 15981 110 B Ave Nw - 9 Plex .xlsx,primary,Mayfield 110/CMHC Files,Mayfield 110/Financials/Pro Forma: 15981 110 B Ave Nw - 9 Plex .xlsx,https://drive.google.com/file/d/1f3pJyaV_k92wzUhgbQwFscK-fNMFkzar/view?usp=drivesdk
18_1bpWs9XigORSwNkwnHSwfgY_URurL5,Allendale- Vibrant Homes 5 Units .xlsx,primary,,Allendale (generic)/_NeedsReview/Allendale- Vibrant Homes 5 Units .xlsx,https://drive.google.com/file/d/18_1bpWs9XigORSwNkwnHSwfgY_URurL5/view?usp=drivesdk
19tJfOELPXMxeMGD8Q5QzrqvixncNU1OO,Engagement Letter - 9121 - 152 Street.pdf,primary,,Verum (9121 152 St)/_NeedsReview/Engagement Letter - 9121 - 152 Street.pdf,https://drive.google.com/file/d/19tJfOELPXMxeMGD8Q5QzrqvixncNU1OO/view?usp=drivesdk
168XER-hmkXim0BCxhxRZ8QMbbkmUIx2C,E2025-07-CI-003 Allendale Claim 2 24_11_2025.pdf,primary,,Allendale (generic)/_NeedsReview/E2025-07-CI-003 Allendale Claim 2 24_11_2025.pdf,https://drive.google.com/file/d/168XER-hmkXim0BCxhxRZ8QMbbkmUIx2C/view?usp=drivesdk
1UUMrZ68UvDJbhOkiKQMvJ39GFbSxcKvk,"Land deposit-$25,000-10612 127 ST.pdf",primary,Landridge/Purchase Contracts Signed ,"10612 127/_NeedsReview/Land deposit-$25,000-10612 127 ST.pdf",https://drive.google.com/file/d/1UUMrZ68UvDJbhOkiKQMvJ39GFbSxcKvk/view?usp=drivesdk
1OgbpW7WbQrQx7ogbhrRFwEN1peGBtX97,ALLENDALE PRIVATE FINANCING 5 PLEX BUDGET.pdf,primary,Allendale 6408 106,Allendale (generic)/Financials/ALLENDALE PRIVATE FINANCING 5 PLEX BUDGET.pdf,https://drive.google.com/file/d/1OgbpW7WbQrQx7ogbhrRFwEN1peGBtX97/view?usp=drivesdk
1a6g4M-b0fJ8jZWQZX7Rt-BVRSmkEIyVG,Forrest Heights 6-Plex (1).xlsx,primary,,_NeedsReview/Forrest Heights 6-Plex (1).xlsx,https://drive.google.com/file/d/1a6g4M-b0fJ8jZWQZX7Rt-BVRSmkEIyVG/view?usp=drivesdk
1hR7RS955ZK8ZnP89fEAUtQMcw5HMUe4hx0m2obtI9mQ,Allendale 6-Plex Development — Scenario 1: Sell at Completion,primary,Allendale 10646 61 Ave 6 Unit ,Allendale 6-Plex (10646 61 Ave)/_NeedsReview/Allendale 6-Plex Development — Scenario 1: Sell at Completion,https://docs.google.com/document/d/1hR7RS955ZK8ZnP89fEAUtQMcw5HMUe4hx0m2obtI9mQ/edit?usp=drivesdk&ouid=112966636072631084810
1bVN9kIjnjHvYIPV7BxtWM9cfF_uf7PHv,75' Wide 3 Plex - 1298 SF - Second Floor.jpg,primary,Allendale 10646 61 Ave 6 Unit /Allendale: 10646 61 Ave,Allendale (generic)/Photos/75' Wide 3 Plex - 1298 SF - Second Floor.jpg,https://drive.google.com/file/d/1bVN9kIjnjHvYIPV7BxtWM9cfF_uf7PHv/view?usp=drivesdk
1kWB_VwmzHdYITxFs5635GEH9zLyygpEJ,75' Wide 3 Plex - 1298 SF - BDP.jpg,primary,Allendale 10646 61 Ave 6 Unit /Allendale: 10646 61 Ave,Allendale (generic)/Photos/75' Wide 3 Plex - 1298 SF - BDP.jpg,https://drive.google.com/file/d/1kWB_VwmzHdYITxFs5635GEH9zLyygpEJ/view?usp=drivesdk
1JASGqLEnsduIcuG4XNnBAmoo8339MYpD,75' Wide 3 Plex - 1298 SF - Front Elevation.jpg,primary,Allendale 10646 61 Ave 6 Unit /Allendale: 10646 61 Ave,Allendale (generic)/Photos/75' Wide 3 Plex - 1298 SF - Front Elevation.jpg,https://drive.google.com/file/d/1JASGqLEnsduIcuG4XNnBAmoo8339MYpD/view?usp=drivesdk
1qOMQACVc3SeRttKU9Irro6TqFG3pGwjn,75' Wide 3 Plex - 1298 SF - Main Floor.jpg,primary,Allendale 10646 61 Ave 6 Unit /Allendale: 10646 61 Ave,Allendale (generic)/Photos/75' Wide 3 Plex - 1298 SF - Main Floor.jpg,https://drive.google.com/file/d/1qOMQACVc3SeRttKU9Irro6TqFG3pGwjn/view?usp=drivesdk
19NjRotNhSMIygWV8r5UaBML8JZUPXJrp,Signature Certificate - Engagement.....Street.pdf,primary,Jasper Park/Financing ,Jasper Park/_NeedsReview/Signature Certificate - Engagement.....Street.pdf,https://drive.google.com/file/d/19NjRotNhSMIygWV8r5UaBML8JZUPXJrp/view?usp=drivesdk
1qilm_O4F4JVk7T_82ZbS8dWIB1PMPq8R,Engagement.....Street.pdf,primary,Jasper Park/Financing ,Jasper Park/_NeedsReview/Engagement.....Street.pdf,https://drive.google.com/file/d/1qilm_O4F4JVk7T_82ZbS8dWIB1PMPq8R/view?usp=drivesdk
1_wAEk9QKxG5VU3hueru6l32gCKQPxeLL,Recording 2025-12-14 224949.mp4,primary,(root),_NeedsReview/Recording 2025-12-14 224949.mp4,https://drive.google.com/file/d/1_wAEk9QKxG5VU3hueru6l32gCKQPxeLL/view?usp=drivesdk
1E5a5GF7oeqTnNak71j6amS1Rmhrd7V0yEVwMJnwNh9Y,127C leads,primary,,_NeedsReview/127C leads,https://docs.google.com/spreadsheets/d/1E5a5GF7oeqTnNak71j6amS1Rmhrd7V0yEVwMJnwNh9Y/edit?usp=drivesdk&ouid=112966636072631084810
1znSeGcLlrODMvOlY4BJ1nZ-mvlxxORWp,Statement of Business Activities 2021.pdf,primary,Personal /2024 Filled Tax,_NeedsReview/Statement of Business Activities 2021.pdf,https://drive.google.com/file/d/1znSeGcLlrODMvOlY4BJ1nZ-mvlxxORWp/view?usp=drivesdk
1S8jVgWjzPaiIFznG1nO0CxRGnJcFap2T,"YAREMCHUK, SUNNI 2024.pdf",primary,Personal /2024 Filled Tax,"_NeedsReview/YAREMCHUK, SUNNI 2024.pdf",https://drive.google.com/file/d/1S8jVgWjzPaiIFznG1nO0CxRGnJcFap2T/view?usp=drivesdk
1_R7JJh9wgfgTpAdyK73XogfAW4Hqmx-d,10612_127_Street-Purchase Contract.pdf,primary,Landridge/Purchase Contracts Signed ,10612 127 Street NW/Contracts/10612_127_Street-Purchase Contract.pdf,https://drive.google.com/file/d/1_R7JJh9wgfgTpAdyK73XogfAW4Hqmx-d/view?usp=drivesdk
1vnUqXrxxaC2_RkBJ71_tRjZif47hXL9x,10801 & 10805 86 Ave Revised-12 Dec 2025.pdf,primary,Landridge/Purchase Contracts Signed ,10805 86/_NeedsReview/10801 & 10805 86 Ave Revised-12 Dec 2025.pdf,https://drive.google.com/file/d/1vnUqXrxxaC2_RkBJ71_tRjZif47hXL9x/view?usp=drivesdk
193LYNOPsjhpE47sDndnUl-EPyvCb5r-Z,09.jpg,primary,Jasper Park/Jasper Park-Invoice,Jasper Park/Photos/09.jpg,https://drive.google.com/file/d/193LYNOPsjhpE47sDndnUl-EPyvCb5r-Z/view?usp=drivesdk
1MOPfP_8u7UXiZMYyaO5JDB8m3ZfBnQpCLBMwzqHfQuA,B & H Edits ,primary,,_NeedsReview/B & H Edits ,https://docs.google.com/document/d/1MOPfP_8u7UXiZMYyaO5JDB8m3ZfBnQpCLBMwzqHfQuA/edit?usp=drivesdk&ouid=112966636072631084810
1CS-CSLfnkkGSJauaoY4lD4D6kGhOdAMB,Complete_with_Docusign_Allendale_61_INC_GSA.pdf,primary,CORPORATION/Lender ,Allendale (generic)/_NeedsReview/Complete_with_Docusign_Allendale_61_INC_GSA.pdf,https://drive.google.com/file/d/1CS-CSLfnkkGSJauaoY4lD4D6kGhOdAMB/view?usp=drivesdk
1ht5tC9N5IjwwNxa2hM0-x7bXGSbTq-pH,Allendale 61 INC. GSA - signed.pdf,primary,CORPORATION/Lender ,Allendale (generic)/_NeedsReview/Allendale 61 INC. GSA - signed.pdf,https://drive.google.com/file/d/1ht5tC9N5IjwwNxa2hM0-x7bXGSbTq-pH/view?usp=drivesdk
1vhrG7jYkUk55esQc0d0hqlSyoyzarvs7,Allendale 61 INC. Credit Facility and Promissory Note - (CMI)May2024.pdf - signed.pdf,primary,CORPORATION/Lender ,Allendale (generic)/_NeedsReview/Allendale 61 INC. Credit Facility and Promissory Note - (CMI)May2024.pdf - signed.pdf,https://drive.google.com/file/d/1vhrG7jYkUk55esQc0d0hqlSyoyzarvs7/view?usp=drivesdk
18XHuQCiouguGvQV80sGdbiZGUVtXAkGT,SCHEDULE B – ACCREDITED INVESTOR CERTIFICATE (Individual – NI 45‑106)-signed.pdf,primary,CORPORATION/Lender ,_Library/Contracts/SCHEDULE B – ACCREDITED INVESTOR CERTIFICATE (Individual – NI 45‑106)-signed.pdf,https://drive.google.com/file/d/18XHuQCiouguGvQV80sGdbiZGUVtXAkGT/view?usp=drivesdk
1zM2AbJyLGr1d0xAQcdR5klHk36sOp4V2,Engagement Letter - 9121 - 152 Street.pdf,primary,Jasper Park/Jasper Park Development ,Jasper Park/_NeedsReview/Engagement Letter - 9121 - 152 Street.pdf,https://drive.google.com/file/d/1zM2AbJyLGr1d0xAQcdR5klHk36sOp4V2/view?usp=drivesdk
1XxE27h-v0pBszd2a_8i30QljGmnApnDK,Invoice_130.pdf,duplicate,Mayfield 110/Mayfield-Invoice ,_Duplicates/Mayfield 110/Invoice_130.pdf,https://drive.google.com/file/d/1XxE27h-v0pBszd2a_8i30QljGmnApnDK/view?usp=drivesdk
1je8cwozocxtzssfhgGARFkLsJl3xsXwz,Peakhill Wire EFT Instructions.pdf,primary,Allendale 6408 106/6408: CMHC/Commitment Letter 6408 ,Allendale (generic)/_NeedsReview/Peakhill Wire EFT Instructions.pdf,https://drive.google.com/file/d/1je8cwozocxtzssfhgGARFkLsJl3xsXwz/view?usp=drivesdk
1ielgZovarlf1M3da8SRTqDaEa4oTC1X6,Peakhill Commitment Letter 6408 106 St.pdf,primary,Allendale 6408 106/6408: CMHC/Commitment Letter 6408 ,Allendale (generic)/_NeedsReview/Peakhill Commitment Letter 6408 106 St.pdf,https://drive.google.com/file/d/1ielgZovarlf1M3da8SRTqDaEa4oTC1X6/view?usp=drivesdk
1OOc-Opt99loeK9z0T03BO_z2tHb5_HFN,CMLS Broker Disclosure Form.pdf,primary,Allendale 6408 106/6408: CMHC/Commitment Letter 6408 ,Allendale (generic)/Marketing & OM/CMLS Broker Disclosure Form.pdf,https://drive.google.com/file/d/1OOc-Opt99loeK9z0T03BO_z2tHb5_HFN/view?usp=drivesdk
1NIiBBE6MM2kEOWc0RyLU0NWDBwHJdvT2,CMLS Invoice - COI Placement Fee.pdf,primary,Allendale 6408 106/6408: CMHC/Commitment Letter 6408 ,Allendale (generic)/Financials/CMLS Invoice - COI Placement Fee.pdf,https://drive.google.com/file/d/1NIiBBE6MM2kEOWc0RyLU0NWDBwHJdvT2/view?usp=drivesdk
1HCD_ZizkKmew_nGd2zNh5nLTTtudB29C,Peakhill Wire EFT Instructions.pdf,duplicate,,_Duplicates/Unknown/Peakhill Wire EFT Instructions.pdf,https://drive.google.com/file/d/1HCD_ZizkKmew_nGd2zNh5nLTTtudB29C/view?usp=drivesdk
1Ukfx072RxqTAq0FAZ_hA3s0sdgN6MNA_,CMLS Broker Disclosure Form.pdf,duplicate,,_Duplicates/Unknown/CMLS Broker Disclosure Form.pdf,https://drive.google.com/file/d/1Ukfx072RxqTAq0FAZ_hA3s0sdgN6MNA_/view?usp=drivesdk
1Xx-a5fy2pfJpBT8wn-1oZwocYX0SYRmw,CMLS Invoice - COI Placement Fee.pdf,duplicate,,_Duplicates/Unknown/CMLS Invoice - COI Placement Fee.pdf,https://drive.google.com/file/d/1Xx-a5fy2pfJpBT8wn-1oZwocYX0SYRmw/view?usp=drivesdk
17QN02OwrMheVEuscZFhSP5Nfc09oBGcY,Peakhill Commitment Letter 6408 106 St.pdf,duplicate,,_Duplicates/Allendale 5-Plex (6408 106 St)/Peakhill Commitment Letter 6408 106 St.pdf,https://drive.google.com/file/d/17QN02OwrMheVEuscZFhSP5Nfc09oBGcY/view?usp=drivesdk
1td6r91h1N32QR0o4iZyBVhazTgMQnfxXIDFiveFis-U,Camerose 127 Due Dilligence,primary,,_NeedsReview/Camerose 127 Due Dilligence,https://docs.google.com/document/d/1td6r91h1N32QR0o4iZyBVhazTgMQnfxXIDFiveFis-U/edit?usp=drivesdk&ouid=112966636072631084810
1ocYsYsLZG5Yqo66nHtqDf3-zwpf4DLPD,Allendalke- Sunrize 6408 Draft Construction Schedule on Commitment Letter and Draw.pdf,primary,Allendale 6408 106,Allendale (generic)/Financials/Allendalke- Sunrize 6408 Draft Construction Schedule on Commitment Letter and Draw.pdf,https://drive.google.com/file/d/1ocYsYsLZG5Yqo66nHtqDf3-zwpf4DLPD/view?usp=drivesdk
1mIlGYjEy_FO8xU9rV-6M7KQYPLKU2OSW,Allendale_Cost To Date Summary.xlsx,primary,,Allendale (generic)/Financials/Allendale_Cost To Date Summary.xlsx,https://drive.google.com/file/d/1mIlGYjEy_FO8xU9rV-6M7KQYPLKU2OSW/view?usp=drivesdk
1XERNsgrTSMGW5VFtjDDwJlIYWe8ew6hP,Allendale Permit Statement.pdf,duplicate,Allendale 6408 106/6408: Invoice/Paid Jeremy ,_Duplicates/Allendale (generic)/Allendale Permit Statement.pdf,https://drive.google.com/file/d/1XERNsgrTSMGW5VFtjDDwJlIYWe8ew6hP/view?usp=drivesdk
1p1gQ9ZOyyDdZVqMi3Qm5AXF-vyNoqGaT,Allendale Invoice 25-184 Allendale 5 plex.pdf,primary,Allendale 6408 106/6408: Invoice/Paid Jeremy ,Allendale (generic)/Financials/Allendale Invoice 25-184 Allendale 5 plex.pdf,https://drive.google.com/file/d/1p1gQ9ZOyyDdZVqMi3Qm5AXF-vyNoqGaT/view?usp=drivesdk
1QvwtdgJrkxZaKKShEYuiaN0fB-RyezNb,Allendale Invoice 25-120 6-plex (2).pdf,primary,Allendale 6408 106/6408: Invoice/Paid Jeremy ,Allendale (generic)/Financials/Allendale Invoice 25-120 6-plex (2).pdf,https://drive.google.com/file/d/1QvwtdgJrkxZaKKShEYuiaN0fB-RyezNb/view?usp=drivesdk
1YWqaU5BZxOMuQEchB6kAkAJKLMIISizL,Allendale Invoice 25-112 6-plex.pdf,primary,Allendale 6408 106/6408: Invoice/Paid Jeremy ,Allendale (generic)/Financials/Allendale Invoice 25-112 6-plex.pdf,https://drive.google.com/file/d/1YWqaU5BZxOMuQEchB6kAkAJKLMIISizL/view?usp=drivesdk
1nLu0uuotkUhXnPEUzgNT0b2kYAIN8yRb,Allendale Invoice 25-050 6-plex.pdf,primary,Allendale 6408 106/6408: Invoice/Paid Jeremy ,Allendale (generic)/Financials/Allendale Invoice 25-050 6-plex.pdf,https://drive.google.com/file/d/1nLu0uuotkUhXnPEUzgNT0b2kYAIN8yRb/view?usp=drivesdk
10mfy4gh0sGwkRHJilNoMK7AdlcNByCTX,Allendale Insurance Invoice 216903.pdf,duplicate,Allendale 6408 106/6408: Invoice/Paid Jeremy ,_Duplicates/Allendale (generic)/Allendale Insurance Invoice 216903.pdf,https://drive.google.com/file/d/10mfy4gh0sGwkRHJilNoMK7AdlcNByCTX/view?usp=drivesdk
1XoX-5SrFd-pEm0UKzmzswrRB_9tUs9lX,Allendale Development Decision 564496862-002.pdf,duplicate,Allendale 6408 106/6408: Invoice/Paid Jeremy ,_Duplicates/Allendale (generic)/Allendale Development Decision 564496862-002.pdf,https://drive.google.com/file/d/1XoX-5SrFd-pEm0UKzmzswrRB_9tUs9lX/view?usp=drivesdk
1jrtjD5OOAalgd9briPpr5JJ5N_3fTteJ,Allendale Development Decision 564496862-002 (002).pdf,primary,Allendale 6408 106/6408: Invoice/Paid Jeremy ,Allendale (generic)/_NeedsReview/Allendale Development Decision 564496862-002 (002).pdf,https://drive.google.com/file/d/1jrtjD5OOAalgd9briPpr5JJ5N_3fTteJ/view?usp=drivesdk
1Rh0Xvzivc87riLkTXZKMOZl2-nykQh9P,Allendale Expense Construction of a New Building Permit Statement.pdf,primary,Allendale 6408 106/6408: Invoice/Paid Jeremy ,Allendale (generic)/Plans & Permits/Allendale Expense Construction of a New Building Permit Statement.pdf,https://drive.google.com/file/d/1Rh0Xvzivc87riLkTXZKMOZl2-nykQh9P/view?usp=drivesdk
18RTcde85Gf0Y_XNHNDiA3i1RZohKlsVC,Allendale Insurance.pdf,duplicate,Allendale 6408 106/6408: Invoice/Paid Jeremy ,_Duplicates/Allendale (generic)/Allendale Insurance.pdf,https://drive.google.com/file/d/18RTcde85Gf0Y_XNHNDiA3i1RZohKlsVC/view?usp=drivesdk
1rODQFPP_DvhamVf9flHCx1DPUnRoE3gV,Allendale expense insurance.pdf,duplicate,Allendale 6408 106/6408: Invoice/Paid Jeremy ,_Duplicates/Allendale (generic)/Allendale expense insurance.pdf,https://drive.google.com/file/d/1rODQFPP_DvhamVf9flHCx1DPUnRoE3gV/view?usp=drivesdk
1kzRtJAuYBbu_oFRM1RsMF-5AcKTM1tON,Proposal for Allendale - PAB.pdf,primary,Allendale 6408 106/6408: Invoice/Paid Jeremy ,Allendale (generic)/_NeedsReview/Proposal for Allendale - PAB.pdf,https://drive.google.com/file/d/1kzRtJAuYBbu_oFRM1RsMF-5AcKTM1tON/view?usp=drivesdk
1MNZbdCvX3fFFInOPU9sMRd6CLSrg6lUc,Allendale 6-Plex Claim No. 1 DRAFTS R1.pdf,primary,,Allendale 6-Plex (10646 61 Ave)/_NeedsReview/Allendale 6-Plex Claim No. 1 DRAFTS R1.pdf,https://drive.google.com/file/d/1MNZbdCvX3fFFInOPU9sMRd6CLSrg6lUc/view?usp=drivesdk
1J7CiZWFp1pLRIsn_RJ3r64-HCLu1f08a,127 street signed.pdf,primary,Landridge/Purchase Contracts Signed ,_NeedsReview/127 street signed.pdf,https://drive.google.com/file/d/1J7CiZWFp1pLRIsn_RJ3r64-HCLu1f08a/view?usp=drivesdk
1RJGejIVaVxD9A44kaEDna7RL-RTCVcd0,Invoice_17738_2025-10-31.pdf,duplicate,Jasper Park/Jasper Park-Invoice,_Duplicates/Jasper Park/Invoice_17738_2025-10-31.pdf,https://drive.google.com/file/d/1RJGejIVaVxD9A44kaEDna7RL-RTCVcd0/view?usp=drivesdk
1lCfY_ltVCVaSiDz7P8KOfFnYvL63jF7w,Davis Printing - Jasper Park.pdf,duplicate,,_Duplicates/Jasper Park/Davis Printing - Jasper Park.pdf,https://drive.google.com/file/d/1lCfY_ltVCVaSiDz7P8KOfFnYvL63jF7w/view?usp=drivesdk
1C43IfUHzrm7MO9CeEOjIHgr0O9qnEVi-,Quote#ADJL8F - With Policy Wordings.pdf,primary,Allendale 6408 106,Allendale (generic)/_NeedsReview/Quote#ADJL8F - With Policy Wordings.pdf,https://drive.google.com/file/d/1C43IfUHzrm7MO9CeEOjIHgr0O9qnEVi-/view?usp=drivesdk
123iVJeddeCWz7HlafyubmFwMPzwdWetP,Sunni Yaremchuk - COC Quote.pdf,primary,Allendale 6408 106,Allendale (generic)/_NeedsReview/Sunni Yaremchuk - COC Quote.pdf,https://drive.google.com/file/d/123iVJeddeCWz7HlafyubmFwMPzwdWetP/view?usp=drivesdk
1LzGsNdnxcf9IYDnPJE-ZVYgSgYcbgL5d,9846 72 Ave Ritchie 3 Plex - Final.pdf,primary,Saved from the Google app,Ritchie 8-Plex/_NeedsReview/9846 72 Ave Ritchie 3 Plex - Final.pdf,https://drive.google.com/file/d/1LzGsNdnxcf9IYDnPJE-ZVYgSgYcbgL5d/view?usp=drivesdk
1040usVyfwJ7YNb48dhFLkJBkuC9nYtiP,9846 72 Ave Ritchie 3 Plex - 012.pdf,primary,Saved from the Google app,Ritchie 8-Plex/_NeedsReview/9846 72 Ave Ritchie 3 Plex - 012.pdf,https://drive.google.com/file/d/1040usVyfwJ7YNb48dhFLkJBkuC9nYtiP/view?usp=drivesdk
1xyoWO8aGKmxggJqMwpNE56rPhEQFUVXUMOeZOqilD2Q,Fenugreek Gummies,primary,,_NeedsReview/Fenugreek Gummies,https://docs.google.com/document/d/1xyoWO8aGKmxggJqMwpNE56rPhEQFUVXUMOeZOqilD2Q/edit?usp=drivesdk&ouid=112966636072631084810
1Lmg8Jw3kMhF7xy4LudksaswdX4eM0JcBZXv2c0I6X1M,Untitled document,primary,,_NeedsReview/Untitled document,https://docs.google.com/document/d/1Lmg8Jw3kMhF7xy4LudksaswdX4eM0JcBZXv2c0I6X1M/edit?usp=drivesdk&ouid=112966636072631084810
1StrhZ_6jH0DbGijbEKl_fTfsqhMvTJsp,T183 2023 Sunni.pdf,primary,Personal /2024 Filled Tax,_NeedsReview/T183 2023 Sunni.pdf,https://drive.google.com/file/d/1StrhZ_6jH0DbGijbEKl_fTfsqhMvTJsp/view?usp=drivesdk
1j_ZPRZDTTzOFJDojtypScbjuiY9bvrt9,Tree Plan Invoice.pdf,duplicate,IBH Tax/10848 153 St NW Expenses,_Duplicates/In-Between Homes (10848 153 St)/Tree Plan Invoice.pdf,https://drive.google.com/file/d/1j_ZPRZDTTzOFJDojtypScbjuiY9bvrt9/view?usp=drivesdk
1SCweA_prl5VyzzGlZFmd0xoiZzZ85n-5,Statements.pdf,duplicate,IBH Tax/9121 152 St NW Expenses,_Duplicates/Verum (9121 152 St)/Statements.pdf,https://drive.google.com/file/d/1SCweA_prl5VyzzGlZFmd0xoiZzZ85n-5/view?usp=drivesdk
1bbw-lQIl4VCDzW6DO5lDC28ubIWS-hfN,Invoice-2.pdf,duplicate,IBH Tax/9121 152 St NW Expenses,_Duplicates/Verum (9121 152 St)/Invoice-2.pdf,https://drive.google.com/file/d/1bbw-lQIl4VCDzW6DO5lDC28ubIWS-hfN/view?usp=drivesdk
1HoO5bmO2LYeyvNq4fP9wa3RXDv9EuteK,Dec 2024.pdf,primary,IBH Tax/Bank Statements,_NeedsReview/Dec 2024.pdf,https://drive.google.com/file/d/1HoO5bmO2LYeyvNq4fP9wa3RXDv9EuteK/view?usp=drivesdk
1BDrQPjnbuqNvXCV5QWA0ql_kyR1_46rC,November 2025.pdf,primary,IBH Tax/Bank Statements,_NeedsReview/November 2025.pdf,https://drive.google.com/file/d/1BDrQPjnbuqNvXCV5QWA0ql_kyR1_46rC/view?usp=drivesdk
1uPQZetNVagsaPEQclIvMpwo6PJq1VEiC,October 2025.pdf,primary,IBH Tax/Bank Statements,_NeedsReview/October 2025.pdf,https://drive.google.com/file/d/1uPQZetNVagsaPEQclIvMpwo6PJq1VEiC/view?usp=drivesdk
13oxvmYrKCwBbRcRmx76zDWhiFdQz_ore,September.pdf,primary,IBH Tax/Bank Statements,_NeedsReview/September.pdf,https://drive.google.com/file/d/13oxvmYrKCwBbRcRmx76zDWhiFdQz_ore/view?usp=drivesdk
1oet7H9z0Idb0TDFacYCn_AJp-xdgyXRb,August 2025.pdf,primary,IBH Tax/Bank Statements,_NeedsReview/August 2025.pdf,https://drive.google.com/file/d/1oet7H9z0Idb0TDFacYCn_AJp-xdgyXRb/view?usp=drivesdk
1UDrS5vXC5JrobyTKe178WDsfwNnprwEB,July 2025.pdf,primary,IBH Tax/Bank Statements,_NeedsReview/July 2025.pdf,https://drive.google.com/file/d/1UDrS5vXC5JrobyTKe178WDsfwNnprwEB/view?usp=drivesdk
1q2CSSfOAwaOCWbvd4kYc6vKy1JKVrNTZ,June 2025.pdf,primary,IBH Tax/Bank Statements,_NeedsReview/June 2025.pdf,https://drive.google.com/file/d/1q2CSSfOAwaOCWbvd4kYc6vKy1JKVrNTZ/view?usp=drivesdk
1KhayNJ_ssszwDWlrysk7_jAS_dedWMk2,May 2025.pdf,primary,IBH Tax/Bank Statements,_NeedsReview/May 2025.pdf,https://drive.google.com/file/d/1KhayNJ_ssszwDWlrysk7_jAS_dedWMk2/view?usp=drivesdk
1JIkcMRCbdDElG87JsUh4v0tQvjlJx4yE,April 2025.pdf,primary,IBH Tax/Bank Statements,_NeedsReview/April 2025.pdf,https://drive.google.com/file/d/1JIkcMRCbdDElG87JsUh4v0tQvjlJx4yE/view?usp=drivesdk
1MwqAM-PYwyDgFMWa3ozTnxO4WBoZUwyV,March 2025.pdf,primary,IBH Tax/Bank Statements,_NeedsReview/March 2025.pdf,https://drive.google.com/file/d/1MwqAM-PYwyDgFMWa3ozTnxO4WBoZUwyV/view?usp=drivesdk
1sSjvYCWDy_TdfYYb7MraIDMK1FfQTtNE,Feb 2025.pdf,primary,IBH Tax/Bank Statements,_NeedsReview/Feb 2025.pdf,https://drive.google.com/file/d/1sSjvYCWDy_TdfYYb7MraIDMK1FfQTtNE/view?usp=drivesdk
1OWdj8yS6YyAnbuGAD3GhDGXqQG6Uaks6,Jan 2025.pdf,primary,IBH Tax/Bank Statements,_NeedsReview/Jan 2025.pdf,https://drive.google.com/file/d/1OWdj8yS6YyAnbuGAD3GhDGXqQG6Uaks6/view?usp=drivesdk
1EcvS4gK-C6nQzhpCQi1WCP7Rv3KXTfeo,4 Plex Plans.pdf,primary,Landridge/Westmount (8-Plex),Westmount/Plans & Permits/4 Plex Plans.pdf,https://drive.google.com/file/d/1EcvS4gK-C6nQzhpCQi1WCP7Rv3KXTfeo/view?usp=drivesdk
1_veD2ROR2Wa6vQV1IYR4PMM1lAECBSgM,Meta Proforma Sheet.pdf,primary,Landridge/Pro-Forma,_Library/Financials/Meta Proforma Sheet.pdf,https://drive.google.com/file/d/1_veD2ROR2Wa6vQV1IYR4PMM1lAECBSgM/view?usp=drivesdk
1UaUh9qjtr-iJGy90ftycCkonx9vmKMQn,city of edmont payment - coe tax services fees.jpg,primary,Mayfield 110/Mayfield-Invoice ,Mayfield 110/Photos/city of edmont payment - coe tax services fees.jpg,https://drive.google.com/file/d/1UaUh9qjtr-iJGy90ftycCkonx9vmKMQn/view?usp=drivesdk
1CuHOdM5gMQSImPnyA4nrfb3jZuKwF4Zt,city of edmont payment receipt.jpg,primary,Mayfield 110/Mayfield-Invoice ,Mayfield 110/Photos/city of edmont payment receipt.jpg,https://drive.google.com/file/d/1CuHOdM5gMQSImPnyA4nrfb3jZuKwF4Zt/view?usp=drivesdk
1_9mVaCSsMxo0LG1sA6DhDGfiYohg2ghO,inv# 97.pdf,primary,Mayfield 110/Mayfield-Invoice ,Mayfield 110/_NeedsReview/inv# 97.pdf,https://drive.google.com/file/d/1_9mVaCSsMxo0LG1sA6DhDGfiYohg2ghO/view?usp=drivesdk
1nwkvTs_tIUIQI9K-joY55OnAIIH5lH6s,invoice-5547 (2).pdf,primary,Mayfield 110/Mayfield-Invoice ,Mayfield 110/Financials/invoice-5547 (2).pdf,https://drive.google.com/file/d/1nwkvTs_tIUIQI9K-joY55OnAIIH5lH6s/view?usp=drivesdk
1r5lHGpdwVTauiBpSfhSIAHgh8br97uav,invoice-5563 (1).pdf,primary,Mayfield 110/Mayfield-Invoice ,Mayfield 110/Financials/invoice-5563 (1).pdf,https://drive.google.com/file/d/1r5lHGpdwVTauiBpSfhSIAHgh8br97uav/view?usp=drivesdk
17IKx9_yHJcKnwLr3pH5h0JY1-bF2LE8J,invoice-5547 (1).pdf,primary,Mayfield 110/Mayfield-Invoice ,Mayfield 110/Financials/invoice-5547 (1).pdf,https://drive.google.com/file/d/17IKx9_yHJcKnwLr3pH5h0JY1-bF2LE8J/view?usp=drivesdk
1UdWzsxXoAOS6PtQfjOScVdAjzu2zJ5z5,ownr-receipt-2025-07-21.pdf,primary,Mayfield 110/Mayfield-Invoice ,Mayfield 110/_NeedsReview/ownr-receipt-2025-07-21.pdf,https://drive.google.com/file/d/1UdWzsxXoAOS6PtQfjOScVdAjzu2zJ5z5/view?usp=drivesdk
16g4H8HNfJyD5b26lZP2aC1JBOiZX7U7U,atco gas.jpg,primary,Mayfield 110/Mayfield-Invoice ,Mayfield 110/Photos/atco gas.jpg,https://drive.google.com/file/d/16g4H8HNfJyD5b26lZP2aC1JBOiZX7U7U/view?usp=drivesdk
12OzGusw99x1faBLIJt2AaEOfIFktnifV,invoice-5547.pdf,primary,Mayfield 110/Mayfield-Invoice ,Mayfield 110/Financials/invoice-5547.pdf,https://drive.google.com/file/d/12OzGusw99x1faBLIJt2AaEOfIFktnifV/view?usp=drivesdk
13la6966eytxzHjoGGCPo8H6vdKrA5mBH,invoice-5563.pdf,duplicate,Mayfield 110/Mayfield-Invoice ,_Duplicates/Mayfield 110/invoice-5563.pdf,https://drive.google.com/file/d/13la6966eytxzHjoGGCPo8H6vdKrA5mBH/view?usp=drivesdk
19M6ghk00bHk7Nj3SJSz-L6W68e1qtnB3,RTDRS filing fee.jpg,primary,Mayfield 110/Mayfield-Invoice ,Mayfield 110/Photos/RTDRS filing fee.jpg,https://drive.google.com/file/d/19M6ghk00bHk7Nj3SJSz-L6W68e1qtnB3/view?usp=drivesdk
1ROVFA2FIZtzNiQINfPDyBjDqyFfvmt7q,atco 1641.15.pdf,primary,Jasper Park/Jasper Park-Invoice,Jasper Park/_NeedsReview/atco 1641.15.pdf,https://drive.google.com/file/d/1ROVFA2FIZtzNiQINfPDyBjDqyFfvmt7q/view?usp=drivesdk
1HPF3-x_L7JlSSt0AnVm2qA2OQvPeb6zC,86737354.pdf,primary,Jasper Park/Jasper Park-Invoice,Jasper Park/_NeedsReview/86737354.pdf,https://drive.google.com/file/d/1HPF3-x_L7JlSSt0AnVm2qA2OQvPeb6zC/view?usp=drivesdk
1sEcQeIo0q94CFDyUZDZ9QYyV67tYDYAo,Invoice_000475_from_Offset_Excavating_Ltd.pdf,duplicate,,_Duplicates/Unknown/Invoice_000475_from_Offset_Excavating_Ltd.pdf,https://drive.google.com/file/d/1sEcQeIo0q94CFDyUZDZ9QYyV67tYDYAo/view?usp=drivesdk
1vxG52aE1XLJ-r2QnfGzAje_NA4SrCThL,SUN002HDServices invoice (1).pdf,duplicate,,_Duplicates/Unknown/SUN002HDServices invoice (1).pdf,https://drive.google.com/file/d/1vxG52aE1XLJ-r2QnfGzAje_NA4SrCThL/view?usp=drivesdk
1mCbocPed4bTeQXtc5atm9y-mfEIjdqWk,SUN003HDServices invoice.pdf,duplicate,Allendale 6408 106/5-Unit Receipts ,_Duplicates/Allendale (generic)/SUN003HDServices invoice.pdf,https://drive.google.com/file/d/1mCbocPed4bTeQXtc5atm9y-mfEIjdqWk/view?usp=drivesdk
1SN2UP_HVjugLLhAJBadMMgVJL5p-40GM,city of edmonton paymetn receipt ($2070).pdf,primary,,_NeedsReview/city of edmonton paymetn receipt ($2070).pdf,https://drive.google.com/file/d/1SN2UP_HVjugLLhAJBadMMgVJL5p-40GM/view?usp=drivesdk
1LcIfnjttjOzmCrl6zFrWX6vPLdEJ3Dzc,Inv# 84.pdf,duplicate,Mayfield 110/Mayfield-Invoice ,_Duplicates/Mayfield 110/Inv# 84.pdf,https://drive.google.com/file/d/1LcIfnjttjOzmCrl6zFrWX6vPLdEJ3Dzc/view?usp=drivesdk
1_vdClvGN_u8fGoNqFK9yfTvvCsX62Ilz,Proforma.jpg,primary,Inglewood 6-Plex: 11328 126 St,Inglewood 6-Plex (11328 126 St)/Financials/Proforma.jpg,https://drive.google.com/file/d/1_vdClvGN_u8fGoNqFK9yfTvvCsX62Ilz/view?usp=drivesdk
1yXpAu5UjXd_qefNkqfIXDjNglDPVoPhA,10612 - 127 STREET NW- Schedule C.pdf,duplicate,Landridge/Purchase Contracts Signed /10612 127St,_Duplicates/10612 127 Street NW/10612 - 127 STREET NW- Schedule C.pdf,https://drive.google.com/file/d/1yXpAu5UjXd_qefNkqfIXDjNglDPVoPhA/view?usp=drivesdk
1fdVbwTyTsqJ13MiG3dyBqDzMhEmbUl6e,10612 - 127 STREET NW- Rebate Agreement.pdf,duplicate,Landridge/Purchase Contracts Signed /10612 127St,_Duplicates/10612 127 Street NW/10612 - 127 STREET NW- Rebate Agreement.pdf,https://drive.google.com/file/d/1fdVbwTyTsqJ13MiG3dyBqDzMhEmbUl6e/view?usp=drivesdk
1_xoHxL-RxrUtf_4Y-UryZQ5g0Z1PfdyK,10612 - 127 STREET NW- Landridge Homes-Sales Contract.pdf,duplicate,Landridge/Purchase Contracts Signed /10612 127St,_Duplicates/10612 127 Street NW/10612 - 127 STREET NW- Landridge Homes-Sales Contract.pdf,https://drive.google.com/file/d/1_xoHxL-RxrUtf_4Y-UryZQ5g0Z1PfdyK/view?usp=drivesdk
1jman6hm2tUHQWomOrao5kZWvYLJntAhD,10612 - 127 STREET NW - Schedule A - Plans.pdf,duplicate,Landridge/Purchase Contracts Signed /10612 127St,_Duplicates/10612 127 Street NW/10612 - 127 STREET NW - Schedule A - Plans.pdf,https://drive.google.com/file/d/1jman6hm2tUHQWomOrao5kZWvYLJntAhD/view?usp=drivesdk
1gcraQnL7tT-JwuZxmJ6DsII5NBNj8Ir2,10612 - 127 STREET NW - Schedule R - Rental Guarantee Acknowledgment.pdf,duplicate,Landridge/Purchase Contracts Signed /10612 127St,_Duplicates/10612 127 Street NW/10612 - 127 STREET NW - Schedule R - Rental Guarantee Acknowledgment.pdf,https://drive.google.com/file/d/1gcraQnL7tT-JwuZxmJ6DsII5NBNj8Ir2/view?usp=drivesdk
1Val3QunsiiDIzIkGxaSEtyzC851jrdDT,10612 - 127 STREET NW- Schedule M - Project Utility Metering.pdf,duplicate,Landridge/Purchase Contracts Signed /10612 127St,_Duplicates/10612 127 Street NW/10612 - 127 STREET NW- Schedule M - Project Utility Metering.pdf,https://drive.google.com/file/d/1Val3QunsiiDIzIkGxaSEtyzC851jrdDT/view?usp=drivesdk
1xd1D37EtYMZlcvyGcb1SKYeU_XM0rb-a,10612 - 127 STREET NW - Schedule_B - Sepcifications.pdf,duplicate,Landridge/Purchase Contracts Signed /10612 127St,_Duplicates/10612 127 Street NW/10612 - 127 STREET NW - Schedule_B - Sepcifications.pdf,https://drive.google.com/file/d/1xd1D37EtYMZlcvyGcb1SKYeU_XM0rb-a/view?usp=drivesdk
1dur9pG-tbrIt9oloLgWDUve6wVfnHss_,10612 - 127 STREET NW- Addendum.pdf,duplicate,Landridge/Purchase Contracts Signed /10612 127St,_Duplicates/10612 127 Street NW/10612 - 127 STREET NW- Addendum.pdf,https://drive.google.com/file/d/1dur9pG-tbrIt9oloLgWDUve6wVfnHss_/view?usp=drivesdk
1G7n81NkhmPDJgaHnyyLAqp-diR_8SzQX,Ryan FB Leades Skipped 2.1.csv,primary,LEADS////SPREADSHEETS!,_NeedsReview/Ryan FB Leades Skipped 2.1.csv,https://drive.google.com/file/d/1G7n81NkhmPDJgaHnyyLAqp-diR_8SzQX/view?usp=drivesdk
1omAxL0PRY1iKq-V2uBB6ES2d246E_CoqErPnl68v4CM,"FB Lead 1, Missed numbers ",primary,,"_NeedsReview/FB Lead 1, Missed numbers ",https://docs.google.com/spreadsheets/d/1omAxL0PRY1iKq-V2uBB6ES2d246E_CoqErPnl68v4CM/edit?usp=drivesdk&ouid=112966636072631084810
1UmztfhIZn8LemRoT3zGYfLdp2hzIVn6y3sHUgxu126Y,Wireframe Sets for Developer Handoff,primary,(root),_NeedsReview/Wireframe Sets for Developer Handoff,https://docs.google.com/document/d/1UmztfhIZn8LemRoT3zGYfLdp2hzIVn6y3sHUgxu126Y/edit?usp=drivesdk&ouid=112966636072631084810
1RwbxuPlbyV8Sf-SDwg6Ga1Wh78sCUXXH,8-Plex Plans Completion CMHC- Ready To Purchase.pdf,primary,Mayfield 110/Chanpreet Info ,Mayfield 110/Contracts/8-Plex Plans Completion CMHC- Ready To Purchase.pdf,https://drive.google.com/file/d/1RwbxuPlbyV8Sf-SDwg6Ga1Wh78sCUXXH/view?usp=drivesdk
1Bd6qyqUK_ak3kpYZOD576KSjilAFiDjN,Receipt-2377-6078.pdf,primary,2025 Tax,_NeedsReview/Receipt-2377-6078.pdf,https://drive.google.com/file/d/1Bd6qyqUK_ak3kpYZOD576KSjilAFiDjN/view?usp=drivesdk
1YQraHw79MzbXMypKqUFOe8vfjC5AqY7T,"E-TFR - $10,000- 10636 127 NW.pdf",primary,2025 Tax/2025 Tax Emanation ,"10636 127/_NeedsReview/E-TFR - $10,000- 10636 127 NW.pdf",https://drive.google.com/file/d/1YQraHw79MzbXMypKqUFOe8vfjC5AqY7T/view?usp=drivesdk
1N3_r7UQe3J0yQSgK6Ic5deKr6ScoSDmn,Portfolio Summary.xlsm,primary,Landridge/Financing ,_Library/Financials/Portfolio Summary.xlsm,https://drive.google.com/file/d/1N3_r7UQe3J0yQSgK6Ic5deKr6ScoSDmn/view?usp=drivesdk
1QpcQFNWMovMGc77v-biuSzSFpi4egaUU,Property Analyzer - MLI Select (8-plex).xlsx,primary,Development Info-----Go to rize/Formulas ,_NeedsReview/Property Analyzer - MLI Select (8-plex).xlsx,https://drive.google.com/file/d/1QpcQFNWMovMGc77v-biuSzSFpi4egaUU/view?usp=drivesdk
1S4XnSUZ8S2jJC1Z5cd5M0AEnYKO5YCrs,Proforma.jpg,primary,(root),_Library/Photos/Proforma.jpg,https://drive.google.com/file/d/1S4XnSUZ8S2jJC1Z5cd5M0AEnYKO5YCrs/view?usp=drivesdk
17pasNc3gPu3_vT-84eBAoSYvxUvGqfmZ,Diamante Inc. - Vacant Dwelling - Cancellation Insurance policy# 5N1222Q8N - Signed.pdf,primary,Jasper Park/Jasper Park-Corporate Files /Insurance,Jasper Park/_NeedsReview/Diamante Inc. - Vacant Dwelling - Cancellation Insurance policy# 5N1222Q8N - Signed.pdf,https://drive.google.com/file/d/17pasNc3gPu3_vT-84eBAoSYvxUvGqfmZ/view?usp=drivesdk
1kRqb9NgrGSNUvaYgudePQ9emLfjDGFBT,Invoice 14858RP.pdf,primary,Jasper Park/Jasper Park-Invoice,Jasper Park/Financials/Invoice 14858RP.pdf,https://drive.google.com/file/d/1kRqb9NgrGSNUvaYgudePQ9emLfjDGFBT/view?usp=drivesdk
1UIIt4Ec8WnRoxxk_P8rwkBnPcvAJ0LHX,Chequing Statement-1269 2025-10-27 (1).pdf,primary,2025 Tax/2025 Tax Emanation ,_NeedsReview/Chequing Statement-1269 2025-10-27 (1).pdf,https://drive.google.com/file/d/1UIIt4Ec8WnRoxxk_P8rwkBnPcvAJ0LHX/view?usp=drivesdk
19WpdyAHHio7dQOuiOX42axZLazruDSzF,Chequing Statement-1269 2025-10-27.pdf,primary,2025 Tax/2025 Tax Emanation ,_NeedsReview/Chequing Statement-1269 2025-10-27.pdf,https://drive.google.com/file/d/19WpdyAHHio7dQOuiOX42axZLazruDSzF/view?usp=drivesdk
1aYruesCCshbX15KZfvOGHECeYmSXl5IZ,Chequing Statement-1269 2025-09-26.pdf,primary,2025 Tax/2025 Tax Emanation ,_NeedsReview/Chequing Statement-1269 2025-09-26.pdf,https://drive.google.com/file/d/1aYruesCCshbX15KZfvOGHECeYmSXl5IZ/view?usp=drivesdk
1p9ynB8nrKv7BEQ9PmcEiUR7mHQ4es1qL,FAE-VPL-20_20251119-receipt-1763575879416.pdf,primary,Jasper Park/Jasper Park-Invoice,Jasper Park/_NeedsReview/FAE-VPL-20_20251119-receipt-1763575879416.pdf,https://drive.google.com/file/d/1p9ynB8nrKv7BEQ9PmcEiUR7mHQ4es1qL/view?usp=drivesdk
1A8epTgY6P2fmkLTgQHjjXv_HuLINHdY9,FAE-VPL-20_20251119-Vacant-Property-Endorsement.pdf,primary,Jasper Park/Jasper Park-Corporate Files /Insurance,Jasper Park/_NeedsReview/FAE-VPL-20_20251119-Vacant-Property-Endorsement.pdf,https://drive.google.com/file/d/1A8epTgY6P2fmkLTgQHjjXv_HuLINHdY9/view?usp=drivesdk
1CtLYoB6r0_hYBIkGG7bvdF_5WOLx_aq-,FAE-VPL-20_20251119-COI-PM.pdf,primary,Jasper Park/Jasper Park-Corporate Files /Insurance,Jasper Park/_NeedsReview/FAE-VPL-20_20251119-COI-PM.pdf,https://drive.google.com/file/d/1CtLYoB6r0_hYBIkGG7bvdF_5WOLx_aq-/view?usp=drivesdk
11xq9lbIACAjeVSnwOPJ9Te8yJ5ba-RXd,FAE-VPL-20_20251119-Maintenance-Building-Warranty.pdf,primary,Jasper Park/Jasper Park-Corporate Files /Insurance,Jasper Park/_NeedsReview/FAE-VPL-20_20251119-Maintenance-Building-Warranty.pdf,https://drive.google.com/file/d/11xq9lbIACAjeVSnwOPJ9Te8yJ5ba-RXd/view?usp=drivesdk
1DPsdoM359hxew1jKYr4wIxDdeULkwHmO,FAE-VPL-20_20251119-CGL.pdf,primary,Jasper Park/Jasper Park-Corporate Files /Insurance,Jasper Park/_NeedsReview/FAE-VPL-20_20251119-CGL.pdf,https://drive.google.com/file/d/1DPsdoM359hxew1jKYr4wIxDdeULkwHmO/view?usp=drivesdk
1nvZaeV_f4CJ1K36L92WdN2V01MpDYwTg,FAE-VPL-20_20251119.pdf,primary,Jasper Park/Jasper Park-Corporate Files /Insurance,Jasper Park/_NeedsReview/FAE-VPL-20_20251119.pdf,https://drive.google.com/file/d/1nvZaeV_f4CJ1K36L92WdN2V01MpDYwTg/view?usp=drivesdk
1PdqZnPIJ0m_YMpauxxG4A8p6Aej6UX6W,Onboarding New Client Checklist_Sunrize Investments.docx,primary,,_NeedsReview/Onboarding New Client Checklist_Sunrize Investments.docx,https://drive.google.com/file/d/1PdqZnPIJ0m_YMpauxxG4A8p6Aej6UX6W/view?usp=drivesdk
1v2A0P0MAr7kuRNLPSluFHcCTMmuWl-Bq,Rent Roll.xlsm,primary,Landridge/Financing ,_NeedsReview/Rent Roll.xlsm,https://drive.google.com/file/d/1v2A0P0MAr7kuRNLPSluFHcCTMmuWl-Bq/view?usp=drivesdk
1vvg7Kz0AkSg0Sul8O-R_r0VhX0PBCBDf,Personal Net Worth Statement_Peakhill Capital 1 1 (1).pdf,primary,Landridge/Financing ,_NeedsReview/Personal Net Worth Statement_Peakhill Capital 1 1 (1).pdf,https://drive.google.com/file/d/1vvg7Kz0AkSg0Sul8O-R_r0VhX0PBCBDf/view?usp=drivesdk
1159AoNSn-4k153OEbn-dfXtHEwcyxVOL,10636_127_ST_NW_Purchase_Contract (3).pdf,primary,Landridge/Purchase Contracts Signed ,_NeedsReview/10636_127_ST_NW_Purchase_Contract (3).pdf,https://drive.google.com/file/d/1159AoNSn-4k153OEbn-dfXtHEwcyxVOL/view?usp=drivesdk
1BoHb5n0Nu9IhcmpEZwLRoxj1JL8D2c00,10801 & 10805 86 Ave Revised.pdf,primary,Landridge/Purchase Contracts Signed ,10805 86/_NeedsReview/10801 & 10805 86 Ave Revised.pdf,https://drive.google.com/file/d/1BoHb5n0Nu9IhcmpEZwLRoxj1JL8D2c00/view?usp=drivesdk
1RVT_g9nTz7u4ZgxEvLrNZ1eTFPtVCydH,CMHC Construction Checklist Form.pdf,primary,Landridge,_Library/Financials/CMHC Construction Checklist Form.pdf,https://drive.google.com/file/d/1RVT_g9nTz7u4ZgxEvLrNZ1eTFPtVCydH/view?usp=drivesdk
1BlfFlDeXPKMIaCV6hfcBloDbZ0Xb9Hx3,CMHC Construction Checklist Form.pdf,duplicate,Landridge/Financing ,_Duplicates/Unknown/CMHC Construction Checklist Form.pdf,https://drive.google.com/file/d/1BlfFlDeXPKMIaCV6hfcBloDbZ0Xb9Hx3/view?usp=drivesdk
1v-c-sA8afhqQs33UbqcOdZeRshF5qOB1,Landridge Homes-Sales Contract.pdf,primary,Landridge/Westmount (8-Plex),Westmount/Contracts/Landridge Homes-Sales Contract.pdf,https://drive.google.com/file/d/1v-c-sA8afhqQs33UbqcOdZeRshF5qOB1/view?usp=drivesdk
1oGgutO4eVE0S3Jd7VvOUq00jbL6KEECQ,MK14643.pdf,primary,2025 Tax,_NeedsReview/MK14643.pdf,https://drive.google.com/file/d/1oGgutO4eVE0S3Jd7VvOUq00jbL6KEECQ/view?usp=drivesdk
1Iz2VwiGU6EkXihWsZOM0KBRVCs44LgNzq6d4QX-3vRo,Untitled spreadsheet,primary,,_NeedsReview/Untitled spreadsheet,https://docs.google.com/spreadsheets/d/1Iz2VwiGU6EkXihWsZOM0KBRVCs44LgNzq6d4QX-3vRo/edit?usp=drivesdk&ouid=112966636072631084810
1-yT4FYX9N8zGqtESo48CQKteSFWKHttloU0tXaRUonE,Print New Sunni,primary,,_NeedsReview/Print New Sunni,https://docs.google.com/document/d/1-yT4FYX9N8zGqtESo48CQKteSFWKHttloU0tXaRUonE/edit?usp=drivesdk&ouid=112966636072631084810
10iWnhwmrtNouiYl8KPEaqw0neZOh7Nv6,GeneralPermit[1].pdf,primary,Chanpreet ,_NeedsReview/GeneralPermit[1].pdf,https://drive.google.com/file/d/10iWnhwmrtNouiYl8KPEaqw0neZOh7Nv6/view?usp=drivesdk
1Uo5YhkOjv4T9zdOcHDefIQcMN6vNIRVq,Architectural_Drawings_-_Revised_-_2025-08-19_-_556240552-003[1].pdf,primary,Chanpreet ,_NeedsReview/Architectural_Drawings_-_Revised_-_2025-08-19_-_556240552-003[1].pdf,https://drive.google.com/file/d/1Uo5YhkOjv4T9zdOcHDefIQcMN6vNIRVq/view?usp=drivesdk
1mjM6N6uoiR4pIBDjfPPDDqSFcBihfHJ5,Spruce_Avenue_Fourplex_Appraisal_Report[1].pdf,primary,Chanpreet ,Spruce Avenue/_NeedsReview/Spruce_Avenue_Fourplex_Appraisal_Report[1].pdf,https://drive.google.com/file/d/1mjM6N6uoiR4pIBDjfPPDDqSFcBihfHJ5/view?usp=drivesdk
1v8nG8_krHXN5TsBC8iaPegenpE45zUXa,Spruce_Avenue_Fourplex_Appraisal_Report[1].pdf,duplicate,Mayfield 110/Chanpreet Info ,_Duplicates/Mayfield 110/Spruce_Avenue_Fourplex_Appraisal_Report[1].pdf,https://drive.google.com/file/d/1v8nG8_krHXN5TsBC8iaPegenpE45zUXa/view?usp=drivesdk
1ClZwAVyYU7AX66mHJQ48xB8eosOpffNz,Screenshot 2025-11-14 100618.png,primary,2025 Tax,_Library/Photos/Screenshot 2025-11-14 100618.png,https://drive.google.com/file/d/1ClZwAVyYU7AX66mHJQ48xB8eosOpffNz/view?usp=drivesdk
1R7ncb7E8abk8i5xQR2nv3YKXVpdRLTWA,Screenshot 2025-11-14 100618.png,duplicate,2025 Tax/2025 Tax Emanation ,_Duplicates/Unknown/Screenshot 2025-11-14 100618.png,https://drive.google.com/file/d/1R7ncb7E8abk8i5xQR2nv3YKXVpdRLTWA/view?usp=drivesdk
1QcRxEENuqoq6TXdDSKBb1HpyAEe0C_hW,Screenshot 2025-11-14 100609.png,primary,2025 Tax,_Library/Photos/Screenshot 2025-11-14 100609.png,https://drive.google.com/file/d/1QcRxEENuqoq6TXdDSKBb1HpyAEe0C_hW/view?usp=drivesdk
1-osmwZk8QZ2vzMRjPwnAHKPLtgqjpDfr,Screenshot 2025-11-14 100609.png,duplicate,2025 Tax/2025 Tax Emanation ,_Duplicates/Unknown/Screenshot 2025-11-14 100609.png,https://drive.google.com/file/d/1-osmwZk8QZ2vzMRjPwnAHKPLtgqjpDfr/view?usp=drivesdk
1F2pqosg86G8Q0ktqbk117iaUM3W8X9Eq,20251110122952966.pdf,primary,,_NeedsReview/20251110122952966.pdf,https://drive.google.com/file/d/1F2pqosg86G8Q0ktqbk117iaUM3W8X9Eq/view?usp=drivesdk
1GsllORBoQ4eeBdi35J257g3CnQy2PnnE,REC10004.pdf,primary,Rentt.ai,_NeedsReview/REC10004.pdf,https://drive.google.com/file/d/1GsllORBoQ4eeBdi35J257g3CnQy2PnnE/view?usp=drivesdk
1ozjTYdegYlwL9ADWe1KDuT_beXobwy6h,Schedule_B - Sepcifications.pdf,primary,,_Library/Contracts/Schedule_B - Sepcifications.pdf,https://drive.google.com/file/d/1ozjTYdegYlwL9ADWe1KDuT_beXobwy6h/view?usp=drivesdk
11oGDIOY-11WFE89wmfeW28vrb5ozkjXX,Schedule_B - Sepcifications.pdf,duplicate,Landridge,_Duplicates/Unknown/Schedule_B - Sepcifications.pdf,https://drive.google.com/file/d/11oGDIOY-11WFE89wmfeW28vrb5ozkjXX/view?usp=drivesdk
1Is1IFxgxEepAtqB8Aw-F3pTPzM2f0BJe,Landridge Homes-Sales Contract.pdf,duplicate,Landridge,_Duplicates/Unknown/Landridge Homes-Sales Contract.pdf,https://drive.google.com/file/d/1Is1IFxgxEepAtqB8Aw-F3pTPzM2f0BJe/view?usp=drivesdk
1CRKyL7XjEqEB44tyR25gO6Y8BOhNJRbq,Schedule M - Project Utility Metering.pdf,primary,Landridge,_Library/Contracts/Schedule M - Project Utility Metering.pdf,https://drive.google.com/file/d/1CRKyL7XjEqEB44tyR25gO6Y8BOhNJRbq/view?usp=drivesdk
1--zO5gXGgCW_fUs04ThXwWLElErhadKw,Invoice_000475_from_Offset_Excavating_Ltd.pdf,duplicate,Mayfield 110/Mayfield-Invoice ,_Duplicates/Mayfield 110/Invoice_000475_from_Offset_Excavating_Ltd.pdf,https://drive.google.com/file/d/1--zO5gXGgCW_fUs04ThXwWLElErhadKw/view?usp=drivesdk
1kuD-ue57aka8abw5NYMguQLsHysKsOcE,25-44176 Vibrant Homes.pdf,primary,Jasper Park/Jasper Park-Invoice,Jasper Park/_NeedsReview/25-44176 Vibrant Homes.pdf,https://drive.google.com/file/d/1kuD-ue57aka8abw5NYMguQLsHysKsOcE/view?usp=drivesdk
1w34p35WKz95VAaD612sWtfGhcj1juJdx,10636_127_ST_NW_Purchase_Contract.pdf,primary,Saved from the Google app,_NeedsReview/10636_127_ST_NW_Purchase_Contract.pdf,https://drive.google.com/file/d/1w34p35WKz95VAaD612sWtfGhcj1juJdx/view?usp=drivesdk
1gBsURCsXW_okssE87XdXeDgqXltf2HDT,Invoice_10353_from_OASIS_ENGINEERING_GROUP_LTD.pdf,duplicate,Jasper Park/Jasper Park-Invoice,_Duplicates/Jasper Park/Invoice_10353_from_OASIS_ENGINEERING_GROUP_LTD.pdf,https://drive.google.com/file/d/1gBsURCsXW_okssE87XdXeDgqXltf2HDT/view?usp=drivesdk
1R48LSGKjp4LMkKarS9cE9ibKZFCZsLQe,Cleaned_Contacts__preview_.csv,primary,LEADS////SPREADSHEETS!,_NeedsReview/Cleaned_Contacts__preview_.csv,https://drive.google.com/file/d/1R48LSGKjp4LMkKarS9cE9ibKZFCZsLQe/view?usp=drivesdk
1Zkd7y1wdAvFSoWkM_tvuHvdsa12XhurrzpFBj8-GQmo,Multifamily CMHC Finance strategy Spreasheet ,primary,,_Library/Financials/Multifamily CMHC Finance strategy Spreasheet ,https://docs.google.com/spreadsheets/d/1Zkd7y1wdAvFSoWkM_tvuHvdsa12XhurrzpFBj8-GQmo/edit?usp=drivesdk&ouid=112966636072631084810
1iM63jYL13YraJ9baKY0h3Z7rMke0bBWW,Allendale Plans & Spec,primary,Allendale 6408 106/6408: Plans/Survey,Allendale (generic)/Plans & Permits/Allendale Plans & Spec,https://drive.google.com/file/d/1iM63jYL13YraJ9baKY0h3Z7rMke0bBWW/view?usp=drivesdk
1DLQdpT1nYd1C6xjeQQw_kXOlu7d-0Mq-rglvxAkoQjY,Builder Resume,primary,Jasper Park/Jasper Park- Construction Budget,Jasper Park/_NeedsReview/Builder Resume,https://docs.google.com/spreadsheets/d/1DLQdpT1nYd1C6xjeQQw_kXOlu7d-0Mq-rglvxAkoQjY/edit?usp=drivesdk&ouid=112966636072631084810
19LZ5oQW1WCy42o4rTZV0WODItCX0NXl1,Builder Resume.xlsx,primary,,_NeedsReview/Builder Resume.xlsx,https://drive.google.com/file/d/19LZ5oQW1WCy42o4rTZV0WODItCX0NXl1/view?usp=drivesdk
1pwFfUKYHj6Lk07I2_78HIyGrrsMr6MV7,Jasper Park Budget.xlsx,primary,,Jasper Park/Financials/Jasper Park Budget.xlsx,https://drive.google.com/file/d/1pwFfUKYHj6Lk07I2_78HIyGrrsMr6MV7/view?usp=drivesdk
1cYJPO-UTd-ZN4luSYdEJmwRB4GbyF7Dj,Jasper Park Budget.xlsx,primary,Jasper Park/Jasper Park- Construction Budget,Jasper Park/Financials/Jasper Park Budget.xlsx,https://drive.google.com/file/d/1cYJPO-UTd-ZN4luSYdEJmwRB4GbyF7Dj/view?usp=drivesdk
1hESt_NEnXL26kCmbrTXNBlwScvmqC6-r,Jasper Park Budget.xlsx,duplicate,,_Duplicates/Jasper Park/Jasper Park Budget.xlsx,https://drive.google.com/file/d/1hESt_NEnXL26kCmbrTXNBlwScvmqC6-r/view?usp=drivesdk
102QjXNSVVocukeptjb2wJszB2tGie3Ms,SUN003HDServices invoice.pdf,duplicate,Mayfield 110/Mayfield-Invoice ,_Duplicates/Mayfield 110/SUN003HDServices invoice.pdf,https://drive.google.com/file/d/102QjXNSVVocukeptjb2wJszB2tGie3Ms/view?usp=drivesdk
1tztr-rq_uyvQLtOJycbdWavRQviipz5w,demolition permit receipt.png,primary,Mayfield 110/Mayfield-Invoice ,Mayfield 110/Photos/demolition permit receipt.png,https://drive.google.com/file/d/1tztr-rq_uyvQLtOJycbdWavRQviipz5w/view?usp=drivesdk
1mvxi1hm92T1fUT7LA4RX6PA1A5ZLsvkR,TRANSACTION_RECORD - Integrity solutions.pdf,primary,Mayfield 110/Mayfield-Invoice ,Mayfield 110/_NeedsReview/TRANSACTION_RECORD - Integrity solutions.pdf,https://drive.google.com/file/d/1mvxi1hm92T1fUT7LA4RX6PA1A5ZLsvkR/view?usp=drivesdk
1ppdYK0IWFqA2zywcEteyDaZeDpGGC8AM,Invoice_116.pdf,duplicate,Mayfield 110/Mayfield-Invoice ,_Duplicates/Mayfield 110/Invoice_116.pdf,https://drive.google.com/file/d/1ppdYK0IWFqA2zywcEteyDaZeDpGGC8AM/view?usp=drivesdk
133O4PnrOfrr8LHyrN-ilt8z0xbpyh-JZ,VH Progress Invoice #1 - Mayfield.pdf,primary,Mayfield 110/Mayfield-Invoice ,Mayfield 110/Financials/VH Progress Invoice #1 - Mayfield.pdf,https://drive.google.com/file/d/133O4PnrOfrr8LHyrN-ilt8z0xbpyh-JZ/view?usp=drivesdk
1RvuJINTsMKuhG_00cghJ6Q5jDicDR_6B,BMO InvestorLine 2.0 – Portfolio summary.html,primary,Mayfield 110/Loren Files ,Mayfield 110/Financials/BMO InvestorLine 2.0 – Portfolio summary.html,https://drive.google.com/file/d/1RvuJINTsMKuhG_00cghJ6Q5jDicDR_6B/view?usp=drivesdk
1zDs_POWaEUwbBHOaCqIdllptDHCs8eCf,Invoice.pdf,duplicate,2025 Tax/2025 Flips/Wholesale /In Between Homes ,_Duplicates/Unknown/Invoice.pdf,https://drive.google.com/file/d/1zDs_POWaEUwbBHOaCqIdllptDHCs8eCf/view?usp=drivesdk
1UmGJCj919mdnEKCk-KUrj5IUH72dO73W,Statements.pdf,duplicate,2025 Tax/2025 Flips/Wholesale /In Between Homes ,_Duplicates/Unknown/Statements.pdf,https://drive.google.com/file/d/1UmGJCj919mdnEKCk-KUrj5IUH72dO73W/view?usp=drivesdk
1Rp_X40WnLb3aKV0OXtLg7LQ6h_a4rI0D,2) Plot Plan-8338 81 Avenue NW-REV2.pdf,primary,Landridge/8338 81 Ave (6-Plex),8338 81/Plans & Permits/2) Plot Plan-8338 81 Avenue NW-REV2.pdf,https://drive.google.com/file/d/1Rp_X40WnLb3aKV0OXtLg7LQ6h_a4rI0D/view?usp=drivesdk
1CIVugV3sPbEpu_Kz3IoxvZaud2whdnr3,1B)Bluprints-8338 81 Avenue NW-Garden Suite.pdf,primary,Landridge/8338 81 Ave (6-Plex),8338 81/_NeedsReview/1B)Bluprints-8338 81 Avenue NW-Garden Suite.pdf,https://drive.google.com/file/d/1CIVugV3sPbEpu_Kz3IoxvZaud2whdnr3/view?usp=drivesdk
1YBTk-GTWBlNjNlVxnM_YBSGl6BIqKQV3,1) Blueprints-8338 81 Avenue NW-Jan 30.pdf,primary,Landridge/8338 81 Ave (6-Plex),8338 81/_NeedsReview/1) Blueprints-8338 81 Avenue NW-Jan 30.pdf,https://drive.google.com/file/d/1YBTk-GTWBlNjNlVxnM_YBSGl6BIqKQV3/view?usp=drivesdk
1YBsfvXz9Z7942M4mF6jECz5IVWgs1NII,Receipt_C1A6dyUWgYk3_from_Alberta_Geomatics_Inc___________________________________________Operating_as_Arc_Surveys_Edmonton.pdf,primary,Jasper Park/Jasper Park-Invoice,Jasper Park/_NeedsReview/Receipt_C1A6dyUWgYk3_from_Alberta_Geomatics_Inc___________________________________________Operating_as_Arc_Surveys_Edmonton.pdf,https://drive.google.com/file/d/1YBsfvXz9Z7942M4mF6jECz5IVWgs1NII/view?usp=drivesdk
1OitrwruBDqw94jC26KCw1zh3U-QmvbUF,9121 152 ST NW WDV.1.pdf,primary,Jasper Park/Jasper Park Development ,Jasper Park/_NeedsReview/9121 152 ST NW WDV.1.pdf,https://drive.google.com/file/d/1OitrwruBDqw94jC26KCw1zh3U-QmvbUF/view?usp=drivesdk
1gB1dGstxzl1wEZyNtefLIBIMiGEfsizv,10636_127_ST_NW_Purchase_Contract (Changes Made).pdf,primary,,_NeedsReview/10636_127_ST_NW_Purchase_Contract (Changes Made).pdf,https://drive.google.com/file/d/1gB1dGstxzl1wEZyNtefLIBIMiGEfsizv/view?usp=drivesdk
1nVGeRp5icerGfZtak1g3CTqoRv3Ew4M8,10636_127_ST_NW_Purchase_Contract (Changes Made).pdf,duplicate,,_Duplicates/Unknown/10636_127_ST_NW_Purchase_Contract (Changes Made).pdf,https://drive.google.com/file/d/1nVGeRp5icerGfZtak1g3CTqoRv3Ew4M8/view?usp=drivesdk
1dQi20v1lebJIWiGw7nk7_EhsIWs3nIrN,Appraisal Frost: 6 Unit 6408 103 St Allendale.pdf,primary,Allendale 6408 106/6408: CMHC,Allendale (generic)/Reports/Appraisal Frost: 6 Unit 6408 103 St Allendale.pdf,https://drive.google.com/file/d/1dQi20v1lebJIWiGw7nk7_EhsIWs3nIrN/view?usp=drivesdk
1TwqclphI_n0dSe8uaaMpBZFjw3BW0yda,Siver Bullion.pdf,primary,Mayfield 110/Purchasing & Corp.,Mayfield 110/_NeedsReview/Siver Bullion.pdf,https://drive.google.com/file/d/1TwqclphI_n0dSe8uaaMpBZFjw3BW0yda/view?usp=drivesdk
1tC8s65sCdt0_n3tVTwBGEedZwG2K0eYM,Loren Yaremchuk ledgerlive-operations-2025.10.27.csv,primary,Mayfield 110/Purchasing & Corp.,Mayfield 110/_NeedsReview/Loren Yaremchuk ledgerlive-operations-2025.10.27.csv,https://drive.google.com/file/d/1tC8s65sCdt0_n3tVTwBGEedZwG2K0eYM/view?usp=drivesdk
1doXVBqRb7bvslv66yqn4IP7x30R28oSfUaV-YAASktc,Rentt MVP 2,primary,(root),_NeedsReview/Rentt MVP 2,https://docs.google.com/document/d/1doXVBqRb7bvslv66yqn4IP7x30R28oSfUaV-YAASktc/edit?usp=drivesdk&ouid=112966636072631084810
1-kjt883W7J0pEW5PGwzN9vtrW8U_xHLW,Screenshot 2025-11-04 125400.png,primary,B & H ,_Library/Photos/Screenshot 2025-11-04 125400.png,https://drive.google.com/file/d/1-kjt883W7J0pEW5PGwzN9vtrW8U_xHLW/view?usp=drivesdk
19lQaqTZkz-qysoYRpc58S6vKQhQP-CKJ,Screenshot 2025-11-04 124330.png,primary,B & H ,_Library/Photos/Screenshot 2025-11-04 124330.png,https://drive.google.com/file/d/19lQaqTZkz-qysoYRpc58S6vKQhQP-CKJ/view?usp=drivesdk
1L3JOBu_dprvDETsvimcnzIQDrcL7Jv_A,Screenshot 2025-11-04 124243.png,primary,B & H ,_Library/Photos/Screenshot 2025-11-04 124243.png,https://drive.google.com/file/d/1L3JOBu_dprvDETsvimcnzIQDrcL7Jv_A/view?usp=drivesdk
1pIev9vYN7v8BHp6s8VryGYABkHKP1ylj,Screenshot 2025-11-04 124201.png,primary,B & H ,_Library/Photos/Screenshot 2025-11-04 124201.png,https://drive.google.com/file/d/1pIev9vYN7v8BHp6s8VryGYABkHKP1ylj/view?usp=drivesdk
1ovl8LuEndHC8yxxvHUaFjvX8sZyzkmtu,Screenshot 2025-11-04 124037.png,primary,B & H ,_Library/Photos/Screenshot 2025-11-04 124037.png,https://drive.google.com/file/d/1ovl8LuEndHC8yxxvHUaFjvX8sZyzkmtu/view?usp=drivesdk
1MLgsUSfTSCqUO1eSMCehX_BfiVOsj1B3,Screenshot 2025-11-04 123948.png,primary,B & H ,_Library/Photos/Screenshot 2025-11-04 123948.png,https://drive.google.com/file/d/1MLgsUSfTSCqUO1eSMCehX_BfiVOsj1B3/view?usp=drivesdk
15sJCTVu7sXtNWh7VPg0nfQFTYUY9nTMY,Screenshot 2025-11-04 123636.png,primary,B & H ,_Library/Photos/Screenshot 2025-11-04 123636.png,https://drive.google.com/file/d/15sJCTVu7sXtNWh7VPg0nfQFTYUY9nTMY/view?usp=drivesdk
1dsxqUhg2q6QRir-FEzG2fTvd9zrXsfFU,Screenshot 2025-11-04 123250.png,primary,B & H ,_Library/Photos/Screenshot 2025-11-04 123250.png,https://drive.google.com/file/d/1dsxqUhg2q6QRir-FEzG2fTvd9zrXsfFU/view?usp=drivesdk
1zYPPoAtg3E5AZKQd7L-FflEXU_funewl,Ryan FB Leads #1 CVS Cleaned data.csv,primary,LEADS////SPREADSHEETS!,_NeedsReview/Ryan FB Leads #1 CVS Cleaned data.csv,https://drive.google.com/file/d/1zYPPoAtg3E5AZKQd7L-FflEXU_funewl/view?usp=drivesdk
1JdTmET2ZWeCxxHESSjnUlLopP4Gt50UXE0s5riw0nOQ,Untitled spreadsheet,primary,,_NeedsReview/Untitled spreadsheet,https://docs.google.com/spreadsheets/d/1JdTmET2ZWeCxxHESSjnUlLopP4Gt50UXE0s5riw0nOQ/edit?usp=drivesdk&ouid=112966636072631084810
1wJbUDZ7os4bs5YO5ghqVLH451j45XvBb,"Icome Statement Nov 30, 2024 (2).pdf",primary,LEADS////SPREADSHEETS!,"_NeedsReview/Icome Statement Nov 30, 2024 (2).pdf",https://drive.google.com/file/d/1wJbUDZ7os4bs5YO5ghqVLH451j45XvBb/view?usp=drivesdk
1YsKSU7SFpyK26hIrKAuQwY9keF7Hol47KbxE95g3Kxo,2025 Leads - Real Estate,primary,(root),_NeedsReview/2025 Leads - Real Estate,https://docs.google.com/spreadsheets/d/1YsKSU7SFpyK26hIrKAuQwY9keF7Hol47KbxE95g3Kxo/edit?usp=drivesdk&ouid=112966636072631084810
1YMk23_Y5IUjHqsxe-Dj5TP4lTYKhaVWs,Screenshot 2025-11-03 112136.png,primary,B & H ,_Library/Photos/Screenshot 2025-11-03 112136.png,https://drive.google.com/file/d/1YMk23_Y5IUjHqsxe-Dj5TP4lTYKhaVWs/view?usp=drivesdk
14LYmw_JiNAXoKFn41Uv5ZTQm770UNHW8,Mayfield & Jasper Park Ledger.xlsx,primary,,Mayfield 110/_NeedsReview/Mayfield & Jasper Park Ledger.xlsx,https://drive.google.com/file/d/14LYmw_JiNAXoKFn41Uv5ZTQm770UNHW8/view?usp=drivesdk
1sp7kfzFvuSkpyqIDWD54E_TVSGJj4B_s,Screenshot 2025-11-03 112050.png,primary,B & H ,_Library/Photos/Screenshot 2025-11-03 112050.png,https://drive.google.com/file/d/1sp7kfzFvuSkpyqIDWD54E_TVSGJj4B_s/view?usp=drivesdk
1T3LBMDMRYXge87h3CU7GWmxMz_wxYBDL,Screenshot 2025-11-03 112012.png,primary,B & H ,_Library/Photos/Screenshot 2025-11-03 112012.png,https://drive.google.com/file/d/1T3LBMDMRYXge87h3CU7GWmxMz_wxYBDL/view?usp=drivesdk
14iO9n9raQcgQxVLmhoV69bQ9Cr8AaE63,Screenshot 2025-11-03 111959.png,primary,B & H ,_Library/Photos/Screenshot 2025-11-03 111959.png,https://drive.google.com/file/d/14iO9n9raQcgQxVLmhoV69bQ9Cr8AaE63/view?usp=drivesdk
194l-nC96JYRS7Wm3hmc4wNTn_XZGQQT5,Screenshot 2025-11-03 111748.png,primary,B & H ,_Library/Photos/Screenshot 2025-11-03 111748.png,https://drive.google.com/file/d/194l-nC96JYRS7Wm3hmc4wNTn_XZGQQT5/view?usp=drivesdk
1wFUMfal9aZDmvqQKDi_pBxxBdPStgWuK,Screenshot 2025-11-03 111733.png,primary,B & H ,_Library/Photos/Screenshot 2025-11-03 111733.png,https://drive.google.com/file/d/1wFUMfal9aZDmvqQKDi_pBxxBdPStgWuK/view?usp=drivesdk
19Hbxzaqx_5xtPQ5RobUWrGvF8dnYiZA_,Screenshot 2025-11-03 111714.png,primary,B & H ,_Library/Photos/Screenshot 2025-11-03 111714.png,https://drive.google.com/file/d/19Hbxzaqx_5xtPQ5RobUWrGvF8dnYiZA_/view?usp=drivesdk
1u5CvOb-Ew8_Eut3y4TfFUxzDq1hXT-JX,Screenshot 2025-11-03 111637.png,primary,B & H ,_Library/Photos/Screenshot 2025-11-03 111637.png,https://drive.google.com/file/d/1u5CvOb-Ew8_Eut3y4TfFUxzDq1hXT-JX/view?usp=drivesdk
1xdjMqBV98sd44iNDLX4LeGKoQPM8PYFy,Screenshot 2025-11-03 111616.png,primary,B & H ,_Library/Photos/Screenshot 2025-11-03 111616.png,https://drive.google.com/file/d/1xdjMqBV98sd44iNDLX4LeGKoQPM8PYFy/view?usp=drivesdk
1V7Hzxhqata4F50h7cAY7n1BChJHfBjcg,Screenshot 2025-11-03 111547.png,primary,B & H ,_Library/Photos/Screenshot 2025-11-03 111547.png,https://drive.google.com/file/d/1V7Hzxhqata4F50h7cAY7n1BChJHfBjcg/view?usp=drivesdk
1Lnb1SimJ45VEYU-S8iSj6mS909zHAtL0,Screenshot 2025-11-03 110757.png,primary,B & H ,_Library/Photos/Screenshot 2025-11-03 110757.png,https://drive.google.com/file/d/1Lnb1SimJ45VEYU-S8iSj6mS909zHAtL0/view?usp=drivesdk
18m6pMjyrTrcAkjZGfioAIc9fQHsQOjax,Screenshot 2025-11-03 110619.png,primary,B & H ,_Library/Photos/Screenshot 2025-11-03 110619.png,https://drive.google.com/file/d/18m6pMjyrTrcAkjZGfioAIc9fQHsQOjax/view?usp=drivesdk
13OGvLGWt4b38Gi91qzuplfUQhFOmIa30,Screenshot 2025-11-03 110556.png,primary,B & H ,_Library/Photos/Screenshot 2025-11-03 110556.png,https://drive.google.com/file/d/13OGvLGWt4b38Gi91qzuplfUQhFOmIa30/view?usp=drivesdk
117lGjmqGrr3zH28B7n7lzZ-BkWzLLoUF,nexdoor.ai – Business Plan v2.1.pdf,primary,Mayfield 110/Loren Files ,Mayfield 110/Plans & Permits/nexdoor.ai – Business Plan v2.1.pdf,https://drive.google.com/file/d/117lGjmqGrr3zH28B7n7lzZ-BkWzLLoUF/view?usp=drivesdk
120qZguontnhqehBLRdIrIGmN8P6vsKJwF_uz-KMgCwE,Rentt MVP for Tom Wave,primary,(root),_NeedsReview/Rentt MVP for Tom Wave,https://docs.google.com/document/d/120qZguontnhqehBLRdIrIGmN8P6vsKJwF_uz-KMgCwE/edit?usp=drivesdk&ouid=112966636072631084810
1IIuG4zyKRMttxvhqxn2n7fJCmpx2O8SMEg-WNdXKJdQ,Rentt MVP ,primary,,_NeedsReview/Rentt MVP ,https://docs.google.com/document/d/1IIuG4zyKRMttxvhqxn2n7fJCmpx2O8SMEg-WNdXKJdQ/edit?usp=drivesdk&ouid=112966636072631084810
13B2ecY5A0tqs6YHez7mCd7Dfsl-2U2Px,Invoice 2024.pdf,duplicate,2025 Tax,_Duplicates/Unknown/Invoice 2024.pdf,https://drive.google.com/file/d/13B2ecY5A0tqs6YHez7mCd7Dfsl-2U2Px/view?usp=drivesdk
1iBpR-82di44ml5tm8TbqdNb2NBssuG4t,Copy of Naturopathic Doctor Contact.xlsx,primary,,_NeedsReview/Copy of Naturopathic Doctor Contact.xlsx,https://drive.google.com/file/d/1iBpR-82di44ml5tm8TbqdNb2NBssuG4t/view?usp=drivesdk
1rBjJEoQ-9UUSREkhgEYwRoz3KN2QUhDA,Sellers_Multifamily_Vancouver  - Sheet1 (1).csv,primary,LEADS////SPREADSHEETS!,_NeedsReview/Sellers_Multifamily_Vancouver  - Sheet1 (1).csv,https://drive.google.com/file/d/1rBjJEoQ-9UUSREkhgEYwRoz3KN2QUhDA/view?usp=drivesdk
1_QXq-YxtW6wTpPow5y8U_ehvsTufvniXaSsTxrnxc2E,Sellers_Multifamily_Vancouver ,primary,,_NeedsReview/Sellers_Multifamily_Vancouver ,https://docs.google.com/spreadsheets/d/1_QXq-YxtW6wTpPow5y8U_ehvsTufvniXaSsTxrnxc2E/edit?usp=drivesdk&ouid=112966636072631084810
1V6mghMpsthVqdgTIGRpZgju14B1U7GOJ,Buyers_Vancouver_Multifamily - Sheet1.csv,primary,LEADS////SPREADSHEETS!,_NeedsReview/Buyers_Vancouver_Multifamily - Sheet1.csv,https://drive.google.com/file/d/1V6mghMpsthVqdgTIGRpZgju14B1U7GOJ/view?usp=drivesdk
16Mh1a_yGiVj8qcfGQEf1uDaBrrv-WeQh0NU17hR3W_w,Buyers_Vancouver_Multifamily,primary,,_NeedsReview/Buyers_Vancouver_Multifamily,https://docs.google.com/spreadsheets/d/16Mh1a_yGiVj8qcfGQEf1uDaBrrv-WeQh0NU17hR3W_w/edit?usp=drivesdk&ouid=112966636072631084810
1qEsEQ2CPy9YcC4mWJS5xhcfj7fmIBtH5,"Vancouver, Co-Star, Buyers, All, MF, After 2014.xlsx",primary,LEADS////SPREADSHEETS!,"_NeedsReview/Vancouver, Co-Star, Buyers, All, MF, After 2014.xlsx",https://drive.google.com/file/d/1qEsEQ2CPy9YcC4mWJS5xhcfj7fmIBtH5/view?usp=drivesdk
1hRpEOYKAh_AQtC4d_zUzPqq1yqpQ4DLt,ATCO Contract for 01603459 - ACTION REQUIRED_encrypted_.pdf,duplicate,IBH Tax/Invoices Paid by Madison,_Duplicates/Unknown/ATCO Contract for 01603459 - ACTION REQUIRED_encrypted_.pdf,https://drive.google.com/file/d/1hRpEOYKAh_AQtC4d_zUzPqq1yqpQ4DLt/view?usp=drivesdk
1D8a6Hh96tpw59-46Sfgm6LYBHHpmSEdX,Realtor calgary_agents_public_expanded.csv,primary,LEADS////SPREADSHEETS!,_NeedsReview/Realtor calgary_agents_public_expanded.csv,https://drive.google.com/file/d/1D8a6Hh96tpw59-46Sfgm6LYBHHpmSEdX/view?usp=drivesdk
1YimOrE3N9I7RwhA2UmpAzjGOOKGSQkbO,Sellers_Multifamily_Alberta - Sheet1.csv,primary,LEADS////SPREADSHEETS!,_NeedsReview/Sellers_Multifamily_Alberta - Sheet1.csv,https://drive.google.com/file/d/1YimOrE3N9I7RwhA2UmpAzjGOOKGSQkbO/view?usp=drivesdk
1HitgWShICu0CQlsq_b8XNjHvoEKwRkuW,Sellers_Multifamily_Alberta (1).xlsx,primary,LEADS////SPREADSHEETS!,_NeedsReview/Sellers_Multifamily_Alberta (1).xlsx,https://drive.google.com/file/d/1HitgWShICu0CQlsq_b8XNjHvoEKwRkuW/view?usp=drivesdk
1B6690xgsliywoczeJg7mowyVONLQ8KO0IfKF2ZgSJ78,Sellers_Multifamily_Alberta,primary,,_NeedsReview/Sellers_Multifamily_Alberta,https://docs.google.com/spreadsheets/d/1B6690xgsliywoczeJg7mowyVONLQ8KO0IfKF2ZgSJ78/edit?usp=drivesdk&ouid=112966636072631084810
13ZG7GbQpy6CfCkiNCgDmQCSGy_fv2-qg,Sellers_Multifamily_Alberta.xlsx,primary,LEADS////SPREADSHEETS!,_NeedsReview/Sellers_Multifamily_Alberta.xlsx,https://drive.google.com/file/d/13ZG7GbQpy6CfCkiNCgDmQCSGy_fv2-qg/view?usp=drivesdk
1PdwZ_BlS63lCTGdQs1ciq_r21xM605d1,BTY Invoice Payment Options - Scotia Bank.pdf,duplicate,Allendale 6408 106/6408: Invoice,_Duplicates/Allendale (generic)/BTY Invoice Payment Options - Scotia Bank.pdf,https://drive.google.com/file/d/1PdwZ_BlS63lCTGdQs1ciq_r21xM605d1/view?usp=drivesdk
1ZB16HzXAPJxI2lpY4Y5ntcS1mHzk-WpL,"Allendale Apartments (Sunrize), Edmonton, AB - Budget Review.pdf",primary,Allendale 6408 106/6408: Invoice,"Allendale (generic)/Financials/Allendale Apartments (Sunrize), Edmonton, AB - Budget Review.pdf",https://drive.google.com/file/d/1ZB16HzXAPJxI2lpY4Y5ntcS1mHzk-WpL/view?usp=drivesdk
1fy2iQijeJqh6UDXcXwLE2pv-6I83i5yB,Call_ Lead List #3 Tester GHL.xlsx,primary,LEADS////SPREADSHEETS!,_NeedsReview/Call_ Lead List #3 Tester GHL.xlsx,https://drive.google.com/file/d/1fy2iQijeJqh6UDXcXwLE2pv-6I83i5yB/view?usp=drivesdk
1lWJ-uIXBnPwlR1OXKkVfisp1hkeNe_RsE2Ci9wcw-9c,Call: Lead List #3 Tester GHL,primary,Co-Star Calls  To Make ,_NeedsReview/Call: Lead List #3 Tester GHL,https://docs.google.com/spreadsheets/d/1lWJ-uIXBnPwlR1OXKkVfisp1hkeNe_RsE2Ci9wcw-9c/edit?usp=drivesdk&ouid=112966636072631084810
1P4yOdo_8_LV-zLXCTeEl05w-D7sC_mHa,Allendale 61. 6-Plex Pro-Forma.xlsx,primary,Allendale 10646 61 Ave 6 Unit /Allendale: 10646 61 Ave,Allendale (generic)/Financials/Allendale 61. 6-Plex Pro-Forma.xlsx,https://drive.google.com/file/d/1P4yOdo_8_LV-zLXCTeEl05w-D7sC_mHa/view?usp=drivesdk
15f4jSklSRwdNzi8sAu043howc2ZXiNvi,3-13862-16645.pdf,duplicate,Allendale 6408 106/6408: Invoice,_Duplicates/Allendale (generic)/3-13862-16645.pdf,https://drive.google.com/file/d/15f4jSklSRwdNzi8sAu043howc2ZXiNvi/view?usp=drivesdk
1hi099h5uipsCH5UV-X0miR2309tpESYAoB6Xxprs-2g,Emanation Investments Inc. Corp Number,primary,CORPORATION/Numbered Corp Files,_NeedsReview/Emanation Investments Inc. Corp Number,https://docs.google.com/document/d/1hi099h5uipsCH5UV-X0miR2309tpESYAoB6Xxprs-2g/edit?usp=drivesdk&ouid=112966636072631084810
1Ui2Z8ygLIpr5qtYxAd8cVPsrgGd4IyR6,25.05.30 - Allendale 6-Plex - NECB Compliance Report (1).pdf,primary,,Allendale 6-Plex (10646 61 Ave)/_NeedsReview/25.05.30 - Allendale 6-Plex - NECB Compliance Report (1).pdf,https://drive.google.com/file/d/1Ui2Z8ygLIpr5qtYxAd8cVPsrgGd4IyR6/view?usp=drivesdk
1W-APKkmcS73zCJOHbG8q2ojIDvMJolTu,25.05.30 - Allendale 5-Plex - NECB Compliance Report.pdf,primary,Allendale 6408 106,Allendale 5-Plex (6408 106 St)/_NeedsReview/25.05.30 - Allendale 5-Plex - NECB Compliance Report.pdf,https://drive.google.com/file/d/1W-APKkmcS73zCJOHbG8q2ojIDvMJolTu/view?usp=drivesdk
1KAtp6XFx7V0xYYwFDopWew1OqNQ7R9xc,"Allendale - 5 Plex-(IBP)-Revised June 11, 2025.pdf",primary,,"Allendale (generic)/_NeedsReview/Allendale - 5 Plex-(IBP)-Revised June 11, 2025.pdf",https://drive.google.com/file/d/1KAtp6XFx7V0xYYwFDopWew1OqNQ7R9xc/view?usp=drivesdk
1Amk6Gyb9AFMFwHYDJFuPbgaSUnOKl47AMSWyOMVAFyU,In-Between Homes Final Payout ,primary,2025 Tax/2025 Flips/Wholesale /In Between Homes ,In-Between Homes (10848 153 St)/_NeedsReview/In-Between Homes Final Payout ,https://docs.google.com/spreadsheets/d/1Amk6Gyb9AFMFwHYDJFuPbgaSUnOKl47AMSWyOMVAFyU/edit?usp=drivesdk&ouid=112966636072631084810
1Os9sapBl1rQZTRjU6fHP7kV80IHlroKG,D15054 Site Plan and Drawings.pdf,primary,2025 Tax/2025 Flips/Wholesale /In Between Homes ,_Library/Plans & Permits/D15054 Site Plan and Drawings.pdf,https://drive.google.com/file/d/1Os9sapBl1rQZTRjU6fHP7kV80IHlroKG/view?usp=drivesdk
1tr8WYYfgnLxlhthw7_VnYws4RlUYnyVK,Screenshot 2025-10-25 180007.png,primary,B & H ,_Library/Photos/Screenshot 2025-10-25 180007.png,https://drive.google.com/file/d/1tr8WYYfgnLxlhthw7_VnYws4RlUYnyVK/view?usp=drivesdk
1awAkJeLOTwIBR5VBTKumhTZwWGaSkbjd,Screenshot 2025-10-25 175844.png,primary,B & H ,_Library/Photos/Screenshot 2025-10-25 175844.png,https://drive.google.com/file/d/1awAkJeLOTwIBR5VBTKumhTZwWGaSkbjd/view?usp=drivesdk
1Qtxkv7RjPO0QQDmhfNPCY5Tr7qyzTp0I,Screenshot 2025-10-25 175831.png,primary,B & H ,_Library/Photos/Screenshot 2025-10-25 175831.png,https://drive.google.com/file/d/1Qtxkv7RjPO0QQDmhfNPCY5Tr7qyzTp0I/view?usp=drivesdk
1tptl0ncH10kffbSFwkc2cjA727FShg8d,Screenshot 2025-10-25 175817.png,primary,B & H ,_Library/Photos/Screenshot 2025-10-25 175817.png,https://drive.google.com/file/d/1tptl0ncH10kffbSFwkc2cjA727FShg8d/view?usp=drivesdk
1v6p0-TDNzObkSREPhuhjxS7JFGuhDHl9,Copy of Naturopathic Doctor Contact.xlsx,primary,,_NeedsReview/Copy of Naturopathic Doctor Contact.xlsx,https://drive.google.com/file/d/1v6p0-TDNzObkSREPhuhjxS7JFGuhDHl9/view?usp=drivesdk
1mYMhCFoDp-aKTUZdCNfgjsAltK9TRUmU1XJ9nTeSs2Y,CAPITAL PML ,primary,Buyers/ Investors /Buyers,_NeedsReview/CAPITAL PML ,https://docs.google.com/spreadsheets/d/1mYMhCFoDp-aKTUZdCNfgjsAltK9TRUmU1XJ9nTeSs2Y/edit?usp=drivesdk&ouid=112966636072631084810
1ptDw_9Y5AYBlrUshWM-aQJ4eM6Xcww-5,Screenshot 2025-10-23 130425.png,primary,,_Library/Photos/Screenshot 2025-10-23 130425.png,https://drive.google.com/file/d/1ptDw_9Y5AYBlrUshWM-aQJ4eM6Xcww-5/view?usp=drivesdk
1Z5iILpliVwLHsK7_NOUVBHdE80qvLzPO,"Income Statement Sep 30, 2024 - Sundia.pdf",duplicate,Mayfield 110/Purchasing & Corp.,"_Duplicates/Mayfield 110/Income Statement Sep 30, 2024 - Sundia.pdf",https://drive.google.com/file/d/1Z5iILpliVwLHsK7_NOUVBHdE80qvLzPO/view?usp=drivesdk
1brSlRDylsGIhsjpDCfEPO3MJbHuRV3co,"Balance Sheet Sep 30, 2024- Sundia.pdf",duplicate,Mayfield 110/Purchasing & Corp.,"_Duplicates/Mayfield 110/Balance Sheet Sep 30, 2024- Sundia.pdf",https://drive.google.com/file/d/1brSlRDylsGIhsjpDCfEPO3MJbHuRV3co/view?usp=drivesdk
1pkm-lNmd_wSjkptOGfJ5rrjNnMzvXLOK,image.png,primary,Jasper Park/Jasper Park-Invoice,Jasper Park/Photos/image.png,https://drive.google.com/file/d/1pkm-lNmd_wSjkptOGfJ5rrjNnMzvXLOK/view?usp=drivesdk
1UguP_tJzi3HKBHgjJbTwPGpL59G5iUaD,Purchase Contract -Blank NO RPR.pdf,primary,Blank Purchase Contracts ,_Library/Contracts/Purchase Contract -Blank NO RPR.pdf,https://drive.google.com/file/d/1UguP_tJzi3HKBHgjJbTwPGpL59G5iUaD/view?usp=drivesdk
1-_OUCWFvBkcaBqNKMVgEzfzvctPN5tB7,Invoice 25223.pdf,primary,,_Library/Financials/Invoice 25223.pdf,https://drive.google.com/file/d/1-_OUCWFvBkcaBqNKMVgEzfzvctPN5tB7/view?usp=drivesdk
14UQQ0Nr14V2jQlfWUmQgYhpQ5ojV5odr6CvXAcxpngY,11617 127 St Closing Payout,primary,2025 Tax/2025 Flips/Wholesale /Inglewood 8 Plex: 11614 127 St NW,Inglewood (generic)/_NeedsReview/11617 127 St Closing Payout,https://docs.google.com/spreadsheets/d/14UQQ0Nr14V2jQlfWUmQgYhpQ5ojV5odr6CvXAcxpngY/edit?usp=drivesdk&ouid=112966636072631084810
1WBQC1y8UmGhzuNpYgOqFPEzLlNlbYZpLpHMMuHc3cOU,Overview- 10805 86 Ave NW Copy,primary,,10805 86/_NeedsReview/Overview- 10805 86 Ave NW Copy,https://docs.google.com/spreadsheets/d/1WBQC1y8UmGhzuNpYgOqFPEzLlNlbYZpLpHMMuHc3cOU/edit?usp=drivesdk&ouid=112966636072631084810
1xyuI0AELHb9svyG8qpZIzlUL9oZG-gZu,FLIP Deal Calculator .xlsx,primary,Flip Info/Flip Calculaytor & Formulas ,_Library/Financials/FLIP Deal Calculator .xlsx,https://drive.google.com/file/d/1xyuI0AELHb9svyG8qpZIzlUL9oZG-gZu/view?usp=drivesdk
17xZMQs5uw6yyedz0I12REeD7X720EwZXBr1mV9CQQDU,General Estimate EVARA,primary,,_Library/Financials/General Estimate EVARA,https://docs.google.com/spreadsheets/d/17xZMQs5uw6yyedz0I12REeD7X720EwZXBr1mV9CQQDU/edit?usp=drivesdk&ouid=112966636072631084810
1mBHdrAJ3TAvvoZU0Bn0AEkzX5XqOtYke,Allendale Construction Budget (1) (1).xlsx,primary,,Allendale (generic)/Financials/Allendale Construction Budget (1) (1).xlsx,https://drive.google.com/file/d/1mBHdrAJ3TAvvoZU0Bn0AEkzX5XqOtYke/view?usp=drivesdk
1YDO-qvVVdMD43Av_rCHUYAuMh2aEjvPeAoaqkBhyA3s,Sheet with GST ,primary,,_NeedsReview/Sheet with GST ,https://docs.google.com/spreadsheets/d/1YDO-qvVVdMD43Av_rCHUYAuMh2aEjvPeAoaqkBhyA3s/edit?usp=drivesdk&ouid=112966636072631084810
1OFep2hbvVnGZ6hvLwryH_4npLQavM9d-zDyJcWoiRoE,Copy of Sheet with GST ,primary,,_NeedsReview/Copy of Sheet with GST ,https://docs.google.com/spreadsheets/d/1OFep2hbvVnGZ6hvLwryH_4npLQavM9d-zDyJcWoiRoE/edit?usp=drivesdk&ouid=112966636072631084810
13dlMO0tFMVv5KVe7fgKkqmbwDua5GuHYmr1YJozOzWA,Rise Homes Cost Breakdown,primary,Development Info-----Go to rize/DAVID SANCHE Files,_Library/Financials/Rise Homes Cost Breakdown,https://docs.google.com/spreadsheets/d/13dlMO0tFMVv5KVe7fgKkqmbwDua5GuHYmr1YJozOzWA/edit?usp=drivesdk&ouid=112966636072631084810
1Cj5FUFVKpZVsghIaqdhVluTQ6Iw-qnIH,INSTRUCTIONS 1,primary,(root),_NeedsReview/INSTRUCTIONS 1,https://drive.google.com/file/d/1Cj5FUFVKpZVsghIaqdhVluTQ6Iw-qnIH/view?usp=drivesdk
1ghnxB0Ui-YM1qTCVFGg9Ufhkmx-SJ4sq,08 Sundia May 2024.pdf,primary,Mayfield 110/Loren Files ,Mayfield 110/_NeedsReview/08 Sundia May 2024.pdf,https://drive.google.com/file/d/1ghnxB0Ui-YM1qTCVFGg9Ufhkmx-SJ4sq/view?usp=drivesdk
1yC6viSI7hzil9it16vWUbEb05fnjAEFW,Sundia Nov 2024.pdf,primary,Mayfield 110/Loren Files ,Mayfield 110/_NeedsReview/Sundia Nov 2024.pdf,https://drive.google.com/file/d/1yC6viSI7hzil9it16vWUbEb05fnjAEFW/view?usp=drivesdk
1B5RWXCC45OqX0RzeKTSrjxPUcTNmlkB9,Sundia Oct 2024.pdf,primary,Mayfield 110/Loren Files ,Mayfield 110/_NeedsReview/Sundia Oct 2024.pdf,https://drive.google.com/file/d/1B5RWXCC45OqX0RzeKTSrjxPUcTNmlkB9/view?usp=drivesdk
1auiTmTWA5mD2RAIXcXm94BXQQufIpfYQ,Sundia Dec 2024.pdf,primary,Mayfield 110/Loren Files ,Mayfield 110/_NeedsReview/Sundia Dec 2024.pdf,https://drive.google.com/file/d/1auiTmTWA5mD2RAIXcXm94BXQQufIpfYQ/view?usp=drivesdk
1lOwuz7nVa7mkkqEjoK67tp11lBSUv0E5,04 Sundia Jan 2024.pdf,primary,Mayfield 110/Loren Files ,Mayfield 110/_NeedsReview/04 Sundia Jan 2024.pdf,https://drive.google.com/file/d/1lOwuz7nVa7mkkqEjoK67tp11lBSUv0E5/view?usp=drivesdk
1Rwi-oF5XD6pOoL5D28wNfLTNRwe3PWCV,09 Sundia June 2024.pdf,primary,Mayfield 110/Loren Files ,Mayfield 110/_NeedsReview/09 Sundia June 2024.pdf,https://drive.google.com/file/d/1Rwi-oF5XD6pOoL5D28wNfLTNRwe3PWCV/view?usp=drivesdk
1xIy-XzhDIUio4rYf3ynPIZ5jjoXk6uvw,10 Sundia July 2024.pdf,primary,Mayfield 110/Loren Files ,Mayfield 110/_NeedsReview/10 Sundia July 2024.pdf,https://drive.google.com/file/d/1xIy-XzhDIUio4rYf3ynPIZ5jjoXk6uvw/view?usp=drivesdk
1RgNl-ulMlci61aiP6sXpQtsyW-z7o9aM,05 Sundia Feb 2024.pdf,primary,Mayfield 110/Loren Files ,Mayfield 110/_NeedsReview/05 Sundia Feb 2024.pdf,https://drive.google.com/file/d/1RgNl-ulMlci61aiP6sXpQtsyW-z7o9aM/view?usp=drivesdk
1yn7DgibM4VPAF00tmmUKiOZ2EZlUgCjk,11 Sundia Aug 2024.pdf,primary,Mayfield 110/Loren Files ,Mayfield 110/_NeedsReview/11 Sundia Aug 2024.pdf,https://drive.google.com/file/d/1yn7DgibM4VPAF00tmmUKiOZ2EZlUgCjk/view?usp=drivesdk
176dLpYxd6ND2hWdC2ttKntxSpW_kdL9j,07 Sundia Apr 2024.pdf,primary,Mayfield 110/Loren Files ,Mayfield 110/_NeedsReview/07 Sundia Apr 2024.pdf,https://drive.google.com/file/d/176dLpYxd6ND2hWdC2ttKntxSpW_kdL9j/view?usp=drivesdk
1o8VFbYeehv28YUma41qymBgeSL68ZGXj,12 Sundia Sept 2024.pdf,primary,Mayfield 110/Loren Files ,Mayfield 110/_NeedsReview/12 Sundia Sept 2024.pdf,https://drive.google.com/file/d/1o8VFbYeehv28YUma41qymBgeSL68ZGXj/view?usp=drivesdk
1JQeolNMjlc0t8QS3LVum7Y_CI_01kRZC,06 Sundia Mar 2024.pdf,primary,Mayfield 110/Loren Files ,Mayfield 110/_NeedsReview/06 Sundia Mar 2024.pdf,https://drive.google.com/file/d/1JQeolNMjlc0t8QS3LVum7Y_CI_01kRZC/view?usp=drivesdk
1WzM89RXkyIWLfZV5ycY3Xpk84YBlleeV,Allendale Schedule.pdf,primary,Allendale 6408 106,Allendale (generic)/_NeedsReview/Allendale Schedule.pdf,https://drive.google.com/file/d/1WzM89RXkyIWLfZV5ycY3Xpk84YBlleeV/view?usp=drivesdk
1qK_6IpxSXAS02iXJwd8qQcfMqCG9VSpu,"Tax Summary Nov 30, 2024.pdf",primary,,"_Library/Financials/Tax Summary Nov 30, 2024.pdf",https://drive.google.com/file/d/1qK_6IpxSXAS02iXJwd8qQcfMqCG9VSpu/view?usp=drivesdk
1w9opYEhP06hPhq-znz0utVu07UgGJwKf,"Icome Statement Nov 30, 2024 (2).pdf",duplicate,,"_Duplicates/Unknown/Icome Statement Nov 30, 2024 (2).pdf",https://drive.google.com/file/d/1w9opYEhP06hPhq-znz0utVu07UgGJwKf/view?usp=drivesdk
1WqfXxnPeIus4rTeiyTlmp8TOFVE2XIof,"Icome Statement Nov 30, 2024 (1).pdf",primary,,"_NeedsReview/Icome Statement Nov 30, 2024 (1).pdf",https://drive.google.com/file/d/1WqfXxnPeIus4rTeiyTlmp8TOFVE2XIof/view?usp=drivesdk
1nAADPqT7s4ureOauMAY4h7_6TxzfC4-C7s2EAzPP4Y4,Allendale Overview ,primary,Allendale 6408 106/Allendale Overview Info,Allendale (generic)/_NeedsReview/Allendale Overview ,https://docs.google.com/document/d/1nAADPqT7s4ureOauMAY4h7_6TxzfC4-C7s2EAzPP4Y4/edit?usp=drivesdk&ouid=112966636072631084810
1-XstS0NEV8NeQAEgOcww_LkKtjq8ydvh,Hazardous%20Sites%20(Edmonton)%20(2).docx,primary,Mayfield 110/Loren Files ,Mayfield 110/_NeedsReview/Hazardous%20Sites%20(Edmonton)%20(2).docx,https://drive.google.com/file/d/1-XstS0NEV8NeQAEgOcww_LkKtjq8ydvh/view?usp=drivesdk
1aGrKNY3oP3L5ii8Yk55ya0l2MRtcZDzD,ALLENDALE SCOPE.xlsx,primary,Allendale 6408 106,Allendale (generic)/Construction/ALLENDALE SCOPE.xlsx,https://drive.google.com/file/d/1aGrKNY3oP3L5ii8Yk55ya0l2MRtcZDzD/view?usp=drivesdk
1Ev2RBzIuNcZVDek__N7pSJ0q1utL79wraxdDA2ifb94, Investment Parkallen Overview ,primary,Development Info-----Go to rize,_NeedsReview/ Investment Parkallen Overview ,https://docs.google.com/document/d/1Ev2RBzIuNcZVDek__N7pSJ0q1utL79wraxdDA2ifb94/edit?usp=drivesdk&ouid=112966636072631084810
1l6D2wKilH4W7pbrakUQaM8NKUv-i29USHyiFcWzqlag,Build Financing companies,primary,,_NeedsReview/Build Financing companies,https://docs.google.com/spreadsheets/d/1l6D2wKilH4W7pbrakUQaM8NKUv-i29USHyiFcWzqlag/edit?usp=drivesdk&ouid=112966636072631084810
17FZIwZbRqv5zDjjova7k4__3VKhuH0rS5LUh4IET1mo,LAND Offer question ,primary,,_NeedsReview/LAND Offer question ,https://docs.google.com/document/d/17FZIwZbRqv5zDjjova7k4__3VKhuH0rS5LUh4IET1mo/edit?usp=drivesdk&ouid=112966636072631084810
1WmXgjyEhAWS4dV_9MIv5XajWvsxH_qXW,Policy Change MAXIN1 NWGDYPFL.pdf,duplicate,2025 Tax/2025 Flips/Wholesale /In Between Homes ,_Duplicates/Unknown/Policy Change MAXIN1 NWGDYPFL.pdf,https://drive.google.com/file/d/1WmXgjyEhAWS4dV_9MIv5XajWvsxH_qXW/view?usp=drivesdk
1ppwR1SBmK3OkrsWnDj4vxB_EBJfVv1lC2Z6EW4joXxI,Build Cost 6-Plex Allendale 10646 61 Ave ,primary,,Allendale (generic)/_NeedsReview/Build Cost 6-Plex Allendale 10646 61 Ave ,https://docs.google.com/spreadsheets/d/1ppwR1SBmK3OkrsWnDj4vxB_EBJfVv1lC2Z6EW4joXxI/edit?usp=drivesdk&ouid=112966636072631084810
1SY3TlLBciWL5jazmGCn2GWENdhelqMlK,13430 LOT Peakhill Capital Inc_.pdf,primary,Allendale 6408 106/6408: CMHC,Allendale (generic)/_NeedsReview/13430 LOT Peakhill Capital Inc_.pdf,https://drive.google.com/file/d/1SY3TlLBciWL5jazmGCn2GWENdhelqMlK/view?usp=drivesdk
13NQ685wnH_C6zBxCg1jPBReTQOmrCOqm,Gazette One Pagers pt1.docx,primary,,Gazette/_NeedsReview/Gazette One Pagers pt1.docx,https://drive.google.com/file/d/13NQ685wnH_C6zBxCg1jPBReTQOmrCOqm/view?usp=drivesdk
1zJmzx94PtAyRw8fMj2-e8tD8mP_c-Fq2insZRcIxdwM,Untitled document,primary,,_NeedsReview/Untitled document,https://docs.google.com/document/d/1zJmzx94PtAyRw8fMj2-e8tD8mP_c-Fq2insZRcIxdwM/edit?usp=drivesdk&ouid=112966636072631084810
1s5_dLn8M7lcPceym0zqUC_dQnuPL3IIe,Cert_61ave2.pdf,primary,Allendale 10646 61 Ave 6 Unit ,Allendale (generic)/_NeedsReview/Cert_61ave2.pdf,https://drive.google.com/file/d/1s5_dLn8M7lcPceym0zqUC_dQnuPL3IIe/view?usp=drivesdk
1T1lW72BU2KV9V1RNBOS3A8rMU0fKLTDc_Rg6lC6LqPY,Sunni & Loren REal Estate Portfolio ,primary,Allendale 6408 106,Allendale (generic)/_NeedsReview/Sunni & Loren REal Estate Portfolio ,https://docs.google.com/spreadsheets/d/1T1lW72BU2KV9V1RNBOS3A8rMU0fKLTDc_Rg6lC6LqPY/edit?usp=drivesdk&ouid=112966636072631084810
1lFkg8tF2QRRfFm-UNCanIm9XL6insuWp,Articles-of-Incorporation (Mayfield 110).pdf,primary,Mayfield 110/Purchasing & Corp.,Mayfield 110/_NeedsReview/Articles-of-Incorporation (Mayfield 110).pdf,https://drive.google.com/file/d/1lFkg8tF2QRRfFm-UNCanIm9XL6insuWp/view?usp=drivesdk
1aVr4N3Md2z-Diw5RzZzukIXrp64frhQQ,Construction%20Agreement%20(Verum)%20(9121%20152)[1].docx,primary,,_Library/Construction/Construction%20Agreement%20(Verum)%20(9121%20152)[1].docx,https://drive.google.com/file/d/1aVr4N3Md2z-Diw5RzZzukIXrp64frhQQ/view?usp=drivesdk
1_OmIT7FmH8HpgMoNuo9orzoLHtdrgIRk,COI SIGNED. 6408 106 St Allendale ,primary,Allendale 6408 106/6408: CMHC,Allendale (generic)/_NeedsReview/COI SIGNED. 6408 106 St Allendale ,https://drive.google.com/file/d/1_OmIT7FmH8HpgMoNuo9orzoLHtdrgIRk/view?usp=drivesdk
1vRe0wDR9PdwQ4CtUiTZaLa5FFtOCnMbY,Blank Notice Template.xps.pdf,primary,Allendale 6408 106/6408: Purchase Docs ,Allendale (generic)/_NeedsReview/Blank Notice Template.xps.pdf,https://drive.google.com/file/d/1vRe0wDR9PdwQ4CtUiTZaLa5FFtOCnMbY/view?usp=drivesdk
18rSUVHqJ5UZ9WbSdeujCN64OkXghTIpbJq7u184BxWE,Rentt.ai - Tasks,primary,Rentt.ai,_NeedsReview/Rentt.ai - Tasks,https://docs.google.com/spreadsheets/d/18rSUVHqJ5UZ9WbSdeujCN64OkXghTIpbJq7u184BxWE/edit?usp=drivesdk&ouid=112966636072631084810
19DTX-jka-jmFiX0M8tkKQV1dDMpVZzfcBnxi_pabSvs,Text Script GHL,primary,,_NeedsReview/Text Script GHL,https://docs.google.com/document/d/19DTX-jka-jmFiX0M8tkKQV1dDMpVZzfcBnxi_pabSvs/edit?usp=drivesdk&ouid=112966636072631084810
1bL8J9HVn2hcEcYys9ZZwq7yf7unOFuEpkh1AO57bn50,Copy of First Deal Rental Property Underwriting Tool,primary,,_Library/Financials/Copy of First Deal Rental Property Underwriting Tool,https://docs.google.com/spreadsheets/d/1bL8J9HVn2hcEcYys9ZZwq7yf7unOFuEpkh1AO57bn50/edit?usp=drivesdk&ouid=112966636072631084810
1j9DDnf0e-_89mmEl_p3FB5Kr_jOVh3SP,Assignment_of_Real_Estate_Purchase_Agreement.docx,primary,Wholesale ,_NeedsReview/Assignment_of_Real_Estate_Purchase_Agreement.docx,https://drive.google.com/file/d/1j9DDnf0e-_89mmEl_p3FB5Kr_jOVh3SP/view?usp=drivesdk
18vyP4kbqncPBt7FdiFVNPf4uHF29yb6f,Finder_Fee_Agreement. 10103 132 ave.pdf,primary,2025 Tax/2025 Flips/Wholesale ,10103 132/_NeedsReview/Finder_Fee_Agreement. 10103 132 ave.pdf,https://drive.google.com/file/d/18vyP4kbqncPBt7FdiFVNPf4uHF29yb6f/view?usp=drivesdk
1lb8vbJm1IZ8EZ-ZhiI1j7v-z9VMNAxMi,Referral_Fee_Agreement. 10103 132 Ave.pdf,primary,2025 Tax/2025 Flips/Wholesale ,10103 132/_NeedsReview/Referral_Fee_Agreement. 10103 132 Ave.pdf,https://drive.google.com/file/d/1lb8vbJm1IZ8EZ-ZhiI1j7v-z9VMNAxMi/view?usp=drivesdk
1zQocfj7znvgVfO7i-GCcPLOwjkYNsbtb,Referral_Fee_Agreement.docx,primary,Wholesale ,_NeedsReview/Referral_Fee_Agreement.docx,https://drive.google.com/file/d/1zQocfj7znvgVfO7i-GCcPLOwjkYNsbtb/view?usp=drivesdk
1nGTmpdtpPEMsu7v8NF2sGx9hR2fNtEXg,Finder_Fee_Agreement.docx,primary,Wholesale ,_NeedsReview/Finder_Fee_Agreement.docx,https://drive.google.com/file/d/1nGTmpdtpPEMsu7v8NF2sGx9hR2fNtEXg/view?usp=drivesdk
11oicRWOknd6WHaN_IpKsBKPgxGF4GWBI,"Purchase_Contract_10103_132_Ave_NW,_Edmonton,_AB_T5E_0Y6[1] (1).pdf",primary,2025 Tax/2025 Flips/Wholesale ,"_NeedsReview/Purchase_Contract_10103_132_Ave_NW,_Edmonton,_AB_T5E_0Y6[1] (1).pdf",https://drive.google.com/file/d/11oicRWOknd6WHaN_IpKsBKPgxGF4GWBI/view?usp=drivesdk
1Trfa53juPa4ytbN4qwPsr1x8uyQZYYi4,Call_ Leads Lists.xlsx,primary,LEADS////SPREADSHEETS!,_NeedsReview/Call_ Leads Lists.xlsx,https://drive.google.com/file/d/1Trfa53juPa4ytbN4qwPsr1x8uyQZYYi4/view?usp=drivesdk
10OIS89pZKB90hSH12PtGUnDz1rTMSra2tVxyROQalpc,Rentt,primary,,_NeedsReview/Rentt,https://docs.google.com/document/d/10OIS89pZKB90hSH12PtGUnDz1rTMSra2tVxyROQalpc/edit?usp=drivesdk&ouid=112966636072631084810
1LVXZYLATkgi6XWmKiHMtPosVTrvtgXDm5qXtLcCVx0o,Land Sellers Alberta: Co-Star,primary,,_NeedsReview/Land Sellers Alberta: Co-Star,https://docs.google.com/spreadsheets/d/1LVXZYLATkgi6XWmKiHMtPosVTrvtgXDm5qXtLcCVx0o/edit?usp=drivesdk&ouid=112966636072631084810
124Djod-sT-kncrEOrk9U_CuIjg1Nll-4,Land Sellers Alberta_ Co-Star.xlsx,primary,LEADS////SPREADSHEETS!,_NeedsReview/Land Sellers Alberta_ Co-Star.xlsx,https://drive.google.com/file/d/124Djod-sT-kncrEOrk9U_CuIjg1Nll-4/view?usp=drivesdk
1nfNZ8Yj4WB64ttvjQsEoPMcfJ7Ef1vm6,Land Sellers Alberta.xlsx,primary,LEADS////SPREADSHEETS!,_NeedsReview/Land Sellers Alberta.xlsx,https://drive.google.com/file/d/1nfNZ8Yj4WB64ttvjQsEoPMcfJ7Ef1vm6/view?usp=drivesdk
11EP6z8BU3vJEbUZ7ysh465ncCcP3SN22,Private_ Independant .xlsx,primary,LEADS////SPREADSHEETS!,_NeedsReview/Private_ Independant .xlsx,https://drive.google.com/file/d/11EP6z8BU3vJEbUZ7ysh465ncCcP3SN22/view?usp=drivesdk
1PpbdFNECiHlSxZPpR6yyY_RiOp0c7cE3o29xXMBJY0E,Private/ Independant ,primary,,_NeedsReview/Private/ Independant ,https://docs.google.com/spreadsheets/d/1PpbdFNECiHlSxZPpR6yyY_RiOp0c7cE3o29xXMBJY0E/edit?usp=drivesdk&ouid=112966636072631084810
1Ftkf6bR4T2ZrTDhcWhNek40lZRlR2fMH,Bea LinkedIN.xlsx,primary,,_NeedsReview/Bea LinkedIN.xlsx,https://drive.google.com/file/d/1Ftkf6bR4T2ZrTDhcWhNek40lZRlR2fMH/view?usp=drivesdk
17quCKrc6NWrcLLNsBsEQSOxT7nST1h1G,106 Street Property - Peakhill & CMHC.pdf,primary,Allendale 6408 106/6408 Documents ,Allendale (generic)/Financials/106 Street Property - Peakhill & CMHC.pdf,https://drive.google.com/file/d/17quCKrc6NWrcLLNsBsEQSOxT7nST1h1G/view?usp=drivesdk
1VwmSqixxwukRYFZ-p_I1E-E5xJlRVcBm,Summary.pdf,primary,Allendale 10646 61 Ave 6 Unit /Allendale: 10646 61 Ave/Receipts ,Allendale (generic)/Financials/Summary.pdf,https://drive.google.com/file/d/1VwmSqixxwukRYFZ-p_I1E-E5xJlRVcBm/view?usp=drivesdk
1MDsihbIGe0XGqJ3Q2VbOreIsjl-r6Yx3,Emanation Investments Inc - Commitment Letter - AB.pdf,primary,Allendale 10646 61 Ave 6 Unit ,Allendale (generic)/_NeedsReview/Emanation Investments Inc - Commitment Letter - AB.pdf,https://drive.google.com/file/d/1MDsihbIGe0XGqJ3Q2VbOreIsjl-r6Yx3/view?usp=drivesdk
1yXGQ9gdkvK5rft3KARpEe5pt-AV09W15,Start Here - Shaped AI Integration.pdf,primary,(root),_NeedsReview/Start Here - Shaped AI Integration.pdf,https://drive.google.com/file/d/1yXGQ9gdkvK5rft3KARpEe5pt-AV09W15/view?usp=drivesdk
1voMtEuyE75LOn5l0yp1at-lp4a6U-gc0,SHAPED AI Subscription Interact E-Transfer Agreement.pdf,primary,(root),_Library/Contracts/SHAPED AI Subscription Interact E-Transfer Agreement.pdf,https://drive.google.com/file/d/1voMtEuyE75LOn5l0yp1at-lp4a6U-gc0/view?usp=drivesdk
1Z588fHK-6pKg2jkDMttrOZ24p3jBykzj,SHAPED AI — Terms of Service & Privacy Policy.pdf,primary,(root),_NeedsReview/SHAPED AI — Terms of Service & Privacy Policy.pdf,https://drive.google.com/file/d/1Z588fHK-6pKg2jkDMttrOZ24p3jBykzj/view?usp=drivesdk
1Iv1HE1fAxtSo5fv8ZKU8FZzcjWLABuuZ,Customer Info Guide.pdf,primary,(root),_NeedsReview/Customer Info Guide.pdf,https://drive.google.com/file/d/1Iv1HE1fAxtSo5fv8ZKU8FZzcjWLABuuZ/view?usp=drivesdk
15sJqz8ltalZjmOCwho3e4b_6zgdl4VbS,RED LIGHT THERAPY 2025.pdf,primary,(root),_NeedsReview/RED LIGHT THERAPY 2025.pdf,https://drive.google.com/file/d/15sJqz8ltalZjmOCwho3e4b_6zgdl4VbS/view?usp=drivesdk
1ENMR8GVy_xHSodgEqiqXqoEoze2WH52R,Assignment Agreement 6729 Street.docx,primary,2025 Tax/Allendale 6729 106 Street,Allendale (generic)/Contracts/Assignment Agreement 6729 Street.docx,https://drive.google.com/file/d/1ENMR8GVy_xHSodgEqiqXqoEoze2WH52R/view?usp=drivesdk
1YvY2tRzxaOAow3_bVV-79GlZp72f0q8J,Invoice 25223.pdf,duplicate,2025 Tax/2025 Flips/Wholesale /Inglewood 8 Plex: 11614 127 St NW,_Duplicates/Inglewood (generic)/Invoice 25223.pdf,https://drive.google.com/file/d/1YvY2tRzxaOAow3_bVV-79GlZp72f0q8J/view?usp=drivesdk
1ZQiFQsSe2QVPfNYyr2QIJAALT8QF_osT,Exclusive_Buyer_Representation_Agreement__Designated_Agency_.pdf,primary,2025 Tax/Allendale 6729 106 Street,Allendale (generic)/_NeedsReview/Exclusive_Buyer_Representation_Agreement__Designated_Agency_.pdf,https://drive.google.com/file/d/1ZQiFQsSe2QVPfNYyr2QIJAALT8QF_osT/view?usp=drivesdk
1ts0kMzrIJwf_lLKl2zcBhB5BtvtUlnAb,Building_Inspection.pdf,primary,2025 Tax/Allendale 6729 106 Street,Allendale (generic)/_NeedsReview/Building_Inspection.pdf,https://drive.google.com/file/d/1ts0kMzrIJwf_lLKl2zcBhB5BtvtUlnAb/view?usp=drivesdk
1tao3Ewu_jUmpqH0hs-ZP1Sg5bB2Rwxys,Residential_Purchase_Contract.pdf,primary,2025 Tax/Allendale 6729 106 Street,Allendale (generic)/_NeedsReview/Residential_Purchase_Contract.pdf,https://drive.google.com/file/d/1tao3Ewu_jUmpqH0hs-ZP1Sg5bB2Rwxys/view?usp=drivesdk
1rQOGAXZO1jEOt14ZKFDccbkJ3e2E3mvg,Consumer_Relationships_Guide__Print_Friendly_.pdf,primary,2025 Tax/Allendale 6729 106 Street,Allendale (generic)/_NeedsReview/Consumer_Relationships_Guide__Print_Friendly_.pdf,https://drive.google.com/file/d/1rQOGAXZO1jEOt14ZKFDccbkJ3e2E3mvg/view?usp=drivesdk
1fayqWxJiTdd9z2K1ctcC5iWhV7SRaBHR,Purchase_Contract_-6729-106_(1)_(1).pdf,primary,2025 Tax/Allendale 6729 106 Street,Allendale (generic)/_NeedsReview/Purchase_Contract_-6729-106_(1)_(1).pdf,https://drive.google.com/file/d/1fayqWxJiTdd9z2K1ctcC5iWhV7SRaBHR/view?usp=drivesdk
1urVXZT_hzWSxV5Y8aAi45bT_iI08pv8z,11614 127 St NW - Seller Customer Acknowledgment  Fee Agreement.pdf,primary,2025 Tax/2025 Flips/Wholesale /Inglewood 8 Plex: 11614 127 St NW,Inglewood (generic)/Contracts/11614 127 St NW - Seller Customer Acknowledgment  Fee Agreement.pdf,https://drive.google.com/file/d/1urVXZT_hzWSxV5Y8aAi45bT_iI08pv8z/view?usp=drivesdk
1N3bV3ZmAcpA7AT-krdMjBXjEBOw8ZonM,Amending Agreement 152 ST.pdf,primary,Wholesale ,_Library/Contracts/Amending Agreement 152 ST.pdf,https://drive.google.com/file/d/1N3bV3ZmAcpA7AT-krdMjBXjEBOw8ZonM/view?usp=drivesdk
1pJ5Dz2jy3Ct9OUkDPAAHsV0ox31EWZwU,Assignment Agreement 152 Street.pdf,primary,Wholesale ,_Library/Contracts/Assignment Agreement 152 Street.pdf,https://drive.google.com/file/d/1pJ5Dz2jy3Ct9OUkDPAAHsV0ox31EWZwU/view?usp=drivesdk
1n5k0tUWCT_fiammR78rCTd3ohIpZJEKA,Purchase Contract.pdf,primary,Wholesale ,_Library/Contracts/Purchase Contract.pdf,https://drive.google.com/file/d/1n5k0tUWCT_fiammR78rCTd3ohIpZJEKA/view?usp=drivesdk
1GEed3GYrdC-M-hbE7vcymSYPiy7u9p84,2025-09-26 DRR.pdf,primary,Jasper Park/Jasper Park-Corporate Files ,Jasper Park/_NeedsReview/2025-09-26 DRR.pdf,https://drive.google.com/file/d/1GEed3GYrdC-M-hbE7vcymSYPiy7u9p84/view?usp=drivesdk
1ItZXR2GGZoc111G32lPKGkD5Y_ScYk8V,2025-09-29 SOA.pdf,primary,Jasper Park/Purchasing Documents ,Jasper Park/_NeedsReview/2025-09-29 SOA.pdf,https://drive.google.com/file/d/1ItZXR2GGZoc111G32lPKGkD5Y_ScYk8V/view?usp=drivesdk
1R6RMyWabTkM4-qFqLTNsXha55AqKXzG2,Statement of Adjustments.pdf,duplicate,Jasper Park/Jasper Park-Corporate Files ,_Duplicates/Jasper Park/Statement of Adjustments.pdf,https://drive.google.com/file/d/1R6RMyWabTkM4-qFqLTNsXha55AqKXzG2/view?usp=drivesdk
1TTZQO65lcPYI54mRFo-fMQJ7qCgiDHji,Amendment_-_Purchase_Contract (1).pdf,primary,2025 Tax/2025 Flips/Wholesale /Inglewood 8 Plex: 11614 127 St NW,Inglewood (generic)/_NeedsReview/Amendment_-_Purchase_Contract (1).pdf,https://drive.google.com/file/d/1TTZQO65lcPYI54mRFo-fMQJ7qCgiDHji/view?usp=drivesdk
11-Be8SekUttGS-gZ9gVj4neNoq4soUXr,CAN MAXIN1 HREN NWGDYPFL.pdf,primary,,_NeedsReview/CAN MAXIN1 HREN NWGDYPFL.pdf,https://drive.google.com/file/d/11-Be8SekUttGS-gZ9gVj4neNoq4soUXr/view?usp=drivesdk
1p0zl7VZ-H8IEHGF4_VWP3LPzDajEQB0z,Term Sheet 6408 106 St.pdf,primary,Allendale 6408 106/6408: CMHC,Allendale (generic)/_NeedsReview/Term Sheet 6408 106 St.pdf,https://drive.google.com/file/d/1p0zl7VZ-H8IEHGF4_VWP3LPzDajEQB0z/view?usp=drivesdk
1MCw5vTDcerWlAmPMQz7m493rMZ_mAOKyyAHgzaM2z6I,Land Purchase Questions,primary,Wholesale ,_Library/Contracts/Land Purchase Questions,https://docs.google.com/document/d/1MCw5vTDcerWlAmPMQz7m493rMZ_mAOKyyAHgzaM2z6I/edit?usp=drivesdk&ouid=112966636072631084810
18JI2w1Dn9mkIVXxMt8UDSDG4T0WIylDyfV1mn4nnoOI,MAKIGN OFFERS ,primary,Wholesale ,_NeedsReview/MAKIGN OFFERS ,https://docs.google.com/document/d/18JI2w1Dn9mkIVXxMt8UDSDG4T0WIylDyfV1mn4nnoOI/edit?usp=drivesdk&ouid=112966636072631084810
1jpPS8SbaI-ulBWOEHa4CcRn82_7O1QP3,Screenshot 2025-10-06 180422.png,primary,,_Library/Photos/Screenshot 2025-10-06 180422.png,https://drive.google.com/file/d/1jpPS8SbaI-ulBWOEHa4CcRn82_7O1QP3/view?usp=drivesdk
10dIgmOx6hmH5X6SKvC0nW9ES08N_aXWE,11614 127 St NW - Conditions WAIVER.pdf,primary,2025 Tax/2025 Flips/Wholesale /Inglewood 8 Plex: 11614 127 St NW,Inglewood (generic)/_NeedsReview/11614 127 St NW - Conditions WAIVER.pdf,https://drive.google.com/file/d/10dIgmOx6hmH5X6SKvC0nW9ES08N_aXWE/view?usp=drivesdk
1DZQW5R0kNQviO4FlbHd5eJfMgThTAqAi,Gift Letter.pdf,primary,Mayfield 110/Purchasing & Corp.,Mayfield 110/Contracts/Gift Letter.pdf,https://drive.google.com/file/d/1DZQW5R0kNQviO4FlbHd5eJfMgThTAqAi/view?usp=drivesdk
1WX_clpsqdfRIrDTbpeTczkUKIdV5YcpPFvFs27KEEVg,2025 Tax List ,primary,NEW Properties ,_Library/Financials/2025 Tax List ,https://docs.google.com/document/d/1WX_clpsqdfRIrDTbpeTczkUKIdV5YcpPFvFs27KEEVg/edit?usp=drivesdk&ouid=112966636072631084810
1ov7-m51jbmO-jgtLRB_iQoXSlEediqaa,Construction Agreement (9121 152).pdf,primary,Jasper Park/Jasper Park- Construction Budget,Jasper Park/Contracts/Construction Agreement (9121 152).pdf,https://drive.google.com/file/d/1ov7-m51jbmO-jgtLRB_iQoXSlEediqaa/view?usp=drivesdk
1hn46icNDTzUFBxdpZSWQTGNfqMKTKa0-,9121 152 ST NW Invoice.pdf,primary,Jasper Park/Jasper Park-Invoice,Jasper Park/Financials/9121 152 ST NW Invoice.pdf,https://drive.google.com/file/d/1hn46icNDTzUFBxdpZSWQTGNfqMKTKa0-/view?usp=drivesdk
1jLRW1Ds-wX2frL8CDSxEROU3cuBcqU76,Construction_Agreement_Diamante_Inc_v2.docx,primary,LEADS////SPREADSHEETS!,_NeedsReview/Construction_Agreement_Diamante_Inc_v2.docx,https://drive.google.com/file/d/1jLRW1Ds-wX2frL8CDSxEROU3cuBcqU76/view?usp=drivesdk
16wcizg16pHgaWPIJl1kkBLuH2fF938OT,Construction Agreement (Verum).pdf,primary,Build Contracts Blank,_Library/Contracts/Construction Agreement (Verum).pdf,https://drive.google.com/file/d/16wcizg16pHgaWPIJl1kkBLuH2fF938OT/view?usp=drivesdk
1nJ5ahx_mo9BtkoVE1_GLLajFu_euQgty,Buyers_Infill_1759706146.xlsx,primary,LEADS////SPREADSHEETS!,_NeedsReview/Buyers_Infill_1759706146.xlsx,https://drive.google.com/file/d/1nJ5ahx_mo9BtkoVE1_GLLajFu_euQgty/view?usp=drivesdk
1YPW4W-W9zRmIf9VlD5wKC35upOMpQXYS,Buyers_Multifamily_PreCon_Buyers_1759706113.xlsx,primary,LEADS////SPREADSHEETS!,_NeedsReview/Buyers_Multifamily_PreCon_Buyers_1759706113.xlsx,https://drive.google.com/file/d/1YPW4W-W9zRmIf9VlD5wKC35upOMpQXYS/view?usp=drivesdk
1HEv3KcLBGLygAF4m_Q4aj9UEIbGU-4wK,Buyers_Land_Developers_1759706102.xlsx,primary,LEADS////SPREADSHEETS!,_NeedsReview/Buyers_Land_Developers_1759706102.xlsx,https://drive.google.com/file/d/1HEv3KcLBGLygAF4m_Q4aj9UEIbGU-4wK/view?usp=drivesdk
19qy8DH-ZM6LQr2Ktq2G-P1-G_Y1tL1Zl,Buyers_Lots_1759706028.xlsx,primary,LEADS////SPREADSHEETS!,_NeedsReview/Buyers_Lots_1759706028.xlsx,https://drive.google.com/file/d/19qy8DH-ZM6LQr2Ktq2G-P1-G_Y1tL1Zl/view?usp=drivesdk
14itQkpWll8A1p49Wu9jbdiqxyivrImhr,Buyers_Developer_Builders_xlsx_1759705892.xlsx,primary,LEADS////SPREADSHEETS!,_NeedsReview/Buyers_Developer_Builders_xlsx_1759705892.xlsx,https://drive.google.com/file/d/14itQkpWll8A1p49Wu9jbdiqxyivrImhr/view?usp=drivesdk
11tvLv4RwwB5WDDUy0plIJxdc8Lv62jAK,Screenshot 2025-10-02 140807.png,primary,,_Library/Photos/Screenshot 2025-10-02 140807.png,https://drive.google.com/file/d/11tvLv4RwwB5WDDUy0plIJxdc8Lv62jAK/view?usp=drivesdk
18wpeFKve6XA-8RNWLp6Ja7L2HMGGznXBfU3jdlIoqeI,Social Strategy,primary,,_NeedsReview/Social Strategy,https://docs.google.com/document/d/18wpeFKve6XA-8RNWLp6Ja7L2HMGGznXBfU3jdlIoqeI/edit?usp=drivesdk&ouid=112966636072631084810
1EefgzPkMfzPC_Q8-ESZZlnVyRYO7ZBr1,NDA- Emanation Investments (1).pdf,primary,Mayfield 110/Chanpreet Info ,Mayfield 110/Contracts/NDA- Emanation Investments (1).pdf,https://drive.google.com/file/d/1EefgzPkMfzPC_Q8-ESZZlnVyRYO7ZBr1/view?usp=drivesdk
16_ccpai8cvMRSYhm0X04j9xynHuQ4eh7,Gift Letter.doc,primary,Mayfield 110/Loren Files ,Mayfield 110/Contracts/Gift Letter.doc,https://drive.google.com/file/d/16_ccpai8cvMRSYhm0X04j9xynHuQ4eh7/view?usp=drivesdk
1Wt_7fOebabo2RKLlvJNA4NfLaSZUMg64cpAuU30A5j4,Jeremy Question ,primary,,_NeedsReview/Jeremy Question ,https://docs.google.com/document/d/1Wt_7fOebabo2RKLlvJNA4NfLaSZUMg64cpAuU30A5j4/edit?usp=drivesdk&ouid=112966636072631084810
1QwKxqItBcx4ZY1EQ9IIdeCienOFC-UFSS7rgWZWsTu0,AutoMonopoly-Ai,primary,(root),_NeedsReview/AutoMonopoly-Ai,https://docs.google.com/document/d/1QwKxqItBcx4ZY1EQ9IIdeCienOFC-UFSS7rgWZWsTu0/edit?usp=drivesdk&ouid=112966636072631084810
1_xpUoAcmdC8kPrBj3VmQABxF4ThtR31k,Invoice_206970_from_Mani_Property_Services_Inc.pdf,duplicate,Mayfield 110/Mayfield-Invoice ,_Duplicates/Mayfield 110/Invoice_206970_from_Mani_Property_Services_Inc.pdf,https://drive.google.com/file/d/1_xpUoAcmdC8kPrBj3VmQABxF4ThtR31k/view?usp=drivesdk
19tn131UNPeI-CVmhvTox82TdfjR2ou8H,FAE-VPL-17_20250930-Vacant-Property-Endorsement.pdf,primary,Allendale 10646 61 Ave 6 Unit /Allendale: 10646 61 Ave,Allendale (generic)/_NeedsReview/FAE-VPL-17_20250930-Vacant-Property-Endorsement.pdf,https://drive.google.com/file/d/19tn131UNPeI-CVmhvTox82TdfjR2ou8H/view?usp=drivesdk
1ZKJfOz7nkXNN50-2cLVgFU9mH1WXFLUo,FAE-VPL-17_20250930-COI-PM.pdf,primary,Allendale 10646 61 Ave 6 Unit /Allendale: 10646 61 Ave,Allendale (generic)/_NeedsReview/FAE-VPL-17_20250930-COI-PM.pdf,https://drive.google.com/file/d/1ZKJfOz7nkXNN50-2cLVgFU9mH1WXFLUo/view?usp=drivesdk
1uhsFlcSiScCq14VK_-TM0sW98yWgL--D,FAE-VPL-17_20250930-Maintenance-Building-Warranty.pdf,primary,Allendale 10646 61 Ave 6 Unit /Allendale: 10646 61 Ave,Allendale (generic)/_NeedsReview/FAE-VPL-17_20250930-Maintenance-Building-Warranty.pdf,https://drive.google.com/file/d/1uhsFlcSiScCq14VK_-TM0sW98yWgL--D/view?usp=drivesdk
1YAcWHJSxKRXXqGpXlSK0AO6WdbsEhvoh,FAE-VPL-17_20250930-CGL.pdf,primary,Allendale 10646 61 Ave 6 Unit /Allendale: 10646 61 Ave,Allendale (generic)/_NeedsReview/FAE-VPL-17_20250930-CGL.pdf,https://drive.google.com/file/d/1YAcWHJSxKRXXqGpXlSK0AO6WdbsEhvoh/view?usp=drivesdk
1ObAELXyE7WaI-SCRTSH6ZV92rXw3WgOB,FAE-VPL-17_20250930.pdf,primary,Allendale 10646 61 Ave 6 Unit /Allendale: 10646 61 Ave,Allendale (generic)/_NeedsReview/FAE-VPL-17_20250930.pdf,https://drive.google.com/file/d/1ObAELXyE7WaI-SCRTSH6ZV92rXw3WgOB/view?usp=drivesdk
1cR1BmQz1HLtr66RqzQPvCKXX0GKaDmix,FAE-VPL-17_20250930-receipt-1759270757265.pdf,primary,Allendale 10646 61 Ave 6 Unit /Allendale: 10646 61 Ave,Allendale (generic)/_NeedsReview/FAE-VPL-17_20250930-receipt-1759270757265.pdf,https://drive.google.com/file/d/1cR1BmQz1HLtr66RqzQPvCKXX0GKaDmix/view?usp=drivesdk
1LJJJlPqYmskaBnL00aTZh7jvoXcA9moPA5GTSSzpH3o,Allendale ROI,primary,Allendale 6408 106/6408: Invoice/6408: Spreadsheets,Allendale (generic)/_NeedsReview/Allendale ROI,https://docs.google.com/spreadsheets/d/1LJJJlPqYmskaBnL00aTZh7jvoXcA9moPA5GTSSzpH3o/edit?usp=drivesdk&ouid=112966636072631084810
16qiu8f51KMIBQ1Mx6-3kwE8fz9wk_gCUhOJZUPRTxK0,U.S. Government / U.S. Affiliated Programs That Can Support Libya,primary,(root),_NeedsReview/U.S. Government / U.S. Affiliated Programs That Can Support Libya,https://docs.google.com/document/d/16qiu8f51KMIBQ1Mx6-3kwE8fz9wk_gCUhOJZUPRTxK0/edit?usp=drivesdk&ouid=112966636072631084810
1vKIl5TiUEzq5xz9tRWfS_Wv3p6vxwDULHlC7gqo1_pc,Allendale ROI ,primary,Allendale 6408 106/6408: Invoice/6408: Spreadsheets,Allendale (generic)/_NeedsReview/Allendale ROI ,https://docs.google.com/spreadsheets/d/1vKIl5TiUEzq5xz9tRWfS_Wv3p6vxwDULHlC7gqo1_pc/edit?usp=drivesdk&ouid=112966636072631084810
1TdPmRctUccRcCXHOH7M4LjViMhzfFsRd,Cost-to-date Summary Invoices Allendale.xlsx,primary,Allendale 6408 106/6408: Invoice/6408: Spreadsheets,Allendale (generic)/Financials/Cost-to-date Summary Invoices Allendale.xlsx,https://drive.google.com/file/d/1TdPmRctUccRcCXHOH7M4LjViMhzfFsRd/view?usp=drivesdk
1CaVXVt85kM2SouFN1TwJamhcpAxJBS8Ep-V0soqX9go,soft cost quick overview,primary,Allendale 6408 106/6408: Invoice,Allendale (generic)/Financials/soft cost quick overview,https://docs.google.com/document/d/1CaVXVt85kM2SouFN1TwJamhcpAxJBS8Ep-V0soqX9go/edit?usp=drivesdk&ouid=112966636072631084810
1iEx15TxrrT-6j2rJR840Gr6h9LNXdydk,Allendale: Cost Breakdown.xlsx,primary,Allendale 6408 106/Allendale Overview Info,Allendale (generic)/Financials/Allendale: Cost Breakdown.xlsx,https://drive.google.com/file/d/1iEx15TxrrT-6j2rJR840Gr6h9LNXdydk/view?usp=drivesdk
1FJOaOfec5haAqsLWXf6LvM4V9utE-r1w,Allendale Soft Cost Breakdown.xlsx,primary,Allendale 6408 106/6408: Invoice/6408: Spreadsheets,Allendale (generic)/Financials/Allendale Soft Cost Breakdown.xlsx,https://drive.google.com/file/d/1FJOaOfec5haAqsLWXf6LvM4V9utE-r1w/view?usp=drivesdk
1b-tNs63QUJK-Y-Z9D7lHPe0Oc4wQfgAZ9rcXnuSsK4E,Build Cost 6-Plex Allendale 6408 106 St NW,primary,Allendale 6408 106,Allendale (generic)/_NeedsReview/Build Cost 6-Plex Allendale 6408 106 St NW,https://docs.google.com/spreadsheets/d/1b-tNs63QUJK-Y-Z9D7lHPe0Oc4wQfgAZ9rcXnuSsK4E/edit?usp=drivesdk&ouid=112966636072631084810
1LLpVtrG6GL34lLVGjaQ2Ik_gWkvAC65ZFX2Qqmszq8o,Allendale CostsI Paid For ,primary,Allendale 6408 106/6408: Invoice/6408: Spreadsheets,Allendale (generic)/_NeedsReview/Allendale CostsI Paid For ,https://docs.google.com/spreadsheets/d/1LLpVtrG6GL34lLVGjaQ2Ik_gWkvAC65ZFX2Qqmszq8o/edit?usp=drivesdk&ouid=112966636072631084810
1QuB9pE8F7RLxZj1HgjnAnHqLuO-1nkTc6P-B1bJ6MI0,Vibrant Homes - 6 Plex Cost Breakdown ,primary,Development Info-----Go to rize/Development Example Docs,_Library/Financials/Vibrant Homes - 6 Plex Cost Breakdown ,https://docs.google.com/spreadsheets/d/1QuB9pE8F7RLxZj1HgjnAnHqLuO-1nkTc6P-B1bJ6MI0/edit?usp=drivesdk&ouid=112966636072631084810
1JyJ7xXNSbOElBvYFKM5UhZnRBMr-vltn,Allendale 6 Plex - New Builder Risk Insurance Documents (1).pdf,primary,Allendale 6408 106/6408: Invoice,Allendale (generic)/_NeedsReview/Allendale 6 Plex - New Builder Risk Insurance Documents (1).pdf,https://drive.google.com/file/d/1JyJ7xXNSbOElBvYFKM5UhZnRBMr-vltn/view?usp=drivesdk
1_3QTwyJiPZMgyS3pBxtYUIR2u6PtKiOH,Allendale 6 Plex - Proposal Insurance (1).pdf,primary,Allendale 6408 106/6408: Invoice,Allendale (generic)/_NeedsReview/Allendale 6 Plex - Proposal Insurance (1).pdf,https://drive.google.com/file/d/1_3QTwyJiPZMgyS3pBxtYUIR2u6PtKiOH/view?usp=drivesdk
1oB-fzfRlmncA47JSj0Uzn8JAWkTJhTdk,Welcome to Calvert Home Mortgage (I).pdf,primary,Jasper Park/Purchasing Documents ,Jasper Park/_NeedsReview/Welcome to Calvert Home Mortgage (I).pdf,https://drive.google.com/file/d/1oB-fzfRlmncA47JSj0Uzn8JAWkTJhTdk/view?usp=drivesdk
1RBEwPcZlRVXZxlcZzl8m2wSWeeILRvog,Insurance Binder Request.pdf,primary,Jasper Park/Purchasing Documents ,Jasper Park/_NeedsReview/Insurance Binder Request.pdf,https://drive.google.com/file/d/1RBEwPcZlRVXZxlcZzl8m2wSWeeILRvog/view?usp=drivesdk
1tnbt3lZ8mDk3N_2eY6tlFIfxGziCqC_c,Data.xlsx,primary,,_NeedsReview/Data.xlsx,https://drive.google.com/file/d/1tnbt3lZ8mDk3N_2eY6tlFIfxGziCqC_c/view?usp=drivesdk
1NU4ZTKwUFYvreN3C4FQZLrzxLxQgbU_ZnEFPFsQrmuM,Wholesale Simplified,primary,Wholesale ,_NeedsReview/Wholesale Simplified,https://docs.google.com/document/d/1NU4ZTKwUFYvreN3C4FQZLrzxLxQgbU_ZnEFPFsQrmuM/edit?usp=drivesdk&ouid=112966636072631084810
1TXa-IUjP2vOJbtqSqQ7EKkqTmy0TvxpF,31-print-066_ARV00861.jpg,primary,Clinic Photos,_Library/Photos/31-print-066_ARV00861.jpg,https://drive.google.com/file/d/1TXa-IUjP2vOJbtqSqQ7EKkqTmy0TvxpF/view?usp=drivesdk
1KjXkzwa5mUCWP2WUKJ-jgo75OSqOf2-l,28-print-083_ARV00901.jpg,primary,Clinic Photos,_Library/Photos/28-print-083_ARV00901.jpg,https://drive.google.com/file/d/1KjXkzwa5mUCWP2WUKJ-jgo75OSqOf2-l/view?usp=drivesdk
1L8_QAXU9Z9G0W5iRDu4r2EJWecV4NNA8,26-print-080_ARV00895.jpg,primary,Clinic Photos,_Library/Photos/26-print-080_ARV00895.jpg,https://drive.google.com/file/d/1L8_QAXU9Z9G0W5iRDu4r2EJWecV4NNA8/view?usp=drivesdk
1k0tQQEJuqvPr7IBSShRewPzfmLjmB4oj,20-print-063_ARV00854.jpg,primary,Clinic Photos,_Library/Photos/20-print-063_ARV00854.jpg,https://drive.google.com/file/d/1k0tQQEJuqvPr7IBSShRewPzfmLjmB4oj/view?usp=drivesdk
1_zi7NI9NRjZH-Prwg1gQpt-GZ-sNI4Qb,16-print-059_ARV00841.jpg,primary,Clinic Photos,_Library/Photos/16-print-059_ARV00841.jpg,https://drive.google.com/file/d/1_zi7NI9NRjZH-Prwg1gQpt-GZ-sNI4Qb/view?usp=drivesdk
1emII-JsVly8iMzDJbabRdR65MA15GorE,9-print-069_ARV00873.jpg,primary,Clinic Photos,_Library/Photos/9-print-069_ARV00873.jpg,https://drive.google.com/file/d/1emII-JsVly8iMzDJbabRdR65MA15GorE/view?usp=drivesdk
15XP8mYmn8_IDDS-8-P0B39ShCZEvRvHF,8-print-053_ARV00822.jpg,primary,Clinic Photos,_Library/Photos/8-print-053_ARV00822.jpg,https://drive.google.com/file/d/15XP8mYmn8_IDDS-8-P0B39ShCZEvRvHF/view?usp=drivesdk
1KDzansYiu_tuy26a7mNietSmelJNM1e3,42-print-090_DJI_0139.jpg,primary,Clinic Photos,_Library/Photos/42-print-090_DJI_0139.jpg,https://drive.google.com/file/d/1KDzansYiu_tuy26a7mNietSmelJNM1e3/view?usp=drivesdk
1ffumWni3NNUnP-F0PMAlV_fahkUqPscZ,3-print-051_ARV00817.jpg,primary,Clinic Photos,_Library/Photos/3-print-051_ARV00817.jpg,https://drive.google.com/file/d/1ffumWni3NNUnP-F0PMAlV_fahkUqPscZ/view?usp=drivesdk
1c4n9CSx4IQFbyTJsL9MGzJkZncDzWTw_,19-print-062_ARV00850.jpg,primary,Clinic Photos,_Library/Photos/19-print-062_ARV00850.jpg,https://drive.google.com/file/d/1c4n9CSx4IQFbyTJsL9MGzJkZncDzWTw_/view?usp=drivesdk
1iD0VVW1wdN8R1p2gRUrGSohnVtBDSHNi,17-print-060_ARV00843.jpg,primary,Clinic Photos,_Library/Photos/17-print-060_ARV00843.jpg,https://drive.google.com/file/d/1iD0VVW1wdN8R1p2gRUrGSohnVtBDSHNi/view?usp=drivesdk
1Y5LJ0bbteCDbmnjP8mu1rpplRIYckWCd,18-print-061_ARV00848.jpg,primary,Clinic Photos,_Library/Photos/18-print-061_ARV00848.jpg,https://drive.google.com/file/d/1Y5LJ0bbteCDbmnjP8mu1rpplRIYckWCd/view?usp=drivesdk
109kJqpG9VjjXPRmZVceex1MNYx1mdJOI,22-print-073_ARV00887.jpg,primary,Clinic Photos,_Library/Photos/22-print-073_ARV00887.jpg,https://drive.google.com/file/d/109kJqpG9VjjXPRmZVceex1MNYx1mdJOI/view?usp=drivesdk
1NwMK9zD-2KUuxnMuj15Ac-8OFhvtgdgX,11-print-054_ARV00825.jpg,primary,Clinic Photos,_Library/Photos/11-print-054_ARV00825.jpg,https://drive.google.com/file/d/1NwMK9zD-2KUuxnMuj15Ac-8OFhvtgdgX/view?usp=drivesdk
1vObrGG3zzNEigB2fyz7YLla-r8JT1EzI,27-print-081_ARV00898.jpg,primary,Clinic Photos,_Library/Photos/27-print-081_ARV00898.jpg,https://drive.google.com/file/d/1vObrGG3zzNEigB2fyz7YLla-r8JT1EzI/view?usp=drivesdk
1dVK6qt5eBizlurU9bDkfbPnbLB4QYdLy,13-print-056_ARV00831.jpg,primary,Clinic Photos,_Library/Photos/13-print-056_ARV00831.jpg,https://drive.google.com/file/d/1dVK6qt5eBizlurU9bDkfbPnbLB4QYdLy/view?usp=drivesdk
1PEGz3nil3OIgpyxDZQZBr4XgafYpX-g2,10-print-070_ARV00877.jpg,primary,Clinic Photos,_Library/Photos/10-print-070_ARV00877.jpg,https://drive.google.com/file/d/1PEGz3nil3OIgpyxDZQZBr4XgafYpX-g2/view?usp=drivesdk
131Wez93BK4of-5-a8dZ1P1l1vjWvISow,7-print-068_ARV00872.jpg,primary,Clinic Photos,_Library/Photos/7-print-068_ARV00872.jpg,https://drive.google.com/file/d/131Wez93BK4of-5-a8dZ1P1l1vjWvISow/view?usp=drivesdk
1lxY333mrqVI1eTBD2okWSvV45-y7AMad,21-print-064_ARV00856.jpg,primary,Clinic Photos,_Library/Photos/21-print-064_ARV00856.jpg,https://drive.google.com/file/d/1lxY333mrqVI1eTBD2okWSvV45-y7AMad/view?usp=drivesdk
1sWn-1x_jePho8sw5xvhZeut1xvJRniVh,4-print-050_ARV00811.jpg,primary,Clinic Photos,_Library/Photos/4-print-050_ARV00811.jpg,https://drive.google.com/file/d/1sWn-1x_jePho8sw5xvhZeut1xvJRniVh/view?usp=drivesdk
1YYkQf-M9CTY9P85QGumCQ8WiqGc5FnF5,30-print-065_ARV00858.jpg,primary,Clinic Photos,_Library/Photos/30-print-065_ARV00858.jpg,https://drive.google.com/file/d/1YYkQf-M9CTY9P85QGumCQ8WiqGc5FnF5/view?usp=drivesdk
13kxKgxbrLeAZG3vMk5LECBhXSUbu0NgP,12-print-055_ARV00829.jpg,primary,Clinic Photos,_Library/Photos/12-print-055_ARV00829.jpg,https://drive.google.com/file/d/13kxKgxbrLeAZG3vMk5LECBhXSUbu0NgP/view?usp=drivesdk
18eernAQHOUwnZBD_cYCCLMAC7_SeaTmG,1-print-047_ARV00806.jpg,primary,Clinic Photos,_Library/Photos/1-print-047_ARV00806.jpg,https://drive.google.com/file/d/18eernAQHOUwnZBD_cYCCLMAC7_SeaTmG/view?usp=drivesdk
1YzLVl-FKzs_oUWzjK3d7HGgi5UupEppj,14-print-057_ARV00835.jpg,primary,Clinic Photos,_Library/Photos/14-print-057_ARV00835.jpg,https://drive.google.com/file/d/1YzLVl-FKzs_oUWzjK3d7HGgi5UupEppj/view?usp=drivesdk
1ZdynTRtnj2tVheF2Jm_GikRUWHVQtbNQ,24-print-071_ARV00880.jpg,primary,Clinic Photos,_Library/Photos/24-print-071_ARV00880.jpg,https://drive.google.com/file/d/1ZdynTRtnj2tVheF2Jm_GikRUWHVQtbNQ/view?usp=drivesdk
1N0Tt6m7tHItT1t_fA9Ha016WCIA_-hy1,15-print-058_ARV00839.jpg,primary,Clinic Photos,_Library/Photos/15-print-058_ARV00839.jpg,https://drive.google.com/file/d/1N0Tt6m7tHItT1t_fA9Ha016WCIA_-hy1/view?usp=drivesdk
1ud1WKviPj_TXjbKpbLt7z4XaGhMUBlC3,2-print-048_ARV00807.jpg,primary,Clinic Photos,_Library/Photos/2-print-048_ARV00807.jpg,https://drive.google.com/file/d/1ud1WKviPj_TXjbKpbLt7z4XaGhMUBlC3/view?usp=drivesdk
1qkJMaMJntktkDQ4-klvznkYVaWL_XrC0,25-print-072_ARV00882.jpg,primary,Clinic Photos,_Library/Photos/25-print-072_ARV00882.jpg,https://drive.google.com/file/d/1qkJMaMJntktkDQ4-klvznkYVaWL_XrC0/view?usp=drivesdk
1IWagaSszdWrpzcxwUggzVzoiHgnurABb,6-print-052_ARV00820.jpg,primary,Clinic Photos,_Library/Photos/6-print-052_ARV00820.jpg,https://drive.google.com/file/d/1IWagaSszdWrpzcxwUggzVzoiHgnurABb/view?usp=drivesdk
1dxe6d6gaXe6XS3G4sW5XFiy9TOpbBarF,5-print-067_ARV00866.jpg,primary,Clinic Photos,_Library/Photos/5-print-067_ARV00866.jpg,https://drive.google.com/file/d/1dxe6d6gaXe6XS3G4sW5XFiy9TOpbBarF/view?usp=drivesdk
18Rfs0oSxCQIyLAN7SFZ7NYr0LaMqp8Ea,29-print-084_ARV00906.jpg,primary,Clinic Photos,_Library/Photos/29-print-084_ARV00906.jpg,https://drive.google.com/file/d/18Rfs0oSxCQIyLAN7SFZ7NYr0LaMqp8Ea/view?usp=drivesdk
1GHHvuqWT8isuDtIuQNG--gynhAjuebCO,23-print-074_ARV00889.jpg,primary,Clinic Photos,_Library/Photos/23-print-074_ARV00889.jpg,https://drive.google.com/file/d/1GHHvuqWT8isuDtIuQNG--gynhAjuebCO/view?usp=drivesdk
1S84C0LWrIyYROTsfNHYOm-5MMFHkQPAj,32-print-078_ARV00894.jpg,primary,Clinic Photos,_Library/Photos/32-print-078_ARV00894.jpg,https://drive.google.com/file/d/1S84C0LWrIyYROTsfNHYOm-5MMFHkQPAj/view?usp=drivesdk
1Fr4roTbkyPPV195W_WrIwF0tV8_uXDci,38-print-086_DJI_0135.jpg,primary,Clinic Photos,_Library/Photos/38-print-086_DJI_0135.jpg,https://drive.google.com/file/d/1Fr4roTbkyPPV195W_WrIwF0tV8_uXDci/view?usp=drivesdk
1Q5D7exr2UwiQQN1gmtp6wkia6WbpTsT6,35-print-082_DJI_0133.jpg,primary,Clinic Photos,_Library/Photos/35-print-082_DJI_0133.jpg,https://drive.google.com/file/d/1Q5D7exr2UwiQQN1gmtp6wkia6WbpTsT6/view?usp=drivesdk
1tTTBJkJ54zQaUsAZhd1GvvPpTgglgfx_,41-print-089_DJI_0138.jpg,primary,Clinic Photos,_Library/Photos/41-print-089_DJI_0138.jpg,https://drive.google.com/file/d/1tTTBJkJ54zQaUsAZhd1GvvPpTgglgfx_/view?usp=drivesdk
1C8Sj8WwEIzfbjJroiQaeKmHgbEZoKPa1,40-print-088_DJI_0137.jpg,primary,Clinic Photos,_Library/Photos/40-print-088_DJI_0137.jpg,https://drive.google.com/file/d/1C8Sj8WwEIzfbjJroiQaeKmHgbEZoKPa1/view?usp=drivesdk
18OB4xPfb-x9aWTfLC-FZitEzYD6G9rHU,37-print-085_DJI_0134.jpg,primary,Clinic Photos,_Library/Photos/37-print-085_DJI_0134.jpg,https://drive.google.com/file/d/18OB4xPfb-x9aWTfLC-FZitEzYD6G9rHU/view?usp=drivesdk
13zJKFjnnTIVCcFPSWU7lyZLgrIu94OWc,33-print-075_ARV00891.jpg,primary,Clinic Photos,_Library/Photos/33-print-075_ARV00891.jpg,https://drive.google.com/file/d/13zJKFjnnTIVCcFPSWU7lyZLgrIu94OWc/view?usp=drivesdk
1JVJmlskj4qHKt6recqqwm7nIuHX8-57h,36-print-079_DJI_0132.jpg,primary,Clinic Photos,_Library/Photos/36-print-079_DJI_0132.jpg,https://drive.google.com/file/d/1JVJmlskj4qHKt6recqqwm7nIuHX8-57h/view?usp=drivesdk
1E-qtbIwwW1v6JkYVJSympOPQOGiYw9Ba,INSTRUCTION 3,primary,(root),_NeedsReview/INSTRUCTION 3,https://drive.google.com/file/d/1E-qtbIwwW1v6JkYVJSympOPQOGiYw9Ba/view?usp=drivesdk
1oStrB-_YMAugOpw-QQbV7SxckTb9FJi7,WhatsApp Image 2025-08-28 at 12.32.08_8368ca11.jpg,primary,Mayfield 110/Loren Files ,Mayfield 110/Photos/WhatsApp Image 2025-08-28 at 12.32.08_8368ca11.jpg,https://drive.google.com/file/d/1oStrB-_YMAugOpw-QQbV7SxckTb9FJi7/view?usp=drivesdk
1fASGeziuzD7Uc7aPHanjZnzL2h5P5WOs,Mayfield 110 Burchase Contract.pdf,primary,Mayfield 110/Loren Files ,Mayfield 110/Contracts/Mayfield 110 Burchase Contract.pdf,https://drive.google.com/file/d/1fASGeziuzD7Uc7aPHanjZnzL2h5P5WOs/view?usp=drivesdk
1aNDziH5zTeGE7LFWTzCdE3rEnBGsvjdc,IMG_4648.jpeg,primary,Mayfield 110/Loren Files ,Mayfield 110/Photos/IMG_4648.jpeg,https://drive.google.com/file/d/1aNDziH5zTeGE7LFWTzCdE3rEnBGsvjdc/view?usp=drivesdk
1WxDVzd8qM4iOnrliOPYUQ1UV0lqdhmZV,IMG_4649.jpeg,primary,Mayfield 110/Loren Files ,Mayfield 110/Photos/IMG_4649.jpeg,https://drive.google.com/file/d/1WxDVzd8qM4iOnrliOPYUQ1UV0lqdhmZV/view?usp=drivesdk
1WO5WL9-1FHAaM65XYO7NUcxC-e6flEnP,76941314462__9B479ED1-0CDA-4D23-BA9F-0DDB6CDD323D.jpeg,primary,Mayfield 110/Loren Files ,Mayfield 110/Photos/76941314462__9B479ED1-0CDA-4D23-BA9F-0DDB6CDD323D.jpeg,https://drive.google.com/file/d/1WO5WL9-1FHAaM65XYO7NUcxC-e6flEnP/view?usp=drivesdk
190oGJq3KYj05-asanc5HPqnsFkXK5pe2,IMG_4645.jpeg,primary,Mayfield 110/Loren Files ,Mayfield 110/Photos/IMG_4645.jpeg,https://drive.google.com/file/d/190oGJq3KYj05-asanc5HPqnsFkXK5pe2/view?usp=drivesdk
1G16gIiVFd422GGB_NzhLtg8zlOu9n5Rh,IMG_4646.jpeg,primary,Mayfield 110/Loren Files ,Mayfield 110/Photos/IMG_4646.jpeg,https://drive.google.com/file/d/1G16gIiVFd422GGB_NzhLtg8zlOu9n5Rh/view?usp=drivesdk
1Tpx-2fdyHb54gP7zY7GARrJYDCj56kts,IMG_4650.jpeg,primary,Mayfield 110/Loren Files ,Mayfield 110/Photos/IMG_4650.jpeg,https://drive.google.com/file/d/1Tpx-2fdyHb54gP7zY7GARrJYDCj56kts/view?usp=drivesdk
1isHcvG7k3VH1sitPLgoO4INeSBJHkbHpk0TTGEItR-g,Wholeale SOP,primary,Wholesale ,_NeedsReview/Wholeale SOP,https://docs.google.com/document/d/1isHcvG7k3VH1sitPLgoO4INeSBJHkbHpk0TTGEItR-g/edit?usp=drivesdk&ouid=112966636072631084810
1oKvf_b3gDviMwCeebRva4-qeyQEa9ZkUi5jIPwVsGUI,"Copy of Co-Star: AB, Buyers/Sellers, Institunional",primary,,"_NeedsReview/Copy of Co-Star: AB, Buyers/Sellers, Institunional",https://docs.google.com/spreadsheets/d/1oKvf_b3gDviMwCeebRva4-qeyQEa9ZkUi5jIPwVsGUI/edit?usp=drivesdk&ouid=112966636072631084810
10S4F6XxXyufYqhmgdATIbVSWM7IzIBj-HDMiCpD-WgQ,Dates & Deposits,primary,CORPORATION/2024 Tax Info,_NeedsReview/Dates & Deposits,https://docs.google.com/spreadsheets/d/10S4F6XxXyufYqhmgdATIbVSWM7IzIBj-HDMiCpD-WgQ/edit?usp=drivesdk&ouid=112966636072631084810
1SSzHMHEWOTMw9DzWL590n2lJhMs1Yh_E,9121 152 ST PV.1.pdf,primary,Jasper Park/Jasper Park-Plans ,Jasper Park/_NeedsReview/9121 152 ST PV.1.pdf,https://drive.google.com/file/d/1SSzHMHEWOTMw9DzWL590n2lJhMs1Yh_E/view?usp=drivesdk
1xlHH6cBq-IpQgRjROQ5ZzeNejnJOYoaS,Residential_Purchase_Contract.pdf,primary,2025 Tax/Allendale 6729 106 Street,Allendale (generic)/_NeedsReview/Residential_Purchase_Contract.pdf,https://drive.google.com/file/d/1xlHH6cBq-IpQgRjROQ5ZzeNejnJOYoaS/view?usp=drivesdk
1A6LVQ7qgPleAwEGWz01VpLVRgbaKz2FU,Contacts_Serious_Investors_1758399129.xlsx,primary,LEADS////SPREADSHEETS!,_NeedsReview/Contacts_Serious_Investors_1758399129.xlsx,https://drive.google.com/file/d/1A6LVQ7qgPleAwEGWz01VpLVRgbaKz2FU/view?usp=drivesdk
1uDBPiyFk9CvcB1H_3VzlLwi1hR8W-7Ow,Contacts_Contacts_1758398755.xlsx,primary,LEADS////SPREADSHEETS!,_NeedsReview/Contacts_Contacts_1758398755.xlsx,https://drive.google.com/file/d/1uDBPiyFk9CvcB1H_3VzlLwi1hR8W-7Ow/view?usp=drivesdk
16aHHpq-SGl-lFEhsZVMoe4orbBVcuXVAVj0iBq4dDE4,Infill Investment Email ,primary,,_NeedsReview/Infill Investment Email ,https://docs.google.com/document/d/16aHHpq-SGl-lFEhsZVMoe4orbBVcuXVAVj0iBq4dDE4/edit?usp=drivesdk&ouid=112966636072631084810
1PXsW4YIMHr5XAbUzgCNyLrAQ8I2z9DYgyqZJal7YN_w,Cost Breakdown Construction Mayfield 110,primary,Mayfield 110/Chanpreet Info ,Mayfield 110/Financials/Cost Breakdown Construction Mayfield 110,https://docs.google.com/spreadsheets/d/1PXsW4YIMHr5XAbUzgCNyLrAQ8I2z9DYgyqZJal7YN_w/edit?usp=drivesdk&ouid=112966636072631084810
1is2K7tkyEGCo9r9u-gXwu1C7AlKwSSUt,Mayfield 110: Cost Breakdown .xlsx,primary,Mayfield 110/CMHC Files,Mayfield 110/Financials/Mayfield 110: Cost Breakdown .xlsx,https://drive.google.com/file/d/1is2K7tkyEGCo9r9u-gXwu1C7AlKwSSUt/view?usp=drivesdk
1gMXYPqdAetrlQQwuqiLGgAi3SdCzr1QO,Articles-of-Incorporation (1).pdf,primary,Mayfield 110/Purchasing & Corp.,Mayfield 110/_NeedsReview/Articles-of-Incorporation (1).pdf,https://drive.google.com/file/d/1gMXYPqdAetrlQQwuqiLGgAi3SdCzr1QO/view?usp=drivesdk
11Z1z-LHI_B-xL8n3NWuySPjAYTv6tGUM,Confirmation of Insurance (Property).pdf,primary,,_NeedsReview/Confirmation of Insurance (Property).pdf,https://drive.google.com/file/d/11Z1z-LHI_B-xL8n3NWuySPjAYTv6tGUM/view?usp=drivesdk
19RK0YoCUAxYgrVg3VXOLy3srKWYfDK1J,Diamante Inc. - Vacant Dwelling Insurance Application and Privacy Form - Signed.pdf,primary,Jasper Park/Purchasing Documents ,Jasper Park/_NeedsReview/Diamante Inc. - Vacant Dwelling Insurance Application and Privacy Form - Signed.pdf,https://drive.google.com/file/d/19RK0YoCUAxYgrVg3VXOLy3srKWYfDK1J/view?usp=drivesdk
1DoSApkDIUb5uckp_jfnwzzIzePc29zVW7tDGTeinZOA,Sales And Marketing Funnel ,primary,,_Library/Marketing & OM/Sales And Marketing Funnel ,https://docs.google.com/document/d/1DoSApkDIUb5uckp_jfnwzzIzePc29zVW7tDGTeinZOA/edit?usp=drivesdk&ouid=112966636072631084810
1sFUV1MeryKryqP0F40F6GHJU9uzWfo9T,Invoice_206970_from_Mani_Property_Services_Inc.pdf,duplicate,Mayfield 110/Mayfield-Invoice ,_Duplicates/Mayfield 110/Invoice_206970_from_Mani_Property_Services_Inc.pdf,https://drive.google.com/file/d/1sFUV1MeryKryqP0F40F6GHJU9uzWfo9T/view?usp=drivesdk
1hAopxTHPy4iTfbpkbz13XI5pCNrTnko4f7ddY2g9r6E,Contacts Masterlist,primary,,_NeedsReview/Contacts Masterlist,https://docs.google.com/spreadsheets/d/1hAopxTHPy4iTfbpkbz13XI5pCNrTnko4f7ddY2g9r6E/edit?usp=drivesdk&ouid=112966636072631084810
17zuNPy6fucKExzdPtykzvlBqzOTYNYIakiz10Lae6dg,Admin: Investors,primary,Buyers/ Investors /Buyers,_NeedsReview/Admin: Investors,https://docs.google.com/spreadsheets/d/17zuNPy6fucKExzdPtykzvlBqzOTYNYIakiz10Lae6dg/edit?usp=drivesdk&ouid=112966636072631084810
1j2SkchM-j2x-diKJVt6NqvORV3UfwJjR,Developer & Builders  (1) addded to monday .xlsx,primary,,_NeedsReview/Developer & Builders  (1) addded to monday .xlsx,https://drive.google.com/file/d/1j2SkchM-j2x-diKJVt6NqvORV3UfwJjR/view?usp=drivesdk
17rm8QBxw4Sj9FKXMdWxuoeufPq1Y_qLP,INV-000159.pdf,primary,Invoices ,_NeedsReview/INV-000159.pdf,https://drive.google.com/file/d/17rm8QBxw4Sj9FKXMdWxuoeufPq1Y_qLP/view?usp=drivesdk
1wsxP6rXT9V80GbbDIHQOTlJPCz2O_d9Wy_lBpSERlUA,"Copy of Copy of Co-Star: AB, Buyers/Sellers, Institunional",primary,,"_NeedsReview/Copy of Copy of Co-Star: AB, Buyers/Sellers, Institunional",https://docs.google.com/spreadsheets/d/1wsxP6rXT9V80GbbDIHQOTlJPCz2O_d9Wy_lBpSERlUA/edit?usp=drivesdk&ouid=112966636072631084810
1XoTuNzYFtE5rvV-mtGC8J2hqY45_5WQh,Buyers_Multifamily_1757725306.xlsx,primary,LEADS////SPREADSHEETS!,_NeedsReview/Buyers_Multifamily_1757725306.xlsx,https://drive.google.com/file/d/1XoTuNzYFtE5rvV-mtGC8J2hqY45_5WQh/view?usp=drivesdk
1tz8UeuxJv5cRgyFaz8sMB_9RdHjKpsjh,Buyers_Developer_Builders_xlsx_1757717916.xlsx,primary,LEADS////SPREADSHEETS!,_NeedsReview/Buyers_Developer_Builders_xlsx_1757717916.xlsx,https://drive.google.com/file/d/1tz8UeuxJv5cRgyFaz8sMB_9RdHjKpsjh/view?usp=drivesdk
1o-cTy7YTnRir11_IluuvBpaMBlvRUaZX,E2025-07-CI-001 Allendale Billing #1 26_08_2025.pdf,duplicate,Allendale 6408 106/6408: Invoice,_Duplicates/Allendale (generic)/E2025-07-CI-001 Allendale Billing #1 26_08_2025.pdf,https://drive.google.com/file/d/1o-cTy7YTnRir11_IluuvBpaMBlvRUaZX/view?usp=drivesdk
11LmDyvyZZFDK9Nef7g98clqx8YYb56YFPbsTofqHttg,Investment Return ,primary,,_NeedsReview/Investment Return ,https://docs.google.com/document/d/11LmDyvyZZFDK9Nef7g98clqx8YYb56YFPbsTofqHttg/edit?usp=drivesdk&ouid=112966636072631084810
1VsPiCtaA1-2wTIS5-h5L98PaDHgzVS6Dzk5mZGjV5PI,Copy of COE Website 2025 Tax Sale Property List ,primary,,_Library/Financials/Copy of COE Website 2025 Tax Sale Property List ,https://docs.google.com/spreadsheets/d/1VsPiCtaA1-2wTIS5-h5L98PaDHgzVS6Dzk5mZGjV5PI/edit?usp=drivesdk&ouid=112966636072631084810
1bQwIe0ahDHsoZfPv2oZ5qQjpG-kUrF0o,2025-09-11 STATEMENT OF ADJUSTMENTS_002.pdf,primary,Jasper Park/Jasper Park Development ,Jasper Park/_NeedsReview/2025-09-11 STATEMENT OF ADJUSTMENTS_002.pdf,https://drive.google.com/file/d/1bQwIe0ahDHsoZfPv2oZ5qQjpG-kUrF0o/view?usp=drivesdk
1ONlFJOTA6EVAj1_shV1YRIWoCYZMIZXx,Estimated Shortfall Calculation.pdf,primary,Jasper Park/Jasper Park-Corporate Files ,Jasper Park/_NeedsReview/Estimated Shortfall Calculation.pdf,https://drive.google.com/file/d/1ONlFJOTA6EVAj1_shV1YRIWoCYZMIZXx/view?usp=drivesdk
1PT4CY3XO2NoS_hPVNreJ67muiPEvaKJz,Screenshot 2025-09-11 145032.png,primary,,_Library/Photos/Screenshot 2025-09-11 145032.png,https://drive.google.com/file/d/1PT4CY3XO2NoS_hPVNreJ67muiPEvaKJz/view?usp=drivesdk
1zSAoH16KosV33mhCHq7Pbhk5mndByLEZf3oBDWwP-jk,Hannah Hours Tracker,primary,CORPORATION/Employee/Employees ,_NeedsReview/Hannah Hours Tracker,https://docs.google.com/spreadsheets/d/1zSAoH16KosV33mhCHq7Pbhk5mndByLEZf3oBDWwP-jk/edit?usp=drivesdk&ouid=112966636072631084810
1PO1RxVsVXelR5oUIS9_VVLGcCBUGXKxe,Sundia Inc. Incorp Documents 2010.pdf,primary,Mayfield 110/Purchasing & Corp.,Mayfield 110/_NeedsReview/Sundia Inc. Incorp Documents 2010.pdf,https://drive.google.com/file/d/1PO1RxVsVXelR5oUIS9_VVLGcCBUGXKxe/view?usp=drivesdk
1MmEasfgkXAxjTxiMgzqwPwky3pL981lv,Estimate_2003424_from_Mani_Property_Services_Inc.pdf,primary,Mayfield 110/Mayfield-Invoice ,Mayfield 110/_NeedsReview/Estimate_2003424_from_Mani_Property_Services_Inc.pdf,https://drive.google.com/file/d/1MmEasfgkXAxjTxiMgzqwPwky3pL981lv/view?usp=drivesdk
1VysqS8bBPhOK_xqP9kO4XzXhxV-wKmtbP960YeySKqE,Ai Prop Tech: Rentro,primary,,_NeedsReview/Ai Prop Tech: Rentro,https://docs.google.com/document/d/1VysqS8bBPhOK_xqP9kO4XzXhxV-wKmtbP960YeySKqE/edit?usp=drivesdk&ouid=112966636072631084810
1Ir1spKHjV4jHwxsy9jUuGKdqLgpL1bAfblr8wsx6v1I,Inglewood Proforma ,primary,Inglewood 6-Plex: 11328 126 St,Inglewood 6-Plex (11328 126 St)/Financials/Inglewood Proforma ,https://docs.google.com/spreadsheets/d/1Ir1spKHjV4jHwxsy9jUuGKdqLgpL1bAfblr8wsx6v1I/edit?usp=drivesdk&ouid=112966636072631084810
1mzTYOWc6oCFvmLaP3AkgGahReZJGN3lgL-oC3-vpme0,Ike Investment ,primary,,_NeedsReview/Ike Investment ,https://docs.google.com/document/d/1mzTYOWc6oCFvmLaP3AkgGahReZJGN3lgL-oC3-vpme0/edit?usp=drivesdk&ouid=112966636072631084810
1cCHe3yZEe0E8ydNDcHXCHbj4ED_MhzZL4ZUAy_CzFhE,Staffing REIcon,primary,(root),_NeedsReview/Staffing REIcon,https://docs.google.com/spreadsheets/d/1cCHe3yZEe0E8ydNDcHXCHbj4ED_MhzZL4ZUAy_CzFhE/edit?usp=drivesdk&ouid=112966636072631084810
1bV3GDmEWaI2uaUOl30Lbi3kXaAYqXM5h,REIcon Handout 2025.pdf,primary,(root),_NeedsReview/REIcon Handout 2025.pdf,https://drive.google.com/file/d/1bV3GDmEWaI2uaUOl30Lbi3kXaAYqXM5h/view?usp=drivesdk
14eruA3_ikx8qe_wqeVEXba7MfwLTK64D,Purchase Contract.pdf,primary,,_Library/Contracts/Purchase Contract.pdf,https://drive.google.com/file/d/14eruA3_ikx8qe_wqeVEXba7MfwLTK64D/view?usp=drivesdk
1uJUcnyveQD8kieAMhU90c36c_QwSB6jI,Void Cheque Emanation Investments Inc.,primary,CORPORATION/Emanation Investment Inc. Corporation Files,_Library/Photos/Void Cheque Emanation Investments Inc.,https://drive.google.com/file/d/1uJUcnyveQD8kieAMhU90c36c_QwSB6jI/view?usp=drivesdk
1ULPVBMesxvjLNoeWZW145M4ARtt6cWkX1n6UuMydZNU,PropAI Draft Scope,primary,(root),_Library/Construction/PropAI Draft Scope,https://docs.google.com/document/d/1ULPVBMesxvjLNoeWZW145M4ARtt6cWkX1n6UuMydZNU/edit?usp=drivesdk&ouid=112966636072631084810
129LgqB2TVlYOZgVfs2bEIM4DcNorTtwu,Summary.pdf,primary,Allendale 6408 106,Allendale (generic)/Financials/Summary.pdf,https://drive.google.com/file/d/129LgqB2TVlYOZgVfs2bEIM4DcNorTtwu/view?usp=drivesdk
1eFM8TuSah2v_3I3iSdAG65yGiborHdqF,Diamante Inc. - Commitment Letter - AB.pdf,primary,Jasper Park/Purchasing Documents ,Jasper Park/_NeedsReview/Diamante Inc. - Commitment Letter - AB.pdf,https://drive.google.com/file/d/1eFM8TuSah2v_3I3iSdAG65yGiborHdqF/view?usp=drivesdk
1CSYcbHWIfX9eDY9OCMZwIoZrUDlVku1O,Co-Star_ Brazil (After 2014).xlsx,primary,LEADS////SPREADSHEETS!,_NeedsReview/Co-Star_ Brazil (After 2014).xlsx,https://drive.google.com/file/d/1CSYcbHWIfX9eDY9OCMZwIoZrUDlVku1O/view?usp=drivesdk
10y86RQbxZ5MZosTv_YqZegkYaqNjIgn_,Co-Star_ Chile(After 2014).xlsx,primary,LEADS////SPREADSHEETS!,_NeedsReview/Co-Star_ Chile(After 2014).xlsx,https://drive.google.com/file/d/10y86RQbxZ5MZosTv_YqZegkYaqNjIgn_/view?usp=drivesdk
1WSx745ShLLXlO8dbvEtGggWRIjItDI85,Co-Star_ costa rica (After 2014).xlsx,primary,LEADS////SPREADSHEETS!,_NeedsReview/Co-Star_ costa rica (After 2014).xlsx,https://drive.google.com/file/d/1WSx745ShLLXlO8dbvEtGggWRIjItDI85/view?usp=drivesdk
1E6JVkGxULHjv-eVBjOeHvV8ry996tA9U,Co-Star_ Columbia (After 2014).xlsx,primary,LEADS////SPREADSHEETS!,_NeedsReview/Co-Star_ Columbia (After 2014).xlsx,https://drive.google.com/file/d/1E6JVkGxULHjv-eVBjOeHvV8ry996tA9U/view?usp=drivesdk
16HLHnn2TTpcDj3l2_WHCWnQuPnpWvkr5,Co-Star_ Peru (After 2014).xlsx,primary,LEADS////SPREADSHEETS!,_NeedsReview/Co-Star_ Peru (After 2014).xlsx,https://drive.google.com/file/d/16HLHnn2TTpcDj3l2_WHCWnQuPnpWvkr5/view?usp=drivesdk
1sE09ZnQbrJdzK3ASgLcr-zNYZQ3w9xtJ,Allendale 10646 61 Ave Developemnt PKG..pdf,primary,Allendale 10646 61 Ave 6 Unit ,Allendale (generic)/_NeedsReview/Allendale 10646 61 Ave Developemnt PKG..pdf,https://drive.google.com/file/d/1sE09ZnQbrJdzK3ASgLcr-zNYZQ3w9xtJ/view?usp=drivesdk
1s7AA7SCReplSnee6OmFQctK2HocK0oFK,Allendale 6 Unit Development Pkg..pdf,primary,Allendale 10646 61 Ave 6 Unit ,Allendale (generic)/_NeedsReview/Allendale 6 Unit Development Pkg..pdf,https://drive.google.com/file/d/1s7AA7SCReplSnee6OmFQctK2HocK0oFK/view?usp=drivesdk
1kKv4qSmDuX5cbm9dwKpLQfRA0VkPWwBo,How To_ Realtor OutReach.docx,primary,,_NeedsReview/How To_ Realtor OutReach.docx,https://drive.google.com/file/d/1kKv4qSmDuX5cbm9dwKpLQfRA0VkPWwBo/view?usp=drivesdk
1Xkde2Yr77BMB1i7Zq4MNLOUc0wFXy6Y7,Inglewood Investment 6-Plex 11328 126 St.xlsx,primary,,Inglewood (generic)/_NeedsReview/Inglewood Investment 6-Plex 11328 126 St.xlsx,https://drive.google.com/file/d/1Xkde2Yr77BMB1i7Zq4MNLOUc0wFXy6Y7/view?usp=drivesdk
1MvGuP_ckRXuNBLNFeo7tksuXW9sB6UHy,Builders_Developers INFO (email_numbers) .xlsx,primary,Buyers/ Investors ,_NeedsReview/Builders_Developers INFO (email_numbers) .xlsx,https://drive.google.com/file/d/1MvGuP_ckRXuNBLNFeo7tksuXW9sB6UHy/view?usp=drivesdk
1UNd3OMERDuF-SS5e-MszsWs1tPO-_5WS,Workflow-Responsibilities .docx,primary,LEADS////SPREADSHEETS!,_NeedsReview/Workflow-Responsibilities .docx,https://drive.google.com/file/d/1UNd3OMERDuF-SS5e-MszsWs1tPO-_5WS/view?usp=drivesdk
1GY1M8ErmmAvjJuFucEowRW56lDjwiIG9,Co-Star_ Peru (After 2014) (1).xlsx,primary,LEADS////SPREADSHEETS!,_NeedsReview/Co-Star_ Peru (After 2014) (1).xlsx,https://drive.google.com/file/d/1GY1M8ErmmAvjJuFucEowRW56lDjwiIG9/view?usp=drivesdk
1ISgTfb3ySbMOdpc-DpIklDXubQYcWlJh,Copy of Naturopathic Doctor Contact.xlsx,duplicate,LEADS////SPREADSHEETS!,_Duplicates/Unknown/Copy of Naturopathic Doctor Contact.xlsx,https://drive.google.com/file/d/1ISgTfb3ySbMOdpc-DpIklDXubQYcWlJh/view?usp=drivesdk
1gonGIJ-Q9E-UHznjH2dye3nyXAoM1Hcm,Copy of Website Design.docx,primary,LEADS////SPREADSHEETS!,_NeedsReview/Copy of Website Design.docx,https://drive.google.com/file/d/1gonGIJ-Q9E-UHznjH2dye3nyXAoM1Hcm/view?usp=drivesdk
1vbahw574gmuT4HpW4kqYV72XeH5WioEn,Cost-to-date Summary Invoices Allendale.xlsx,primary,LEADS////SPREADSHEETS!,Allendale (generic)/Financials/Cost-to-date Summary Invoices Allendale.xlsx,https://drive.google.com/file/d/1vbahw574gmuT4HpW4kqYV72XeH5WioEn/view?usp=drivesdk
1qpMdIN78Av5kdTQoBMGkE1Xsm3_edjwT,COURSE INFO INTO WHI+OLESLE .docx,primary,LEADS////SPREADSHEETS!,_NeedsReview/COURSE INFO INTO WHI+OLESLE .docx,https://drive.google.com/file/d/1qpMdIN78Av5kdTQoBMGkE1Xsm3_edjwT/view?usp=drivesdk
1SX4d7iKBDrSHypjhHiAQ1JhXHFU0X1_v,COURSE INFO INTO WHI+OLESLE .docx,duplicate,,_Duplicates/Unknown/COURSE INFO INTO WHI+OLESLE .docx,https://drive.google.com/file/d/1SX4d7iKBDrSHypjhHiAQ1JhXHFU0X1_v/view?usp=drivesdk
1whzXjEdySR_vq0T7LtkMJFYZKlt7YKWc,Deal Email_ Example.docx,primary,,_NeedsReview/Deal Email_ Example.docx,https://drive.google.com/file/d/1whzXjEdySR_vq0T7LtkMJFYZKlt7YKWc/view?usp=drivesdk
1Fo4ctT4wHugXpvbk_zAH9k8iexYFvk4G,Developer & Builders  (1).xlsx,primary,LEADS////SPREADSHEETS!,_NeedsReview/Developer & Builders  (1).xlsx,https://drive.google.com/file/d/1Fo4ctT4wHugXpvbk_zAH9k8iexYFvk4G/view?usp=drivesdk
19rEqkAEDaeQG5DbU05VF0W0nECtPH8w1,Developer & Builders  (1).xlsx,duplicate,,_Duplicates/Unknown/Developer & Builders  (1).xlsx,https://drive.google.com/file/d/19rEqkAEDaeQG5DbU05VF0W0nECtPH8w1/view?usp=drivesdk
1na5n4yvB5Jg0FjJ53DGTRGKs1CNLixFU,Development Soft Cost- Built For You .xlsx,primary,LEADS////SPREADSHEETS!,_Library/Financials/Development Soft Cost- Built For You .xlsx,https://drive.google.com/file/d/1na5n4yvB5Jg0FjJ53DGTRGKs1CNLixFU/view?usp=drivesdk
1MWGA80nuvkbG4nIk4NGRtA_NJTPlQGXd,Door Knock Script .docx,primary,Wholesale ,_NeedsReview/Door Knock Script .docx,https://drive.google.com/file/d/1MWGA80nuvkbG4nIk4NGRtA_NJTPlQGXd/view?usp=drivesdk
18bzwJ_Ogn-aEmNkuvRL1OSKCVvusfHRV,Emanation Investments Inc.- Insurance Application and Privacy Consent Form - Signed.pdf,primary,,_NeedsReview/Emanation Investments Inc.- Insurance Application and Privacy Consent Form - Signed.pdf,https://drive.google.com/file/d/18bzwJ_Ogn-aEmNkuvRL1OSKCVvusfHRV/view?usp=drivesdk
1tMiifyLBlDyrDdql8Vrc9vHVEtjQnQ_c,Facebook Gather Investors .docx,primary,LEADS////SPREADSHEETS!,_NeedsReview/Facebook Gather Investors .docx,https://drive.google.com/file/d/1tMiifyLBlDyrDdql8Vrc9vHVEtjQnQ_c/view?usp=drivesdk
1Sed381zyvvfNOxsSduf4Su5VRSkkiW7W,Facebook Gather Investors .docx,duplicate,,_Duplicates/Unknown/Facebook Gather Investors .docx,https://drive.google.com/file/d/1Sed381zyvvfNOxsSduf4Su5VRSkkiW7W/view?usp=drivesdk
1kpJDA4TdVMg4ofAfL7L0XP0ZkRT7p53t,How To_ Demolition Outreach.docx,primary,,_NeedsReview/How To_ Demolition Outreach.docx,https://drive.google.com/file/d/1kpJDA4TdVMg4ofAfL7L0XP0ZkRT7p53t/view?usp=drivesdk
1a6c00Nq6hkAl6a6JV9fD54JTFpXEwFZX,How To_ Insurance Claims .docx,primary,,_NeedsReview/How To_ Insurance Claims .docx,https://drive.google.com/file/d/1a6c00Nq6hkAl6a6JV9fD54JTFpXEwFZX/view?usp=drivesdk
1Bh2vsDL_MivKC0RUDJzZzF_9pqjOZvD8,How To_ Property Repair.docx,primary,,_NeedsReview/How To_ Property Repair.docx,https://drive.google.com/file/d/1Bh2vsDL_MivKC0RUDJzZzF_9pqjOZvD8/view?usp=drivesdk
1CPx3fWNCxcYINJWNz4SGymBB4oxXkLJ2,How To_ Qualify Buyer's .docx,primary,,_NeedsReview/How To_ Qualify Buyer's .docx,https://drive.google.com/file/d/1CPx3fWNCxcYINJWNz4SGymBB4oxXkLJ2/view?usp=drivesdk
1XlQAu2vC9Ul4SBsoKNqM9Jjn9ROyR2Ccokm6PTeGjog,Discount Code Tracking,primary,(root),_NeedsReview/Discount Code Tracking,https://docs.google.com/spreadsheets/d/1XlQAu2vC9Ul4SBsoKNqM9Jjn9ROyR2Ccokm6PTeGjog/edit?usp=drivesdk&ouid=112966636072631084810
1O8m6L9cFMNXtYD1Ni7YQtumk9ajv4O0v,How To_ Send out Deals.docx,primary,LEADS////SPREADSHEETS!,_NeedsReview/How To_ Send out Deals.docx,https://drive.google.com/file/d/1O8m6L9cFMNXtYD1Ni7YQtumk9ajv4O0v/view?usp=drivesdk
10pu-7pa6hfjUfz3TD0TU33Yztr5y7flB,In-Between Homes 9-Unit Development 10848 153St .docx,primary,LEADS////SPREADSHEETS!,In-Between Homes (10848 153 St)/_NeedsReview/In-Between Homes 9-Unit Development 10848 153St .docx,https://drive.google.com/file/d/10pu-7pa6hfjUfz3TD0TU33Yztr5y7flB/view?usp=drivesdk
1bGlcnC40Hvz-rQzW92pQ1Tx6NdzQi2Rn,Inglewood Investment 6-Plex 11328 126 St.xlsx,duplicate,LEADS////SPREADSHEETS!,_Duplicates/Inglewood (generic)/Inglewood Investment 6-Plex 11328 126 St.xlsx,https://drive.google.com/file/d/1bGlcnC40Hvz-rQzW92pQ1Tx6NdzQi2Rn/view?usp=drivesdk
1WuWFDFfg0uvnwSwLi9J4KDKEesqm-EvC,Investor Plan.docx,primary,LEADS////SPREADSHEETS!,_Library/Plans & Permits/Investor Plan.docx,https://drive.google.com/file/d/1WuWFDFfg0uvnwSwLi9J4KDKEesqm-EvC/view?usp=drivesdk
134NjsACpIqUPx7k6qlJ9-K4cDtd6I5RV,Main Objective.docx,primary,LEADS////SPREADSHEETS!,_NeedsReview/Main Objective.docx,https://drive.google.com/file/d/134NjsACpIqUPx7k6qlJ9-K4cDtd6I5RV/view?usp=drivesdk
176SgKJyo4sfVVMoHpS_EiNGt4ddoksSd,PRe-Development Email .docx,primary,LEADS////SPREADSHEETS!,_NeedsReview/PRe-Development Email .docx,https://drive.google.com/file/d/176SgKJyo4sfVVMoHpS_EiNGt4ddoksSd/view?usp=drivesdk
1lraq6ckgviSlLL4-DIyR_UBHnGwS7pnE,Co Star Data - US-20250902T173111Z-1-001.zip,primary,LEADS////SPREADSHEETS!,_NeedsReview/Co Star Data - US-20250902T173111Z-1-001.zip,https://drive.google.com/file/d/1lraq6ckgviSlLL4-DIyR_UBHnGwS7pnE/view?usp=drivesdk
1esXyKFgbINXW92yGFaGJ57MPY31-J8qF,Co star Data - CA-20250902T173006Z-1-001.zip,primary,LEADS////SPREADSHEETS!,_NeedsReview/Co star Data - CA-20250902T173006Z-1-001.zip,https://drive.google.com/file/d/1esXyKFgbINXW92yGFaGJ57MPY31-J8qF/view?usp=drivesdk
1kRiPfZCdUTZig_octePdA7a0lDAErmuruCiBptrYkTg,Marketing Fundamentals ,primary,,_Library/Marketing & OM/Marketing Fundamentals ,https://docs.google.com/document/d/1kRiPfZCdUTZig_octePdA7a0lDAErmuruCiBptrYkTg/edit?usp=drivesdk&ouid=112966636072631084810
1aQdwQC5H9kFOMEc0ocmN0cEaxq5zcl6-hutfdZP5Lnc,Developemnt Steps ,primary,,_NeedsReview/Developemnt Steps ,https://docs.google.com/document/d/1aQdwQC5H9kFOMEc0ocmN0cEaxq5zcl6-hutfdZP5Lnc/edit?usp=drivesdk&ouid=112966636072631084810
1NplffRR2bFmBy55ynpSKnV6gFZ2BzQSd,PRe-Development Email .docx,duplicate,,_Duplicates/Unknown/PRe-Development Email .docx,https://drive.google.com/file/d/1NplffRR2bFmBy55ynpSKnV6gFZ2BzQSd/view?usp=drivesdk
1rOK7xHU3ZlFMeI9RYvYF3Uh09fHxUif2k9YeREKWJ9Q,MF Qualificatiosn ,primary,,_NeedsReview/MF Qualificatiosn ,https://docs.google.com/document/d/1rOK7xHU3ZlFMeI9RYvYF3Uh09fHxUif2k9YeREKWJ9Q/edit?usp=drivesdk&ouid=112966636072631084810
1qrV8hOdAV7-u879hOLI4ndxCmbYl7IiyV_BPxUb_zb8,Call Dveloper Script ,primary,Wholesale ,_NeedsReview/Call Dveloper Script ,https://docs.google.com/document/d/1qrV8hOdAV7-u879hOLI4ndxCmbYl7IiyV_BPxUb_zb8/edit?usp=drivesdk&ouid=112966636072631084810
1rZ0Rj3-UKWxYv8PBPek38xdcimV9G3Mi,"Copy of Co-Star: Edmonton, Multifamily Sellers, 2014-2022, 1-4 stars.xlsx",primary,,"_NeedsReview/Copy of Co-Star: Edmonton, Multifamily Sellers, 2014-2022, 1-4 stars.xlsx",https://drive.google.com/file/d/1rZ0Rj3-UKWxYv8PBPek38xdcimV9G3Mi/view?usp=drivesdk
18Gu2rLboRVMaKGYaa0XzL7bgdMpD-yrP,Co Star Data - US-20250902T173111Z-1-001.zip,duplicate,LEADS////SPREADSHEETS!/Co star Data - CA,_Duplicates/Unknown/Co Star Data - US-20250902T173111Z-1-001.zip,https://drive.google.com/file/d/18Gu2rLboRVMaKGYaa0XzL7bgdMpD-yrP/view?usp=drivesdk
1AOQp1vic11LBlSS31242ay1SCNkuHtWw,Cashflow Analysis Matrix - 8 unit Ritchie.xlsx,primary,Development Info-----Go to rize/Formulas ,Ritchie 8-Plex/Financials/Cashflow Analysis Matrix - 8 unit Ritchie.xlsx,https://drive.google.com/file/d/1AOQp1vic11LBlSS31242ay1SCNkuHtWw/view?usp=drivesdk
1nmX0fBC-Hd77R9-wftFt8pf73NrLlXJc,Complete_with_Docusign_GSA_(2)_(1)pdf_Cred.pdf,primary,Jasper Park/Jasper Park-Corporate Files ,Jasper Park/_NeedsReview/Complete_with_Docusign_GSA_(2)_(1)pdf_Cred.pdf,https://drive.google.com/file/d/1nmX0fBC-Hd77R9-wftFt8pf73NrLlXJc/view?usp=drivesdk
1EAkpsMe4AQ04aofP3uV7HKC0pAXYGbPD,Complete_with_Docusign_GSA_(2)_(1)pdf_Cred.zip,primary,Jasper Park/Jasper Park-Corporate Files ,Jasper Park/_NeedsReview/Complete_with_Docusign_GSA_(2)_(1)pdf_Cred.zip,https://drive.google.com/file/d/1EAkpsMe4AQ04aofP3uV7HKC0pAXYGbPD/view?usp=drivesdk
1HggTINQJZ5TcL9NkDJJdkl6_TBdlsoTZ,Tammy Resume 2025 UPDATED .docx,primary,(root),_NeedsReview/Tammy Resume 2025 UPDATED .docx,https://drive.google.com/file/d/1HggTINQJZ5TcL9NkDJJdkl6_TBdlsoTZ/view?usp=drivesdk
1vRi7zzzJoQQmD46OveCtRbIykwI9vap0,Purchase Contract.pdf,duplicate,IBH Tax/9121 152 St NW Expenses,_Duplicates/Verum (9121 152 St)/Purchase Contract.pdf,https://drive.google.com/file/d/1vRi7zzzJoQQmD46OveCtRbIykwI9vap0/view?usp=drivesdk
1DdEa_KDnKmRtqdBuDNTFOuGx5tPim27S,Building Permit 564496862-006.pdf,primary,Allendale 6408 106/6408: Plans/Survey,Allendale (generic)/Plans & Permits/Building Permit 564496862-006.pdf,https://drive.google.com/file/d/1DdEa_KDnKmRtqdBuDNTFOuGx5tPim27S/view?usp=drivesdk
1DGUzTFiVTlvcuJVt7GCsnha0TuX83Cqy,Approved Rental Use Designation.pdf,primary,Allendale 6408 106,Allendale (generic)/_NeedsReview/Approved Rental Use Designation.pdf,https://drive.google.com/file/d/1DGUzTFiVTlvcuJVt7GCsnha0TuX83Cqy/view?usp=drivesdk
1bGN4FIB9CyZpzga_e4XgucVj9w5BU-ow,Building Permit 564496862-028.pdf,primary,Allendale 6408 106/Allendale Overview Info,Allendale (generic)/Plans & Permits/Building Permit 564496862-028.pdf,https://drive.google.com/file/d/1bGN4FIB9CyZpzga_e4XgucVj9w5BU-ow/view?usp=drivesdk
18dEnOx0cmVTkPKwH7T3jaLbYkWatYwCl,2013161 ALBERTA LTD T2 24.pdf,primary,Jasper Park/Jasper Park-Corporate Files ,Jasper Park/_NeedsReview/2013161 ALBERTA LTD T2 24.pdf,https://drive.google.com/file/d/18dEnOx0cmVTkPKwH7T3jaLbYkWatYwCl/view?usp=drivesdk
1dguShkfEFgetVG2iD8wUzfhOOAqeNMQJ,Operating online Statement 2025 03 31.pdf,primary,Jasper Park/Jasper Park-Corporate Files ,Jasper Park/_NeedsReview/Operating online Statement 2025 03 31.pdf,https://drive.google.com/file/d/1dguShkfEFgetVG2iD8wUzfhOOAqeNMQJ/view?usp=drivesdk
1SV7vtz_vaWiVPkc1CxL87161OwjGD5lD,west ed wellness fin stms 2023 & 2024.pdf,primary,Jasper Park/West Edmonton Naturopathic ,Jasper Park/_NeedsReview/west ed wellness fin stms 2023 & 2024.pdf,https://drive.google.com/file/d/1SV7vtz_vaWiVPkc1CxL87161OwjGD5lD/view?usp=drivesdk
1USMXXJKD29r2X44_3ClCDWpoGtVKEeHw,Notice of assessment Neil Tran 2023.pdf,primary,Jasper Park/Jasper Park-Corporate Files ,Jasper Park/_NeedsReview/Notice of assessment Neil Tran 2023.pdf,https://drive.google.com/file/d/1USMXXJKD29r2X44_3ClCDWpoGtVKEeHw/view?usp=drivesdk
1jGKi2VWlZNDwuJH3NCeSQurE2fTOpXiP,Operating online Statement 2025 04 30.pdf,primary,Jasper Park/Jasper Park-Corporate Files ,Jasper Park/_NeedsReview/Operating online Statement 2025 04 30.pdf,https://drive.google.com/file/d/1jGKi2VWlZNDwuJH3NCeSQurE2fTOpXiP/view?usp=drivesdk
13kA9j33dP6k0rm6jZohhWEO7x1l-kYAX,Holding Statement 2025 03 31.pdf,primary,Jasper Park/Jasper Park-Corporate Files ,Jasper Park/_NeedsReview/Holding Statement 2025 03 31.pdf,https://drive.google.com/file/d/13kA9j33dP6k0rm6jZohhWEO7x1l-kYAX/view?usp=drivesdk
1YhygwikZAneW-m5Oex1yNuqfwrp5KUkI,2013161 ALBERTA LTD fin 2023 & 2024.pdf,primary,Jasper Park/Jasper Park-Corporate Files ,Jasper Park/_NeedsReview/2013161 ALBERTA LTD fin 2023 & 2024.pdf,https://drive.google.com/file/d/1YhygwikZAneW-m5Oex1yNuqfwrp5KUkI/view?usp=drivesdk
1h614kk7MBBj5SRzFV97zO9eT7PoXUH0n,Notice of assessment Neil Tran 2024.pdf,primary,Jasper Park/Jasper Park-Corporate Files ,Jasper Park/_NeedsReview/Notice of assessment Neil Tran 2024.pdf,https://drive.google.com/file/d/1h614kk7MBBj5SRzFV97zO9eT7PoXUH0n/view?usp=drivesdk
1cgMIe8oKaS3c13ggI3SbOSWLOlaPynuV,Holding Statement 2025 04 30.pdf,primary,Jasper Park/Jasper Park-Corporate Files ,Jasper Park/_NeedsReview/Holding Statement 2025 04 30.pdf,https://drive.google.com/file/d/1cgMIe8oKaS3c13ggI3SbOSWLOlaPynuV/view?usp=drivesdk
1AaJ0RisK31wmhn81e5uhUCi9kH90O6oW,Notice_of_assessment_2025_05_02_02_58_44_824784.pdf,primary,Jasper Park/Jasper Park-Corporate Files ,Jasper Park/_NeedsReview/Notice_of_assessment_2025_05_02_02_58_44_824784.pdf,https://drive.google.com/file/d/1AaJ0RisK31wmhn81e5uhUCi9kH90O6oW/view?usp=drivesdk
1S_swbDKzBNW5E1p1YJRsssO3mgnBxWvA,Notice_of_assessment_2024_06_17_06_59_13_661964.pdf,primary,Jasper Park/Jasper Park-Corporate Files ,Jasper Park/_NeedsReview/Notice_of_assessment_2024_06_17_06_59_13_661964.pdf,https://drive.google.com/file/d/1S_swbDKzBNW5E1p1YJRsssO3mgnBxWvA/view?usp=drivesdk
1oNR8RPI9wJqMSQt0ltBz3uzUDMObRXqG,2013161 ALBERTA LTD T2 23.pdf,primary,Jasper Park/Jasper Park-Corporate Files ,Jasper Park/_NeedsReview/2013161 ALBERTA LTD T2 23.pdf,https://drive.google.com/file/d/1oNR8RPI9wJqMSQt0ltBz3uzUDMObRXqG/view?usp=drivesdk
1zQmEkNiIL365gv8vfpYKY5u9iECkj1Yl,Renovation Budget Checklist March 2023.docx,primary,,_Library/Financials/Renovation Budget Checklist March 2023.docx,https://drive.google.com/file/d/1zQmEkNiIL365gv8vfpYKY5u9iECkj1Yl/view?usp=drivesdk
15REl4GRIs4pVW1HphFLYS3eRjHd76J4iP6jPrVifYr8,Income/ Expensee 2024,primary,CORPORATION/2024 Tax Info,_NeedsReview/Income/ Expensee 2024,https://docs.google.com/document/d/15REl4GRIs4pVW1HphFLYS3eRjHd76J4iP6jPrVifYr8/edit?usp=drivesdk&ouid=112966636072631084810
1cXVINNf4znCdx-ex2IUmESBJVcgY0hvIYn1yb5PXN98,Loren Yaremchuk Portfolio Real Estate ,primary,,_NeedsReview/Loren Yaremchuk Portfolio Real Estate ,https://docs.google.com/spreadsheets/d/1cXVINNf4znCdx-ex2IUmESBJVcgY0hvIYn1yb5PXN98/edit?usp=drivesdk&ouid=112966636072631084810
17ANzDyoFrg8t1cj0ICyZhGH7YF0drcI8,Remittance Advice for Sundia Inc.pdf,primary,Mayfield 110/Purchasing & Corp.,Mayfield 110/_NeedsReview/Remittance Advice for Sundia Inc.pdf,https://drive.google.com/file/d/17ANzDyoFrg8t1cj0ICyZhGH7YF0drcI8/view?usp=drivesdk
1tfe2oANUGYawDZmDpPO8MjYNlDPLOEJL,Screenshot 2025-08-19 163536.png,primary,,_Library/Photos/Screenshot 2025-08-19 163536.png,https://drive.google.com/file/d/1tfe2oANUGYawDZmDpPO8MjYNlDPLOEJL/view?usp=drivesdk
1dh8kKLnWKOfeFXWSK3Q0ywNdSAJ41ZW5,Coaching website.mov,primary,(root),_NeedsReview/Coaching website.mov,https://drive.google.com/file/d/1dh8kKLnWKOfeFXWSK3Q0ywNdSAJ41ZW5/view?usp=drivesdk
1dUDCHy9QSlPh5YIiLBaW-x9EHi2903vj,Business Management App.mov,primary,(root),_NeedsReview/Business Management App.mov,https://drive.google.com/file/d/1dUDCHy9QSlPh5YIiLBaW-x9EHi2903vj/view?usp=drivesdk
15qJ8_6okjVbPhwQiPN5UnekeQe9XSixSbnYlXlJZ50I,Emanation Investments Inc. Business number,primary,Build Contracts Blank,_NeedsReview/Emanation Investments Inc. Business number,https://docs.google.com/document/d/15qJ8_6okjVbPhwQiPN5UnekeQe9XSixSbnYlXlJZ50I/edit?usp=drivesdk&ouid=112966636072631084810
1AoDVvklc-UoxxLFTfqeTyVwI_aVCoyGQ,Data.xlsx,primary,,_NeedsReview/Data.xlsx,https://drive.google.com/file/d/1AoDVvklc-UoxxLFTfqeTyVwI_aVCoyGQ/view?usp=drivesdk
17giJOUfVsmg_BgpDHQLcbcdRgZVcr0Y8,corporate resolution example.pdf,primary,Build Contracts Blank,_NeedsReview/corporate resolution example.pdf,https://drive.google.com/file/d/17giJOUfVsmg_BgpDHQLcbcdRgZVcr0Y8/view?usp=drivesdk
1BDeErz1lgn_FatBVS6JuG72n7sNJJsJg,corporate resolution example.pdf,primary,Jasper Park/Jasper Park-Corporate Files ,Jasper Park/_NeedsReview/corporate resolution example.pdf,https://drive.google.com/file/d/1BDeErz1lgn_FatBVS6JuG72n7sNJJsJg/view?usp=drivesdk
1ROaDwQ4kx6Z7a8Wx0fjdIFvmu-PhoO_L,46-web-or-mls-042_DSC01127.jpg,primary,(root),_Library/Photos/46-web-or-mls-042_DSC01127.jpg,https://drive.google.com/file/d/1ROaDwQ4kx6Z7a8Wx0fjdIFvmu-PhoO_L/view?usp=drivesdk
1s79CxTXqIzJQ1bljeCFKR4QVRTlBuqoI,47-web-or-mls-043_DSC01128.jpg,primary,(root),_Library/Photos/47-web-or-mls-043_DSC01128.jpg,https://drive.google.com/file/d/1s79CxTXqIzJQ1bljeCFKR4QVRTlBuqoI/view?usp=drivesdk
12nzH-7hKxXm0nxOKPgN_fuFhmuLCM4XX,44-web-or-mls-040_DSC01125.jpg,primary,(root),_Library/Photos/44-web-or-mls-040_DSC01125.jpg,https://drive.google.com/file/d/12nzH-7hKxXm0nxOKPgN_fuFhmuLCM4XX/view?usp=drivesdk
1Ip05tuhHxaD3R6ZTNTvZoZhHm4tUwpGE,3-web-or-mls-045_DSC01130.jpg,primary,(root),_Library/Photos/3-web-or-mls-045_DSC01130.jpg,https://drive.google.com/file/d/1Ip05tuhHxaD3R6ZTNTvZoZhHm4tUwpGE/view?usp=drivesdk
1VRet2XVL8BIsYWx7eLjc7S6Vr1gARXwD,45-web-or-mls-041_DSC01126.jpg,primary,(root),_Library/Photos/45-web-or-mls-041_DSC01126.jpg,https://drive.google.com/file/d/1VRet2XVL8BIsYWx7eLjc7S6Vr1gARXwD/view?usp=drivesdk
1OEBMbC_8o-KEQ0vyXGYGy9HDxxEIadEi,2-web-or-mls-046_DSC01131.jpg,primary,(root),_Library/Photos/2-web-or-mls-046_DSC01131.jpg,https://drive.google.com/file/d/1OEBMbC_8o-KEQ0vyXGYGy9HDxxEIadEi/view?usp=drivesdk
1cNWCKrhjcvsgpJAKSxD2bOJrCBM0Z8v-,1-web-or-mls-044_DSC01129.jpg,primary,(root),_Library/Photos/1-web-or-mls-044_DSC01129.jpg,https://drive.google.com/file/d/1cNWCKrhjcvsgpJAKSxD2bOJrCBM0Z8v-/view?usp=drivesdk
1o9pWnwcjFqAHusZzYSSLk_R_BEW0cT05,5-web-or-mls-001_DJI_20250814174218_0727_D.jpg,primary,(root),_Library/Photos/5-web-or-mls-001_DJI_20250814174218_0727_D.jpg,https://drive.google.com/file/d/1o9pWnwcjFqAHusZzYSSLk_R_BEW0cT05/view?usp=drivesdk
1DmwuZZkYeIcU1HGooMJlmO9pvgqHSSW1,6-web-or-mls-003_DJI_20250814174247_0728_D.jpg,primary,(root),_Library/Photos/6-web-or-mls-003_DJI_20250814174247_0728_D.jpg,https://drive.google.com/file/d/1DmwuZZkYeIcU1HGooMJlmO9pvgqHSSW1/view?usp=drivesdk
1zMBklCI5qqXqGazy_uz5KyAhh6YXW4sq,8-web-or-mls-007_DJI_20250814174317_0730_D.jpg,primary,(root),_Library/Photos/8-web-or-mls-007_DJI_20250814174317_0730_D.jpg,https://drive.google.com/file/d/1zMBklCI5qqXqGazy_uz5KyAhh6YXW4sq/view?usp=drivesdk
1t09-5Cl-lX1VMElQ8SLk86koEJT_EfV1,7-web-or-mls-005_DJI_20250814174302_0729_D.jpg,primary,(root),_Library/Photos/7-web-or-mls-005_DJI_20250814174302_0729_D.jpg,https://drive.google.com/file/d/1t09-5Cl-lX1VMElQ8SLk86koEJT_EfV1/view?usp=drivesdk
16LF89D0NMGhA850M-ekG3QNPcnWJM859,4-web-or-mls-047_DSC01132.jpg,primary,(root),_Library/Photos/4-web-or-mls-047_DSC01132.jpg,https://drive.google.com/file/d/16LF89D0NMGhA850M-ekG3QNPcnWJM859/view?usp=drivesdk
1ZnX6JZbXPQ6v1NVVqRSaOni1NbCoOUQl,11-web-or-mls-013_DJI_20250814174426_0733_D.jpg,primary,(root),_Library/Photos/11-web-or-mls-013_DJI_20250814174426_0733_D.jpg,https://drive.google.com/file/d/1ZnX6JZbXPQ6v1NVVqRSaOni1NbCoOUQl/view?usp=drivesdk
1AqFOA5k5a-6nbPwFSoTmnyQ3S5a9UArX,9-web-or-mls-009_DJI_20250814174342_0731_D.jpg,primary,(root),_Library/Photos/9-web-or-mls-009_DJI_20250814174342_0731_D.jpg,https://drive.google.com/file/d/1AqFOA5k5a-6nbPwFSoTmnyQ3S5a9UArX/view?usp=drivesdk
1QXAyQHj0Qr-BnsKhKZ9uwbeGlHYRLLsq,10-web-or-mls-011_DJI_20250814174400_0732_D.jpg,primary,(root),_Library/Photos/10-web-or-mls-011_DJI_20250814174400_0732_D.jpg,https://drive.google.com/file/d/1QXAyQHj0Qr-BnsKhKZ9uwbeGlHYRLLsq/view?usp=drivesdk
11AK63s1STsL1TxQMKaQBrj5A1g2egMwh,37-web-or-mls-033_DSC01109.jpg,primary,(root),_Library/Photos/37-web-or-mls-033_DSC01109.jpg,https://drive.google.com/file/d/11AK63s1STsL1TxQMKaQBrj5A1g2egMwh/view?usp=drivesdk
1NQsqRCxEYWDHeMRdJhYxws-7Y9emfx4D,36-web-or-mls-032_DSC01104.jpg,primary,(root),_Library/Photos/36-web-or-mls-032_DSC01104.jpg,https://drive.google.com/file/d/1NQsqRCxEYWDHeMRdJhYxws-7Y9emfx4D/view?usp=drivesdk
1o9MwQJfgfcKPruY3A0eWaWB7d7GcjPex,39-web-or-mls-035_DSC01115.jpg,primary,(root),_Library/Photos/39-web-or-mls-035_DSC01115.jpg,https://drive.google.com/file/d/1o9MwQJfgfcKPruY3A0eWaWB7d7GcjPex/view?usp=drivesdk
1moqx7IBsaOAfZn0GgMqcC3FxOW4oH2Go,38-web-or-mls-034_DSC01110.jpg,primary,(root),_Library/Photos/38-web-or-mls-034_DSC01110.jpg,https://drive.google.com/file/d/1moqx7IBsaOAfZn0GgMqcC3FxOW4oH2Go/view?usp=drivesdk
1n3UoRBDVO4-Pq0GziM2pOfI7KL7a2pEd,18-web-or-mls-014_DSC01047.jpg,primary,(root),_Library/Photos/18-web-or-mls-014_DSC01047.jpg,https://drive.google.com/file/d/1n3UoRBDVO4-Pq0GziM2pOfI7KL7a2pEd/view?usp=drivesdk
15iP8WBmTBOA-I5UZFK2-4kVx2JBq1Lf9,48-web-or-mls-022_DSC01080 - Bedroom - Standard - 2.jpg,primary,(root),_Library/Photos/48-web-or-mls-022_DSC01080 - Bedroom - Standard - 2.jpg,https://drive.google.com/file/d/15iP8WBmTBOA-I5UZFK2-4kVx2JBq1Lf9/view?usp=drivesdk
1EUVabRVjffCu9Y7Ff1bnpyqKSmw_rbrA,25-web-or-mls-021_DSC01077.jpg,primary,(root),_Library/Photos/25-web-or-mls-021_DSC01077.jpg,https://drive.google.com/file/d/1EUVabRVjffCu9Y7Ff1bnpyqKSmw_rbrA/view?usp=drivesdk
1w2CV4FV59-vnvnEE49qV-8cA0eWjfeAA,15-web-or-mls-008_DSC01038.jpg,primary,(root),_Library/Photos/15-web-or-mls-008_DSC01038.jpg,https://drive.google.com/file/d/1w2CV4FV59-vnvnEE49qV-8cA0eWjfeAA/view?usp=drivesdk
1rlPr6VxEJfMyxt1c7ENa_XL3j2m9x5Ko,49-web-or-mls-006_DSC01036 - Living Room - Standard - 1.jpg,primary,(root),_Library/Photos/49-web-or-mls-006_DSC01036 - Living Room - Standard - 1.jpg,https://drive.google.com/file/d/1rlPr6VxEJfMyxt1c7ENa_XL3j2m9x5Ko/view?usp=drivesdk
1JUcj-KqfdL6wP-N1A7iZAM5MdR6r2Jm0,16-web-or-mls-010_DSC01041.jpg,primary,(root),_Library/Photos/16-web-or-mls-010_DSC01041.jpg,https://drive.google.com/file/d/1JUcj-KqfdL6wP-N1A7iZAM5MdR6r2Jm0/view?usp=drivesdk
1Cxd7NBWPvh2YPWSE_TVNNm990jGIBgm5,24-web-or-mls-020_DSC01076.jpg,primary,(root),_Library/Photos/24-web-or-mls-020_DSC01076.jpg,https://drive.google.com/file/d/1Cxd7NBWPvh2YPWSE_TVNNm990jGIBgm5/view?usp=drivesdk
12tObJOP3ZuhsN1Nwe-L5NnEPSyqK7D9a,30-web-or-mls-026_DSC01094.jpg,primary,(root),_Library/Photos/30-web-or-mls-026_DSC01094.jpg,https://drive.google.com/file/d/12tObJOP3ZuhsN1Nwe-L5NnEPSyqK7D9a/view?usp=drivesdk
1K4o4DLxMcXeloqd-N6dFoDxiK2-VGBBJ,32-web-or-mls-028_DSC01095.jpg,primary,(root),_Library/Photos/32-web-or-mls-028_DSC01095.jpg,https://drive.google.com/file/d/1K4o4DLxMcXeloqd-N6dFoDxiK2-VGBBJ/view?usp=drivesdk
1OIFwjF6vx0pagHkSGootznYznIMsI6iP,13-web-or-mls-004_DSC01034.jpg,primary,(root),_Library/Photos/13-web-or-mls-004_DSC01034.jpg,https://drive.google.com/file/d/1OIFwjF6vx0pagHkSGootznYznIMsI6iP/view?usp=drivesdk
1OM53N24tG9_oUFnSLOFty2bqgqKwNDGY,42-web-or-mls-038_DSC01121.jpg,primary,(root),_Library/Photos/42-web-or-mls-038_DSC01121.jpg,https://drive.google.com/file/d/1OM53N24tG9_oUFnSLOFty2bqgqKwNDGY/view?usp=drivesdk
1J1JUOuC_1YqubZS43E09ajmkimCm4bA3,28-web-or-mls-024_DSC01089.jpg,primary,(root),_Library/Photos/28-web-or-mls-024_DSC01089.jpg,https://drive.google.com/file/d/1J1JUOuC_1YqubZS43E09ajmkimCm4bA3/view?usp=drivesdk
1_Qfbgjocqq4UIYlMgSpQnKClq3MNLv0K,22-web-or-mls-018_DSC01060.jpg,primary,(root),_Library/Photos/22-web-or-mls-018_DSC01060.jpg,https://drive.google.com/file/d/1_Qfbgjocqq4UIYlMgSpQnKClq3MNLv0K/view?usp=drivesdk
1BDovhPOTZ3JYjtsomjAD_-cBu4jAWmR6,14-web-or-mls-006_DSC01036.jpg,primary,(root),_Library/Photos/14-web-or-mls-006_DSC01036.jpg,https://drive.google.com/file/d/1BDovhPOTZ3JYjtsomjAD_-cBu4jAWmR6/view?usp=drivesdk
1pfiLYN1D-1jFjqvhALqR63VQmglaGUNp,43-web-or-mls-039_DSC01124.jpg,primary,(root),_Library/Photos/43-web-or-mls-039_DSC01124.jpg,https://drive.google.com/file/d/1pfiLYN1D-1jFjqvhALqR63VQmglaGUNp/view?usp=drivesdk
1dGesibVlcI5qFBFXZmZBOGykgCA6-vlw,12-web-or-mls-002_DSC01030.jpg,primary,(root),_Library/Photos/12-web-or-mls-002_DSC01030.jpg,https://drive.google.com/file/d/1dGesibVlcI5qFBFXZmZBOGykgCA6-vlw/view?usp=drivesdk
1MmzMY-939X6wzqpoIRAresxu4MlRNRzy,21-web-or-mls-017_DSC01058.jpg,primary,(root),_Library/Photos/21-web-or-mls-017_DSC01058.jpg,https://drive.google.com/file/d/1MmzMY-939X6wzqpoIRAresxu4MlRNRzy/view?usp=drivesdk
1EopXymaTU9J3AibbkdAVm4AoOXaOzYn0,35-web-or-mls-031_DSC01101.jpg,primary,(root),_Library/Photos/35-web-or-mls-031_DSC01101.jpg,https://drive.google.com/file/d/1EopXymaTU9J3AibbkdAVm4AoOXaOzYn0/view?usp=drivesdk
1Heesw10dR4LtB82X1Ql5CyH1SWuyiV1y,34-web-or-mls-030_DSC01098.jpg,primary,(root),_Library/Photos/34-web-or-mls-030_DSC01098.jpg,https://drive.google.com/file/d/1Heesw10dR4LtB82X1Ql5CyH1SWuyiV1y/view?usp=drivesdk
1uTJnJw1MdjfvpRk6WZ81zr2jx9s6_DXq,26-web-or-mls-022_DSC01080.jpg,primary,(root),_Library/Photos/26-web-or-mls-022_DSC01080.jpg,https://drive.google.com/file/d/1uTJnJw1MdjfvpRk6WZ81zr2jx9s6_DXq/view?usp=drivesdk
1DZwhlo1cs8GmZJEXUZi4JuDz9VuFzQ9P,17-web-or-mls-012_DSC01044.jpg,primary,(root),_Library/Photos/17-web-or-mls-012_DSC01044.jpg,https://drive.google.com/file/d/1DZwhlo1cs8GmZJEXUZi4JuDz9VuFzQ9P/view?usp=drivesdk
1l5OuluBCaQI0vWVaNTEhSUBoUCpJkpby,19-web-or-mls-015_DSC01051.jpg,primary,(root),_Library/Photos/19-web-or-mls-015_DSC01051.jpg,https://drive.google.com/file/d/1l5OuluBCaQI0vWVaNTEhSUBoUCpJkpby/view?usp=drivesdk
12rbsg18vsaWqFGo3unA4rNbR8D6lL50_,29-web-or-mls-025_DSC01063.jpg,primary,(root),_Library/Photos/29-web-or-mls-025_DSC01063.jpg,https://drive.google.com/file/d/12rbsg18vsaWqFGo3unA4rNbR8D6lL50_/view?usp=drivesdk
1JII4Vbh-Gw36bHHW0XG85fzqOMZuvkft,41-web-or-mls-037_DSC01118.jpg,primary,(root),_Library/Photos/41-web-or-mls-037_DSC01118.jpg,https://drive.google.com/file/d/1JII4Vbh-Gw36bHHW0XG85fzqOMZuvkft/view?usp=drivesdk
1TS5g-W1jJYqSIsblhH5KjrjUgI8EzABm,40-web-or-mls-036_DSC01086.jpg,primary,(root),_Library/Photos/40-web-or-mls-036_DSC01086.jpg,https://drive.google.com/file/d/1TS5g-W1jJYqSIsblhH5KjrjUgI8EzABm/view?usp=drivesdk
1E6e1Kg5M5AT9_5ufPJvRtms6dPmMuxJs,20-web-or-mls-016_DSC01054.jpg,primary,(root),_Library/Photos/20-web-or-mls-016_DSC01054.jpg,https://drive.google.com/file/d/1E6e1Kg5M5AT9_5ufPJvRtms6dPmMuxJs/view?usp=drivesdk
1r67tUNYUIbzxRV6hZZyyaA1rdATqP2ZK,27-web-or-mls-023_DSC01084.jpg,primary,(root),_Library/Photos/27-web-or-mls-023_DSC01084.jpg,https://drive.google.com/file/d/1r67tUNYUIbzxRV6hZZyyaA1rdATqP2ZK/view?usp=drivesdk
1f0bQnQLkq1L6Zw35a1_ePK5oCQhdLleo,33-web-or-mls-029_DSC01070.jpg,primary,(root),_Library/Photos/33-web-or-mls-029_DSC01070.jpg,https://drive.google.com/file/d/1f0bQnQLkq1L6Zw35a1_ePK5oCQhdLleo/view?usp=drivesdk
1gCz1oP3FMY3XMq8-K28riOO7M4QmWqAk,31-web-or-mls-027_DSC01066.jpg,primary,(root),_Library/Photos/31-web-or-mls-027_DSC01066.jpg,https://drive.google.com/file/d/1gCz1oP3FMY3XMq8-K28riOO7M4QmWqAk/view?usp=drivesdk
1s74cvw4rXAp5YZf7ybBa_0T9I2OIpV63,23-web-or-mls-019_DSC01072.jpg,primary,(root),_Library/Photos/23-web-or-mls-019_DSC01072.jpg,https://drive.google.com/file/d/1s74cvw4rXAp5YZf7ybBa_0T9I2OIpV63/view?usp=drivesdk
1jCmIr97cfR1NdMADzHhcixzGh2gWabWKJHLjHInGaTE,Clinic/hospital owners,primary,,_NeedsReview/Clinic/hospital owners,https://docs.google.com/spreadsheets/d/1jCmIr97cfR1NdMADzHhcixzGh2gWabWKJHLjHInGaTE/edit?usp=drivesdk&ouid=112966636072631084810
1cwlGT1wIQYJT6vCUYvAMVJqy8mHgMXLB,Quote#USA2TQ - With Policy Wordings.pdf,primary,Mayfield 110/Loren Files ,Mayfield 110/_NeedsReview/Quote#USA2TQ - With Policy Wordings.pdf,https://drive.google.com/file/d/1cwlGT1wIQYJT6vCUYvAMVJqy8mHgMXLB/view?usp=drivesdk
1XjgSZXu9J36gg59Ypz1X4hGfAYOJvD6s9HhjWZHZZ1k,Parkallen,primary,,_NeedsReview/Parkallen,https://docs.google.com/document/d/1XjgSZXu9J36gg59Ypz1X4hGfAYOJvD6s9HhjWZHZZ1k/edit?usp=drivesdk&ouid=112966636072631084810
1k2w0sLIvBHgc5iKIwnDPR9YOftN_j7JMYcrLi-rsY9M,Graham Email- 40 Units ,primary,,_NeedsReview/Graham Email- 40 Units ,https://docs.google.com/document/d/1k2w0sLIvBHgc5iKIwnDPR9YOftN_j7JMYcrLi-rsY9M/edit?usp=drivesdk&ouid=112966636072631084810
1vr4ZVDA8oKDfWLnx8TmTCTRETNfsLVy9,Inglewood Proforma .xlsx,primary,Inglewood 6-Plex: 11328 126 St,Inglewood 6-Plex (11328 126 St)/Financials/Inglewood Proforma .xlsx,https://drive.google.com/file/d/1vr4ZVDA8oKDfWLnx8TmTCTRETNfsLVy9/view?usp=drivesdk
16BVTaBfcjHaOLTbS2eg2KMtoUdHsRo5S,Screenshot 2025-08-13 115429.png,primary,,_Library/Photos/Screenshot 2025-08-13 115429.png,https://drive.google.com/file/d/16BVTaBfcjHaOLTbS2eg2KMtoUdHsRo5S/view?usp=drivesdk
1E0GDa0Zhko_LZbj74wYyXc3e67Ols5vv,"Peakhill_Personal_Net_Worth_Loren Yaremchuk 09,2025).pdf",primary,Mayfield 110/Loren Files ,"Mayfield 110/_NeedsReview/Peakhill_Personal_Net_Worth_Loren Yaremchuk 09,2025).pdf",https://drive.google.com/file/d/1E0GDa0Zhko_LZbj74wYyXc3e67Ols5vv/view?usp=drivesdk
17WksNyMrmnAuB_ERAKuSlpsWueYnLZWr,Summary.pdf,primary,Allendale 6408 106,Allendale (generic)/Financials/Summary.pdf,https://drive.google.com/file/d/17WksNyMrmnAuB_ERAKuSlpsWueYnLZWr/view?usp=drivesdk
10TrvQG6BE5tBL-19aUU3ocHo4Vh2oNYD,Blank Notice Template.xps.pdf,primary,Allendale 6408 106/6408: Purchase Docs ,Allendale (generic)/_NeedsReview/Blank Notice Template.xps.pdf,https://drive.google.com/file/d/10TrvQG6BE5tBL-19aUU3ocHo4Vh2oNYD/view?usp=drivesdk
1Ifv0FFVpehaaCm7ix4Q0gAUZJHZAbVwJ,SCHEDULE 3_ REAL ESTATE OWNED .pdf,primary,Mayfield 110/Loren Files ,Mayfield 110/_NeedsReview/SCHEDULE 3_ REAL ESTATE OWNED .pdf,https://drive.google.com/file/d/1Ifv0FFVpehaaCm7ix4Q0gAUZJHZAbVwJ/view?usp=drivesdk
1zFLXEeeVfCHh6IO6olxvlU_ZAPmBPI_HTvoYwewtYic,Peakhill Personal Net Worth. (1),primary,(root),_NeedsReview/Peakhill Personal Net Worth. (1),https://docs.google.com/document/d/1zFLXEeeVfCHh6IO6olxvlU_ZAPmBPI_HTvoYwewtYic/edit?usp=drivesdk&ouid=112966636072631084810
1q11v_LPssr7NHyQOs-oOWc3EpYx0prxn,RECEIPT - Do not reply.eml,duplicate,Mayfield 110/Mayfield-Invoice ,_Duplicates/Mayfield 110/RECEIPT - Do not reply.eml,https://drive.google.com/file/d/1q11v_LPssr7NHyQOs-oOWc3EpYx0prxn/view?usp=drivesdk
1oB2BvIwUGJLWC7ZO82CLeS575I4qn-0F,Receipt__from_OASIS_ENGINEERING_GROUP_LTD.pdf,duplicate,Mayfield 110/Mayfield-Invoice ,_Duplicates/Mayfield 110/Receipt__from_OASIS_ENGINEERING_GROUP_LTD.pdf,https://drive.google.com/file/d/1oB2BvIwUGJLWC7ZO82CLeS575I4qn-0F/view?usp=drivesdk
1uH7JXf2s1tx-31gZOTAyyE2uxY8Hmk7K,Invoice_62216_from_Enviromatics_Group_Ltd.pdf,duplicate,Mayfield 110/Mayfield-Invoice ,_Duplicates/Mayfield 110/Invoice_62216_from_Enviromatics_Group_Ltd.pdf,https://drive.google.com/file/d/1uH7JXf2s1tx-31gZOTAyyE2uxY8Hmk7K/view?usp=drivesdk
1lvX_x4k251PoO6UYtqKf9pU2Yp6gadDo,Receipt__from_OASIS_ENGINEERING_GROUP_LTD.pdf,primary,Mayfield 110/Mayfield-Invoice ,Mayfield 110/_NeedsReview/Receipt__from_OASIS_ENGINEERING_GROUP_LTD.pdf,https://drive.google.com/file/d/1lvX_x4k251PoO6UYtqKf9pU2Yp6gadDo/view?usp=drivesdk
1Bawta-VylB86rH6QzUdwTqrYM3oR-UUC,INVOICE_1819_from_Alberta Geomatics Inc_                                           (Operating as Arc Surveys Edmonton).pdf,duplicate,Mayfield 110/Mayfield-Invoice ,_Duplicates/Mayfield 110/INVOICE_1819_from_Alberta Geomatics Inc_                                           (Operating as Arc Surveys Edmonton).pdf,https://drive.google.com/file/d/1Bawta-VylB86rH6QzUdwTqrYM3oR-UUC/view?usp=drivesdk
1Spkq3OoI6buvfL4LVW3WA29ER-C-0abn,25-42488 Vibrant Homes.pdf,duplicate,Mayfield 110/Mayfield-Invoice ,_Duplicates/Mayfield 110/25-42488 Vibrant Homes.pdf,https://drive.google.com/file/d/1Spkq3OoI6buvfL4LVW3WA29ER-C-0abn/view?usp=drivesdk
1yD1CqwxBQ-LiLU1U4t1NSMqu_hYyDijJ,9815-08 Bulk Asbestos Report - JK Environmental.pdf,primary,Mayfield 110/Demolition ,Mayfield 110/Reports/9815-08 Bulk Asbestos Report - JK Environmental.pdf,https://drive.google.com/file/d/1yD1CqwxBQ-LiLU1U4t1NSMqu_hYyDijJ/view?usp=drivesdk
18H8NGDuKS5Os_Ku3Y6GwaY7cX_fR7A7z,Invoice_9521_from_OASIS_ENGINEERING_GROUP_LTD.pdf,duplicate,,_Duplicates/Unknown/Invoice_9521_from_OASIS_ENGINEERING_GROUP_LTD.pdf,https://drive.google.com/file/d/18H8NGDuKS5Os_Ku3Y6GwaY7cX_fR7A7z/view?usp=drivesdk
1jj06cOl7DSxj2dtYphsKwCa0Tc8kO76X,Attachment-1.pdf,primary,Allendale 10646 61 Ave 6 Unit ,Allendale (generic)/_NeedsReview/Attachment-1.pdf,https://drive.google.com/file/d/1jj06cOl7DSxj2dtYphsKwCa0Tc8kO76X/view?usp=drivesdk
1ZSu7W2Vi7hLodAmXjoE1UpJbDfcjgyTM-pY-RM1h2hw,Developemnt Workflow AI,primary,,_NeedsReview/Developemnt Workflow AI,https://docs.google.com/document/d/1ZSu7W2Vi7hLodAmXjoE1UpJbDfcjgyTM-pY-RM1h2hw/edit?usp=drivesdk&ouid=112966636072631084810
1dmsiqWVbOAR9wIN0gG3zipuS0Grq8gfL,Screenshot 2025-08-08 222856.png,primary,,_Library/Photos/Screenshot 2025-08-08 222856.png,https://drive.google.com/file/d/1dmsiqWVbOAR9wIN0gG3zipuS0Grq8gfL/view?usp=drivesdk
1GPrPKC5Vj8FpVM8umATPccJXit4cNJZl-_DF62KDLY4,SunRize Investments_Expense Report,primary,(root),_NeedsReview/SunRize Investments_Expense Report,https://docs.google.com/spreadsheets/d/1GPrPKC5Vj8FpVM8umATPccJXit4cNJZl-_DF62KDLY4/edit?usp=drivesdk&ouid=112966636072631084810
18HqNdswSBrf3-zCjKGGKCgk2_3MCwwHN,aabbdae6-75ab-44e0-9ec5-05766d5e02e7.jpg,primary,Mayfield 110/Mayfield-Invoice ,Mayfield 110/Photos/aabbdae6-75ab-44e0-9ec5-05766d5e02e7.jpg,https://drive.google.com/file/d/18HqNdswSBrf3-zCjKGGKCgk2_3MCwwHN/view?usp=drivesdk
1lk9a0wfl31_k27oTMO3REw5CO0-CyGwVd5nSVkKoyEo,In-Beetween Homes: Payment Schedule ,primary,2025 Tax/2025 Flips/Wholesale /In Between Homes /IN-Between Homes ,In-Between Homes (10848 153 St)/_NeedsReview/In-Beetween Homes: Payment Schedule ,https://docs.google.com/spreadsheets/d/1lk9a0wfl31_k27oTMO3REw5CO0-CyGwVd5nSVkKoyEo/edit?usp=drivesdk&ouid=112966636072631084810
1VQCGmz4rodRHSYIWHBLlLHJ2fEpiRloBviGw_4kZv7k,8-Plex Parkallen Development Pro Forma,primary,Development Info-----Go to rize,_Library/Financials/8-Plex Parkallen Development Pro Forma,https://docs.google.com/document/d/1VQCGmz4rodRHSYIWHBLlLHJ2fEpiRloBviGw_4kZv7k/edit?usp=drivesdk&ouid=112966636072631084810
12CEw1C-J3bBUChooUOcb6BCJwGFqgAII,8 Plex- Foundation Stage Cost Breakdown.xlsx,primary,Development Info-----Go to rize,_Library/Financials/8 Plex- Foundation Stage Cost Breakdown.xlsx,https://drive.google.com/file/d/12CEw1C-J3bBUChooUOcb6BCJwGFqgAII/view?usp=drivesdk
1LUBItv9m5SRa4c9aD15f0_c64604UCIo,Diamante ART.pdf,duplicate,Jasper Park/Jasper Park-Corporate Files ,_Duplicates/Jasper Park/Diamante ART.pdf,https://drive.google.com/file/d/1LUBItv9m5SRa4c9aD15f0_c64604UCIo/view?usp=drivesdk
1_rAscfRfga2ShN5nOtYQmPWLIktP-ZeG,Diamante CERT.pdf,duplicate,Jasper Park/Jasper Park-Corporate Files ,_Duplicates/Jasper Park/Diamante CERT.pdf,https://drive.google.com/file/d/1_rAscfRfga2ShN5nOtYQmPWLIktP-ZeG/view?usp=drivesdk
1L2wda3hb5_BlUOB0uNFl3SU0pjFX9dPT,Diamante REG.pdf,duplicate,Jasper Park/Jasper Park-Corporate Files ,_Duplicates/Jasper Park/Diamante REG.pdf,https://drive.google.com/file/d/1L2wda3hb5_BlUOB0uNFl3SU0pjFX9dPT/view?usp=drivesdk
12w45pBn4riHIQOeI9O11r9rQj3kdTQnP,Diamante NUANS.pdf,duplicate,Jasper Park/Jasper Park-Corporate Files ,_Duplicates/Jasper Park/Diamante NUANS.pdf,https://drive.google.com/file/d/12w45pBn4riHIQOeI9O11r9rQj3kdTQnP/view?usp=drivesdk
1nY4DVcEgTyeUY-qTBOra_baFzaE-5CqS,Diamante SHAREHOLDERS.pdf,duplicate,Jasper Park/Jasper Park-Corporate Files ,_Duplicates/Jasper Park/Diamante SHAREHOLDERS.pdf,https://drive.google.com/file/d/1nY4DVcEgTyeUY-qTBOra_baFzaE-5CqS/view?usp=drivesdk
14A9eu-1DHo4l601SBrm3JUIbUhkGlIXV,Diamante reciept.pdf,duplicate,Jasper Park/Jasper Park-Invoice,_Duplicates/Jasper Park/Diamante reciept.pdf,https://drive.google.com/file/d/14A9eu-1DHo4l601SBrm3JUIbUhkGlIXV/view?usp=drivesdk
1xI22f9HKDdznaQHEWi8idHkbNWCHLaW1,Screenshot 2025-07-31 102511.png,primary,,_Library/Photos/Screenshot 2025-07-31 102511.png,https://drive.google.com/file/d/1xI22f9HKDdznaQHEWi8idHkbNWCHLaW1/view?usp=drivesdk
1XJBVWleOSJ2Lq3ukJX64iOvGMqhjkNwj,Allendale Construction Schedule.pdf,primary,Allendale 6408 106/6408: Build,Allendale (generic)/Construction/Allendale Construction Schedule.pdf,https://drive.google.com/file/d/1XJBVWleOSJ2Lq3ukJX64iOvGMqhjkNwj/view?usp=drivesdk
1ve99zVKbqSjz1MxNIL4kSNc3WPWTcuHh,Template for Borrower_ Allendale 6408 106.xlsx,primary,,Allendale (generic)/_NeedsReview/Template for Borrower_ Allendale 6408 106.xlsx,https://drive.google.com/file/d/1ve99zVKbqSjz1MxNIL4kSNc3WPWTcuHh/view?usp=drivesdk
1ykS7JWD_wRFfOuz0OYdkWJP8rcy1oRDM,July Invoice Sunrize.pdf,primary,Invoices /Invoices from gmail,_Library/Financials/July Invoice Sunrize.pdf,https://drive.google.com/file/d/1ykS7JWD_wRFfOuz0OYdkWJP8rcy1oRDM/view?usp=drivesdk
1yGE1dSe37U1c4ZkgDnAp_8_OzdvG5RCA,Invoice 13430EH.pdf,duplicate,Invoices /Invoices from gmail,_Duplicates/Unknown/Invoice 13430EH.pdf,https://drive.google.com/file/d/1yGE1dSe37U1c4ZkgDnAp_8_OzdvG5RCA/view?usp=drivesdk
1y4FmYMHahSogCecRRkXLhsHtvNPTzYAk,Invoice 25-112 6-plex.pdf,duplicate,Invoices /Invoices from gmail,_Duplicates/Unknown/Invoice 25-112 6-plex.pdf,https://drive.google.com/file/d/1y4FmYMHahSogCecRRkXLhsHtvNPTzYAk/view?usp=drivesdk
1w2sd677EF68FSWI0CTZNF0TY-03H6twS,RirckQD.pdf,primary,Invoices /Invoices from gmail,_NeedsReview/RirckQD.pdf,https://drive.google.com/file/d/1w2sd677EF68FSWI0CTZNF0TY-03H6twS/view?usp=drivesdk
1v_L0_HHFVTmafHPhW3P3Z-iKkI6LBPaC,WMB.pdf,primary,Invoices /Invoices from gmail,_NeedsReview/WMB.pdf,https://drive.google.com/file/d/1v_L0_HHFVTmafHPhW3P3Z-iKkI6LBPaC/view?usp=drivesdk
1uhTeTTLRXL3zwsemTxabdJ3ZgLusb0l0,INVOICE 20240037.pdf,primary,Invoices /Invoices from gmail,_Library/Financials/INVOICE 20240037.pdf,https://drive.google.com/file/d/1uhTeTTLRXL3zwsemTxabdJ3ZgLusb0l0/view?usp=drivesdk
1pOqlpYSWJS08K2yZtTD5n0ycSx3HLnmR,Paid Invoice 13799RP (1).pdf,primary,Invoices /Invoices from gmail,_Library/Financials/Paid Invoice 13799RP (1).pdf,https://drive.google.com/file/d/1pOqlpYSWJS08K2yZtTD5n0ycSx3HLnmR/view?usp=drivesdk
1otO8GYtOr4HyrnJTpXvtAuMoImSoc3z7,106 Street Property - Venture Invoice 16643.pdf,duplicate,Invoices /Invoices from gmail,_Duplicates/106 Street Property/106 Street Property - Venture Invoice 16643.pdf,https://drive.google.com/file/d/1otO8GYtOr4HyrnJTpXvtAuMoImSoc3z7/view?usp=drivesdk
1o1XwoigeYGKzvBWqDuNu_AoKEGR3Pauv,0166867-00001_6564582_INV.PDF,duplicate,Invoices /Invoices from gmail,_Duplicates/Unknown/0166867-00001_6564582_INV.PDF,https://drive.google.com/file/d/1o1XwoigeYGKzvBWqDuNu_AoKEGR3Pauv/view?usp=drivesdk
1meA_W-PhZ7-q0vgfYj5M0TMp_KWTduDi,Receipt - Sunni Yaremchuk.pdf,primary,Invoices /Invoices from gmail,_NeedsReview/Receipt - Sunni Yaremchuk.pdf,https://drive.google.com/file/d/1meA_W-PhZ7-q0vgfYj5M0TMp_KWTduDi/view?usp=drivesdk
1mNfUb8rQCVIFy-eQYmdQPlnPsogyjT4j,ownr-receipt-2024-10-03.pdf,primary,Invoices /Invoices from gmail,_NeedsReview/ownr-receipt-2024-10-03.pdf,https://drive.google.com/file/d/1mNfUb8rQCVIFy-eQYmdQPlnPsogyjT4j/view?usp=drivesdk
1lYqoZoBNgB87B8flLlat_UFMCnUS8T9y,Invoice 13799RP.pdf,duplicate,Invoices /Invoices from gmail,_Duplicates/Unknown/Invoice 13799RP.pdf,https://drive.google.com/file/d/1lYqoZoBNgB87B8flLlat_UFMCnUS8T9y/view?usp=drivesdk
1l2VvfrHsvLD0k9dn6szKLRH41822dOuk,Invoice 25-184 Allendale 5 plex.pdf,duplicate,Invoices /Invoices from gmail,_Duplicates/Allendale (generic)/Invoice 25-184 Allendale 5 plex.pdf,https://drive.google.com/file/d/1l2VvfrHsvLD0k9dn6szKLRH41822dOuk/view?usp=drivesdk
1jNGRcmoTQHvcaMixGO7wGykYT_PLcILa,Invoice_2108922_342097.00001.pdf,primary,Invoices /Invoices from gmail,_NeedsReview/Invoice_2108922_342097.00001.pdf,https://drive.google.com/file/d/1jNGRcmoTQHvcaMixGO7wGykYT_PLcILa/view?usp=drivesdk
1hlfctmwm88R5vRgTJTFwSlAJZQN1JPda,Invoice-Facture MUIN00090084-MU MLI (1).PDF,primary,Invoices /Invoices from gmail,_Library/Financials/Invoice-Facture MUIN00090084-MU MLI (1).PDF,https://drive.google.com/file/d/1hlfctmwm88R5vRgTJTFwSlAJZQN1JPda/view?usp=drivesdk
1eVLpCY-86r8YBslgxL5Bu29mJVwfzrgP,5270136352.pdf,primary,Invoices /Invoices from gmail,_NeedsReview/5270136352.pdf,https://drive.google.com/file/d/1eVLpCY-86r8YBslgxL5Bu29mJVwfzrgP/view?usp=drivesdk
1dWHzshPT66F1PwJLQ2oOBJ1H-c2DevDP,2024-12-11 SOA.pdf,primary,Invoices /Invoices from gmail,_NeedsReview/2024-12-11 SOA.pdf,https://drive.google.com/file/d/1dWHzshPT66F1PwJLQ2oOBJ1H-c2DevDP/view?usp=drivesdk
1dCQkyyoPi-1B5Udb5jDf-MT6jWqyUMdG,Invoice 25-120 6-plex.pdf,duplicate,Invoices /Invoices from gmail,_Duplicates/Unknown/Invoice 25-120 6-plex.pdf,https://drive.google.com/file/d/1dCQkyyoPi-1B5Udb5jDf-MT6jWqyUMdG/view?usp=drivesdk
1d2q5dySoujQ3j-899jcaOaeQktj82vHo,I9FBOF0MHC9XFYT065T6IAV.jpg,primary,Invoices /Invoices from gmail,_Library/Photos/I9FBOF0MHC9XFYT065T6IAV.jpg,https://drive.google.com/file/d/1d2q5dySoujQ3j-899jcaOaeQktj82vHo/view?usp=drivesdk
1a5M64TLm3xcdWZG9_FBcdb6YGeRiBecB,"October 28, 2024.pdf",primary,Invoices /Invoices from gmail,"_NeedsReview/October 28, 2024.pdf",https://drive.google.com/file/d/1a5M64TLm3xcdWZG9_FBcdb6YGeRiBecB/view?usp=drivesdk
1_189lp2mkEL_vtf8YAfI2adxHpZ_EMLc,BillStatement_342097.pdf,primary,Invoices /Invoices from gmail,_NeedsReview/BillStatement_342097.pdf,https://drive.google.com/file/d/1_189lp2mkEL_vtf8YAfI2adxHpZ_EMLc/view?usp=drivesdk
1ZE6DAcZReKIgg4rcxdZ5BBcx5_5_n89e,Invoice 24241.pdf,primary,Invoices /Invoices from gmail,_Library/Financials/Invoice 24241.pdf,https://drive.google.com/file/d/1ZE6DAcZReKIgg4rcxdZ5BBcx5_5_n89e/view?usp=drivesdk
1UY3NUmVPglhC69V5KitWi7HtJwjFjlS3,5076955020.pdf,primary,Invoices /Invoices from gmail,_NeedsReview/5076955020.pdf,https://drive.google.com/file/d/1UY3NUmVPglhC69V5KitWi7HtJwjFjlS3/view?usp=drivesdk
1TmIltx7EotawWqIkPziW4TLseln4nSJn,invoice_93826.pdf,primary,Invoices /Invoices from gmail,_NeedsReview/invoice_93826.pdf,https://drive.google.com/file/d/1TmIltx7EotawWqIkPziW4TLseln4nSJn/view?usp=drivesdk
1TNfPFr6L4x9AC1GmqfjSCgx0_pbujY5R,ownr-receipt-2025-07-14.pdf,primary,Invoices /Invoices from gmail,_NeedsReview/ownr-receipt-2025-07-14.pdf,https://drive.google.com/file/d/1TNfPFr6L4x9AC1GmqfjSCgx0_pbujY5R/view?usp=drivesdk
1S0onj17dz-ukFaLUEO8FoXXt6VRhulQu,Invoice-E2A3E320-0001.pdf,primary,Invoices /Invoices from gmail,_Library/Financials/Invoice-E2A3E320-0001.pdf,https://drive.google.com/file/d/1S0onj17dz-ukFaLUEO8FoXXt6VRhulQu/view?usp=drivesdk
1RWOw6rtveOV-SiH4lIc6ddBeG_sHHOdk,Invoice.pdf,primary,Invoices /Invoices from gmail,_Library/Financials/Invoice.pdf,https://drive.google.com/file/d/1RWOw6rtveOV-SiH4lIc6ddBeG_sHHOdk/view?usp=drivesdk
1R0taM8jCLto8so7ixBwk2B8ULJRUqZEC,Rental Reciept 6408 106 St.png,primary,Invoices /Invoices from gmail,Allendale 5-Plex (6408 106 St)/Photos/Rental Reciept 6408 106 St.png,https://drive.google.com/file/d/1R0taM8jCLto8so7ixBwk2B8ULJRUqZEC/view?usp=drivesdk
1OpiKoNUdoDmfFy-n9bvUgqf-Vde3Qyq6,Invoice 24241-11328 126 St.pdf,duplicate,Invoices /Invoices from gmail,_Duplicates/Inglewood 6-Plex (11328 126 St)/Invoice 24241-11328 126 St.pdf,https://drive.google.com/file/d/1OpiKoNUdoDmfFy-n9bvUgqf-Vde3Qyq6/view?usp=drivesdk
1OFSidF7mn4SyNgiXIUy9d4MYpol1yrTT,5100684767.pdf,primary,Invoices /Invoices from gmail,_NeedsReview/5100684767.pdf,https://drive.google.com/file/d/1OFSidF7mn4SyNgiXIUy9d4MYpol1yrTT/view?usp=drivesdk
1NM8Et19AGbpyxys-wjnhP3YQlSCSqzlu,Invoice 24240.pdf,primary,Invoices /Invoices from gmail,_Library/Financials/Invoice 24240.pdf,https://drive.google.com/file/d/1NM8Et19AGbpyxys-wjnhP3YQlSCSqzlu/view?usp=drivesdk
1NHddZXGNIMidWFofQ7dIs-Ipbjd1Jf24,ticket.pdf,primary,Invoices /Invoices from gmail,_NeedsReview/ticket.pdf,https://drive.google.com/file/d/1NHddZXGNIMidWFofQ7dIs-Ipbjd1Jf24/view?usp=drivesdk
1MuvtgV5vncMIJwL7puRTd2cwDys-RykD,August invoice Sunrize.pdf,primary,Invoices /Invoices from gmail,_Library/Financials/August invoice Sunrize.pdf,https://drive.google.com/file/d/1MuvtgV5vncMIJwL7puRTd2cwDys-RykD/view?usp=drivesdk
1LfnWdk_ZPdlQCDiJeNAi24k68A48cao3,5240068662.pdf,primary,Invoices /Invoices from gmail,_NeedsReview/5240068662.pdf,https://drive.google.com/file/d/1LfnWdk_ZPdlQCDiJeNAi24k68A48cao3/view?usp=drivesdk
1Kxjzhs6ldeDh7aXjjMGB8vlp89OD2V-Y,Transaction Receipt (1).pdf,primary,Invoices /Invoices from gmail,_NeedsReview/Transaction Receipt (1).pdf,https://drive.google.com/file/d/1Kxjzhs6ldeDh7aXjjMGB8vlp89OD2V-Y/view?usp=drivesdk
1J9nTT62Jx3x43ajRL-XQ9O0COm92kxrZ,broker canada.pdf,primary,Invoices /Invoices from gmail,_NeedsReview/broker canada.pdf,https://drive.google.com/file/d/1J9nTT62Jx3x43ajRL-XQ9O0COm92kxrZ/view?usp=drivesdk
1FhCSR5dOfqxbMTPIMgDMRdUcwqjl9zQk,Statement of Account(39074569.1).pdf,primary,Invoices /Invoices from gmail,_NeedsReview/Statement of Account(39074569.1).pdf,https://drive.google.com/file/d/1FhCSR5dOfqxbMTPIMgDMRdUcwqjl9zQk/view?usp=drivesdk
1FcdaWs1zS8_pWZHIAAgVP1muE494BEbO,313398179_v(1)_Invoice 2123590.pdf,primary,Invoices /Invoices from gmail,_NeedsReview/313398179_v(1)_Invoice 2123590.pdf,https://drive.google.com/file/d/1FcdaWs1zS8_pWZHIAAgVP1muE494BEbO/view?usp=drivesdk
1FR9c5w9yIzAzjz8ukctv76-7H-c79I9f,"August 28, 2024.pdf",primary,Invoices /Invoices from gmail,"_NeedsReview/August 28, 2024.pdf",https://drive.google.com/file/d/1FR9c5w9yIzAzjz8ukctv76-7H-c79I9f/view?usp=drivesdk
1EOwL1_A7d6SJ9Tvo7F-f0NuySHJacmWe,5189175239.pdf,primary,Invoices /Invoices from gmail,_NeedsReview/5189175239.pdf,https://drive.google.com/file/d/1EOwL1_A7d6SJ9Tvo7F-f0NuySHJacmWe/view?usp=drivesdk
1E-RcvayHD1qa2oNxb_i2rCoRdSZA23TF,booking receipt.pdf,primary,Invoices /Invoices from gmail,_NeedsReview/booking receipt.pdf,https://drive.google.com/file/d/1E-RcvayHD1qa2oNxb_i2rCoRdSZA23TF/view?usp=drivesdk
1BU0EoFgDHvUm4LbqZg-szRlK7H0KftZD,BL_6564582_0166867.pdf,primary,Invoices /Invoices from gmail,_NeedsReview/BL_6564582_0166867.pdf,https://drive.google.com/file/d/1BU0EoFgDHvUm4LbqZg-szRlK7H0KftZD/view?usp=drivesdk
1BDdJJZZKB-1lw3QJ3f4XCyRxJgv0nRzx,314117886_v(1)_Invoice 2141190.pdf,primary,Invoices /Invoices from gmail,_NeedsReview/314117886_v(1)_Invoice 2141190.pdf,https://drive.google.com/file/d/1BDdJJZZKB-1lw3QJ3f4XCyRxJgv0nRzx/view?usp=drivesdk
1AH340fGjab8ieTZqkiQUZb5JySDXoOvv,Invoice Ritchie Rentals Leasing.png,primary,Invoices /Invoices from gmail,Ritchie 8-Plex/Photos/Invoice Ritchie Rentals Leasing.png,https://drive.google.com/file/d/1AH340fGjab8ieTZqkiQUZb5JySDXoOvv/view?usp=drivesdk
1AH0BR--l4m0F8WenXjzR-uaV0Y91fajf,312741014_v(1)_Invoice 2108922.pdf,primary,Invoices /Invoices from gmail,_NeedsReview/312741014_v(1)_Invoice 2108922.pdf,https://drive.google.com/file/d/1AH0BR--l4m0F8WenXjzR-uaV0Y91fajf/view?usp=drivesdk
17a49msIQDZ-g2DHvfBwF0ZGoOKrgGy7O,5168020686.pdf,primary,Invoices /Invoices from gmail,_NeedsReview/5168020686.pdf,https://drive.google.com/file/d/17a49msIQDZ-g2DHvfBwF0ZGoOKrgGy7O/view?usp=drivesdk
17OAEkbH5RwapG_Yt7xLE5NQoH0IArHx9,5291060108.pdf,primary,Invoices /Invoices from gmail,_NeedsReview/5291060108.pdf,https://drive.google.com/file/d/17OAEkbH5RwapG_Yt7xLE5NQoH0IArHx9/view?usp=drivesdk
151UUsoOdHyJCzFqQpE2sM20VTYi8duCB,29766_invoice.pdf,primary,Invoices /Invoices from gmail,_NeedsReview/29766_invoice.pdf,https://drive.google.com/file/d/151UUsoOdHyJCzFqQpE2sM20VTYi8duCB/view?usp=drivesdk
13osfL773bSBbB3tGj5M7Qa2sKm5jvpSU,Invoice_4949.pdf,primary,Invoices /Invoices from gmail,_NeedsReview/Invoice_4949.pdf,https://drive.google.com/file/d/13osfL773bSBbB3tGj5M7Qa2sKm5jvpSU/view?usp=drivesdk
13ELTvIdBM8sMFUnXdUoFu6tW5FrpEic6,SUN001HDServices invoice (1).pdf,primary,Invoices /Invoices from gmail,_Library/Financials/SUN001HDServices invoice (1).pdf,https://drive.google.com/file/d/13ELTvIdBM8sMFUnXdUoFu6tW5FrpEic6/view?usp=drivesdk
10iEUZIBJVPkhIrj3OFnbXJmStJe9QIvt,0166867-00001_RS.PDF,primary,Invoices /Invoices from gmail,_NeedsReview/0166867-00001_RS.PDF,https://drive.google.com/file/d/10iEUZIBJVPkhIrj3OFnbXJmStJe9QIvt/view?usp=drivesdk
10R8joxo00sg6_u2HfD9Fhpm7lJ2JAxEs,SUN001HDServices invoice.pdf,primary,Invoices /Invoices from gmail,_Library/Financials/SUN001HDServices invoice.pdf,https://drive.google.com/file/d/10R8joxo00sg6_u2HfD9Fhpm7lJ2JAxEs/view?usp=drivesdk
1PgY2jl2mfXXH-4RGR_C1BgQiF80qHL6m,Heisler_Selling_Contract.pdf,primary,CORPORATION/2024 Tax Info/Sold Houses/315 Haultain Avenue ,_NeedsReview/Heisler_Selling_Contract.pdf,https://drive.google.com/file/d/1PgY2jl2mfXXH-4RGR_C1BgQiF80qHL6m/view?usp=drivesdk
1fsyNwy6ErH3Jn2wf-ROFEeYktuB0_Imj,"February 28, 2025.pdf",primary,CORPORATION/2024 Tax Info,"_NeedsReview/February 28, 2025.pdf",https://drive.google.com/file/d/1fsyNwy6ErH3Jn2wf-ROFEeYktuB0_Imj/view?usp=drivesdk
1zqEGCBNdPJ12JQWakHKU1IQSAipBna4T,"January 28, 2025.pdf",primary,CORPORATION/2024 Tax Info,"_NeedsReview/January 28, 2025.pdf",https://drive.google.com/file/d/1zqEGCBNdPJ12JQWakHKU1IQSAipBna4T/view?usp=drivesdk
1zzJRT7AscItMcTvIHRwfARL4Jj3koZvO,"December 28, 2024.pdf",primary,CORPORATION/2024 Tax Info,"_NeedsReview/December 28, 2024.pdf",https://drive.google.com/file/d/1zzJRT7AscItMcTvIHRwfARL4Jj3koZvO/view?usp=drivesdk
1ZKPngDXd7iY4OIpzvevrV_khcJYUqSm2,"November 28, 2024.pdf",primary,CORPORATION/2024 Tax Info,"_NeedsReview/November 28, 2024.pdf",https://drive.google.com/file/d/1ZKPngDXd7iY4OIpzvevrV_khcJYUqSm2/view?usp=drivesdk
1pO0NLnIdYvarzbK86FaW_FDknEwy-L5j,"October 28, 2024.pdf",primary,CORPORATION/2024 Tax Info,"_NeedsReview/October 28, 2024.pdf",https://drive.google.com/file/d/1pO0NLnIdYvarzbK86FaW_FDknEwy-L5j/view?usp=drivesdk
1tjBuJ3bg7_x02lq2Qke3W7ZD3tTZA406,"September 28, 2024.pdf",primary,CORPORATION/2024 Tax Info,"_NeedsReview/September 28, 2024.pdf",https://drive.google.com/file/d/1tjBuJ3bg7_x02lq2Qke3W7ZD3tTZA406/view?usp=drivesdk
1Y8KURqiAQsZBTNHSbAzOzrHCbtRxu2s7,"August 28, 2024.pdf",primary,CORPORATION/2024 Tax Info,"_NeedsReview/August 28, 2024.pdf",https://drive.google.com/file/d/1Y8KURqiAQsZBTNHSbAzOzrHCbtRxu2s7/view?usp=drivesdk
1Awdkt0DabmIuHcoIhkhUMyCfh9YO4Hiq,"July 28, 2024.pdf",primary,CORPORATION/2024 Tax Info,"_NeedsReview/July 28, 2024.pdf",https://drive.google.com/file/d/1Awdkt0DabmIuHcoIhkhUMyCfh9YO4Hiq/view?usp=drivesdk
14b8NjxMfwNhTaAVMY2-cSeKSwDdrk__c,"June 28, 2024.pdf",primary,CORPORATION/2024 Tax Info,"_NeedsReview/June 28, 2024.pdf",https://drive.google.com/file/d/14b8NjxMfwNhTaAVMY2-cSeKSwDdrk__c/view?usp=drivesdk
1rNUH4XKxBnY56DjQYFWcIePpy9CwkagE,"May 28, 2024.pdf",primary,CORPORATION/2024 Tax Info,"_NeedsReview/May 28, 2024.pdf",https://drive.google.com/file/d/1rNUH4XKxBnY56DjQYFWcIePpy9CwkagE/view?usp=drivesdk
1IZBesyKz1Ss_y2ctB2khupEHirnUT6cJ,"March 28, 2024.pdf",primary,CORPORATION/2024 Tax Info,"_NeedsReview/March 28, 2024.pdf",https://drive.google.com/file/d/1IZBesyKz1Ss_y2ctB2khupEHirnUT6cJ/view?usp=drivesdk
11vtj8e_EjJZV2R8-5AjxKf0NlIILI1rw,"April 30, 2024.pdf",primary,CORPORATION/2024 Tax Info,"_NeedsReview/April 30, 2024.pdf",https://drive.google.com/file/d/11vtj8e_EjJZV2R8-5AjxKf0NlIILI1rw/view?usp=drivesdk
1kIhzXAabKaWYHYGq0fn4QhXuV7NdcMEM,"May 31, 2024.pdf",primary,CORPORATION/2024 Tax Info,"_NeedsReview/May 31, 2024.pdf",https://drive.google.com/file/d/1kIhzXAabKaWYHYGq0fn4QhXuV7NdcMEM/view?usp=drivesdk
1e8dFDvaF1H4lXPNvCbzt0rdsVqqXy_fz,"June 28, 2024.pdf",primary,CORPORATION/2024 Tax Info,"_NeedsReview/June 28, 2024.pdf",https://drive.google.com/file/d/1e8dFDvaF1H4lXPNvCbzt0rdsVqqXy_fz/view?usp=drivesdk
16vyeg9ZbVtcqkb1WU9QL7rz_hAOvWhub,"July 31, 2024.pdf",primary,CORPORATION/2024 Tax Info,"_NeedsReview/July 31, 2024.pdf",https://drive.google.com/file/d/16vyeg9ZbVtcqkb1WU9QL7rz_hAOvWhub/view?usp=drivesdk
1QVoTatOx59wNY512IsuNx1ki_He7weam,"September 27, 2024.pdf",primary,CORPORATION/2024 Tax Info,"_NeedsReview/September 27, 2024.pdf",https://drive.google.com/file/d/1QVoTatOx59wNY512IsuNx1ki_He7weam/view?usp=drivesdk
1PpulWHHtA00-A5B27t53Tdk1lF7aeRgC,"October 31, 2024.pdf",primary,CORPORATION/2024 Tax Info,"_NeedsReview/October 31, 2024.pdf",https://drive.google.com/file/d/1PpulWHHtA00-A5B27t53Tdk1lF7aeRgC/view?usp=drivesdk
1qA6hH0aef2z4LAQTm0O3mb15YK4DYY-1,"November 29, 2024.pdf",primary,CORPORATION/2024 Tax Info,"_NeedsReview/November 29, 2024.pdf",https://drive.google.com/file/d/1qA6hH0aef2z4LAQTm0O3mb15YK4DYY-1/view?usp=drivesdk
1tJEUZ-9tn3DfMoL6oTi066VJV8F3yFkH,"December 31, 2024.pdf",primary,CORPORATION/2024 Tax Info,"_NeedsReview/December 31, 2024.pdf",https://drive.google.com/file/d/1tJEUZ-9tn3DfMoL6oTi066VJV8F3yFkH/view?usp=drivesdk
1po5jPPrF_vYiWJW_BUlJC_L0tD8BC528,"February 28, 2025.pdf",primary,CORPORATION/2024 Tax Info,"_NeedsReview/February 28, 2025.pdf",https://drive.google.com/file/d/1po5jPPrF_vYiWJW_BUlJC_L0tD8BC528/view?usp=drivesdk
1ip347gp1Z1C0I1WO8b-JHUI3P495hVWc,"January 31, 2025.pdf",primary,CORPORATION/2024 Tax Info,"_NeedsReview/January 31, 2025.pdf",https://drive.google.com/file/d/1ip347gp1Z1C0I1WO8b-JHUI3P495hVWc/view?usp=drivesdk
1B-eMy6fLukIU9D857PDaFTKY6z05giuv,CMLS_Agency_Agreement_15981_110B_Ave.pdf,primary,Mayfield 110/CMHC Files,Mayfield 110/_NeedsReview/CMLS_Agency_Agreement_15981_110B_Ave.pdf,https://drive.google.com/file/d/1B-eMy6fLukIU9D857PDaFTKY6z05giuv/view?usp=drivesdk
1byyQa8333ZgJ6XWAmFfnJTzQPVdSNF91,Invoice Qualis Consruction Soft Costs.pdf,primary,Allendale 6408 106/6408: Invoice,Allendale (generic)/Financials/Invoice Qualis Consruction Soft Costs.pdf,https://drive.google.com/file/d/1byyQa8333ZgJ6XWAmFfnJTzQPVdSNF91/view?usp=drivesdk
15V7v0SjgfFtoYdGi7RtcNue_sbEEYWl4e4lsYhO3-_Y,Letter to Homeowner,primary,Wholesale ,_Library/Legal/Letter to Homeowner,https://docs.google.com/document/d/15V7v0SjgfFtoYdGi7RtcNue_sbEEYWl4e4lsYhO3-_Y/edit?usp=drivesdk&ouid=112966636072631084810
1536No_eMRP2XnDxHaYCFJYcb4kEXnZ0H,Copy of Purchase Contract.pdf,primary,,_Library/Contracts/Copy of Purchase Contract.pdf,https://drive.google.com/file/d/1536No_eMRP2XnDxHaYCFJYcb4kEXnZ0H/view?usp=drivesdk
15lVphK3pv65VSQvCg4I28bU1g1ewybHGWEaAZSDqFGU,Neil,primary,,_NeedsReview/Neil,https://docs.google.com/document/d/15lVphK3pv65VSQvCg4I28bU1g1ewybHGWEaAZSDqFGU/edit?usp=drivesdk&ouid=112966636072631084810
1QCXav2YSNZSi1ntdCdHefVGCLYuUYRDI,Invoice_1523_from_Qualis_Construction_Ltd.pdf,primary,Allendale 6408 106/6408: Invoice,Allendale (generic)/_NeedsReview/Invoice_1523_from_Qualis_Construction_Ltd.pdf,https://drive.google.com/file/d/1QCXav2YSNZSi1ntdCdHefVGCLYuUYRDI/view?usp=drivesdk
1yRdkNIqlyixuSGYNZLJC0suqdalHzjjAKkDnT6X6Aw4,Inglewood Pro-forma 8 Unit ,primary,2025 Tax/2025 Flips/Wholesale /Inglewood 8 Plex: 11614 127 St NW,Inglewood (generic)/Financials/Inglewood Pro-forma 8 Unit ,https://docs.google.com/spreadsheets/d/1yRdkNIqlyixuSGYNZLJC0suqdalHzjjAKkDnT6X6Aw4/edit?usp=drivesdk&ouid=112966636072631084810
1JNcGbSxbKClmEG57nfj_tH30PwuX4HVhLg4Ohj81Vqs,Land VIP 2025,primary,Actionables! JUNE/JULY 2025,_NeedsReview/Land VIP 2025,https://docs.google.com/spreadsheets/d/1JNcGbSxbKClmEG57nfj_tH30PwuX4HVhLg4Ohj81Vqs/edit?usp=drivesdk&ouid=112966636072631084810
1NqemaUp0voGkqcZKzw2hqwkTBkGkTsC8,Wire Instruction - CMLS AB Trust.pdf,primary,Mayfield 110/Mayfield-Invoice ,Mayfield 110/Marketing & OM/Wire Instruction - CMLS AB Trust.pdf,https://drive.google.com/file/d/1NqemaUp0voGkqcZKzw2hqwkTBkGkTsC8/view?usp=drivesdk
1Io1tiXTQraAtmM3XiKmMZMmLHCa8xC_T,Invoice 216903.pdf,primary,Allendale 6408 106/6408: CMHC,Allendale (generic)/Financials/Invoice 216903.pdf,https://drive.google.com/file/d/1Io1tiXTQraAtmM3XiKmMZMmLHCa8xC_T/view?usp=drivesdk
12Mbbv2aRzvHArlNqDUB0-r1Y-kpzONrM,2652708-ALBERTA-INC_25---26-Allendale-Six-Plex_511356643.pdf,primary,Allendale 6408 106/6408: CMHC,Allendale (generic)/_NeedsReview/2652708-ALBERTA-INC_25---26-Allendale-Six-Plex_511356643.pdf,https://drive.google.com/file/d/12Mbbv2aRzvHArlNqDUB0-r1Y-kpzONrM/view?usp=drivesdk
1hxVixuPI6-MqioqbNFft2o70f_-JuvvY,"CMLS-Financial-Ltd-,-Computershare-Trust-Company-of-Canada,-and_25---26-Allendale-Six-Plex_915337893.pdf",primary,Allendale 6408 106/6408: CMHC,"Allendale (generic)/Marketing & OM/CMLS-Financial-Ltd-,-Computershare-Trust-Company-of-Canada,-and_25---26-Allendale-Six-Plex_915337893.pdf",https://drive.google.com/file/d/1hxVixuPI6-MqioqbNFft2o70f_-JuvvY/view?usp=drivesdk
1JxfKg6pmD6BQ4ekLz5LCbvFAOEBiGISZ,Rise Home Budget ravi goal budgte4 plex budget- DAVID.xlsx,primary,Development Info-----Go to rize/DAVID SANCHE Files,_Library/Financials/Rise Home Budget ravi goal budgte4 plex budget- DAVID.xlsx,https://drive.google.com/file/d/1JxfKg6pmD6BQ4ekLz5LCbvFAOEBiGISZ/view?usp=drivesdk
1BrXSjhQ4UtGAW3DwA2_xMIYDH_ciZ_PP,CCDC2_MAYFIELD_110.pdf,primary,Mayfield 110/Chanpreet Info ,Mayfield 110/_NeedsReview/CCDC2_MAYFIELD_110.pdf,https://drive.google.com/file/d/1BrXSjhQ4UtGAW3DwA2_xMIYDH_ciZ_PP/view?usp=drivesdk
16Wa8qhThUGHUv_NZNKysoTRSTFuJbCof,HPSCAN_20250722185258948_2025-07-22_185517355.pdf,primary,Allendale 6408 106/6408: Plans/Survey,Allendale (generic)/_NeedsReview/HPSCAN_20250722185258948_2025-07-22_185517355.pdf,https://drive.google.com/file/d/16Wa8qhThUGHUv_NZNKysoTRSTFuJbCof/view?usp=drivesdk
1u9XGDixT0QZwCzXVzYCdeYvn1IuWbVf4,ownr-receipt-2025-07-21 Mayfield 110 Corp..pdf,primary,Mayfield 110/Mayfield-Invoice ,Mayfield 110/_NeedsReview/ownr-receipt-2025-07-21 Mayfield 110 Corp..pdf,https://drive.google.com/file/d/1u9XGDixT0QZwCzXVzYCdeYvn1IuWbVf4/view?usp=drivesdk
1Gnw8MjxIVsHWi0GPpfsfNt063tO48Jeb-W-cfDAEV84,SUCCESS LIST,primary,Actionables! JUNE/JULY 2025,_NeedsReview/SUCCESS LIST,https://docs.google.com/spreadsheets/d/1Gnw8MjxIVsHWi0GPpfsfNt063tO48Jeb-W-cfDAEV84/edit?usp=drivesdk&ouid=112966636072631084810
1HY10kWBjTg3SuVdpXfayFCec3jYNBJed,Cost Breakdown Blank.xlsx,primary,Build Contracts Blank,_Library/Financials/Cost Breakdown Blank.xlsx,https://drive.google.com/file/d/1HY10kWBjTg3SuVdpXfayFCec3jYNBJed/view?usp=drivesdk
1Wbz5MzIGxRyiuQY6p3nfvrjmrn5EVCCl,Mayfield 110: Borrower Template Blank .xlsx,primary,Mayfield 110/CMHC Files,Mayfield 110/Investor Docs/Mayfield 110: Borrower Template Blank .xlsx,https://drive.google.com/file/d/1Wbz5MzIGxRyiuQY6p3nfvrjmrn5EVCCl/view?usp=drivesdk
1_g_iOAzS1OGU5JgOlF9HMmGw9YiQFHNE,Borrower Template Blank .xlsx,primary,Build Contracts Blank,_Library/Investor Docs/Borrower Template Blank .xlsx,https://drive.google.com/file/d/1_g_iOAzS1OGU5JgOlF9HMmGw9YiQFHNE/view?usp=drivesdk
1iyd66nlduk-SAz2zVvknWqdVukhUpkGQ,Template for Borrower: Allendale 6408 106.xlsx,primary,Build Contracts Blank,Allendale (generic)/Investor Docs/Template for Borrower: Allendale 6408 106.xlsx,https://drive.google.com/file/d/1iyd66nlduk-SAz2zVvknWqdVukhUpkGQ/view?usp=drivesdk
1YVbr9rw9Q7hbRlpMM2RB7Y9MA7mkU1qU,Rize Development Corporation Sign.jpg,primary,CORPORATION/Marketing ,_Library/Photos/Rize Development Corporation Sign.jpg,https://drive.google.com/file/d/1YVbr9rw9Q7hbRlpMM2RB7Y9MA7mkU1qU/view?usp=drivesdk
138D8R-m3cqDHEOBr97VMlVZO081H4a6f,Development Decision 586747549-002.pdf,primary,Inglewood 6-Plex: 11328 126 St,Inglewood 6-Plex (11328 126 St)/_NeedsReview/Development Decision 586747549-002.pdf,https://drive.google.com/file/d/138D8R-m3cqDHEOBr97VMlVZO081H4a6f/view?usp=drivesdk
1KPFxVXB5KT_x2gNOp_y0lPMV0n62lY2g,"14093,6 Unit Complex  11328 126 Street.pdf",primary,Inglewood 6-Plex: 11328 126 St,"Inglewood 6-Plex (11328 126 St)/_NeedsReview/14093,6 Unit Complex  11328 126 Street.pdf",https://drive.google.com/file/d/1KPFxVXB5KT_x2gNOp_y0lPMV0n62lY2g/view?usp=drivesdk
1v3aPQ7ZnP6Xjbs7CBg3mjwnwWCsBc-ANhgrSZ5XTpFs,Rize Website Comments ,primary,CORPORATION/Website/CRM,_NeedsReview/Rize Website Comments ,https://docs.google.com/document/d/1v3aPQ7ZnP6Xjbs7CBg3mjwnwWCsBc-ANhgrSZ5XTpFs/edit?usp=drivesdk&ouid=112966636072631084810
1GWfxVfBnf50vqnSawS1pKqKqqppPIKzd,High Park 9-Plex Budget.xlsx,primary,,High Park 9-Plex/Financials/High Park 9-Plex Budget.xlsx,https://drive.google.com/file/d/1GWfxVfBnf50vqnSawS1pKqKqqppPIKzd/view?usp=drivesdk
1c0Ha2MoYOEa4AA5r-X3kuYeAydsP_3ja,CCDC2 BLANK.pdf,primary,Build Contracts Blank,_NeedsReview/CCDC2 BLANK.pdf,https://drive.google.com/file/d/1c0Ha2MoYOEa4AA5r-X3kuYeAydsP_3ja/view?usp=drivesdk
1C4InqYqCz9ufUJk-afrH-LWYpZUUOMIS,CORPORATE ACCESS NUMBER 2125870788.pdf,primary,CORPORATION/Emanation Investment Inc. Corporation Files,_NeedsReview/CORPORATE ACCESS NUMBER 2125870788.pdf,https://drive.google.com/file/d/1C4InqYqCz9ufUJk-afrH-LWYpZUUOMIS/view?usp=drivesdk
1Jfin1Bcgc1IxRbHNB9V1AtgcIzUpdfwj,EMANATION INVESTMENTS INC._2025POF.pdf,primary,CORPORATION/Emanation Investment Inc. Corporation Files,_NeedsReview/EMANATION INVESTMENTS INC._2025POF.pdf,https://drive.google.com/file/d/1Jfin1Bcgc1IxRbHNB9V1AtgcIzUpdfwj/view?usp=drivesdk
1eTiYUnuvCvhXg-RzL4WommXuRyLlU6Ia,Name-Reservation---Allendale-61-Inc.pdf,primary,Allendale 10646 61 Ave 6 Unit /Purchasing & Corporat3e Files,Allendale (generic)/_NeedsReview/Name-Reservation---Allendale-61-Inc.pdf,https://drive.google.com/file/d/1eTiYUnuvCvhXg-RzL4WommXuRyLlU6Ia/view?usp=drivesdk
1vf_3i4I5QblZzzakVY7qesNZaEhYF5yk,Articles-of-Incorporation Allendale 61 INC..pdf,primary,Allendale 10646 61 Ave 6 Unit /Purchasing & Corporat3e Files,Allendale (generic)/_NeedsReview/Articles-of-Incorporation Allendale 61 INC..pdf,https://drive.google.com/file/d/1vf_3i4I5QblZzzakVY7qesNZaEhYF5yk/view?usp=drivesdk
1aYUafx0zY1zsTSlRTtfQp0E0WUk2iLC2,10646 61ave contract. Anne. .pdf,primary,Allendale 10646 61 Ave 6 Unit /Purchasing & Corporat3e Files,Allendale (generic)/Contracts/10646 61ave contract. Anne. .pdf,https://drive.google.com/file/d/1aYUafx0zY1zsTSlRTtfQp0E0WUk2iLC2/view?usp=drivesdk
1mWly6EXPHIv55JxudtpGbLlvO6eD4KA5,Allendale 6 Plex - New Builder Risk Insurance Documents.pdf,primary,Allendale 6408 106/6408: CMHC,Allendale (generic)/_NeedsReview/Allendale 6 Plex - New Builder Risk Insurance Documents.pdf,https://drive.google.com/file/d/1mWly6EXPHIv55JxudtpGbLlvO6eD4KA5/view?usp=drivesdk
1ElLRKsh1FsfS060aY_QS0WKTaAULHV33,"CERT 25-26 CMLS Financial Ltd., Computershare Trust Comp.pdf",primary,Allendale 6408 106/6408: CMHC,"Allendale (generic)/Marketing & OM/CERT 25-26 CMLS Financial Ltd., Computershare Trust Comp.pdf",https://drive.google.com/file/d/1ElLRKsh1FsfS060aY_QS0WKTaAULHV33/view?usp=drivesdk
1RSxLzsIplbTAhIA4wRGdSgz9S2PP5eg2,CERT 25-26 2652708 ALBERTA INC.pdf,primary,Allendale 6408 106/6408: CMHC,Allendale (generic)/_NeedsReview/CERT 25-26 2652708 ALBERTA INC.pdf,https://drive.google.com/file/d/1RSxLzsIplbTAhIA4wRGdSgz9S2PP5eg2/view?usp=drivesdk
12CwQK8jigQnKIAjFjmcuLKPxp18yL1jC,Invoice Insurance.pdf,primary,Allendale 6408 106/6408: Invoice,Allendale (generic)/Financials/Invoice Insurance.pdf,https://drive.google.com/file/d/12CwQK8jigQnKIAjFjmcuLKPxp18yL1jC/view?usp=drivesdk
1qvwti0-QH5fIo9bSekFPggPwzWLpFCVk,Registration Statement.pdf,primary,,_NeedsReview/Registration Statement.pdf,https://drive.google.com/file/d/1qvwti0-QH5fIo9bSekFPggPwzWLpFCVk/view?usp=drivesdk
1l-LzvmHttH49AZ5-jx3qIEs9HI4X92Fv,Paid Invoice 13799RP (2).pdf,primary,Invoices /Invoices from gmail,_Library/Financials/Paid Invoice 13799RP (2).pdf,https://drive.google.com/file/d/1l-LzvmHttH49AZ5-jx3qIEs9HI4X92Fv/view?usp=drivesdk
1JcmoX1WAoYV1hYsa_QUn5-cBQ2nj2ipg,Invoice_INV-000074.pdf,primary,Invoices /Invoices from gmail/VA services invoice,_NeedsReview/Invoice_INV-000074.pdf,https://drive.google.com/file/d/1JcmoX1WAoYV1hYsa_QUn5-cBQ2nj2ipg/view?usp=drivesdk
1hqyytY0DGuZhmYKQvvo7yhcVWF2kgSjz,Invoice_INV-000071.pdf,primary,Invoices /Invoices from gmail/VA services invoice,_NeedsReview/Invoice_INV-000071.pdf,https://drive.google.com/file/d/1hqyytY0DGuZhmYKQvvo7yhcVWF2kgSjz/view?usp=drivesdk
1y8JrNlzwXRaucm08WHypMeKZIhTRUt3f,Invoice_INV-000059.pdf,primary,Invoices /Invoices from gmail/VA services invoice,_NeedsReview/Invoice_INV-000059.pdf,https://drive.google.com/file/d/1y8JrNlzwXRaucm08WHypMeKZIhTRUt3f/view?usp=drivesdk
1C2sUHybQqhyOgwDkezi9qYuia5XJbvc4,Invoice_INV-000060.pdf,primary,Invoices /Invoices from gmail/VA services invoice,_NeedsReview/Invoice_INV-000060.pdf,https://drive.google.com/file/d/1C2sUHybQqhyOgwDkezi9qYuia5XJbvc4/view?usp=drivesdk
1p6kNieJ8E4MHE_7OyhB5cYtX8HJ3kPqX,Invoice_INV-000075.pdf,primary,Invoices /Invoices from gmail/VA services invoice,_NeedsReview/Invoice_INV-000075.pdf,https://drive.google.com/file/d/1p6kNieJ8E4MHE_7OyhB5cYtX8HJ3kPqX/view?usp=drivesdk
1mNIqE6yN1xCwi6-NE6US2iXHrzhu6XSX,Invoice_INV-000081.pdf,primary,Invoices /Invoices from gmail/VA services invoice,_NeedsReview/Invoice_INV-000081.pdf,https://drive.google.com/file/d/1mNIqE6yN1xCwi6-NE6US2iXHrzhu6XSX/view?usp=drivesdk
1trfFoL6W5cgr7ucO2h2GOqKO6MhQ_AQk,Invoice_INV-000063.pdf,primary,Invoices /Invoices from gmail/VA services invoice,_NeedsReview/Invoice_INV-000063.pdf,https://drive.google.com/file/d/1trfFoL6W5cgr7ucO2h2GOqKO6MhQ_AQk/view?usp=drivesdk
1Utl2GeDOXsqedsecTisWYPdmIe-ZQYl1,Invoice_INV-000129.pdf,primary,Invoices /Invoices from gmail/VA services invoice,_NeedsReview/Invoice_INV-000129.pdf,https://drive.google.com/file/d/1Utl2GeDOXsqedsecTisWYPdmIe-ZQYl1/view?usp=drivesdk
1yFDg0zT_ybmTpm0ndURlux9Cudx2AZfx,Invoice_INV-000142.pdf,primary,Invoices /Invoices from gmail/VA services invoice,_NeedsReview/Invoice_INV-000142.pdf,https://drive.google.com/file/d/1yFDg0zT_ybmTpm0ndURlux9Cudx2AZfx/view?usp=drivesdk
1v-oJToIuCSe1_jmBA0o0crozgpKu3U_f,Invoice_INV-000115.pdf,primary,Invoices /Invoices from gmail/VA services invoice,_NeedsReview/Invoice_INV-000115.pdf,https://drive.google.com/file/d/1v-oJToIuCSe1_jmBA0o0crozgpKu3U_f/view?usp=drivesdk
1ue01v6EOmbT3uw_oqFi870sAfDzH4Spd,Invoice_INV-000133.pdf,primary,Invoices /Invoices from gmail/VA services invoice,_NeedsReview/Invoice_INV-000133.pdf,https://drive.google.com/file/d/1ue01v6EOmbT3uw_oqFi870sAfDzH4Spd/view?usp=drivesdk
1tIAunbPunkP6RIowSegqbvf8uLSrJOEK,Invoice_INV-000111.pdf,primary,Invoices /Invoices from gmail/VA services invoice,_NeedsReview/Invoice_INV-000111.pdf,https://drive.google.com/file/d/1tIAunbPunkP6RIowSegqbvf8uLSrJOEK/view?usp=drivesdk
1XrTOtxwSDL971DPT4oH-y0XhkBueeIK3,Invoice_INV-000121.pdf,primary,Invoices /Invoices from gmail/VA services invoice,_NeedsReview/Invoice_INV-000121.pdf,https://drive.google.com/file/d/1XrTOtxwSDL971DPT4oH-y0XhkBueeIK3/view?usp=drivesdk
1Bi-H0GI_MC_hzeUo9GbJxR9rWpgImjGU,Invoice_INV-000137.pdf,primary,Invoices /Invoices from gmail/VA services invoice,_NeedsReview/Invoice_INV-000137.pdf,https://drive.google.com/file/d/1Bi-H0GI_MC_hzeUo9GbJxR9rWpgImjGU/view?usp=drivesdk
1thlqdoMGm0OjhudS8gTB1GE8PKTv6UOj,Invoice_INV-000134.pdf,primary,Invoices /Invoices from gmail/VA services invoice,_NeedsReview/Invoice_INV-000134.pdf,https://drive.google.com/file/d/1thlqdoMGm0OjhudS8gTB1GE8PKTv6UOj/view?usp=drivesdk
1iwoGly_VD1Lwxk-0MJpnH6xyFl1AGOH3,Invoice_INV-000147.pdf,primary,Invoices /Invoices from gmail/VA services invoice,_NeedsReview/Invoice_INV-000147.pdf,https://drive.google.com/file/d/1iwoGly_VD1Lwxk-0MJpnH6xyFl1AGOH3/view?usp=drivesdk
1m9PVz1qVnTF7-xoVDKvZ0r96vjKj01Ml,Invoice_INV-000084.pdf,primary,Invoices /Invoices from gmail/VA services invoice,_NeedsReview/Invoice_INV-000084.pdf,https://drive.google.com/file/d/1m9PVz1qVnTF7-xoVDKvZ0r96vjKj01Ml/view?usp=drivesdk
1KruOfUjEsTgNZmdSaW1_ZyXlHsrZwd4s,Invoice_INV-000118.pdf,primary,Invoices /Invoices from gmail/VA services invoice,_NeedsReview/Invoice_INV-000118.pdf,https://drive.google.com/file/d/1KruOfUjEsTgNZmdSaW1_ZyXlHsrZwd4s/view?usp=drivesdk
1BUZU-9JiDNDsT7eY6vtYB_djw9QQ47Gl,15981 110b Ave NW Invoice (revised2).pdf,duplicate,Invoices /Invoices from gmail,_Duplicates/15981 110B Ave NW (9-Plex)/15981 110b Ave NW Invoice (revised2).pdf,https://drive.google.com/file/d/1BUZU-9JiDNDsT7eY6vtYB_djw9QQ47Gl/view?usp=drivesdk
17DYMgmPuxqKnnekOYHF2uPWvv75zdOBr,15981 110b Ave NW Invoice (revised).pdf,duplicate,Invoices /Invoices from gmail,_Duplicates/15981 110B Ave NW (9-Plex)/15981 110b Ave NW Invoice (revised).pdf,https://drive.google.com/file/d/17DYMgmPuxqKnnekOYHF2uPWvv75zdOBr/view?usp=drivesdk
1N4Fq2GEkhKqerkAwYyJlpWW3A4IIILCZ,15981 110b Ave NW Invoice Working Drawings.pdf,duplicate,Invoices /Invoices from gmail,_Duplicates/15981 110B Ave NW (9-Plex)/15981 110b Ave NW Invoice Working Drawings.pdf,https://drive.google.com/file/d/1N4Fq2GEkhKqerkAwYyJlpWW3A4IIILCZ/view?usp=drivesdk
12Wq6NklU8pc3F18tSU1loBPnja-Q78zg,soft cost quick overview.pdf,primary,Allendale 6408 106/6408: Invoice,Allendale (generic)/Financials/soft cost quick overview.pdf,https://drive.google.com/file/d/12Wq6NklU8pc3F18tSU1loBPnja-Q78zg/view?usp=drivesdk
1hy4646LR1ApEuelOhpyaMxD9baAbPayn,Abatement Payment .png,duplicate,2025 Tax,_Duplicates/Unknown/Abatement Payment .png,https://drive.google.com/file/d/1hy4646LR1ApEuelOhpyaMxD9baAbPayn/view?usp=drivesdk
1Jo-1gqLbB-TOH8qBfYU6WmtslmVHl3nP,Screenshot 2025-07-15 122657.png,primary,,_Library/Photos/Screenshot 2025-07-15 122657.png,https://drive.google.com/file/d/1Jo-1gqLbB-TOH8qBfYU6WmtslmVHl3nP/view?usp=drivesdk
1JnqpnDnoqSaTkj-LGQpm0U69CXMPLoxC,IMG_6186.PNG,duplicate,Allendale 6408 106/6408: Invoice,_Duplicates/Allendale (generic)/IMG_6186.PNG,https://drive.google.com/file/d/1JnqpnDnoqSaTkj-LGQpm0U69CXMPLoxC/view?usp=drivesdk
1hjDlEY5gAMZyx9rAU5IpjGFUalstW0ki,IMG_6187.PNG,duplicate,Allendale 6408 106/6408: Invoice,_Duplicates/Allendale (generic)/IMG_6187.PNG,https://drive.google.com/file/d/1hjDlEY5gAMZyx9rAU5IpjGFUalstW0ki/view?usp=drivesdk
1i50bLeKiykx9tweSss22Sb019FNJRvHj,Allendale Construction Baseline Schedule.pdf,primary,Allendale 6408 106/6408: Build,Allendale (generic)/Construction/Allendale Construction Baseline Schedule.pdf,https://drive.google.com/file/d/1i50bLeKiykx9tweSss22Sb019FNJRvHj/view?usp=drivesdk
1DnnGdHf9zezJ81VC3E99FjM4Ag05igKn,CERT 25-26 2652708 ALBERTA INC.pdf,duplicate,Allendale 6408 106,_Duplicates/Allendale (generic)/CERT 25-26 2652708 ALBERTA INC.pdf,https://drive.google.com/file/d/1DnnGdHf9zezJ81VC3E99FjM4Ag05igKn/view?usp=drivesdk
1-_1YNHL3cH7tvLHTVN1PcQdPmEE5N9m6,Invoice 216903.pdf,primary,Allendale 6408 106/6408: Invoice,Allendale (generic)/Financials/Invoice 216903.pdf,https://drive.google.com/file/d/1-_1YNHL3cH7tvLHTVN1PcQdPmEE5N9m6/view?usp=drivesdk
1W1zRr2Eki-VW91BmkueZHE1x4G4-HaAF,"CERT 25-26 CMLS Financial Ltd., Computershare Trust Comp.pdf",duplicate,,"_Duplicates/Unknown/CERT 25-26 CMLS Financial Ltd., Computershare Trust Comp.pdf",https://drive.google.com/file/d/1W1zRr2Eki-VW91BmkueZHE1x4G4-HaAF/view?usp=drivesdk
1Rt98fFz92UxCCMvHm33bIh2wFjq644r6,11343 Qualis Const. Ltd. - Resid. Project 6408 106 St NW Edm - Stamped GSI.pdf,primary,Allendale 6408 106/6408 Documents ,Allendale (generic)/_NeedsReview/11343 Qualis Const. Ltd. - Resid. Project 6408 106 St NW Edm - Stamped GSI.pdf,https://drive.google.com/file/d/1Rt98fFz92UxCCMvHm33bIh2wFjq644r6/view?usp=drivesdk
116zYWLhtyoVo6jKIy-zI5kl33mHltfvrRzZXvwfLXSg,ASC- reply ,primary,CORPORATION,_Library/Legal/ASC- reply ,https://docs.google.com/document/d/116zYWLhtyoVo6jKIy-zI5kl33mHltfvrRzZXvwfLXSg/edit?usp=drivesdk&ouid=112966636072631084810
1dW317_6CqcGsTh44MkR6SGqfcX16s5eV,Invoice-Facture MUIN00090084-MU MLI.PDF,duplicate,Allendale 6408 106/6408: Invoice,_Duplicates/Allendale (generic)/Invoice-Facture MUIN00090084-MU MLI.PDF,https://drive.google.com/file/d/1dW317_6CqcGsTh44MkR6SGqfcX16s5eV/view?usp=drivesdk
1cri-SbEXred2MaLjeXjyniPLFpPsE_sJO8voOsEMFzA,Partnership Investment Structure ,primary,,_NeedsReview/Partnership Investment Structure ,https://docs.google.com/document/d/1cri-SbEXred2MaLjeXjyniPLFpPsE_sJO8voOsEMFzA/edit?usp=drivesdk&ouid=112966636072631084810
1NQdNB64mErBCDa0IYrZZKvqaFtnDGK_o,24-48 - Allendale Sign Images.pdf,primary,Allendale 6408 106/6408: Plans/Survey,Allendale (generic)/_NeedsReview/24-48 - Allendale Sign Images.pdf,https://drive.google.com/file/d/1NQdNB64mErBCDa0IYrZZKvqaFtnDGK_o/view?usp=drivesdk
1UhvCBNsULV4LkYAlJqi8qhmiGz6SiYqd,Invoice 25-120 6-plex.pdf,duplicate,Allendale 6408 106/6408: Invoice,_Duplicates/Allendale (generic)/Invoice 25-120 6-plex.pdf,https://drive.google.com/file/d/1UhvCBNsULV4LkYAlJqi8qhmiGz6SiYqd/view?usp=drivesdk
1GfKTdUULD0ggtJP3_tKqHMYmNp0LLGsb,Construction of a New Building Permit Statement.pdf,duplicate,Allendale 6408 106/6408: Invoice,_Duplicates/Allendale (generic)/Construction of a New Building Permit Statement.pdf,https://drive.google.com/file/d/1GfKTdUULD0ggtJP3_tKqHMYmNp0LLGsb/view?usp=drivesdk
1t2XKq6HpAXyqr2eeDrN8WEluSQZFFsNz,Invoice 25-184 Allendale 5 plex.pdf,duplicate,Allendale 6408 106/6408: Invoice,_Duplicates/Allendale (generic)/Invoice 25-184 Allendale 5 plex.pdf,https://drive.google.com/file/d/1t2XKq6HpAXyqr2eeDrN8WEluSQZFFsNz/view?usp=drivesdk
1YkeFdnVKRQwH_axtpyEceJwqRp4bTzAB,FHAI Proposal  - Allendale 106 St 6-Plex (2).pdf,primary,Allendale 6408 106/6408: Invoice,Allendale (generic)/_NeedsReview/FHAI Proposal  - Allendale 106 St 6-Plex (2).pdf,https://drive.google.com/file/d/1YkeFdnVKRQwH_axtpyEceJwqRp4bTzAB/view?usp=drivesdk
1luGlo24eVWvle_ucf-CTzOIvf56S7498,Invoice 25-112 6-plex.pdf,duplicate,Allendale 6408 106/6408: Invoice,_Duplicates/Allendale (generic)/Invoice 25-112 6-plex.pdf,https://drive.google.com/file/d/1luGlo24eVWvle_ucf-CTzOIvf56S7498/view?usp=drivesdk
1UolS9qC8bJHreRxMZpK0DzAU4GTs5F5M,15981 110b Ave NW WDV.3.pdf,primary,Mayfield 110/Plans & Surveys ,Mayfield 110/_NeedsReview/15981 110b Ave NW WDV.3.pdf,https://drive.google.com/file/d/1UolS9qC8bJHreRxMZpK0DzAU4GTs5F5M/view?usp=drivesdk
1PTm9eKxiMEArr0hIptVdsu1XOZ1nrCvd,Developer & Builders .xlsx,primary,LEADS////SPREADSHEETS!,_NeedsReview/Developer & Builders .xlsx,https://drive.google.com/file/d/1PTm9eKxiMEArr0hIptVdsu1XOZ1nrCvd/view?usp=drivesdk
1k2OYJ5tNW2Ff_B0kiSi8f7-sf2W_71Dn,Developer & Builders Infill 500.xlsx,primary,LEADS////SPREADSHEETS!,_NeedsReview/Developer & Builders Infill 500.xlsx,https://drive.google.com/file/d/1k2OYJ5tNW2Ff_B0kiSi8f7-sf2W_71Dn/view?usp=drivesdk
1BbD0aOTYuk9kCM1Zcxt2CaiquDUjijZC,Offer-to-Purchase 12020 129 St NW.pdf,primary,2025 Tax/2025 Flips/Wholesale /Sherbrooke Corner Lot PKG.,Sherbrooke/Contracts/Offer-to-Purchase 12020 129 St NW.pdf,https://drive.google.com/file/d/1BbD0aOTYuk9kCM1Zcxt2CaiquDUjijZC/view?usp=drivesdk
1-XFQMfBZwkZDUsiv8NcYXhAe4oa7mDZKFSHLzsBbnZw,Dev & Brook List ,primary,NEW Properties ,_NeedsReview/Dev & Brook List ,https://docs.google.com/spreadsheets/d/1-XFQMfBZwkZDUsiv8NcYXhAe4oa7mDZKFSHLzsBbnZw/edit?usp=drivesdk&ouid=112966636072631084810
1V9uoAhBRhhMw_bUUAWsgCimTbXbC5gB2,FCS02409- Attachment 2 - 2024 Tax Public Auction List.pdf,primary,LEADS////SPREADSHEETS!,_Library/Financials/FCS02409- Attachment 2 - 2024 Tax Public Auction List.pdf,https://drive.google.com/file/d/1V9uoAhBRhhMw_bUUAWsgCimTbXbC5gB2/view?usp=drivesdk
18LeWurHd_yBPHc_9lxgiwEqmKIDu9MM3Y8xKwqX7hbE,LOTS of LOTS,primary,Actionables! JUNE/JULY 2025,_NeedsReview/LOTS of LOTS,https://docs.google.com/spreadsheets/d/18LeWurHd_yBPHc_9lxgiwEqmKIDu9MM3Y8xKwqX7hbE/edit?usp=drivesdk&ouid=112966636072631084810
1me5SYXdgt--cpeBZkKDwR0xKxRi3ofQh,IMG_1480.HEIC,primary,(root),_Library/Photos/IMG_1480.HEIC,https://drive.google.com/file/d/1me5SYXdgt--cpeBZkKDwR0xKxRi3ofQh/view?usp=drivesdk
1nwBRV8Jad4oyKjO3h6GoRcjWpA8t-beO,IMG_1463.HEIC,primary,(root),_Library/Photos/IMG_1463.HEIC,https://drive.google.com/file/d/1nwBRV8Jad4oyKjO3h6GoRcjWpA8t-beO/view?usp=drivesdk
1Bra02SrghW7MdSWGxRVjCAQbJYxby85v,IMG_1469.HEIC,primary,(root),_Library/Photos/IMG_1469.HEIC,https://drive.google.com/file/d/1Bra02SrghW7MdSWGxRVjCAQbJYxby85v/view?usp=drivesdk
1UiEILmSjCTCkRLHbiFhKnLcBk1-jKmYs,IMG_1454.HEIC,primary,(root),_Library/Photos/IMG_1454.HEIC,https://drive.google.com/file/d/1UiEILmSjCTCkRLHbiFhKnLcBk1-jKmYs/view?usp=drivesdk
1Vr7mSV5MJ4WJ0e_5fNROk6m9W7ywGRYG,IMG_1477.HEIC,primary,(root),_Library/Photos/IMG_1477.HEIC,https://drive.google.com/file/d/1Vr7mSV5MJ4WJ0e_5fNROk6m9W7ywGRYG/view?usp=drivesdk
1Q7TcWcSNBi_iqOCSBX-eHG6Df34CpGiW,IMG_1455.HEIC,primary,(root),_Library/Photos/IMG_1455.HEIC,https://drive.google.com/file/d/1Q7TcWcSNBi_iqOCSBX-eHG6Df34CpGiW/view?usp=drivesdk
1SJzrXDf4CNPZrVPwjmJggJMHdHevUKil,IMG_1452.HEIC,primary,(root),_Library/Photos/IMG_1452.HEIC,https://drive.google.com/file/d/1SJzrXDf4CNPZrVPwjmJggJMHdHevUKil/view?usp=drivesdk
1JEC1RO0YP44wWAsgLdy7SRqdAsXXvslN,IMG_1468.HEIC,primary,(root),_Library/Photos/IMG_1468.HEIC,https://drive.google.com/file/d/1JEC1RO0YP44wWAsgLdy7SRqdAsXXvslN/view?usp=drivesdk
1raNcdv00a8_fv5J2wqcALaHzwOu-piiv,IMG_1464.HEIC,primary,(root),_Library/Photos/IMG_1464.HEIC,https://drive.google.com/file/d/1raNcdv00a8_fv5J2wqcALaHzwOu-piiv/view?usp=drivesdk
1nlbe_rJ7FPNgnfXKMwpRIuUYsjkB8U9g,IMG_1443.HEIC,primary,(root),_Library/Photos/IMG_1443.HEIC,https://drive.google.com/file/d/1nlbe_rJ7FPNgnfXKMwpRIuUYsjkB8U9g/view?usp=drivesdk
1n54TeLnROlR0TfPXpULQitUWxNmHBNlr,IMG_1444.HEIC,primary,(root),_Library/Photos/IMG_1444.HEIC,https://drive.google.com/file/d/1n54TeLnROlR0TfPXpULQitUWxNmHBNlr/view?usp=drivesdk
1Q_TzrFbGRSok-ws54gmigismVOsF6OiM,IMG_1448.HEIC,primary,(root),_Library/Photos/IMG_1448.HEIC,https://drive.google.com/file/d/1Q_TzrFbGRSok-ws54gmigismVOsF6OiM/view?usp=drivesdk
1FidH0fWk7iZ6XX0FnxoyaVS5Ty_Wq0dL,IMG_1450.HEIC,primary,(root),_Library/Photos/IMG_1450.HEIC,https://drive.google.com/file/d/1FidH0fWk7iZ6XX0FnxoyaVS5Ty_Wq0dL/view?usp=drivesdk
1I8ko22uLlA_aFKjYsIZNkkWrws4bB3iN,IMG_1453.HEIC,primary,(root),_Library/Photos/IMG_1453.HEIC,https://drive.google.com/file/d/1I8ko22uLlA_aFKjYsIZNkkWrws4bB3iN/view?usp=drivesdk
1pVD_NA2HkbSfCEesQ8bXTQwIbHCKZzVa,IMG_1446.HEIC,primary,(root),_Library/Photos/IMG_1446.HEIC,https://drive.google.com/file/d/1pVD_NA2HkbSfCEesQ8bXTQwIbHCKZzVa/view?usp=drivesdk
1g3sm4iziOgDvtcxjmp5z2TwnQ6qb40Lk,IMG_2852.HEIC,primary,(root),_Library/Photos/IMG_2852.HEIC,https://drive.google.com/file/d/1g3sm4iziOgDvtcxjmp5z2TwnQ6qb40Lk/view?usp=drivesdk
1dFUpnvW0fhJYWT4XEws-AH-mZH4l5cBc,IMG_2853.HEIC,primary,(root),_Library/Photos/IMG_2853.HEIC,https://drive.google.com/file/d/1dFUpnvW0fhJYWT4XEws-AH-mZH4l5cBc/view?usp=drivesdk
1tLf_lLeAcb64cRqvRKQCDe_TetNab3OL,IMG_1447.HEIC,primary,(root),_Library/Photos/IMG_1447.HEIC,https://drive.google.com/file/d/1tLf_lLeAcb64cRqvRKQCDe_TetNab3OL/view?usp=drivesdk
1qaJjrgPNvdiiZK0ri01LdpqIdooLH6lITS0tSW6h_bw,Investor Parners 2025 ,primary,Actionables! JUNE/JULY 2025,_Library/Investor Docs/Investor Parners 2025 ,https://docs.google.com/spreadsheets/d/1qaJjrgPNvdiiZK0ri01LdpqIdooLH6lITS0tSW6h_bw/edit?usp=drivesdk&ouid=112966636072631084810
14iIhooTGQG02bNR9T5gi_ErOVmsdIYDz,15981 110b Ave NW WDV.3.pdf,duplicate,Mayfield 110/Plans & Surveys ,_Duplicates/Mayfield 110/15981 110b Ave NW WDV.3.pdf,https://drive.google.com/file/d/14iIhooTGQG02bNR9T5gi_ErOVmsdIYDz/view?usp=drivesdk
1IOpckhNQ7bLYVpsdu-OgBsPYe-xrq1EG,Derelict 2025 ,primary,Actionables! JUNE/JULY 2025,_NeedsReview/Derelict 2025 ,https://drive.google.com/file/d/1IOpckhNQ7bLYVpsdu-OgBsPYe-xrq1EG/view?usp=drivesdk
1ALOw_uM4Na0rERk73Ht4nZUPzsdEF_TI,Derelict 2025 ,primary,NEW Properties ,_NeedsReview/Derelict 2025 ,https://drive.google.com/file/d/1ALOw_uM4Na0rERk73Ht4nZUPzsdEF_TI/view?usp=drivesdk
1s2M0bIYvvtpt8EmdIPBgpkUenmJwx8hocdBhpRewPME,Goal (April 2024),primary,CORPORATION/Business Plan,_NeedsReview/Goal (April 2024),https://docs.google.com/document/d/1s2M0bIYvvtpt8EmdIPBgpkUenmJwx8hocdBhpRewPME/edit?usp=drivesdk&ouid=112966636072631084810
1up6mjoIXOuk0rgefPJh9I6SNBZLLizLHMk0B7jL1QJk,Review in depth-SUNRIZE INVESTMENTS BUSINESS PLAN ,primary,CORPORATION/Business Plan,_Library/Plans & Permits/Review in depth-SUNRIZE INVESTMENTS BUSINESS PLAN ,https://docs.google.com/document/d/1up6mjoIXOuk0rgefPJh9I6SNBZLLizLHMk0B7jL1QJk/edit?usp=drivesdk&ouid=112966636072631084810
1t_KoINCGBINJ0K4d9e407lyj3FvDqZrteEIIhyA73LI,Sunrize Investments Inc.  ,primary,CORPORATION/Business Plan,_NeedsReview/Sunrize Investments Inc.  ,https://docs.google.com/document/d/1t_KoINCGBINJ0K4d9e407lyj3FvDqZrteEIIhyA73LI/edit?usp=drivesdk&ouid=112966636072631084810
1RNcToWCLpecezcr-H1AQqRO9MSVPjT2TvKCCtOiGV6M,Marketing Plan- Implament  ,primary,CORPORATION/Marketing ,_Library/Plans & Permits/Marketing Plan- Implament  ,https://docs.google.com/document/d/1RNcToWCLpecezcr-H1AQqRO9MSVPjT2TvKCCtOiGV6M/edit?usp=drivesdk&ouid=112966636072631084810
1cQTJv0tON-jSf-DsvMzdfz6ZbaOqIz7SqvV31HFgwsQ,New Technology- Ai,primary,CORPORATION/Website/CRM,_NeedsReview/New Technology- Ai,https://docs.google.com/document/d/1cQTJv0tON-jSf-DsvMzdfz6ZbaOqIz7SqvV31HFgwsQ/edit?usp=drivesdk&ouid=112966636072631084810
1VBv-fYGiA7yoNDDJJoJ0BcvpYDiGND6h10vc7ZJ9ggc,Notes: Alfonzo,primary,CORPORATION/Couses/Conferences,_NeedsReview/Notes: Alfonzo,https://docs.google.com/document/d/1VBv-fYGiA7yoNDDJJoJ0BcvpYDiGND6h10vc7ZJ9ggc/edit?usp=drivesdk&ouid=112966636072631084810
1iIAGlUxnDsSUgVtljJwIFbbZwq0Whl67quuN-sd5fAk,Jordan Belford Sales Course,primary,CORPORATION/Couses/Conferences,_NeedsReview/Jordan Belford Sales Course,https://docs.google.com/document/d/1iIAGlUxnDsSUgVtljJwIFbbZwq0Whl67quuN-sd5fAk/edit?usp=drivesdk&ouid=112966636072631084810
18olPFlW8Cd1EnnH_DWzICZZf54nvJyM9,Purchase Contract Residential.pdf,primary,Blank Purchase Contracts ,_Library/Contracts/Purchase Contract Residential.pdf,https://drive.google.com/file/d/18olPFlW8Cd1EnnH_DWzICZZf54nvJyM9/view?usp=drivesdk
1lRxuokHojFa4c1DWVbACF6tZzX7u2X0n,2 storey Multi Cost .xlsx,primary,Development Info-----Go to rize/Cost Examples ,_NeedsReview/2 storey Multi Cost .xlsx,https://drive.google.com/file/d/1lRxuokHojFa4c1DWVbACF6tZzX7u2X0n/view?usp=drivesdk
1fERIBR0uV-NRiv-58YqN9TCryrd4_nZq,Cost Vreakdown-Forrest Heights 6 Plex,primary,Development Info-----Go to rize/Cost Examples ,_NeedsReview/Cost Vreakdown-Forrest Heights 6 Plex,https://drive.google.com/file/d/1fERIBR0uV-NRiv-58YqN9TCryrd4_nZq/view?usp=drivesdk
1dZAyk2TtxAk2sToWxed2Im97RknCMOs0,Ritchie Cost Breakdown.xlsx,primary,Development Info-----Go to rize/Cost Examples ,Ritchie 8-Plex/Financials/Ritchie Cost Breakdown.xlsx,https://drive.google.com/file/d/1dZAyk2TtxAk2sToWxed2Im97RknCMOs0/view?usp=drivesdk
1Ar0-cx_au-S9h4VLZ9lvC6kU6dh3zMVSRSV7UvF0q_Q,Ongoing Assistant to do ,primary,CORPORATION/Employee/Employees ,_NeedsReview/Ongoing Assistant to do ,https://docs.google.com/document/d/1Ar0-cx_au-S9h4VLZ9lvC6kU6dh3zMVSRSV7UvF0q_Q/edit?usp=drivesdk&ouid=112966636072631084810
11966N06r0B7DXPs_Z4_9uTSWwsSzYOtNOEX-hocknkg,Call: Leads Lists,primary,Co-Star Calls  To Make ,_NeedsReview/Call: Leads Lists,https://docs.google.com/spreadsheets/d/11966N06r0B7DXPs_Z4_9uTSWwsSzYOtNOEX-hocknkg/edit?usp=drivesdk&ouid=112966636072631084810
1nIlfi-090fkBrK2jGJvqOkPHJf9ovPrpKzFLkV80kmA,Inbound Lead: exclusive email list ,primary,CORPORATION/Employee/Employees ,_NeedsReview/Inbound Lead: exclusive email list ,https://docs.google.com/document/d/1nIlfi-090fkBrK2jGJvqOkPHJf9ovPrpKzFLkV80kmA/edit?usp=drivesdk&ouid=112966636072631084810
1j_LkT7GEznx10fYdTleDvgRIErPakONg, Residential Remodeling Project: How to.docx,primary,Flip Info,_NeedsReview/ Residential Remodeling Project: How to.docx,https://drive.google.com/file/d/1j_LkT7GEznx10fYdTleDvgRIErPakONg/view?usp=drivesdk
10OGuShaL2DOaUh1Y8c2neoidzn3IlEhX,Flip Analyzer.xlsx,primary,Flip Info/Calvert Funding Criteria ,_NeedsReview/Flip Analyzer.xlsx,https://drive.google.com/file/d/10OGuShaL2DOaUh1Y8c2neoidzn3IlEhX/view?usp=drivesdk
1MNYotvSG5IyHSzclYcz_lGgxj0FIfwra, Unonomous Shareholder Agreement - 9 Plex Inglewood.docx,primary,Buyers/ Investors /Investor Contracts,Inglewood (generic)/Contracts/ Unonomous Shareholder Agreement - 9 Plex Inglewood.docx,https://drive.google.com/file/d/1MNYotvSG5IyHSzclYcz_lGgxj0FIfwra/view?usp=drivesdk
1kfqfnPB4kYLngwYjLeqZl5YjSI18cY4ryKXbyatazRY,All Deals ,primary,Wholesale /DEALS: Under Contract ✔️/Active Deals- Files,_NeedsReview/All Deals ,https://docs.google.com/document/d/1kfqfnPB4kYLngwYjLeqZl5YjSI18cY4ryKXbyatazRY/edit?usp=drivesdk&ouid=112966636072631084810
1ZfidtmbPn-KuGAr0663zWpb9My-NyRBLm_6Q01N9vp8,Properties To Inquire,primary,NEW Properties ,_NeedsReview/Properties To Inquire,https://docs.google.com/spreadsheets/d/1ZfidtmbPn-KuGAr0663zWpb9My-NyRBLm_6Q01N9vp8/edit?usp=drivesdk&ouid=112966636072631084810
1CvvilXIyOOj7_wX2FZEPgtQwjbBz5dUlU2yBC-jUYiI,Deals To Sell:OLD,primary,Wholesale /DEALS: Under Contract ✔️,_NeedsReview/Deals To Sell:OLD,https://docs.google.com/spreadsheets/d/1CvvilXIyOOj7_wX2FZEPgtQwjbBz5dUlU2yBC-jUYiI/edit?usp=drivesdk&ouid=112966636072631084810
1Bhtwwg8xPUDpGtxknTT_7j3JfbZCgRjIhjNXgdqEhrQ,Derelict 2025- ,primary,NEW Properties ,_NeedsReview/Derelict 2025- ,https://docs.google.com/spreadsheets/d/1Bhtwwg8xPUDpGtxknTT_7j3JfbZCgRjIhjNXgdqEhrQ/edit?usp=drivesdk&ouid=112966636072631084810
1OU2wgDgxpeVsf3FquNKvBkKna8a3Zr6sVnAsCXMmsZI,NEW PROPERTIES ,primary,NEW Properties ,_NeedsReview/NEW PROPERTIES ,https://docs.google.com/spreadsheets/d/1OU2wgDgxpeVsf3FquNKvBkKna8a3Zr6sVnAsCXMmsZI/edit?usp=drivesdk&ouid=112966636072631084810
1-m-40iRVoCCcTDGGPyc1xgH13sgcHAK4NV6mRVNtDh0,New Prospect Properties ,primary,NEW Properties ,_NeedsReview/New Prospect Properties ,https://docs.google.com/document/d/1-m-40iRVoCCcTDGGPyc1xgH13sgcHAK4NV6mRVNtDh0/edit?usp=drivesdk&ouid=112966636072631084810
1bMcay53A1PaLahpD6RNmiZellRK5SX0xix_KY4F4TUY,Door Knock- Expired (Sent to Brook) ,primary,NEW Properties ,_NeedsReview/Door Knock- Expired (Sent to Brook) ,https://docs.google.com/document/d/1bMcay53A1PaLahpD6RNmiZellRK5SX0xix_KY4F4TUY/edit?usp=drivesdk&ouid=112966636072631084810
1M1rLdI0vkrBa0DNEaFO3KU2qoqUyDqXOw2ggOyRKnHE,Wholesale Property Guide 2025,primary,Wholesale ,_NeedsReview/Wholesale Property Guide 2025,https://docs.google.com/document/d/1M1rLdI0vkrBa0DNEaFO3KU2qoqUyDqXOw2ggOyRKnHE/edit?usp=drivesdk&ouid=112966636072631084810
1cBYtMcbuHd_2H35uLaa2OnxqYNZR7de0oqp4kfWtrXs,RIZE SITE Final ,primary,CORPORATION/Website/CRM,_NeedsReview/RIZE SITE Final ,https://docs.google.com/document/d/1cBYtMcbuHd_2H35uLaa2OnxqYNZR7de0oqp4kfWtrXs/edit?usp=drivesdk&ouid=112966636072631084810
1B9vxMJank6lUUkwbsoB07SBq8eA7jXMV,Screenshot 2025-06-19 223737.png,primary,,_Library/Photos/Screenshot 2025-06-19 223737.png,https://drive.google.com/file/d/1B9vxMJank6lUUkwbsoB07SBq8eA7jXMV/view?usp=drivesdk
1QnDz1wpG2T83ptA3ZpnQFoahyHF4okP8-wkpidbyWuk,RIZE 1 BRANDING ,primary,CORPORATION/Website/CRM,_NeedsReview/RIZE 1 BRANDING ,https://docs.google.com/document/d/1QnDz1wpG2T83ptA3ZpnQFoahyHF4okP8-wkpidbyWuk/edit?usp=drivesdk&ouid=112966636072631084810
1bOVphH6nsRdtEeBNTXQkKR51SMWNWrJV,Template for Borrower.xlsx,primary,Allendale 6408 106,Allendale (generic)/Investor Docs/Template for Borrower.xlsx,https://drive.google.com/file/d/1bOVphH6nsRdtEeBNTXQkKR51SMWNWrJV/view?usp=drivesdk
1f_tJFQJQz56emh-yhrMb0Mduyz1kbR0U,Screenshot 2025-06-17 204534.png,primary,,_Library/Photos/Screenshot 2025-06-17 204534.png,https://drive.google.com/file/d/1f_tJFQJQz56emh-yhrMb0Mduyz1kbR0U/view?usp=drivesdk
1TFtKKKBlLZ_S9BKl195nMCajB7r3qRBt,Screenshot 2025-06-17 204457.png,primary,,_Library/Photos/Screenshot 2025-06-17 204457.png,https://drive.google.com/file/d/1TFtKKKBlLZ_S9BKl195nMCajB7r3qRBt/view?usp=drivesdk
1YYeIYUxPXeHc0_W0FJwaL_LasiP28BSgldVPrcYnfZ0,CRM Integrate,primary,CORPORATION/Website/CRM,_NeedsReview/CRM Integrate,https://docs.google.com/document/d/1YYeIYUxPXeHc0_W0FJwaL_LasiP28BSgldVPrcYnfZ0/edit?usp=drivesdk&ouid=112966636072631084810
1iMTGBHwAyqJ-72ytTjPizHYdbFUb6C5tP7yQdc3igYM,Rize Website ,primary,CORPORATION/Website/CRM,_NeedsReview/Rize Website ,https://docs.google.com/document/d/1iMTGBHwAyqJ-72ytTjPizHYdbFUb6C5tP7yQdc3igYM/edit?usp=drivesdk&ouid=112966636072631084810
1lWgg7uAWqJH7tecQSHpskn5WVFay0ZPa,ALLENDALE 6_PLEX.docx,primary,,Allendale (generic)/_NeedsReview/ALLENDALE 6_PLEX.docx,https://drive.google.com/file/d/1lWgg7uAWqJH7tecQSHpskn5WVFay0ZPa/view?usp=drivesdk
1Gk5NR3l-gBrOYv2K63m4NC3X2YKozFDk,Elec Quote - Allendale 5 plex.pdf,primary,Allendale 6408 106,Allendale (generic)/_NeedsReview/Elec Quote - Allendale 5 plex.pdf,https://drive.google.com/file/d/1Gk5NR3l-gBrOYv2K63m4NC3X2YKozFDk/view?usp=drivesdk
1B3UTUISyCs-eJiG4gz2WqX5u00n9diVN,CMHC MLI Select Quick Facts (1).pdf,primary,Allendale 6408 106/Allendale Overview Info,Allendale (generic)/Financials/CMHC MLI Select Quick Facts (1).pdf,https://drive.google.com/file/d/1B3UTUISyCs-eJiG4gz2WqX5u00n9diVN/view?usp=drivesdk
1-Gm4pQHqbJC21k26V5hfa66l97xnLKFN,2025-01-09 ALLENDALE 6_PLEX - DESIGN PCKG (1).pdf,primary,Allendale 6408 106/Allendale Overview Info,Allendale (generic)/_NeedsReview/2025-01-09 ALLENDALE 6_PLEX - DESIGN PCKG (1).pdf,https://drive.google.com/file/d/1-Gm4pQHqbJC21k26V5hfa66l97xnLKFN/view?usp=drivesdk
1hP_lXKkTaUSBq3x6ujyNj_lntiJ2NL84,Spec Design Concept for Drawings (2).pdf,duplicate,Allendale 6408 106,_Duplicates/Allendale (generic)/Spec Design Concept for Drawings (2).pdf,https://drive.google.com/file/d/1hP_lXKkTaUSBq3x6ujyNj_lntiJ2NL84/view?usp=drivesdk
1Z2YfNZCQjfuTzdHZ4QNOO1r8dOVrWEJW,6408 106 St 6-Unit Allendale.pdf,primary,Allendale 6408 106,Allendale (generic)/_NeedsReview/6408 106 St 6-Unit Allendale.pdf,https://drive.google.com/file/d/1Z2YfNZCQjfuTzdHZ4QNOO1r8dOVrWEJW/view?usp=drivesdk
13OTV4Z8kaBfsDHXILTjPhVWE0KAxdolG,6408 106 St 6-Unit Allendale.pdf,duplicate,Allendale 6408 106/Allendale Overview Info,_Duplicates/Allendale (generic)/6408 106 St 6-Unit Allendale.pdf,https://drive.google.com/file/d/13OTV4Z8kaBfsDHXILTjPhVWE0KAxdolG/view?usp=drivesdk
1059wxgYKnlnOLMF2qZge1Gsdi0k1a3MZ,IMG_1065.HEIC,primary,(root),_Library/Photos/IMG_1065.HEIC,https://drive.google.com/file/d/1059wxgYKnlnOLMF2qZge1Gsdi0k1a3MZ/view?usp=drivesdk
1rKQ4zoWooB_5neabRzkTg3bORI5etlbZ,IMG_1076.HEIC,primary,(root),_Library/Photos/IMG_1076.HEIC,https://drive.google.com/file/d/1rKQ4zoWooB_5neabRzkTg3bORI5etlbZ/view?usp=drivesdk
15elwi-LdAafd06QhYY5zXoML4urP1KH8,0166867-00001_6564582_INV.PDF,duplicate,Invoices ,_Duplicates/Unknown/0166867-00001_6564582_INV.PDF,https://drive.google.com/file/d/15elwi-LdAafd06QhYY5zXoML4urP1KH8/view?usp=drivesdk
1qlIfgy9Trr56R97vEF35HAZiDKER0751,24RE1600284_Pending_2024-09-18.pdf,primary,,_NeedsReview/24RE1600284_Pending_2024-09-18.pdf,https://drive.google.com/file/d/1qlIfgy9Trr56R97vEF35HAZiDKER0751/view?usp=drivesdk
1TlyyYRbUPVlsCQlGoLdDrLmLnJiCryQ_,13430 8-Unit 6408 103 St Allendale - FINAL.pdf,primary,Allendale 6408 106/6408: CMHC,Allendale (generic)/_NeedsReview/13430 8-Unit 6408 103 St Allendale - FINAL.pdf,https://drive.google.com/file/d/1TlyyYRbUPVlsCQlGoLdDrLmLnJiCryQ_/view?usp=drivesdk
16ej4b7juSdb6SvBB2dlrU8anlpgmierN,Allendale Build Files OneDrive_2_6-14-2025.zip,primary,Allendale 6408 106/6408 Documents ,Allendale (generic)/_NeedsReview/Allendale Build Files OneDrive_2_6-14-2025.zip,https://drive.google.com/file/d/16ej4b7juSdb6SvBB2dlrU8anlpgmierN/view?usp=drivesdk
1VUrNqf1rUwnjM5LkxoUtCM34CS1KezE2,Allendale Jeremy Parker Files IssuedOneDrive_1_6-14-2025.zip,primary,Allendale 6408 106/6408 Documents ,Allendale (generic)/_NeedsReview/Allendale Jeremy Parker Files IssuedOneDrive_1_6-14-2025.zip,https://drive.google.com/file/d/1VUrNqf1rUwnjM5LkxoUtCM34CS1KezE2/view?usp=drivesdk
1nv9fAowUTjfFclW4Jq5qWdgPGB5QaQit,25-13 NBC2023-AE-schedule A- Owner (QualisConstruction).pdf,primary,Inglewood 6-Plex: 11328 126 St,Inglewood 6-Plex (11328 126 St)/Contracts/25-13 NBC2023-AE-schedule A- Owner (QualisConstruction).pdf,https://drive.google.com/file/d/1nv9fAowUTjfFclW4Jq5qWdgPGB5QaQit/view?usp=drivesdk
1PKoTQXkz9zbsdaHaQ1W2rZQxJCuCuF8K,Appraisal Frost: 6 Unit 6408 103 St Allendale.pdf,primary,Allendale 6408 106/6408: CMHC,Allendale (generic)/Reports/Appraisal Frost: 6 Unit 6408 103 St Allendale.pdf,https://drive.google.com/file/d/1PKoTQXkz9zbsdaHaQ1W2rZQxJCuCuF8K/view?usp=drivesdk
1F_zejKn32MV-W_zYdawsWzFWV0Z7D8GP,13430 8-Unit 6408 103 St Allendale - FINAL.pdf,duplicate,Allendale 6408 106,_Duplicates/Allendale (generic)/13430 8-Unit 6408 103 St Allendale - FINAL.pdf,https://drive.google.com/file/d/1F_zejKn32MV-W_zYdawsWzFWV0Z7D8GP/view?usp=drivesdk
1FARUa7GegpDMy6yj4-fDi7Vt7-5PwjQk,13430 - Letter of Transmittal .pdf,primary,Allendale 6408 106/6408: CMHC,Allendale (generic)/_NeedsReview/13430 - Letter of Transmittal .pdf,https://drive.google.com/file/d/1FARUa7GegpDMy6yj4-fDi7Vt7-5PwjQk/view?usp=drivesdk
1RZDWSy5P7iNBM-2u8d-9pa-iY2MCSqlzh87fwGAGa1Y,Buyers- FULL EMAIL LIST,primary,Buyers/ Investors /Buyers,_NeedsReview/Buyers- FULL EMAIL LIST,https://docs.google.com/spreadsheets/d/1RZDWSy5P7iNBM-2u8d-9pa-iY2MCSqlzh87fwGAGa1Y/edit?usp=drivesdk&ouid=112966636072631084810
13UPKelV04Yl5-ufmNTGEO2zzKqZELQL4,Buyers_Infill_1749573633.xlsx,primary,LEADS////SPREADSHEETS!,_NeedsReview/Buyers_Infill_1749573633.xlsx,https://drive.google.com/file/d/13UPKelV04Yl5-ufmNTGEO2zzKqZELQL4/view?usp=drivesdk
1ePMJ6YIBvNPXErOOF_TNVkKFYtqHoiNL,Promissory Note - (CHRISTA MORKEBERG).pdf,primary,IBH Tax/Investor Documents,_NeedsReview/Promissory Note - (CHRISTA MORKEBERG).pdf,https://drive.google.com/file/d/1ePMJ6YIBvNPXErOOF_TNVkKFYtqHoiNL/view?usp=drivesdk
1hyBSEZnryc8WVHHpj7XyI3odOJkHh2Cn,Credit Facility and Promissory Note - (CMI)May2024.pdf.pdf,primary,IBH Tax/Investor Documents,_NeedsReview/Credit Facility and Promissory Note - (CMI)May2024.pdf.pdf,https://drive.google.com/file/d/1hyBSEZnryc8WVHHpj7XyI3odOJkHh2Cn/view?usp=drivesdk
1dcsGwLHyDGFI2pRQKmASIMyKDF5tah55,6408 106 St Title ALberta Company.pdf,primary,Allendale 6408 106/6408: Purchase Docs ,Allendale (generic)/_NeedsReview/6408 106 St Title ALberta Company.pdf,https://drive.google.com/file/d/1dcsGwLHyDGFI2pRQKmASIMyKDF5tah55/view?usp=drivesdk
1EV6aDQCoFxDhPSk2OUdUxfFanSyJJyNb,Notice (For Waiver_Satisfaction of Conditions).pdf,primary,2025 Tax/2025 Flips/Wholesale /Inglewood 8 Plex: 11614 127 St NW,Inglewood (generic)/_NeedsReview/Notice (For Waiver_Satisfaction of Conditions).pdf,https://drive.google.com/file/d/1EV6aDQCoFxDhPSk2OUdUxfFanSyJJyNb/view?usp=drivesdk
13m_wnW2WxpYglz14lOnTSgR6d2L2I6G8,Allendale Apartments - Undertaking.pdf,primary,Allendale 6408 106/6408: Build,Allendale (generic)/_NeedsReview/Allendale Apartments - Undertaking.pdf,https://drive.google.com/file/d/13m_wnW2WxpYglz14lOnTSgR6d2L2I6G8/view?usp=drivesdk
1mLG1v-oQY4rBPk-isbaQx_XI5-uzI9zI,76941306495__B8E23FD1-12CE-4624-A14D-D18FEF4D93A3.heic,primary,Mayfield 110/Loren Files ,Mayfield 110/Photos/76941306495__B8E23FD1-12CE-4624-A14D-D18FEF4D93A3.heic,https://drive.google.com/file/d/1mLG1v-oQY4rBPk-isbaQx_XI5-uzI9zI/view?usp=drivesdk
1rUQRlyj5YYlDTloUlt_ym27DTiRMZKjF,76941314462__9B479ED1-0CDA-4D23-BA9F-0DDB6CDD323D.heic,primary,Mayfield 110/Loren Files ,Mayfield 110/Photos/76941314462__9B479ED1-0CDA-4D23-BA9F-0DDB6CDD323D.heic,https://drive.google.com/file/d/1rUQRlyj5YYlDTloUlt_ym27DTiRMZKjF/view?usp=drivesdk
132tozZyIt_-t9i6GqDJXvrP59y8F3J7y,Allendale Apartments - Undertaking.pdf,primary,Allendale 6408 106/6408: Build,Allendale (generic)/_NeedsReview/Allendale Apartments - Undertaking.pdf,https://drive.google.com/file/d/132tozZyIt_-t9i6GqDJXvrP59y8F3J7y/view?usp=drivesdk
13qk1va34wrlma77FPROGily682lsBJZQ,IMG_0695.mov,primary,(root),_NeedsReview/IMG_0695.mov,https://drive.google.com/file/d/13qk1va34wrlma77FPROGily682lsBJZQ/view?usp=drivesdk
1cQR0oeGBuKDXRni3q0d577tqBf8i1CBM,IMG_0676.MOV,primary,(root),_NeedsReview/IMG_0676.MOV,https://drive.google.com/file/d/1cQR0oeGBuKDXRni3q0d577tqBf8i1CBM/view?usp=drivesdk
1TAu_f7uWvWeqiZ_QHWCifC7rQCLcnxjU,IMG_0697.HEIC,primary,(root),_Library/Photos/IMG_0697.HEIC,https://drive.google.com/file/d/1TAu_f7uWvWeqiZ_QHWCifC7rQCLcnxjU/view?usp=drivesdk
1O2wbLM6T80zYD_8BZYJydLKZqzI-84JJ,IMG_0707.HEIC,primary,(root),_Library/Photos/IMG_0707.HEIC,https://drive.google.com/file/d/1O2wbLM6T80zYD_8BZYJydLKZqzI-84JJ/view?usp=drivesdk
11C4BVXlF3mB1eW0Z85eBhyVe3hkBmLP1,IMG_0708.HEIC,primary,(root),_Library/Photos/IMG_0708.HEIC,https://drive.google.com/file/d/11C4BVXlF3mB1eW0Z85eBhyVe3hkBmLP1/view?usp=drivesdk
1H9u7vOLPbxThXB4SEtDNGjH9QyGGrCCm,IMG_0706.HEIC,primary,(root),_Library/Photos/IMG_0706.HEIC,https://drive.google.com/file/d/1H9u7vOLPbxThXB4SEtDNGjH9QyGGrCCm/view?usp=drivesdk
10p5bq7tYlZfcx7vFAePJXS2BdybmO_Ti,IMG_0705.HEIC,primary,(root),_Library/Photos/IMG_0705.HEIC,https://drive.google.com/file/d/10p5bq7tYlZfcx7vFAePJXS2BdybmO_Ti/view?usp=drivesdk
1GDfNF4ib1lIqu1tU9IeWw_ZsV71yAvuL,IMG_0704.HEIC,primary,(root),_Library/Photos/IMG_0704.HEIC,https://drive.google.com/file/d/1GDfNF4ib1lIqu1tU9IeWw_ZsV71yAvuL/view?usp=drivesdk
1PRMJLH3_cRsBNlzezMAoi9kQhngWx7Rc,IMG_0701.HEIC,primary,(root),_Library/Photos/IMG_0701.HEIC,https://drive.google.com/file/d/1PRMJLH3_cRsBNlzezMAoi9kQhngWx7Rc/view?usp=drivesdk
13Cku7uvDQz9EC2IkYUrY_aVypXxSs_eB,IMG_0700.HEIC,primary,(root),_Library/Photos/IMG_0700.HEIC,https://drive.google.com/file/d/13Cku7uvDQz9EC2IkYUrY_aVypXxSs_eB/view?usp=drivesdk
1tAQXcn9RRJdiIeS7QMNvrjNHkVEH-GlL,IMG_0698.HEIC,primary,(root),_Library/Photos/IMG_0698.HEIC,https://drive.google.com/file/d/1tAQXcn9RRJdiIeS7QMNvrjNHkVEH-GlL/view?usp=drivesdk
1XypoGjKf0X7zVGwezJvObbS2iYmx3HAo,IMG_0692.HEIC,primary,(root),_Library/Photos/IMG_0692.HEIC,https://drive.google.com/file/d/1XypoGjKf0X7zVGwezJvObbS2iYmx3HAo/view?usp=drivesdk
10HLY2RnHWEgNcUfJgts3KwqK6osT5HCi,IMG_0678.HEIC,primary,(root),_Library/Photos/IMG_0678.HEIC,https://drive.google.com/file/d/10HLY2RnHWEgNcUfJgts3KwqK6osT5HCi/view?usp=drivesdk
1Cxe0DeLboYL3vc66ksxEGjWpnGAW5dQz,IMG_0696.HEIC,primary,(root),_Library/Photos/IMG_0696.HEIC,https://drive.google.com/file/d/1Cxe0DeLboYL3vc66ksxEGjWpnGAW5dQz/view?usp=drivesdk
1We3Gj96ZHDcl_PAedTXNJB9q0vI24Twr,IMG_0689.HEIC,primary,(root),_Library/Photos/IMG_0689.HEIC,https://drive.google.com/file/d/1We3Gj96ZHDcl_PAedTXNJB9q0vI24Twr/view?usp=drivesdk
1hiszMjM3JpN00quYsg5J3SdD-uUyDjzh,IMG_0690.HEIC,primary,(root),_Library/Photos/IMG_0690.HEIC,https://drive.google.com/file/d/1hiszMjM3JpN00quYsg5J3SdD-uUyDjzh/view?usp=drivesdk
1_QqXb9aVr2rX0wCklaeqsMx3v_krF93O,IMG_0681.HEIC,primary,(root),_Library/Photos/IMG_0681.HEIC,https://drive.google.com/file/d/1_QqXb9aVr2rX0wCklaeqsMx3v_krF93O/view?usp=drivesdk
1d0-KYaC-gH6ERR5wPeohddnvCB2V6Lf-,IMG_0693.HEIC,primary,(root),_Library/Photos/IMG_0693.HEIC,https://drive.google.com/file/d/1d0-KYaC-gH6ERR5wPeohddnvCB2V6Lf-/view?usp=drivesdk
1gpJxL524i73bSXcMTe032rcTaM1QTLDm,IMG_0691.HEIC,primary,(root),_Library/Photos/IMG_0691.HEIC,https://drive.google.com/file/d/1gpJxL524i73bSXcMTe032rcTaM1QTLDm/view?usp=drivesdk
1Vw6StG0NWrqFdleqMAIH-uXf4AYCCr9p,IMG_0682.HEIC,primary,(root),_Library/Photos/IMG_0682.HEIC,https://drive.google.com/file/d/1Vw6StG0NWrqFdleqMAIH-uXf4AYCCr9p/view?usp=drivesdk
1lX0S3vS9Zkmo3U32W2cQAfT7T8Sz7Skd,IMG_0687.HEIC,primary,(root),_Library/Photos/IMG_0687.HEIC,https://drive.google.com/file/d/1lX0S3vS9Zkmo3U32W2cQAfT7T8Sz7Skd/view?usp=drivesdk
1c_Xoj4Z6AFP4FwIqd45wzEPvmdTLOGOW,IMG_0677.HEIC,primary,(root),_Library/Photos/IMG_0677.HEIC,https://drive.google.com/file/d/1c_Xoj4Z6AFP4FwIqd45wzEPvmdTLOGOW/view?usp=drivesdk
1XiGxDh_fHqmVy345p0JtB3oYG5KdBMi0,IMG_0685.HEIC,primary,(root),_Library/Photos/IMG_0685.HEIC,https://drive.google.com/file/d/1XiGxDh_fHqmVy345p0JtB3oYG5KdBMi0/view?usp=drivesdk
1iq1k6pqqoUJIKgk7Scu4LB1rLCaDwmO1,IMG_0674.HEIC,primary,(root),_Library/Photos/IMG_0674.HEIC,https://drive.google.com/file/d/1iq1k6pqqoUJIKgk7Scu4LB1rLCaDwmO1/view?usp=drivesdk
1uIf44QWkLWW3NF6cQs6CnDjKf3ziYw_x,IMG_0683.HEIC,primary,(root),_Library/Photos/IMG_0683.HEIC,https://drive.google.com/file/d/1uIf44QWkLWW3NF6cQs6CnDjKf3ziYw_x/view?usp=drivesdk
1BZpsQ8xh2RO7xfWKHlrFmnvFoGBOMLQq,IMG_0675.HEIC,primary,(root),_Library/Photos/IMG_0675.HEIC,https://drive.google.com/file/d/1BZpsQ8xh2RO7xfWKHlrFmnvFoGBOMLQq/view?usp=drivesdk
1MgOikDs3aVmuIzcqNyLGC-LxY9q1pLFe,IMG_0679.HEIC,primary,(root),_Library/Photos/IMG_0679.HEIC,https://drive.google.com/file/d/1MgOikDs3aVmuIzcqNyLGC-LxY9q1pLFe/view?usp=drivesdk
1zzGjAoy0h4G99avEcE2yvz0-iQmDcIV0,IMG_0680.HEIC,primary,(root),_Library/Photos/IMG_0680.HEIC,https://drive.google.com/file/d/1zzGjAoy0h4G99avEcE2yvz0-iQmDcIV0/view?usp=drivesdk
1qzToFmJA9ejvq2RU0cJd9G6L6q9tBYAU,106 Street Property.pdf,primary,Allendale 6408 106/6408 Documents ,Allendale (generic)/_NeedsReview/106 Street Property.pdf,https://drive.google.com/file/d/1qzToFmJA9ejvq2RU0cJd9G6L6q9tBYAU/view?usp=drivesdk
1Xv_OrVGCV9TBE_Y1bzI2s7Hx9M4ShQkS,IMG_1448.jpg,primary,LEADS////SPREADSHEETS!,_Library/Photos/IMG_1448.jpg,https://drive.google.com/file/d/1Xv_OrVGCV9TBE_Y1bzI2s7Hx9M4ShQkS/view?usp=drivesdk
1D5L4njZWSsKjxM4LFixJHfxYNAnz6GWE,25-13-Inglewood Six-Plex-Presale Design Dwg Set 2025.05.07 (006).pdf,primary,Inglewood 6-Plex: 11328 126 St,Inglewood 6-Plex (11328 126 St)/_NeedsReview/25-13-Inglewood Six-Plex-Presale Design Dwg Set 2025.05.07 (006).pdf,https://drive.google.com/file/d/1D5L4njZWSsKjxM4LFixJHfxYNAnz6GWE/view?usp=drivesdk
1FGaUfhhCrdsTRQNCRPXnUnTyMwinzndo,Buyers_Multifamily_1748886997.xlsx,primary,LEADS////SPREADSHEETS!,_NeedsReview/Buyers_Multifamily_1748886997.xlsx,https://drive.google.com/file/d/1FGaUfhhCrdsTRQNCRPXnUnTyMwinzndo/view?usp=drivesdk
1Yj_cu7sh4l9HeWXYLaGlbC7zxVY7j0tD,Buyers_Multifamily_1748886970.xlsx,primary,LEADS////SPREADSHEETS!,_NeedsReview/Buyers_Multifamily_1748886970.xlsx,https://drive.google.com/file/d/1Yj_cu7sh4l9HeWXYLaGlbC7zxVY7j0tD/view?usp=drivesdk
1Ksl4dRu6lF7K4C6IlWber3cvAm7ZBSDT,Addressing_Plan.png,primary,Allendale 6408 106,Allendale (generic)/Photos/Addressing_Plan.png,https://drive.google.com/file/d/1Ksl4dRu6lF7K4C6IlWber3cvAm7ZBSDT/view?usp=drivesdk
1wVKAy9BSgvuY7Xn6HfIJUb-8OSMkkk4H,6408_-_106_STREET_NW_Addressing_Letter.pdf,primary,Allendale 6408 106/6408 Documents ,Allendale (generic)/_NeedsReview/6408_-_106_STREET_NW_Addressing_Letter.pdf,https://drive.google.com/file/d/1wVKAy9BSgvuY7Xn6HfIJUb-8OSMkkk4H/view?usp=drivesdk
1NZgAVA79l0kWshg5qFg4lnuqWV9MIioW,Buyers_Infill_1748885869.xlsx,primary,LEADS////SPREADSHEETS!,_NeedsReview/Buyers_Infill_1748885869.xlsx,https://drive.google.com/file/d/1NZgAVA79l0kWshg5qFg4lnuqWV9MIioW/view?usp=drivesdk
1Jl2GEAslrdJBDRiFrdEaOWlWOmFUZa2P,17780-04AS.pdf,primary,Allendale 6408 106/6408 Documents ,Allendale (generic)/_NeedsReview/17780-04AS.pdf,https://drive.google.com/file/d/1Jl2GEAslrdJBDRiFrdEaOWlWOmFUZa2P/view?usp=drivesdk
1wSZILIafW3RT-XRfChSIsg8jiqZSxoDH,11614 127 ST NW Residential Purchase Contract R2 (1).pdf,primary,2025 Tax/2025 Flips/Wholesale /Inglewood 8 Plex: 11614 127 St NW,Inglewood (generic)/Contracts/11614 127 ST NW Residential Purchase Contract R2 (1).pdf,https://drive.google.com/file/d/1wSZILIafW3RT-XRfChSIsg8jiqZSxoDH/view?usp=drivesdk
1RHOque_v1n9x1zM3BQ8eirC3QyeK7LKp,Development Decision 564496862-002.pdf,primary,Allendale 6408 106/Allendale Overview Info,Allendale (generic)/_NeedsReview/Development Decision 564496862-002.pdf,https://drive.google.com/file/d/1RHOque_v1n9x1zM3BQ8eirC3QyeK7LKp/view?usp=drivesdk
1lMBH3i2Ll6Q1SYeXRKNDZZFnlrLO1q0HIJlIAMQeJ7w,Costa Rica ,primary,Personal /CR,_NeedsReview/Costa Rica ,https://docs.google.com/document/d/1lMBH3i2Ll6Q1SYeXRKNDZZFnlrLO1q0HIJlIAMQeJ7w/edit?usp=drivesdk&ouid=112966636072631084810
1m1Qhad5X-m2SQ7AXHkS_dgxAHduBPYe2rPW3ivGlEhU,Investor in Project Email,primary,Buyers/ Investors ,_Library/Investor Docs/Investor in Project Email,https://docs.google.com/document/d/1m1Qhad5X-m2SQ7AXHkS_dgxAHduBPYe2rPW3ivGlEhU/edit?usp=drivesdk&ouid=112966636072631084810
12igcV_M5Tsc9kE1ASHhH444cBph3ySoP,Contractors_trades_Contacts_1748280586.xlsx,primary,LEADS////SPREADSHEETS!,_NeedsReview/Contractors_trades_Contacts_1748280586.xlsx,https://drive.google.com/file/d/12igcV_M5Tsc9kE1ASHhH444cBph3ySoP/view?usp=drivesdk
1O23ADtK-7HEIHY9OPEMq3qe69GIz5Mge,Contacts_Serious_Investors_1748279202.xlsx,primary,LEADS////SPREADSHEETS!,_NeedsReview/Contacts_Serious_Investors_1748279202.xlsx,https://drive.google.com/file/d/1O23ADtK-7HEIHY9OPEMq3qe69GIz5Mge/view?usp=drivesdk
146Xp6ROVtPPtpCUWTN5sbsEdgmh4Uhx3,Purchase_Contract-_9407_128_A_AVE_NW_(1) (1).pdf,primary,NEW Properties /Northside Corner Lot: Pasquale,_NeedsReview/Purchase_Contract-_9407_128_A_AVE_NW_(1) (1).pdf,https://drive.google.com/file/d/146Xp6ROVtPPtpCUWTN5sbsEdgmh4Uhx3/view?usp=drivesdk
1KNES7bF1FQNQsNlvhCLVQcAGPuA0R-El,Sherbrooke Cashflow Analysis,primary,2025 Tax/2025 Flips/Wholesale /Sherbrooke Corner Lot PKG.,Sherbrooke/Financials/Sherbrooke Cashflow Analysis,https://drive.google.com/file/d/1KNES7bF1FQNQsNlvhCLVQcAGPuA0R-El/view?usp=drivesdk
116xJILzFQWkqgjP_An02ldsf_h6ZAmZq,Sherbrooke Information- Infill Development.pdf,primary,2025 Tax/2025 Flips/Wholesale /Sherbrooke Corner Lot PKG.,Sherbrooke/_NeedsReview/Sherbrooke Information- Infill Development.pdf,https://drive.google.com/file/d/116xJILzFQWkqgjP_An02ldsf_h6ZAmZq/view?usp=drivesdk
1sctOXfwpd5a2CNcbktCN9krdQ5A1mO1J,Jasper Park Partner .pdf.pdf,primary,Development Info-----Go to rize,Jasper Park/_NeedsReview/Jasper Park Partner .pdf.pdf,https://drive.google.com/file/d/1sctOXfwpd5a2CNcbktCN9krdQ5A1mO1J/view?usp=drivesdk
1IXk7mV24ig-PFCVm_RtXEXFXjQvYkeah,T1 2024 Loren Yaremchuk.pdf,primary,Mayfield 110/Loren Files ,Mayfield 110/_NeedsReview/T1 2024 Loren Yaremchuk.pdf,https://drive.google.com/file/d/1IXk7mV24ig-PFCVm_RtXEXFXjQvYkeah/view?usp=drivesdk
1k7VMVcKMgCduyXhj_PSnBqiryosBiGwypxjAOSW7wsg,Loren Yaremchuk Bio,primary,Mayfield 110/Loren Files ,Mayfield 110/_NeedsReview/Loren Yaremchuk Bio,https://docs.google.com/document/d/1k7VMVcKMgCduyXhj_PSnBqiryosBiGwypxjAOSW7wsg/edit?usp=drivesdk&ouid=112966636072631084810
1KEdDj9bk6eeec-fDeBMOaJNYJnW6XoR0,NOA 2024 Loren Yaremchuk.pdf,primary,Mayfield 110/Loren Files ,Mayfield 110/_NeedsReview/NOA 2024 Loren Yaremchuk.pdf,https://drive.google.com/file/d/1KEdDj9bk6eeec-fDeBMOaJNYJnW6XoR0/view?usp=drivesdk
1iSPLvu2lwUYNJ5UmkpLZ1BaCyTNbCTdV6PJ5lKhFdpQ,Discovery Call  (Sunni Yaremchuk) - 2025/05/22 14:54 EDT - Notes by Gemini,primary,(root),_NeedsReview/Discovery Call  (Sunni Yaremchuk) - 2025/05/22 14:54 EDT - Notes by Gemini,https://docs.google.com/document/d/1iSPLvu2lwUYNJ5UmkpLZ1BaCyTNbCTdV6PJ5lKhFdpQ/edit?usp=drivesdk&ouid=112966636072631084810
1SR2368ikLqR99RxGYRTF-E9irCa9hZP_3qUg-EDkeU8,Corner Lot- Silvia & Neil ,primary,2025 Tax/2025 Flips/Wholesale /Sherbrooke Corner Lot PKG.,Sherbrooke/_NeedsReview/Corner Lot- Silvia & Neil ,https://docs.google.com/document/d/1SR2368ikLqR99RxGYRTF-E9irCa9hZP_3qUg-EDkeU8/edit?usp=drivesdk&ouid=112966636072631084810
17Ftz0ZOv3crspSP_XlrsNs3wgKuwR1Co,Screenshot 2025-05-22 110218.png,primary,Allendale 6408 106/Allendale Overview Info,Allendale (generic)/Photos/Screenshot 2025-05-22 110218.png,https://drive.google.com/file/d/17Ftz0ZOv3crspSP_XlrsNs3wgKuwR1Co/view?usp=drivesdk
18dr9NTm9wFWtkH3FPrTQjvu3jXgjs_gg,Screenshot 2025-05-22 110144.png,primary,Allendale 6408 106/Allendale Overview Info,Allendale (generic)/Photos/Screenshot 2025-05-22 110144.png,https://drive.google.com/file/d/18dr9NTm9wFWtkH3FPrTQjvu3jXgjs_gg/view?usp=drivesdk
1rWsEU-IgVmcjAG_fXqdyN3tAlqczlj5K,Screenshot 2025-05-22 110102.png,primary,Allendale 6408 106/Allendale Overview Info,Allendale (generic)/Photos/Screenshot 2025-05-22 110102.png,https://drive.google.com/file/d/1rWsEU-IgVmcjAG_fXqdyN3tAlqczlj5K/view?usp=drivesdk
1x0yBRjz1e9iwvJ9XL5AQNrfmfSJmaekR,Screenshot 2025-05-22 110005.png,primary,Allendale 6408 106/Allendale Overview Info,Allendale (generic)/Photos/Screenshot 2025-05-22 110005.png,https://drive.google.com/file/d/1x0yBRjz1e9iwvJ9XL5AQNrfmfSJmaekR/view?usp=drivesdk
1m5eb12DSRsCsY4wWJ5twQmr2v4YBu2az,Screenshot 2025-05-22 105741.png,primary,Allendale 6408 106/Allendale Overview Info,Allendale (generic)/Photos/Screenshot 2025-05-22 105741.png,https://drive.google.com/file/d/1m5eb12DSRsCsY4wWJ5twQmr2v4YBu2az/view?usp=drivesdk
17_Gx9HI8snorI44rkr1jV1gFF6M2P7Gu,Screenshot 2025-05-22 105728.png,primary,Allendale 6408 106/Allendale Overview Info,Allendale (generic)/Photos/Screenshot 2025-05-22 105728.png,https://drive.google.com/file/d/17_Gx9HI8snorI44rkr1jV1gFF6M2P7Gu/view?usp=drivesdk
1HiNRO7BYDOVBFOvASqUpCWPNlMo8CdhM,Screenshot 2025-05-22 105719.png,primary,Allendale 6408 106/Allendale Overview Info,Allendale (generic)/Photos/Screenshot 2025-05-22 105719.png,https://drive.google.com/file/d/1HiNRO7BYDOVBFOvASqUpCWPNlMo8CdhM/view?usp=drivesdk
1aRvyFNnrB0PbZd8qa7gxyM4Mqxj9KpNW,ALLENDALE 6_PLEX.docx,primary,Allendale 6408 106/6408: Build,Allendale (generic)/_NeedsReview/ALLENDALE 6_PLEX.docx,https://drive.google.com/file/d/1aRvyFNnrB0PbZd8qa7gxyM4Mqxj9KpNW/view?usp=drivesdk
1OgIwF5581pOVGVd7YoQviDLOkNRKNEOO,12020 129 ST Cost .xlsx,primary,Development Info-----Go to rize/Ritchie 8 Plex Example ,Ritchie 8-Plex/_NeedsReview/12020 129 ST Cost .xlsx,https://drive.google.com/file/d/1OgIwF5581pOVGVd7YoQviDLOkNRKNEOO/view?usp=drivesdk
1JSEU2KikBVyTiHRIuI8TC-Qq3_uiMpyuPFjn6anSNCA,Development: Build For you ,primary,Development Info-----Go to rize/Proposal for Buyers ,_NeedsReview/Development: Build For you ,https://docs.google.com/document/d/1JSEU2KikBVyTiHRIuI8TC-Qq3_uiMpyuPFjn6anSNCA/edit?usp=drivesdk&ouid=112966636072631084810
154sT75K1ffzJ7uZYmGdCsdg6wRoORbq1Hne74kApZE4,Thesis,primary,Development Info-----Go to rize,_NeedsReview/Thesis,https://docs.google.com/document/d/154sT75K1ffzJ7uZYmGdCsdg6wRoORbq1Hne74kApZE4/edit?usp=drivesdk&ouid=112966636072631084810
1TLPKTqOCe7Hwa-L-xspkPJSKiq2kUQly,TEMPLATE - Real Estate Portfolio - Blank.xlsx,primary,Allendale 6408 106/6408: CMHC,Allendale (generic)/_NeedsReview/TEMPLATE - Real Estate Portfolio - Blank.xlsx,https://drive.google.com/file/d/1TLPKTqOCe7Hwa-L-xspkPJSKiq2kUQly/view?usp=drivesdk
1LSS9D3mCnXvnhml1h6pd45LIeBUI2P-W,Copy of TEMPLATE - PNW Statement - Blank.xlsx,primary,Allendale 6408 106,Allendale (generic)/Investor Docs/Copy of TEMPLATE - PNW Statement - Blank.xlsx,https://drive.google.com/file/d/1LSS9D3mCnXvnhml1h6pd45LIeBUI2P-W/view?usp=drivesdk
1XT_b9jQruiJXhSnisNoLHTSaSb-HlEcy,Real Estate Portfolio- Loren Yaremchuk .xlsx,primary,Mayfield 110/Loren Files ,Mayfield 110/_NeedsReview/Real Estate Portfolio- Loren Yaremchuk .xlsx,https://drive.google.com/file/d/1XT_b9jQruiJXhSnisNoLHTSaSb-HlEcy/view?usp=drivesdk
1x4XoK3AuKAAzy3K2sz6LNqXgXSINUIIP,T5_2024_Submission_27396888.pdf,primary,Mayfield 110/Loren Files ,Mayfield 110/_NeedsReview/T5_2024_Submission_27396888.pdf,https://drive.google.com/file/d/1x4XoK3AuKAAzy3K2sz6LNqXgXSINUIIP/view?usp=drivesdk
15Kd08KTmIzge5QMthWKkbf71-ltKxs1-vdcr0RI1rRw,Develop for you,primary,Development Info-----Go to rize/Proposal for Buyers ,_NeedsReview/Develop for you,https://docs.google.com/document/d/15Kd08KTmIzge5QMthWKkbf71-ltKxs1-vdcr0RI1rRw/edit?usp=drivesdk&ouid=112966636072631084810
1Oi3-g3DA2AKmUizZyBQJWuML7NE53jZ8,Investment Proposal.docx,primary,Buyers/ Investors /Template Investor Email/Text,_Library/Investor Docs/Investment Proposal.docx,https://drive.google.com/file/d/1Oi3-g3DA2AKmUizZyBQJWuML7NE53jZ8/view?usp=drivesdk
1Bz8-1FnmeYPgYeB5uOKtXmyMIzI7ScEF,Seller Finance Commercial .11804 45 St NW,primary,Blank Purchase Contracts /Seller Financing Offers ,11804 45/_NeedsReview/Seller Finance Commercial .11804 45 St NW,https://drive.google.com/file/d/1Bz8-1FnmeYPgYeB5uOKtXmyMIzI7ScEF/view?usp=drivesdk
1fS6oVt05ss6prTX0pgMl2f63pAIVbfIEZ5sMJ5P7e3o,Development Build Cost,primary,Development Info-----Go to rize/Cost Examples ,_NeedsReview/Development Build Cost,https://docs.google.com/spreadsheets/d/1fS6oVt05ss6prTX0pgMl2f63pAIVbfIEZ5sMJ5P7e3o/edit?usp=drivesdk&ouid=112966636072631084810
1wdIoJz3SoMpxSNeXapdsWrZkoXDRr8x0TWgIKGP22Lo,Derilect Link,primary,NEW Properties ,_NeedsReview/Derilect Link,https://docs.google.com/document/d/1wdIoJz3SoMpxSNeXapdsWrZkoXDRr8x0TWgIKGP22Lo/edit?usp=drivesdk&ouid=112966636072631084810
185dKo4d65YJxfxDfpiKtHtq2nfkmeF58,Franken Homes Introduction (2024).pdf,primary,Development Info-----Go to rize,_NeedsReview/Franken Homes Introduction (2024).pdf,https://drive.google.com/file/d/185dKo4d65YJxfxDfpiKtHtq2nfkmeF58/view?usp=drivesdk
1MiVBBF3Nxwp7XJte-MERx-WwmpPhnUyb,Independent_Contractor_Agreement_Hannah_Blank_Name.docx,primary,Wholesale ,_NeedsReview/Independent_Contractor_Agreement_Hannah_Blank_Name.docx,https://drive.google.com/file/d/1MiVBBF3Nxwp7XJte-MERx-WwmpPhnUyb/view?usp=drivesdk
1O3ZnrX8byBsA9PXEL8G10KmcNkUqwsiw,Articles-of-Incorporation- 2652708 ALBERTA INC. (1).pdf,primary,CORPORATION/Net Worth Statements ,_NeedsReview/Articles-of-Incorporation- 2652708 ALBERTA INC. (1).pdf,https://drive.google.com/file/d/1O3ZnrX8byBsA9PXEL8G10KmcNkUqwsiw/view?usp=drivesdk
10tFLh4CDkVkcwuVFsE4tt7ZzJ4z2bpKY,"Letter of Completion - 9121 152 Street, Edmonton, AB .pdf",primary,Jasper Park/Jasper Park Development ,"Jasper Park/_NeedsReview/Letter of Completion - 9121 152 Street, Edmonton, AB .pdf",https://drive.google.com/file/d/10tFLh4CDkVkcwuVFsE4tt7ZzJ4z2bpKY/view?usp=drivesdk
1O9YNW0q-AfZ-PMlNMcp0UVBLF4Vxi7SK,- ALLENDALE 6 PLEX.pdf,primary,Allendale 6408 106/6408: Build,Allendale (generic)/_NeedsReview/- ALLENDALE 6 PLEX.pdf,https://drive.google.com/file/d/1O9YNW0q-AfZ-PMlNMcp0UVBLF4Vxi7SK/view?usp=drivesdk
1lRtoJUTjsXbdLrVGeKneHkRaLnrWhi4V,WhatsApp Image 2025-05-15 at 07.53.05_4106911c.jpg,primary,2025 Tax/2025 Tax Emanation ,_Library/Photos/WhatsApp Image 2025-05-15 at 07.53.05_4106911c.jpg,https://drive.google.com/file/d/1lRtoJUTjsXbdLrVGeKneHkRaLnrWhi4V/view?usp=drivesdk
11ODWxvfAAPHJzbtlMHS1ilqgcpjqlI5Wju9HcglXzcE,Tasks: Sunrize,primary,(root),_NeedsReview/Tasks: Sunrize,https://docs.google.com/spreadsheets/d/11ODWxvfAAPHJzbtlMHS1ilqgcpjqlI5Wju9HcglXzcE/edit?usp=drivesdk&ouid=112966636072631084810
1qkLn7ua6umI--i_QH8p-QyaLeobwsoC4,Screenshot 2025-05-13 18195800.png,primary,Allendale 6408 106/Allendale Overview Info,Allendale (generic)/Photos/Screenshot 2025-05-13 18195800.png,https://drive.google.com/file/d/1qkLn7ua6umI--i_QH8p-QyaLeobwsoC4/view?usp=drivesdk
1UO9H2h6XE9IovhzVjb2ReXKQa8oWOLS8,Screenshot 2025-05-13 181958.png,primary,Allendale 6408 106/Allendale Overview Info,Allendale (generic)/Photos/Screenshot 2025-05-13 181958.png,https://drive.google.com/file/d/1UO9H2h6XE9IovhzVjb2ReXKQa8oWOLS8/view?usp=drivesdk
1ImT24tFBa5z-0_CshFq_0sMcEqDglA-H,"564496862-002, IFPA - Rev 0.pdf",primary,Allendale 6408 106/6408: Build,"Allendale (generic)/_NeedsReview/564496862-002, IFPA - Rev 0.pdf",https://drive.google.com/file/d/1ImT24tFBa5z-0_CshFq_0sMcEqDglA-H/view?usp=drivesdk
1JyIEmwX2Pp6oCKn4X5i0hdbKJFIwKtud,Screenshot 2025-05-12 220529.png,primary,Allendale 6408 106/Allendale Overview Info,Allendale (generic)/Photos/Screenshot 2025-05-12 220529.png,https://drive.google.com/file/d/1JyIEmwX2Pp6oCKn4X5i0hdbKJFIwKtud/view?usp=drivesdk
1geRdk_YoxQNP7xtIWB4Q8SqCHCF1uBpbb81B04cha8s,Grants,primary,CORPORATION/Website/CRM,_NeedsReview/Grants,https://docs.google.com/document/d/1geRdk_YoxQNP7xtIWB4Q8SqCHCF1uBpbb81B04cha8s/edit?usp=drivesdk&ouid=112966636072631084810
1U2dkrWE5G4BIHhIcg778i-WOlS7XuxOviTClXuS8XmY,Property Management Bio – Sunni Yaremchuk,primary,Allendale 6408 106,Allendale (generic)/_NeedsReview/Property Management Bio – Sunni Yaremchuk,https://docs.google.com/document/d/1U2dkrWE5G4BIHhIcg778i-WOlS7XuxOviTClXuS8XmY/edit?usp=drivesdk&ouid=112966636072631084810
1hmaQATLQu_IW_TGzJSiGqiS6D0eVov5q,Qualis Construction Jeremy Parker Development Profile.pdf,primary,Development Info-----Go to rize/Qualis Construction,_Library/Construction/Qualis Construction Jeremy Parker Development Profile.pdf,https://drive.google.com/file/d/1hmaQATLQu_IW_TGzJSiGqiS6D0eVov5q/view?usp=drivesdk
1lQgtMtUXApXa_ZeWRWHxIBUiwzIclM4h,Screenshot 2025-05-10 125745.png,primary,Allendale 6408 106/Allendale Overview Info,Allendale (generic)/Photos/Screenshot 2025-05-10 125745.png,https://drive.google.com/file/d/1lQgtMtUXApXa_ZeWRWHxIBUiwzIclM4h/view?usp=drivesdk
1vup2xNyFoxSmUKBKx7EgE7yJ_Yyv_aI_,Screenshot 2025-05-10 125653.png,primary,Allendale 6408 106/Allendale Overview Info,Allendale (generic)/Photos/Screenshot 2025-05-10 125653.png,https://drive.google.com/file/d/1vup2xNyFoxSmUKBKx7EgE7yJ_Yyv_aI_/view?usp=drivesdk
18eH_WgK3s3hnqe0ugIkNnAjXrqVa2cX_ZKQpmvbReJs,derelict,primary,(root),_NeedsReview/derelict,https://docs.google.com/spreadsheets/d/18eH_WgK3s3hnqe0ugIkNnAjXrqVa2cX_ZKQpmvbReJs/edit?usp=drivesdk&ouid=112966636072631084810
1ynkBfTOjRTX3jlREdBEpO3mlREWAbAHu,Spec Design Concept for Drawings.pdf,primary,Allendale 6408 106/6408 Documents ,Allendale (generic)/_NeedsReview/Spec Design Concept for Drawings.pdf,https://drive.google.com/file/d/1ynkBfTOjRTX3jlREdBEpO3mlREWAbAHu/view?usp=drivesdk
1vBf3OB02TKmAnK3xZ_OcEKQiIfnMnhJL,General Estimate Summary- Allendale 6408.png,primary,Allendale 6408 106/Allendale Overview Info,Allendale (generic)/Photos/General Estimate Summary- Allendale 6408.png,https://drive.google.com/file/d/1vBf3OB02TKmAnK3xZ_OcEKQiIfnMnhJL/view?usp=drivesdk
1lHwWR4P_wj0zeUonKAW8Smt4nKZJugbk,Screenshot 2025-05-09 094036.png,primary,Allendale 6408 106/Allendale Overview Info,Allendale (generic)/Photos/Screenshot 2025-05-09 094036.png,https://drive.google.com/file/d/1lHwWR4P_wj0zeUonKAW8Smt4nKZJugbk/view?usp=drivesdk
1iPMR2DTYi5d-GmbSzz4tMhJN3PRIlQMr,564496862-002 IFPA - Rev 0.pdf,primary,Allendale 6408 106/6408 Documents ,Allendale (generic)/_NeedsReview/564496862-002 IFPA - Rev 0.pdf,https://drive.google.com/file/d/1iPMR2DTYi5d-GmbSzz4tMhJN3PRIlQMr/view?usp=drivesdk
1eaplKZH4oAspQWdUwCSg97x9VsXXnuIVguYocRvWwGw,Zip code,primary,(root),_NeedsReview/Zip code,https://docs.google.com/spreadsheets/d/1eaplKZH4oAspQWdUwCSg97x9VsXXnuIVguYocRvWwGw/edit?usp=drivesdk&ouid=112966636072631084810
1JvWBCqCjUJ__YgtwFzeRrOD3OVK_RZ71,City_Plan_FINAL.pdf,primary,Allendale 6408 106,Allendale (generic)/_NeedsReview/City_Plan_FINAL.pdf,https://drive.google.com/file/d/1JvWBCqCjUJ__YgtwFzeRrOD3OVK_RZ71/view?usp=drivesdk
1mbxbRC2v8GZGS-NG3r8IDdqwu1Tc4sYb,City plan review (2).pdf,primary,Allendale 6408 106/Allendale Overview Info,Allendale (generic)/Plans & Permits/City plan review (2).pdf,https://drive.google.com/file/d/1mbxbRC2v8GZGS-NG3r8IDdqwu1Tc4sYb/view?usp=drivesdk
1PDMsF6Hf4XO9uItUoPeAhjot3W9XNChR,Screenshot 2025-05-07 133940.png,primary,Allendale 6408 106/Allendale Overview Info,Allendale (generic)/Photos/Screenshot 2025-05-07 133940.png,https://drive.google.com/file/d/1PDMsF6Hf4XO9uItUoPeAhjot3W9XNChR/view?usp=drivesdk
1uRFOo7iGSkuqQdLRiM3X_zcbhTn0QmIw,City plan review (2).pdf,primary,(root),_Library/Plans & Permits/City plan review (2).pdf,https://drive.google.com/file/d/1uRFOo7iGSkuqQdLRiM3X_zcbhTn0QmIw/view?usp=drivesdk
12E86MvE8AAoXWOGa5oUJQgke7SomvGwc,City_Plan_FINAL.pdf,primary,(root),_NeedsReview/City_Plan_FINAL.pdf,https://drive.google.com/file/d/12E86MvE8AAoXWOGa5oUJQgke7SomvGwc/view?usp=drivesdk
1Gk3fHMrXTTP9HZVGl9wo_sumHvACjhMm,TEMPLATE - CMHC Bonding Waiver Form.xlsx,primary,Allendale 6408 106/6408: CMHC,Allendale (generic)/Financials/TEMPLATE - CMHC Bonding Waiver Form.xlsx,https://drive.google.com/file/d/1Gk3fHMrXTTP9HZVGl9wo_sumHvACjhMm/view?usp=drivesdk
1ZZbXBFCDSp8rMAnZFdT7rxsQ28mBORTwK_0NcKCYtBY,Land development companies,primary,Buyers/ Investors /Buyers,_NeedsReview/Land development companies,https://docs.google.com/spreadsheets/d/1ZZbXBFCDSp8rMAnZFdT7rxsQ28mBORTwK_0NcKCYtBY/edit?usp=drivesdk&ouid=112966636072631084810
1PIFj2wKoty_u0gIlA-wMWWUhVUdzsYXc,Development Number  6408 106 St.pdf,primary,Allendale 6408 106/6408: Build,Allendale (generic)/_NeedsReview/Development Number  6408 106 St.pdf,https://drive.google.com/file/d/1PIFj2wKoty_u0gIlA-wMWWUhVUdzsYXc/view?usp=drivesdk
1hGfBaaWOmOKMvLD5aBZGYLpV7Y9tN7pA,"24-48-Allendale Five-Plex- Progress May 2, 2025.pdf",primary,Allendale 6408 106/6408: Plans/Survey,"Allendale (generic)/_NeedsReview/24-48-Allendale Five-Plex- Progress May 2, 2025.pdf",https://drive.google.com/file/d/1hGfBaaWOmOKMvLD5aBZGYLpV7Y9tN7pA/view?usp=drivesdk
1DBMzYDox2c3kr_kMmXbCppZ8HoK1jAH9,25266 PLT01 R0-Proposal for Allendale - PAB.pdf,primary,Allendale 6408 106/6408 Documents ,Allendale (generic)/_NeedsReview/25266 PLT01 R0-Proposal for Allendale - PAB.pdf,https://drive.google.com/file/d/1DBMzYDox2c3kr_kMmXbCppZ8HoK1jAH9/view?usp=drivesdk
1ogqxdPyscK9gvNZu0LoYJMkagypMCM46,Job#560019244-001 6408 106 St.pdf,primary,Allendale 6408 106/Allendale Overview Info,Allendale (generic)/_NeedsReview/Job#560019244-001 6408 106 St.pdf,https://drive.google.com/file/d/1ogqxdPyscK9gvNZu0LoYJMkagypMCM46/view?usp=drivesdk
1pvLykhRezOiWcrWetMLn40UVhEf11g0n,sopca-en-ca-br-535-acoustiboard.pdf,primary,Allendale 6408 106/6408: Plans/Survey,Allendale (generic)/_NeedsReview/sopca-en-ca-br-535-acoustiboard.pdf,https://drive.google.com/file/d/1pvLykhRezOiWcrWetMLn40UVhEf11g0n/view?usp=drivesdk
1czFckVfIRYH0ai1qWAfi-9dc_MaPgvFqSiHEa-5i_HQ,Develop Proposal,primary,Development Info-----Go to rize/Proposal for Buyers ,_NeedsReview/Develop Proposal,https://docs.google.com/document/d/1czFckVfIRYH0ai1qWAfi-9dc_MaPgvFqSiHEa-5i_HQ/edit?usp=drivesdk&ouid=112966636072631084810
12rtG_xRC-8V-B6OMWqVTpH_X6V4tdBUG,Policy Payment Schedule - Sunni Yaremchuk.pdf,primary,Personal /Rang Rover Velar Insurance ,_NeedsReview/Policy Payment Schedule - Sunni Yaremchuk.pdf,https://drive.google.com/file/d/12rtG_xRC-8V-B6OMWqVTpH_X6V4tdBUG/view?usp=drivesdk
1aQA6HWFFZ74KK1BUGX6lju8_VOtUinjw,Pink Card - Sunni Yaremchuk.pdf,primary,Personal /Rang Rover Velar Insurance ,_NeedsReview/Pink Card - Sunni Yaremchuk.pdf,https://drive.google.com/file/d/1aQA6HWFFZ74KK1BUGX6lju8_VOtUinjw/view?usp=drivesdk
1CRdI8DyHJu67wYLzglOzBbnzVxhjO9wi,Policy Documents - Sunni Yaremchuk.pdf,primary,Personal /Rang Rover Velar Insurance ,_NeedsReview/Policy Documents - Sunni Yaremchuk.pdf,https://drive.google.com/file/d/1CRdI8DyHJu67wYLzglOzBbnzVxhjO9wi/view?usp=drivesdk
1xsCMK3O7YsBGcJAKkflEkkvl9nmpbLQW,BTY Group Information Required - Budget Review Report.docx,primary,Allendale 6408 106/6408: CMHC,Allendale (generic)/Financials/BTY Group Information Required - Budget Review Report.docx,https://drive.google.com/file/d/1xsCMK3O7YsBGcJAKkflEkkvl9nmpbLQW/view?usp=drivesdk
1fBuBc8lh6VZkHM6vCME6FFN9ON6tfaaS,106 Street Property - CMLS.pdf,primary,Allendale 6408 106/6408 Documents ,Allendale (generic)/Marketing & OM/106 Street Property - CMLS.pdf,https://drive.google.com/file/d/1fBuBc8lh6VZkHM6vCME6FFN9ON6tfaaS/view?usp=drivesdk
1ULpShQ-gk-Fm1jPk55swoMJBi13Lnm3m,Estimate_QCAD412025FLR_from_HT_CANADA_LTD.pdf,primary,Allendale 6408 106/6408: Build,Allendale (generic)/_NeedsReview/Estimate_QCAD412025FLR_from_HT_CANADA_LTD.pdf,https://drive.google.com/file/d/1ULpShQ-gk-Fm1jPk55swoMJBi13Lnm3m/view?usp=drivesdk
1Tx06fvwdlhsB0StQufATF50Ix8XSlRrt,Estimate_QCAD412025LED_from_HT_CANADA_LTD.pdf,primary,Allendale 6408 106/6408: Invoice,Allendale (generic)/_NeedsReview/Estimate_QCAD412025LED_from_HT_CANADA_LTD.pdf,https://drive.google.com/file/d/1Tx06fvwdlhsB0StQufATF50Ix8XSlRrt/view?usp=drivesdk
1hK9CKCbU8MgWbP_ey3naa2Cu7ldJ9aOg,Estimate_QCAD412025FLR_from_HT_CANADA_LTD.pdf,primary,Allendale 6408 106/6408: Invoice,Allendale (generic)/_NeedsReview/Estimate_QCAD412025FLR_from_HT_CANADA_LTD.pdf,https://drive.google.com/file/d/1hK9CKCbU8MgWbP_ey3naa2Cu7ldJ9aOg/view?usp=drivesdk
1xRACtzZYR-Dai9qGBhVea0XmQQ3nFZ8x,Estimate_QCAD412025PF_from_HT_CANADA_LTD.pdf,primary,Allendale 6408 106/6408: Invoice,Allendale (generic)/_NeedsReview/Estimate_QCAD412025PF_from_HT_CANADA_LTD.pdf,https://drive.google.com/file/d/1xRACtzZYR-Dai9qGBhVea0XmQQ3nFZ8x/view?usp=drivesdk
1Bu8mURoFiConJWAok5dIbMw9YOcfgSrG,UTF-8Articles-of-Incorporation.pdf,duplicate,IBH Tax/Corp Docs,_Duplicates/Unknown/UTF-8Articles-of-Incorporation.pdf,https://drive.google.com/file/d/1Bu8mURoFiConJWAok5dIbMw9YOcfgSrG/view?usp=drivesdk
1daBc1wY0PL9jHuqbZcxByj-7Pis5jin8,CCDC_Allendale_Evara_Project_6408_106_St_(2)_(1).pdf,primary,Allendale 6408 106/6408: CMHC,Allendale (generic)/_NeedsReview/CCDC_Allendale_Evara_Project_6408_106_St_(2)_(1).pdf,https://drive.google.com/file/d/1daBc1wY0PL9jHuqbZcxByj-7Pis5jin8/view?usp=drivesdk
1H3NieEwII0m4nAgDvCjPVSsy72m_DOABRgEjGfp1TtU,Derelict Edmonton,primary,NEW Properties ,_NeedsReview/Derelict Edmonton,https://docs.google.com/spreadsheets/d/1H3NieEwII0m4nAgDvCjPVSsy72m_DOABRgEjGfp1TtU/edit?usp=drivesdk&ouid=112966636072631084810
1J6Dv2ClwEIzt5A9AwS4FmSpIHMfGRDM_b_WvNObXg2g,Construction Mnager,primary,Allendale 6408 106/6408: CMHC,Allendale (generic)/Construction/Construction Mnager,https://docs.google.com/document/d/1J6Dv2ClwEIzt5A9AwS4FmSpIHMfGRDM_b_WvNObXg2g/edit?usp=drivesdk&ouid=112966636072631084810
1W6x0GJlAYoW_XGKh6e5l3SZPvrsSm1ep,6408-106 Calvert Loan Aggreement.pdf,primary,Allendale 6408 106/6408: Purchase Docs ,Allendale (generic)/_NeedsReview/6408-106 Calvert Loan Aggreement.pdf,https://drive.google.com/file/d/1W6x0GJlAYoW_XGKh6e5l3SZPvrsSm1ep/view?usp=drivesdk
1uSEI-IrsbL0cZOpjMEJqQvA9b9XMYZ3F,6408 106ST Land Title.pdf,primary,Allendale 6408 106/6408: Purchase Docs ,Allendale (generic)/_NeedsReview/6408 106ST Land Title.pdf,https://drive.google.com/file/d/1uSEI-IrsbL0cZOpjMEJqQvA9b9XMYZ3F/view?usp=drivesdk
1zQ3aXMVqsk1lQgsZ6PV2N54PDJb83uv4,Allendale6408 106 Street NW Title (1).pdf,primary,Allendale 6408 106/6408: Plans/Survey,Allendale (generic)/_NeedsReview/Allendale6408 106 Street NW Title (1).pdf,https://drive.google.com/file/d/1zQ3aXMVqsk1lQgsZ6PV2N54PDJb83uv4/view?usp=drivesdk
1gwwVBc8a63w9uF7jhwY-I_KL8tlY5Mkj,Checklist - Items Required for CMHC-Construction (Sunni Yaremchuk).pdf,primary,Allendale 6408 106/6408: CMHC,Allendale (generic)/Financials/Checklist - Items Required for CMHC-Construction (Sunni Yaremchuk).pdf,https://drive.google.com/file/d/1gwwVBc8a63w9uF7jhwY-I_KL8tlY5Mkj/view?usp=drivesdk
1nzdegDNxoMITovbPdbGZD52YiLE4TgpY,UTF-8Vibrant Homes High Park Multi Paperwork 2.pdf,primary,IBH Tax/Invoices Paid by Madison,High Park 9-Plex/_NeedsReview/UTF-8Vibrant Homes High Park Multi Paperwork 2.pdf,https://drive.google.com/file/d/1nzdegDNxoMITovbPdbGZD52YiLE4TgpY/view?usp=drivesdk
1uRyRJwMAydDEpqNOj40C3s6Hx-4NRaS4an8n04la95Q,CCDC Allendale Evara Project 6408 106 St,primary,Allendale 6408 106/6408: CMHC,Allendale (generic)/_NeedsReview/CCDC Allendale Evara Project 6408 106 St,https://docs.google.com/document/d/1uRyRJwMAydDEpqNOj40C3s6Hx-4NRaS4an8n04la95Q/edit?usp=drivesdk&ouid=112966636072631084810
1Mx62MuhToxJu2LAgk-jNTXUr1TxB9320,BTY Group Information Required - Budget Review Report.docx,primary,Allendale 6408 106/6408: CMHC,Allendale (generic)/Financials/BTY Group Information Required - Budget Review Report.docx,https://drive.google.com/file/d/1Mx62MuhToxJu2LAgk-jNTXUr1TxB9320/view?usp=drivesdk
1vxSEPyRnFzuKyJballKrz4bzlh1Z1soZ,ApplicationStatusReport.pdf,primary,Allendale 6408 106/6408: Plans/Survey,Allendale (generic)/_NeedsReview/ApplicationStatusReport.pdf,https://drive.google.com/file/d/1vxSEPyRnFzuKyJballKrz4bzlh1Z1soZ/view?usp=drivesdk
1RXFSaCR6qC8vOMq_ze1dZK7L3BxfXMFp,15981 110B Ave Contract.docx,primary,Mayfield 110/Chanpreet Info ,Mayfield 110/Contracts/15981 110B Ave Contract.docx,https://drive.google.com/file/d/1RXFSaCR6qC8vOMq_ze1dZK7L3BxfXMFp/view?usp=drivesdk
1vLnvqiTnPsFA4vMfpY4be5fWzS7icfvi,ApplicationStatusReport.pdf,duplicate,Allendale 6408 106/6408: Plans/Survey,_Duplicates/Allendale (generic)/ApplicationStatusReport.pdf,https://drive.google.com/file/d/1vLnvqiTnPsFA4vMfpY4be5fWzS7icfvi/view?usp=drivesdk
1pdsV90fEI1RTW75xd6b267j_ebFqzTnt,CMLS Reliance Letter for the 90 Avenue Property located at 15020-90 Avenue NW.pdf,primary,Development Info-----Go to rize/DAVID SANCHE Files,_Library/Marketing & OM/CMLS Reliance Letter for the 90 Avenue Property located at 15020-90 Avenue NW.pdf,https://drive.google.com/file/d/1pdsV90fEI1RTW75xd6b267j_ebFqzTnt/view?usp=drivesdk
15vanUziaAY9IX6lta68Wh-WcoKnJa0hs,Phase I Environmental Assessment of the 90 Avenue Property located at 15020-90 Avenue NW Edmonton .pdf,primary,Development Info-----Go to rize/DAVID SANCHE Files,_Library/Reports/Phase I Environmental Assessment of the 90 Avenue Property located at 15020-90 Avenue NW Edmonton .pdf,https://drive.google.com/file/d/15vanUziaAY9IX6lta68Wh-WcoKnJa0hs/view?usp=drivesdk
108Gw0BgfgsRT3xNVVdAPsA4du2XGypb7,Agency Agreement - Sunni Yaremchuk (Sunrize) updated COI Commitment letter.pdf,primary,Allendale 6408 106/6408: CMHC,Allendale (generic)/Contracts/Agency Agreement - Sunni Yaremchuk (Sunrize) updated COI Commitment letter.pdf,https://drive.google.com/file/d/108Gw0BgfgsRT3xNVVdAPsA4du2XGypb7/view?usp=drivesdk
1EcM-BBczBuTnEGTa02suOEexAWiW0aTv,2441288-SurveyPlan Allendale 6408 Survey.pdf,primary,Allendale 6408 106/6408 Documents ,Allendale (generic)/Plans & Permits/2441288-SurveyPlan Allendale 6408 Survey.pdf,https://drive.google.com/file/d/1EcM-BBczBuTnEGTa02suOEexAWiW0aTv/view?usp=drivesdk
1TdzMaKecTg0Ccbr2_lr4ovk85PaFIomk,"24-48-Allendale Five-Plex- Progress April 14, 2025.pdf",primary,Allendale 6408 106/6408: Plans/Survey,"Allendale (generic)/_NeedsReview/24-48-Allendale Five-Plex- Progress April 14, 2025.pdf",https://drive.google.com/file/d/1TdzMaKecTg0Ccbr2_lr4ovk85PaFIomk/view?usp=drivesdk
1UQOXfjQfMp78ZDRuXLzDT-adzU0bDl7h,"BTY Group Proposal - Sunrize Investments, Allendale Apartments, Edmonton, AB (1).pdf",primary,Allendale 6408 106/6408: CMHC,"Allendale (generic)/_NeedsReview/BTY Group Proposal - Sunrize Investments, Allendale Apartments, Edmonton, AB (1).pdf",https://drive.google.com/file/d/1UQOXfjQfMp78ZDRuXLzDT-adzU0bDl7h/view?usp=drivesdk
1Av6kQH_UroTi4vpXvqa1GtfAS27yeVKW9lIekdfrG2I,2024 Dereilict ,primary,(root),_NeedsReview/2024 Dereilict ,https://docs.google.com/spreadsheets/d/1Av6kQH_UroTi4vpXvqa1GtfAS27yeVKW9lIekdfrG2I/edit?usp=drivesdk&ouid=112966636072631084810
19PJnReITjwoC768KY0u_n7Noc9klIsbj,CCDC Allendale Evara Project 6408 106 St.pdf,primary,Allendale 6408 106/6408: Build,Allendale (generic)/_NeedsReview/CCDC Allendale Evara Project 6408 106 St.pdf,https://drive.google.com/file/d/19PJnReITjwoC768KY0u_n7Noc9klIsbj/view?usp=drivesdk
11HSepbvFMY3VR4ApNymcLATbj064r9vd,Confirmation of Filing 2024 Loren Yaremmchuk.pdf,primary,Mayfield 110/Loren Files ,Mayfield 110/_NeedsReview/Confirmation of Filing 2024 Loren Yaremmchuk.pdf,https://drive.google.com/file/d/11HSepbvFMY3VR4ApNymcLATbj064r9vd/view?usp=drivesdk
1vYJ4P95Fw2mUdO-Ns-tynOmLI8sujOb6,TEMPLATE - PNW Statement - Blank.xlsx,primary,CORPORATION/Net Worth Statements ,_Library/Investor Docs/TEMPLATE - PNW Statement - Blank.xlsx,https://drive.google.com/file/d/1vYJ4P95Fw2mUdO-Ns-tynOmLI8sujOb6/view?usp=drivesdk
163sNTc3OO1Wm0y4uByYhTeLB4pQwv9fn,The Menu current 2025 use.jpg,primary,(root),_Library/Photos/The Menu current 2025 use.jpg,https://drive.google.com/file/d/163sNTc3OO1Wm0y4uByYhTeLB4pQwv9fn/view?usp=drivesdk
1txl_gfOiqYK8QETv0GeIO3ZhLlOcMyEd,"Rental Use Designation Allendale Reciept April 08, 2025.pdf",primary,Allendale 6408 106/6408: Invoice,"Allendale (generic)/_NeedsReview/Rental Use Designation Allendale Reciept April 08, 2025.pdf",https://drive.google.com/file/d/1txl_gfOiqYK8QETv0GeIO3ZhLlOcMyEd/view?usp=drivesdk
1ZJ_KPLfB_TH4aipj5tPHwSlzB0c2qxQq,"YAREMCHUK, SUNNI 2024.pdf",duplicate,CORPORATION/Taxes: 2022 & 2023 ,"_Duplicates/Unknown/YAREMCHUK, SUNNI 2024.pdf",https://drive.google.com/file/d/1ZJ_KPLfB_TH4aipj5tPHwSlzB0c2qxQq/view?usp=drivesdk
18pZxAWnvzFTET9lZwtFYWqs0LoMEObM5,"RENTAL USE DESIGNATION FOR ALLENDALE APRIL 07, 2025.pdf",primary,,"Allendale (generic)/_NeedsReview/RENTAL USE DESIGNATION FOR ALLENDALE APRIL 07, 2025.pdf",https://drive.google.com/file/d/18pZxAWnvzFTET9lZwtFYWqs0LoMEObM5/view?usp=drivesdk
1-miG8K83rlQ_lWYqMwOrBrmkq002eZ1I,Allendale 6-Plex Cashflow Analysis  6408 106ST NW.xlsx,primary,Allendale 6408 106/6408: CMHC,Allendale 6-Plex (10646 61 Ave)/Financials/Allendale 6-Plex Cashflow Analysis  6408 106ST NW.xlsx,https://drive.google.com/file/d/1-miG8K83rlQ_lWYqMwOrBrmkq002eZ1I/view?usp=drivesdk
1L8omnPWlz-7dECk1ZOwxiCByWuGAT_xn,Wire Instruction - CMLS AB Trust.pdf,duplicate,Allendale 6408 106/6408: CMHC,_Duplicates/Allendale (generic)/Wire Instruction - CMLS AB Trust.pdf,https://drive.google.com/file/d/1L8omnPWlz-7dECk1ZOwxiCByWuGAT_xn/view?usp=drivesdk
1pEO3ly7Fv2WqO7dveuKO-6wh2_0JodTf,Agency Agreement - Sunni Yaremchuk (Sunrize).pdf,primary,Allendale 6408 106/6408: CMHC,Allendale (generic)/Contracts/Agency Agreement - Sunni Yaremchuk (Sunrize).pdf,https://drive.google.com/file/d/1pEO3ly7Fv2WqO7dveuKO-6wh2_0JodTf/view?usp=drivesdk
13LO-hAlj3b4n0o3DJoJm63z6uHDSEyh3,15981 110b Ave NW WDV.1 (GARAGE).pdf,primary,Mayfield 110/Plans & Surveys ,Mayfield 110/_NeedsReview/15981 110b Ave NW WDV.1 (GARAGE).pdf,https://drive.google.com/file/d/13LO-hAlj3b4n0o3DJoJm63z6uHDSEyh3/view?usp=drivesdk
1sQ-MsVlhRuE8bSlinvZJ8xcJXe2KpSoLBHt9NmtdmI0,Glenwood: 16314 96A Ave ,primary,CORPORATION/2024 Tax Info/Sold Houses/Glenwood 16314 96A Ave,16314 96A/_NeedsReview/Glenwood: 16314 96A Ave ,https://docs.google.com/document/d/1sQ-MsVlhRuE8bSlinvZJ8xcJXe2KpSoLBHt9NmtdmI0/edit?usp=drivesdk&ouid=112966636072631084810
1hJdLuQ0BLBisf7mHMfG3INfaI-Ox6p4E,Habitat for Humanity Edmonton_18 Feb 2025_Receipt #2929.pdf,primary,IBH Tax,_NeedsReview/Habitat for Humanity Edmonton_18 Feb 2025_Receipt #2929.pdf,https://drive.google.com/file/d/1hJdLuQ0BLBisf7mHMfG3INfaI-Ox6p4E/view?usp=drivesdk
17zBzIgsdQ1NDsRsVRccAxdOkNknGXXv2,Habitat for Humanity Edmonton_18 Feb 2025_Receipt #2928.pdf,primary,IBH Tax,_NeedsReview/Habitat for Humanity Edmonton_18 Feb 2025_Receipt #2928.pdf,https://drive.google.com/file/d/17zBzIgsdQ1NDsRsVRccAxdOkNknGXXv2/view?usp=drivesdk
14B1S6L2dK4amcZ-K71fKcBvZfPjncAQc,132104233_53303895_0_0.pdf,primary,NEW Properties /Titles Pulled ,_NeedsReview/132104233_53303895_0_0.pdf,https://drive.google.com/file/d/14B1S6L2dK4amcZ-K71fKcBvZfPjncAQc/view?usp=drivesdk
16RP3S0Urj0CAkooTigh5pGif4KRotcx8Ve2ewVTNiNg,Securing Investor-Prom Note,primary,Buyers/ Investors /Raising Capital Info,_Library/Investor Docs/Securing Investor-Prom Note,https://docs.google.com/document/d/16RP3S0Urj0CAkooTigh5pGif4KRotcx8Ve2ewVTNiNg/edit?usp=drivesdk&ouid=112966636072631084810
1AEr3H33u8jYezFU97iE8bOESXAAUDo7b,Screenshot 2025-04-01 153818.png,primary,2025 Tax/2025 Tax Emanation ,_Library/Photos/Screenshot 2025-04-01 153818.png,https://drive.google.com/file/d/1AEr3H33u8jYezFU97iE8bOESXAAUDo7b/view?usp=drivesdk
1FEkIWJKneidCD-3YQaLvZka9klbg88lt,Cyrville_park_Fixed_Price_Contract[1] David Sanche.pdf,primary,Development Info-----Go to rize/DAVID SANCHE Files,_NeedsReview/Cyrville_park_Fixed_Price_Contract[1] David Sanche.pdf,https://drive.google.com/file/d/1FEkIWJKneidCD-3YQaLvZka9klbg88lt/view?usp=drivesdk
15imFUo0Sqm4C7Q-i-X77laJaDxrY19U1,Belgravia_Fixed_Price_Contract[1] David Sanche.pdf,primary,Development Info-----Go to rize/DAVID SANCHE Files,_NeedsReview/Belgravia_Fixed_Price_Contract[1] David Sanche.pdf,https://drive.google.com/file/d/15imFUo0Sqm4C7Q-i-X77laJaDxrY19U1/view?usp=drivesdk
118q6hJ4vZGF6E5Z-JMn6YeoaFamdrD3O,image002.png,primary,Development Info-----Go to rize/DAVID SANCHE Files,_Library/Photos/image002.png,https://drive.google.com/file/d/118q6hJ4vZGF6E5Z-JMn6YeoaFamdrD3O/view?usp=drivesdk
1XzbplEJdno0NV_70FWbn4R-_lVUUmKlv,"Info Required for Budget Review The King March 24, 2025.pdf",primary,Development Info-----Go to rize/DAVID SANCHE Files,"_Library/Financials/Info Required for Budget Review The King March 24, 2025.pdf",https://drive.google.com/file/d/1XzbplEJdno0NV_70FWbn4R-_lVUUmKlv/view?usp=drivesdk
1ixvFVrqmYmnv2mYYBCJ2CLyxIjFr0GZx,2441289-Topo.csv,primary,Allendale 6408 106/6408: Plans/Survey,Allendale (generic)/Plans & Permits/2441289-Topo.csv,https://drive.google.com/file/d/1ixvFVrqmYmnv2mYYBCJ2CLyxIjFr0GZx/view?usp=drivesdk
19XWc2R4mKf9tKeYu4kD28AuiuuUiBMuJ,2441289-Topo.dwg,primary,Allendale 6408 106/6408: Plans/Survey,Allendale (generic)/Plans & Permits/2441289-Topo.dwg,https://drive.google.com/file/d/19XWc2R4mKf9tKeYu4kD28AuiuuUiBMuJ/view?usp=drivesdk
1aKHOF0_vMMawNPBSa09darHkVtp975ey,FHAI Proposal  - Allendale 106 St 6-Plex.pdf,primary,Allendale 6408 106/6408: CMHC,Allendale (generic)/_NeedsReview/FHAI Proposal  - Allendale 106 St 6-Plex.pdf,https://drive.google.com/file/d/1aKHOF0_vMMawNPBSa09darHkVtp975ey/view?usp=drivesdk
1OBMRx7qcmLbbkaFwboYfoyJJRRKDPxKM,EMANATION INVESTMENTS INC._Receipt.pdf,primary,CORPORATION/Emanation Investment Inc. Corporation Files/AMA-Emanation Investments Inc ,_NeedsReview/EMANATION INVESTMENTS INC._Receipt.pdf,https://drive.google.com/file/d/1OBMRx7qcmLbbkaFwboYfoyJJRRKDPxKM/view?usp=drivesdk
1XA6veS8KgGsPPXckaeOwqrsHhjwJMmxn,EMANATION INVESTMENTS INC._AccountEnrolment.pdf,primary,CORPORATION/Emanation Investment Inc. Corporation Files/AMA-Emanation Investments Inc ,_NeedsReview/EMANATION INVESTMENTS INC._AccountEnrolment.pdf,https://drive.google.com/file/d/1XA6veS8KgGsPPXckaeOwqrsHhjwJMmxn/view?usp=drivesdk
1uT2FjCE3356CXQh1Qxns-AlWHHsz1CF1,EMANATION INVESTMENTS INC.-20250111-41452306.pdf,primary,CORPORATION/Emanation Investment Inc. Corporation Files,_NeedsReview/EMANATION INVESTMENTS INC.-20250111-41452306.pdf,https://drive.google.com/file/d/1uT2FjCE3356CXQh1Qxns-AlWHHsz1CF1/view?usp=drivesdk
1vcUfkVV9BQBhlgrFXvt1_zqyPGectYTc,Summary.pdf,primary,Allendale 6408 106/6408: Purchase Docs ,Allendale (generic)/Financials/Summary.pdf,https://drive.google.com/file/d/1vcUfkVV9BQBhlgrFXvt1_zqyPGectYTc/view?usp=drivesdk
1CzcOGqWHdht-R96rf6JVnne3IZsdMah3,Summary.pdf,duplicate,Allendale 6408 106/6408: Purchase Docs ,_Duplicates/Allendale (generic)/Summary.pdf,https://drive.google.com/file/d/1CzcOGqWHdht-R96rf6JVnne3IZsdMah3/view?usp=drivesdk
1vMIgIFqmOH_V2Jnf4C5ye4R3lrdUuML9,Blank Notice Template.xps.pdf,duplicate,Allendale 6408 106/6408: Purchase Docs ,_Duplicates/Allendale (generic)/Blank Notice Template.xps.pdf,https://drive.google.com/file/d/1vMIgIFqmOH_V2Jnf4C5ye4R3lrdUuML9/view?usp=drivesdk
1qHByqBOU2BHTdWaRmT_InmQzXU1SUIEdw7Y6mw5RFBk,Best Areas,primary,NEW Properties ,_NeedsReview/Best Areas,https://docs.google.com/spreadsheets/d/1qHByqBOU2BHTdWaRmT_InmQzXU1SUIEdw7Y6mw5RFBk/edit?usp=drivesdk&ouid=112966636072631084810
1CjmTzb7KV5_PoLMATT8zrd-gfuUONFLR,Condition Wavier (1).pdf,primary,Blank Purchase Contracts ,_NeedsReview/Condition Wavier (1).pdf,https://drive.google.com/file/d/1CjmTzb7KV5_PoLMATT8zrd-gfuUONFLR/view?usp=drivesdk
11CmAp4L3AvE94akBq5Cz9_bbxS0A195I,Condition Wavier (1).pdf,duplicate,Blank Purchase Contracts /Purchase Contracts- Filled out ,_Duplicates/Unknown/Condition Wavier (1).pdf,https://drive.google.com/file/d/11CmAp4L3AvE94akBq5Cz9_bbxS0A195I/view?usp=drivesdk
1ArQtwNAaZgXmIa4pBLAWQkF_VCUyWsmC,Qualis Construction.pdf,primary,Allendale 6408 106/Allendale Overview Info,Allendale (generic)/Construction/Qualis Construction.pdf,https://drive.google.com/file/d/1ArQtwNAaZgXmIa4pBLAWQkF_VCUyWsmC/view?usp=drivesdk
1xWwN7CkP5itlVv2kEmwTR8U0S489V26I,Screenshot 2025-03-22 153219.png,primary,CORPORATION/2024 Tax Info/Sold Houses/Glenwood 16314 96A Ave/Photos 16314 96A Ave,16314 96A/Photos/Screenshot 2025-03-22 153219.png,https://drive.google.com/file/d/1xWwN7CkP5itlVv2kEmwTR8U0S489V26I/view?usp=drivesdk
13EwHcoTs2vkKlK6KFg-0rI5ITnz6Gtxw,IMG_8181.HEIC,primary,(root),_Library/Photos/IMG_8181.HEIC,https://drive.google.com/file/d/13EwHcoTs2vkKlK6KFg-0rI5ITnz6Gtxw/view?usp=drivesdk
1veRnMZ4pQVU3m4n-nqiS-30R3-q5me8R,IMG_8182.HEIC,primary,(root),_Library/Photos/IMG_8182.HEIC,https://drive.google.com/file/d/1veRnMZ4pQVU3m4n-nqiS-30R3-q5me8R/view?usp=drivesdk
18E1aWDYTZCxnUr_sy3qg5Nd1me3tMxK4,IMG_8180.HEIC,primary,(root),_Library/Photos/IMG_8180.HEIC,https://drive.google.com/file/d/18E1aWDYTZCxnUr_sy3qg5Nd1me3tMxK4/view?usp=drivesdk
1sWM0ODWuPWTl0sb0ev5g4TvXXn9_IVXL,IMG_8189.HEIC,primary,(root),_Library/Photos/IMG_8189.HEIC,https://drive.google.com/file/d/1sWM0ODWuPWTl0sb0ev5g4TvXXn9_IVXL/view?usp=drivesdk
1in7dNQxu_5_eu0R_PZXHovntnYE8sDyo,IMG_8175.HEIC,primary,(root),_Library/Photos/IMG_8175.HEIC,https://drive.google.com/file/d/1in7dNQxu_5_eu0R_PZXHovntnYE8sDyo/view?usp=drivesdk
1L0pXU19nuJXq9dD3oIP7iFywVkI0SpCy,IMG_8179.HEIC,primary,(root),_Library/Photos/IMG_8179.HEIC,https://drive.google.com/file/d/1L0pXU19nuJXq9dD3oIP7iFywVkI0SpCy/view?usp=drivesdk
1lXrCPRaC_bTT8QQWfRIsVZox4LywNgrJ,IMG_8184.HEIC,primary,(root),_Library/Photos/IMG_8184.HEIC,https://drive.google.com/file/d/1lXrCPRaC_bTT8QQWfRIsVZox4LywNgrJ/view?usp=drivesdk
1MgSyMpWc7TxYXfM8exTyAJQBNbP9-8QR,IMG_8185.HEIC,primary,(root),_Library/Photos/IMG_8185.HEIC,https://drive.google.com/file/d/1MgSyMpWc7TxYXfM8exTyAJQBNbP9-8QR/view?usp=drivesdk
1wAVvYYJpclIHriXKiR1xZDU9iL-CFkwu,IMG_8187.HEIC,primary,(root),_Library/Photos/IMG_8187.HEIC,https://drive.google.com/file/d/1wAVvYYJpclIHriXKiR1xZDU9iL-CFkwu/view?usp=drivesdk
1BHl3pGfXqPizFbz8CoeoxLZlXXgDUz04,IMG_8183.HEIC,primary,(root),_Library/Photos/IMG_8183.HEIC,https://drive.google.com/file/d/1BHl3pGfXqPizFbz8CoeoxLZlXXgDUz04/view?usp=drivesdk
1SF1xdsT5pXDZxdxpU9VZQbvdmNzoSarS,IMG_8177.HEIC,primary,(root),_Library/Photos/IMG_8177.HEIC,https://drive.google.com/file/d/1SF1xdsT5pXDZxdxpU9VZQbvdmNzoSarS/view?usp=drivesdk
1DLSEiAtCXCIgkmL4aB2aYcKYlvqG1FxR,IMG_8178.HEIC,primary,(root),_Library/Photos/IMG_8178.HEIC,https://drive.google.com/file/d/1DLSEiAtCXCIgkmL4aB2aYcKYlvqG1FxR/view?usp=drivesdk
10qsfSVW0aSd_v_MuFNy59ORn8dPB1Umh,IMG_8190.HEIC,primary,(root),_Library/Photos/IMG_8190.HEIC,https://drive.google.com/file/d/10qsfSVW0aSd_v_MuFNy59ORn8dPB1Umh/view?usp=drivesdk
1srsfYq66N4Ry_63t72vxEdQJf3a1dhtH,IMG_8174.HEIC,primary,(root),_Library/Photos/IMG_8174.HEIC,https://drive.google.com/file/d/1srsfYq66N4Ry_63t72vxEdQJf3a1dhtH/view?usp=drivesdk
177uXrrzBMcoHmkh6UsIm2T8ckHmHWneq,Screenshot 2025-03-18 180855.png,primary,Allendale 6408 106/Allendale Overview Info,Allendale (generic)/Photos/Screenshot 2025-03-18 180855.png,https://drive.google.com/file/d/177uXrrzBMcoHmkh6UsIm2T8ckHmHWneq/view?usp=drivesdk
1S3cZBIJ9YaV3StN-8iIbtkjkswBLS9kC,_BAS0642.jpg,primary,(root),_Library/Photos/_BAS0642.jpg,https://drive.google.com/file/d/1S3cZBIJ9YaV3StN-8iIbtkjkswBLS9kC/view?usp=drivesdk
1Dn1tC04YvI8PzzOrdfxs8mwKmwkcpK4O,_BAS0425.jpg,primary,(root),_Library/Photos/_BAS0425.jpg,https://drive.google.com/file/d/1Dn1tC04YvI8PzzOrdfxs8mwKmwkcpK4O/view?usp=drivesdk
1CyWoigA1Z2BW3psRJamZ_Zn9LybYDx5W,_BAS0273.jpg,primary,(root),_Library/Photos/_BAS0273.jpg,https://drive.google.com/file/d/1CyWoigA1Z2BW3psRJamZ_Zn9LybYDx5W/view?usp=drivesdk
1BeKgm9hCLTzZUUax0W8v_d5pPmP1XozX,_BAS0227.jpg,primary,(root),_Library/Photos/_BAS0227.jpg,https://drive.google.com/file/d/1BeKgm9hCLTzZUUax0W8v_d5pPmP1XozX/view?usp=drivesdk
1GxNKd19MxIgCL-gw-t60DWIZC4z169M8,_BAS0172.jpg,primary,(root),_Library/Photos/_BAS0172.jpg,https://drive.google.com/file/d/1GxNKd19MxIgCL-gw-t60DWIZC4z169M8/view?usp=drivesdk
1Zrnt6VGDiY1N3WajQLi_D9_U-m121Z7w,Commitment Letter - Signed.pdf,duplicate,Mayfield 110/Purchasing & Corp.,_Duplicates/Mayfield 110/Commitment Letter - Signed.pdf,https://drive.google.com/file/d/1Zrnt6VGDiY1N3WajQLi_D9_U-m121Z7w/view?usp=drivesdk
10dhF0E26dSUHAl5gSXR-PU_0ujJXg-AW,2441288-Topo.dwg,primary,Allendale 6408 106/6408: Plans/Survey,Allendale (generic)/Plans & Permits/2441288-Topo.dwg,https://drive.google.com/file/d/10dhF0E26dSUHAl5gSXR-PU_0ujJXg-AW/view?usp=drivesdk
18oEWf4XFCVsyAmnIbUcoaVmC_SeqYOh8,2441288-Topo.csv,primary,Allendale 6408 106/6408: Plans/Survey,Allendale (generic)/Plans & Permits/2441288-Topo.csv,https://drive.google.com/file/d/18oEWf4XFCVsyAmnIbUcoaVmC_SeqYOh8/view?usp=drivesdk
1uNy5WrS1jpzIGf0_ySRKu-EeAiUcNIfa,Allendale 6408 106 Street.pdf,primary,Allendale 6408 106/6408: Build,Allendale (generic)/_NeedsReview/Allendale 6408 106 Street.pdf,https://drive.google.com/file/d/1uNy5WrS1jpzIGf0_ySRKu-EeAiUcNIfa/view?usp=drivesdk
16lbFuuvd1aKyYsiQbbRmEuKHfojtuW7C,Allendale - Six Plex Hardware and trim Spec.pdf,primary,Allendale 6408 106/6408: Build,Allendale (generic)/_NeedsReview/Allendale - Six Plex Hardware and trim Spec.pdf,https://drive.google.com/file/d/16lbFuuvd1aKyYsiQbbRmEuKHfojtuW7C/view?usp=drivesdk
1IfZpUYd_V0tR75X8rrgX0T_WusXYOmyI,Receipt 1004.pdf,primary,IBH Tax/Invoices Paid by Madison,_NeedsReview/Receipt 1004.pdf,https://drive.google.com/file/d/1IfZpUYd_V0tR75X8rrgX0T_WusXYOmyI/view?usp=drivesdk
10jHJNp0fqZXmoshAiLCTtk9wAaPs4dVf4t0KtnPExM8,The Epicurean Path to True Fulfillment: Beyond Materialism and the Economy,primary,(root),_NeedsReview/The Epicurean Path to True Fulfillment: Beyond Materialism and the Economy,https://docs.google.com/document/d/10jHJNp0fqZXmoshAiLCTtk9wAaPs4dVf4t0KtnPExM8/edit?usp=drivesdk&ouid=112966636072631084810
1Q1HY6psqVEj1PbE19cUrzpo4Fu75TLyE-oXWjBOkFqs,Uvita Land ,primary,Personal /CR,_NeedsReview/Uvita Land ,https://docs.google.com/document/d/1Q1HY6psqVEj1PbE19cUrzpo4Fu75TLyE-oXWjBOkFqs/edit?usp=drivesdk&ouid=112966636072631084810
1KhKynx-EMNaQt8txalgk_OaQEE5neoQQ,Inglewood Investment 6-Plex 11328 126 St.xlsx,duplicate,Inglewood 6-Plex: 11328 126 St,_Duplicates/Inglewood 6-Plex (11328 126 St)/Inglewood Investment 6-Plex 11328 126 St.xlsx,https://drive.google.com/file/d/1KhKynx-EMNaQt8txalgk_OaQEE5neoQQ/view?usp=drivesdk
1ukZG5U-fhvnW_Hg4km0luCU0ON7ICQU1,Qualis Construction Ltd  - plumbing specs.pdf,primary,Development Info-----Go to rize/Qualis Construction,_Library/Construction/Qualis Construction Ltd  - plumbing specs.pdf,https://drive.google.com/file/d/1ukZG5U-fhvnW_Hg4km0luCU0ON7ICQU1/view?usp=drivesdk
1YNjlZRwybMmyEQW7Up5lKlK_79VrwlSm8xN2ePCD00U,Essence of Life Path 8,primary,(root),_NeedsReview/Essence of Life Path 8,https://docs.google.com/document/d/1YNjlZRwybMmyEQW7Up5lKlK_79VrwlSm8xN2ePCD00U/edit?usp=drivesdk&ouid=112966636072631084810
1h7YWp7dtVl-krMnYKk41O-aYVse3gij-,312237106_v(3)_Letter to ASC - Response to Information Request (February 2025).docx,primary,CORPORATION/ASC,_Library/Legal/312237106_v(3)_Letter to ASC - Response to Information Request (February 2025).docx,https://drive.google.com/file/d/1h7YWp7dtVl-krMnYKk41O-aYVse3gij-/view?usp=drivesdk
1LPdWpbm9qx1I9vlJQ8JITi_7qwUUkwM-,312125626_v(1)_Engagement_Letter_-_Sunrize_Investments.pdf,primary,CORPORATION/ASC,_NeedsReview/312125626_v(1)_Engagement_Letter_-_Sunrize_Investments.pdf,https://drive.google.com/file/d/1LPdWpbm9qx1I9vlJQ8JITi_7qwUUkwM-/view?usp=drivesdk
1ppMCNXVCfndlcwfweBbucJPKI_1AWijq,nwgdypfl_RetryEFTPayment Insurance.pdf,primary,2025 Tax/2025 Flips/Wholesale /In Between Homes /IN-Between Homes ,In-Between Homes (10848 153 St)/_NeedsReview/nwgdypfl_RetryEFTPayment Insurance.pdf,https://drive.google.com/file/d/1ppMCNXVCfndlcwfweBbucJPKI_1AWijq/view?usp=drivesdk
1ALRWS4Ce0Mw97BzdgR35y7IZGifIhrDV,nwgdypfl_PolicyLocDocument Insurance.pdf,primary,2025 Tax/2025 Flips/Wholesale /In Between Homes /IN-Between Homes ,In-Between Homes (10848 153 St)/_NeedsReview/nwgdypfl_PolicyLocDocument Insurance.pdf,https://drive.google.com/file/d/1ALRWS4Ce0Mw97BzdgR35y7IZGifIhrDV/view?usp=drivesdk
18jvh2FX1_uQo18y_vzyft25lTD0DK15P,GSA.pdf,duplicate,Buyers/ Investors ,_Duplicates/Unknown/GSA.pdf,https://drive.google.com/file/d/18jvh2FX1_uQo18y_vzyft25lTD0DK15P/view?usp=drivesdk
1Ow4n5Lhr-AKURYQFP9sHVUEZOy_7KPbC,10848 153 st Construction_Agreemen.pdf,primary,2025 Tax/2025 Flips/Wholesale /In Between Homes /IN-Between Homes ,In-Between Homes (10848 153 St)/_NeedsReview/10848 153 st Construction_Agreemen.pdf,https://drive.google.com/file/d/1Ow4n5Lhr-AKURYQFP9sHVUEZOy_7KPbC/view?usp=drivesdk
1hIXZD8yWVqQUz64741nTKt9a-GnTiUVq,Complete_with_Docusign_Construction_Agreement 10848 153 Street NW.pdf,primary,2025 Tax/2025 Flips/Wholesale /In Between Homes /IN-Between Homes ,In-Between Homes (10848 153 St)/_NeedsReview/Complete_with_Docusign_Construction_Agreement 10848 153 Street NW.pdf,https://drive.google.com/file/d/1hIXZD8yWVqQUz64741nTKt9a-GnTiUVq/view?usp=drivesdk
1dQtiOFkp2uFP530-frU_-haHFRs4UiTlTHFoQZqrNF8,GENERAL SECURITY AGREEMENT,primary,Buyers/ Investors /Investor Contracts,_Library/Contracts/GENERAL SECURITY AGREEMENT,https://docs.google.com/document/d/1dQtiOFkp2uFP530-frU_-haHFRs4UiTlTHFoQZqrNF8/edit?usp=drivesdk&ouid=112966636072631084810
1yEsSQLdFXH948P0xUG2vo3LebYFz620c6O0C_u9UAhc,ASC,primary,CORPORATION/ASC,_Library/Legal/ASC,https://docs.google.com/document/d/1yEsSQLdFXH948P0xUG2vo3LebYFz620c6O0C_u9UAhc/edit?usp=drivesdk&ouid=112966636072631084810
1JcLJU-qtTe1Gxx1XZe0-R-91wXbljv-SMGS313kdV3M,Ad Campaign ,primary,CORPORATION/Marketing ,_NeedsReview/Ad Campaign ,https://docs.google.com/document/d/1JcLJU-qtTe1Gxx1XZe0-R-91wXbljv-SMGS313kdV3M/edit?usp=drivesdk&ouid=112966636072631084810
1oOfiMrklXzLEyrxZNd_yVD4XvA7ngaET_6Zmb82r04Y,Consultant Agreement ,primary,Development Info-----Go to rize/DAVID SANCHE Files,_Library/Contracts/Consultant Agreement ,https://docs.google.com/document/d/1oOfiMrklXzLEyrxZNd_yVD4XvA7ngaET_6Zmb82r04Y/edit?usp=drivesdk&ouid=112966636072631084810
1OEupsDgIj30O6n1kc29xRLLdX9Jmv2ZPidTcqmw2NTc,Cashflow Matrix 9-Plex ,primary,Development Info-----Go to rize/Development Example Docs,_Library/Financials/Cashflow Matrix 9-Plex ,https://docs.google.com/spreadsheets/d/1OEupsDgIj30O6n1kc29xRLLdX9Jmv2ZPidTcqmw2NTc/edit?usp=drivesdk&ouid=112966636072631084810
1WtO38xjc-VqywWwGJrTspulGZON8dGLndfsYwusR9HI,Investor Questions ,primary,Allendale 6408 106/6408: Plans/Survey,Allendale (generic)/Investor Docs/Investor Questions ,https://docs.google.com/document/d/1WtO38xjc-VqywWwGJrTspulGZON8dGLndfsYwusR9HI/edit?usp=drivesdk&ouid=112966636072631084810
1-9Zz16WjRjjybhr_6PLWjgBJCI4QgQ-W,Macondo 5AV - Fase II (ES-EN).pdf,primary,(root),_NeedsReview/Macondo 5AV - Fase II (ES-EN).pdf,https://drive.google.com/file/d/1-9Zz16WjRjjybhr_6PLWjgBJCI4QgQ-W/view?usp=drivesdk
1-3OZDaQ4rC0L8nxdrHCFAlNYszDcsLXY,Appraisal 9121 152 St NW.PDF,primary,IBH Tax/9121 152 St NW Expenses,Verum (9121 152 St)/Reports/Appraisal 9121 152 St NW.PDF,https://drive.google.com/file/d/1-3OZDaQ4rC0L8nxdrHCFAlNYszDcsLXY/view?usp=drivesdk
1NEVYSAaFCnV9OHfLmAbx90YXFfm5S3t8,In-Between Homes High Park- 9 Unit Development CMHC.xlsx,primary,2025 Tax/2025 Flips/Wholesale /In Between Homes /IN-Between Homes ,High Park 9-Plex/Financials/In-Between Homes High Park- 9 Unit Development CMHC.xlsx,https://drive.google.com/file/d/1NEVYSAaFCnV9OHfLmAbx90YXFfm5S3t8/view?usp=drivesdk
15RXvkeYJuT3w1FboDRets4zlSJTaALPu,New Build -2- 250123 - In Between Homes.pdf,primary,IBH Tax/Invoices Paid by Madison,_NeedsReview/New Build -2- 250123 - In Between Homes.pdf,https://drive.google.com/file/d/15RXvkeYJuT3w1FboDRets4zlSJTaALPu/view?usp=drivesdk
1EhXEDE9pJbzQAX4EN4BO8EFxvRXYfpjNthcSyqJ7ElU,The People,primary,(root),_NeedsReview/The People,https://docs.google.com/spreadsheets/d/1EhXEDE9pJbzQAX4EN4BO8EFxvRXYfpjNthcSyqJ7ElU/edit?usp=drivesdk&ouid=112966636072631084810
1v0usnF0pPONizi-NSDAsLJj-LmI1uZNy,Subscription-For-Shares.pdf,primary,IBH Tax/Corp Docs,_NeedsReview/Subscription-For-Shares.pdf,https://drive.google.com/file/d/1v0usnF0pPONizi-NSDAsLJj-LmI1uZNy/view?usp=drivesdk
1ZAhN0wgeStkqR3zrUAIk2IFP8aYM7rvc,First-Shareholder-Resolution.pdf,primary,IBH Tax/Corp Docs,_Library/Investor Docs/First-Shareholder-Resolution.pdf,https://drive.google.com/file/d/1ZAhN0wgeStkqR3zrUAIk2IFP8aYM7rvc/view?usp=drivesdk
1jDbDLnkn7Jn2djhhm_CqmjZGbBNQZsWb,View and Print Void Cheque - RBC Online Banking-2.pdf,primary,2025 Tax/2025 Flips/Wholesale /In Between Homes /IN-Between Homes ,In-Between Homes (10848 153 St)/_NeedsReview/View and Print Void Cheque - RBC Online Banking-2.pdf,https://drive.google.com/file/d/1jDbDLnkn7Jn2djhhm_CqmjZGbBNQZsWb/view?usp=drivesdk
1yrGbaOEIqbBWDsmvuGmzGir59TtxvI0c,384-01G_RPT_Geotechnical Report_Rev2_DSS_2023_07_24.pdf,primary,(root),_NeedsReview/384-01G_RPT_Geotechnical Report_Rev2_DSS_2023_07_24.pdf,https://drive.google.com/file/d/1yrGbaOEIqbBWDsmvuGmzGir59TtxvI0c/view?usp=drivesdk
133pGmDOi-VvHMs9GZ-sF2Ti6aAnmA1qb,Architecture Set.pdf,primary,(root),_NeedsReview/Architecture Set.pdf,https://drive.google.com/file/d/133pGmDOi-VvHMs9GZ-sF2Ti6aAnmA1qb/view?usp=drivesdk
1eIAuG6fhJAeQbyhDkBxzwPOgakOO8biplHKFXLn26Mk,Real Estate Buyer List,primary,Buyers/ Investors /Buyers,_NeedsReview/Real Estate Buyer List,https://docs.google.com/spreadsheets/d/1eIAuG6fhJAeQbyhDkBxzwPOgakOO8biplHKFXLn26Mk/edit?usp=drivesdk&ouid=112966636072631084810
164RfTScUh8pxMR7sLE4ttoA-3XN2oA7ZGb4FynVBWZQ, Website objectives and goals,primary,(root),_NeedsReview/ Website objectives and goals,https://docs.google.com/document/d/164RfTScUh8pxMR7sLE4ttoA-3XN2oA7ZGb4FynVBWZQ/edit?usp=drivesdk&ouid=112966636072631084810
1szQ-y2whcwgpaGXlBSOByzCHHhYjJEQJ,CMHC Construction Checklist - Sunni Yaremchuk .pdf,primary,Allendale 6408 106/6408: CMHC,Allendale (generic)/Financials/CMHC Construction Checklist - Sunni Yaremchuk .pdf,https://drive.google.com/file/d/1szQ-y2whcwgpaGXlBSOByzCHHhYjJEQJ/view?usp=drivesdk
1pUuvqMkaDA3KFvRBt4mG9roi-awGe7rF,Self Serve - Summary- Development permit- Garden suite.pdf,primary,"Comparative Property:  (7 unit) 10557 62 AV NW, Edmonton",10557 62/Plans & Permits/Self Serve - Summary- Development permit- Garden suite.pdf,https://drive.google.com/file/d/1pUuvqMkaDA3KFvRBt4mG9roi-awGe7rF/view?usp=drivesdk
13UwKikRmF4VPVhzPWLxQBxP50StSXSSN,PLOT PLAN - REV07.pdf,primary,"Comparative Property:  (7 unit) 10557 62 AV NW, Edmonton",10557 62/Plans & Permits/PLOT PLAN - REV07.pdf,https://drive.google.com/file/d/13UwKikRmF4VPVhzPWLxQBxP50StSXSSN/view?usp=drivesdk
1L6wxP0mip0p4zIlGiJO4DVF9c_zPF4Hp,Building Permit 465458857-007.pdf,primary,"Comparative Property:  (7 unit) 10557 62 AV NW, Edmonton",10557 62/Plans & Permits/Building Permit 465458857-007.pdf,https://drive.google.com/file/d/1L6wxP0mip0p4zIlGiJO4DVF9c_zPF4Hp/view?usp=drivesdk
1bgPzDNmaNgZz92K2JDuyxT3iNEqCbTna,MASTER 2024.xlsx,primary,Development Info-----Go to rize/Qualis Construction/Contracting- Breakdown ,_NeedsReview/MASTER 2024.xlsx,https://drive.google.com/file/d/1bgPzDNmaNgZz92K2JDuyxT3iNEqCbTna/view?usp=drivesdk
1QlDI7hsLJLzw0mEXXLVu7kg6N6-kTapa,LOE_6-Unit_Complex_at_6408_106_St_Edmonton.pdf,duplicate,Allendale 6408 106/6408: Invoice,_Duplicates/Allendale (generic)/LOE_6-Unit_Complex_at_6408_106_St_Edmonton.pdf,https://drive.google.com/file/d/1QlDI7hsLJLzw0mEXXLVu7kg6N6-kTapa/view?usp=drivesdk
1XYxGqWqDLpQbmauKfXX7a33_lz_S4YC8,LOE_6-Unit_Complex_at_6408_106_St_Edmonton.pdf,duplicate,Allendale 6408 106/6408: CMHC,_Duplicates/Allendale (generic)/LOE_6-Unit_Complex_at_6408_106_St_Edmonton.pdf,https://drive.google.com/file/d/1XYxGqWqDLpQbmauKfXX7a33_lz_S4YC8/view?usp=drivesdk
1lxY-xmnTxEN4lkGKk_7wJIIczfqW3Yqk,LOE 6-Unit Complex at 6408 106 St Edmonton.pdf,primary,Allendale 6408 106/6408: CMHC,Allendale (generic)/_NeedsReview/LOE 6-Unit Complex at 6408 106 St Edmonton.pdf,https://drive.google.com/file/d/1lxY-xmnTxEN4lkGKk_7wJIIczfqW3Yqk/view?usp=drivesdk
1CAfrE-DeY-SrzqjGhUEcqTnJpLBmkgx_sbRJsT4YZRw,Vibrant Homes- 8 Plex Cost Breakdown ,primary,Development Info-----Go to rize/Development Example Docs,_Library/Financials/Vibrant Homes- 8 Plex Cost Breakdown ,https://docs.google.com/spreadsheets/d/1CAfrE-DeY-SrzqjGhUEcqTnJpLBmkgx_sbRJsT4YZRw/edit?usp=drivesdk&ouid=112966636072631084810
1wxcmRFgYa-a-Qo2mf0LWB_FvNY97Ndkn,Claim 12016 124 St.xlsx,primary,Development Info-----Go to rize/DAVID SANCHE Files,12016 124/_NeedsReview/Claim 12016 124 St.xlsx,https://drive.google.com/file/d/1wxcmRFgYa-a-Qo2mf0LWB_FvNY97Ndkn/view?usp=drivesdk
1Y1kS_5M0EWPnu3cu5IpADMKztnCEPgiz,Letter to Insured Wrap up.pdf,primary,Development Info-----Go to rize/DAVID SANCHE Files,_Library/Legal/Letter to Insured Wrap up.pdf,https://drive.google.com/file/d/1Y1kS_5M0EWPnu3cu5IpADMKztnCEPgiz/view?usp=drivesdk
198hQs72PS9fSIow5edbnBhQu3LewjubB,Wrap up lIability.pdf,primary,Development Info-----Go to rize/DAVID SANCHE Files,_NeedsReview/Wrap up lIability.pdf,https://drive.google.com/file/d/198hQs72PS9fSIow5edbnBhQu3LewjubB/view?usp=drivesdk
1W2pSoeAoVmggcy344ZtkNczGL9gzs_Ft,Development Decision 515419085-002.pdf,primary,Development Info-----Go to rize/DAVID SANCHE Files,_NeedsReview/Development Decision 515419085-002.pdf,https://drive.google.com/file/d/1W2pSoeAoVmggcy344ZtkNczGL9gzs_Ft/view?usp=drivesdk
1YZ7kp4dGauF0yPznguOgFjQufBedS3E3,12432 10-Unit Complex 12016 124 St Prince Charles Final.pdf,primary,Development Info-----Go to rize/DAVID SANCHE Files,12432 10/_NeedsReview/12432 10-Unit Complex 12016 124 St Prince Charles Final.pdf,https://drive.google.com/file/d/1YZ7kp4dGauF0yPznguOgFjQufBedS3E3/view?usp=drivesdk
1DpIfLg1BZnG3AdG_xplxL-L2WiDkDsD_,12016 - 124 St Arch May072024.pdf,primary,Development Info-----Go to rize/DAVID SANCHE Files,_NeedsReview/12016 - 124 St Arch May072024.pdf,https://drive.google.com/file/d/1DpIfLg1BZnG3AdG_xplxL-L2WiDkDsD_/view?usp=drivesdk
1jmBCc2-qGwAgP5oWZldPlJrwQYDPXNeR,04-16-RN64-PP.pdf,primary,Development Info-----Go to rize/DAVID SANCHE Files,_NeedsReview/04-16-RN64-PP.pdf,https://drive.google.com/file/d/1jmBCc2-qGwAgP5oWZldPlJrwQYDPXNeR/view?usp=drivesdk
1ACBeYbth8SE3DgZ36NrxRw4NL3zawv2d,Claim 12016 124 St.xlsx,primary,Development Info-----Go to rize/DAVID SANCHE Files,12016 124/_NeedsReview/Claim 12016 124 St.xlsx,https://drive.google.com/file/d/1ACBeYbth8SE3DgZ36NrxRw4NL3zawv2d/view?usp=drivesdk
12CzLIEIPrvUqm1i0eIyzRmK0B8VgiGR5,Residential_Purchase_Contract-25-3.pdf,primary,Development Info-----Go to rize/DAVID SANCHE Files,_NeedsReview/Residential_Purchase_Contract-25-3.pdf,https://drive.google.com/file/d/12CzLIEIPrvUqm1i0eIyzRmK0B8VgiGR5/view?usp=drivesdk
1dAQh5Zy3I_NRqbsprjigLO9K26I2RROK, Stipulated Price Contract - 12016 124 St.pdf,primary,Development Info-----Go to rize/DAVID SANCHE Files,12016 124/Contracts/ Stipulated Price Contract - 12016 124 St.pdf,https://drive.google.com/file/d/1dAQh5Zy3I_NRqbsprjigLO9K26I2RROK/view?usp=drivesdk
1aHkz1OwJ657DWsTR-O412GZ7pC2bVpeU,51067 Sanche Commitment Letter Signed.pdf,primary,Development Info-----Go to rize/DAVID SANCHE Files,_NeedsReview/51067 Sanche Commitment Letter Signed.pdf,https://drive.google.com/file/d/1aHkz1OwJ657DWsTR-O412GZ7pC2bVpeU/view?usp=drivesdk
1ValiEwTR1yHsdEA2JchhIhZav85-yThH,87139859 - COI -2024-11-01 12_55 signed.pdf,primary,Development Info-----Go to rize/DAVID SANCHE Files,_NeedsReview/87139859 - COI -2024-11-01 12_55 signed.pdf,https://drive.google.com/file/d/1ValiEwTR1yHsdEA2JchhIhZav85-yThH/view?usp=drivesdk
1kQ-bhJd8c0rr6X5qbIs4mSvZ-qMhOURG,Screenshot_20250105_113421_Microsoft 365 (Office).jpg,primary,Development Info-----Go to rize/DAVID SANCHE Files,_Library/Photos/Screenshot_20250105_113421_Microsoft 365 (Office).jpg,https://drive.google.com/file/d/1kQ-bhJd8c0rr6X5qbIs4mSvZ-qMhOURG/view?usp=drivesdk
1n3YuRijspkDyIuQXruatla-MGV3YAzhL,2025-01-09 ALLENDALE 6_PLEX - DESIGN PCKG.pdf,primary,Allendale 6408 106/6408: Plans/Survey,Allendale (generic)/_NeedsReview/2025-01-09 ALLENDALE 6_PLEX - DESIGN PCKG.pdf,https://drive.google.com/file/d/1n3YuRijspkDyIuQXruatla-MGV3YAzhL/view?usp=drivesdk
1OPqTeHzYepBHt4sQxcfpKRw1WXfH2qLf,Risk Acknowledgement Form - CMI.pdf,primary,Buyers/ Investors ,_NeedsReview/Risk Acknowledgement Form - CMI.pdf,https://drive.google.com/file/d/1OPqTeHzYepBHt4sQxcfpKRw1WXfH2qLf/view?usp=drivesdk
1KMeQFrL4DCYfzzsux1TgnCNigtcZxCpW,Credit Facility and Promissory Note - (CMI)May2024.pdf,primary,Blank Purchase Contracts ,_NeedsReview/Credit Facility and Promissory Note - (CMI)May2024.pdf,https://drive.google.com/file/d/1KMeQFrL4DCYfzzsux1TgnCNigtcZxCpW/view?usp=drivesdk
1jNoWzAJdWQTTxMN2i2km5w5iQkuWXjfB, High-Park 9 Unit.xlsx,primary,2025 Tax/2025 Flips/Wholesale /In Between Homes /IN-Between Homes /High Park,High Park 9-Plex/_NeedsReview/ High-Park 9 Unit.xlsx,https://drive.google.com/file/d/1jNoWzAJdWQTTxMN2i2km5w5iQkuWXjfB/view?usp=drivesdk
1qHPEy6A3UabIZSFjFDkswkAiaL9TdoBJ,8 Unit Senior Accessible Development Jasper Park.xlsx,primary,2025 Tax/2025 Flips/Wholesale /In Between Homes /IN-Between Homes /High Park,Jasper Park/_NeedsReview/8 Unit Senior Accessible Development Jasper Park.xlsx,https://drive.google.com/file/d/1qHPEy6A3UabIZSFjFDkswkAiaL9TdoBJ/view?usp=drivesdk
1imfZArf6WoGgUbO7ty91gQA-Ii0FzC-ot0lkOgJkhuM,Jasper Park 8 Unit Accessible/ Senior Development ,primary,2025 Tax/2025 Flips/Wholesale /In Between Homes /IN-Between Homes ,Jasper Park/_NeedsReview/Jasper Park 8 Unit Accessible/ Senior Development ,https://docs.google.com/spreadsheets/d/1imfZArf6WoGgUbO7ty91gQA-Ii0FzC-ot0lkOgJkhuM/edit?usp=drivesdk&ouid=112966636072631084810
1f5rVMbTfPIV6bo-ViMN1a8dbwTkE0oYQ,Allendale 6plex- prog sketches 2025-01-07.pdf,primary,Allendale 6408 106/6408: Plans/Survey,Allendale (generic)/_NeedsReview/Allendale 6plex- prog sketches 2025-01-07.pdf,https://drive.google.com/file/d/1f5rVMbTfPIV6bo-ViMN1a8dbwTkE0oYQ/view?usp=drivesdk
1rejUyvIGrRa5oCxazmSWTseNHyeRxwh6,Private_Lenders_Edmonton_Calgary.xlsx,primary,LEADS////SPREADSHEETS!,_NeedsReview/Private_Lenders_Edmonton_Calgary.xlsx,https://drive.google.com/file/d/1rejUyvIGrRa5oCxazmSWTseNHyeRxwh6/view?usp=drivesdk
1inxyc_5sTe4_i-TWt5A8171zoiB_FEAY,CMHC MLI Select 8 Unit Investment.xlsx,primary,Development Info-----Go to rize/CMHC-MLI Select 8 Unit Investment ,_Library/Financials/CMHC MLI Select 8 Unit Investment.xlsx,https://drive.google.com/file/d/1inxyc_5sTe4_i-TWt5A8171zoiB_FEAY/view?usp=drivesdk
1T3l76ve24HWZ8RyvdGBu7M5ZSwIORWI2,10848 153 ST Edmonton.pdf,duplicate,2025 Tax/2025 Flips/Wholesale /In Between Homes /IN-Between Homes /Outlook,_Duplicates/In-Between Homes (10848 153 St)/10848 153 ST Edmonton.pdf,https://drive.google.com/file/d/1T3l76ve24HWZ8RyvdGBu7M5ZSwIORWI2/view?usp=drivesdk
1hmMMtY3PJGKJtDk7zcj6ywWToo2KP9Gw,Assignment Agreement.pdf,duplicate,2025 Tax/2025 Flips/Wholesale /In Between Homes /IN-Between Homes /Outlook,_Duplicates/In-Between Homes (10848 153 St)/Assignment Agreement.pdf,https://drive.google.com/file/d/1hmMMtY3PJGKJtDk7zcj6ywWToo2KP9Gw/view?usp=drivesdk
1_PQ-JUfAWReS2iKStlYOAOf1wxz2VBOwEIqegR6xjfY,Admin: Buyers to Qualify ,primary,Buyers/ Investors /Buyers,_NeedsReview/Admin: Buyers to Qualify ,https://docs.google.com/spreadsheets/d/1_PQ-JUfAWReS2iKStlYOAOf1wxz2VBOwEIqegR6xjfY/edit?usp=drivesdk&ouid=112966636072631084810
1GP9jhELqtyJi0269lcOJorQxR5pzRlT3,Construction Agreement (Verum).pdf,duplicate,Blank Purchase Contracts ,_Duplicates/Unknown/Construction Agreement (Verum).pdf,https://drive.google.com/file/d/1GP9jhELqtyJi0269lcOJorQxR5pzRlT3/view?usp=drivesdk
1Ddv5BKW5wmxVIBrhPz_ZBN9chkjbMFLv,Copy of Walking Dumbbell Squats,primary,Workout 11,_NeedsReview/Copy of Walking Dumbbell Squats,https://drive.google.com/file/d/1Ddv5BKW5wmxVIBrhPz_ZBN9chkjbMFLv/view?usp=drivesdk
13k-0MAf5l3-F5ulQM0GJZ2PPgHpl7sTi,Buyers_Multifamily_PreCon_Buyers_1735533062.xlsx,primary,LEADS////SPREADSHEETS!,_NeedsReview/Buyers_Multifamily_PreCon_Buyers_1735533062.xlsx,https://drive.google.com/file/d/13k-0MAf5l3-F5ulQM0GJZ2PPgHpl7sTi/view?usp=drivesdk
1lfUNqajIdIuq6zhFuQkiyYn2pMlNuMO4,Buyers_Land_Developers_1735533038.xlsx,primary,LEADS////SPREADSHEETS!,_NeedsReview/Buyers_Land_Developers_1735533038.xlsx,https://drive.google.com/file/d/1lfUNqajIdIuq6zhFuQkiyYn2pMlNuMO4/view?usp=drivesdk
12Q4vSpYIo124sLKgc8-sVkRYPqPIf4ZQ,Buyers_Multifamily_1735533023.xlsx,primary,LEADS////SPREADSHEETS!,_NeedsReview/Buyers_Multifamily_1735533023.xlsx,https://drive.google.com/file/d/12Q4vSpYIo124sLKgc8-sVkRYPqPIf4ZQ/view?usp=drivesdk
1vob6f354ZB0UXw5fW7fPLdAyZ47_oRKp,Buyers_Infill_1735532999.xlsx,primary,LEADS////SPREADSHEETS!,_NeedsReview/Buyers_Infill_1735532999.xlsx,https://drive.google.com/file/d/1vob6f354ZB0UXw5fW7fPLdAyZ47_oRKp/view?usp=drivesdk
1oDCbmbOspRpgUyhN-3audVTQzAl8eXWb,Buyers_Hotel_1735532953.xlsx,primary,LEADS////SPREADSHEETS!,_NeedsReview/Buyers_Hotel_1735532953.xlsx,https://drive.google.com/file/d/1oDCbmbOspRpgUyhN-3audVTQzAl8eXWb/view?usp=drivesdk
1A0x-xuHbPs9sfUKCvhOh318zOrXTrUyd,Buyers_Commercial_General_1735532938.xlsx,primary,LEADS////SPREADSHEETS!,_NeedsReview/Buyers_Commercial_General_1735532938.xlsx,https://drive.google.com/file/d/1A0x-xuHbPs9sfUKCvhOh318zOrXTrUyd/view?usp=drivesdk
1sIs4mA_bvjQaI7LOqQN59WhvWxHA6pm0,Advanced-Real-Estate-Purchase-Contract-Assignment.webp,primary,Blank Purchase Contracts ,_Library/Photos/Advanced-Real-Estate-Purchase-Contract-Assignment.webp,https://drive.google.com/file/d/1sIs4mA_bvjQaI7LOqQN59WhvWxHA6pm0/view?usp=drivesdk
10NKv7sT3kjSz2gX1WZWAGcPOBV2Qoyk1,Copy of Advanced-Real-Estate-Purchase-Contract-Assignment.webp,primary,Blank Purchase Contracts ,_Library/Photos/Copy of Advanced-Real-Estate-Purchase-Contract-Assignment.webp,https://drive.google.com/file/d/10NKv7sT3kjSz2gX1WZWAGcPOBV2Qoyk1/view?usp=drivesdk
1r444IL39mMHIUIdjO0sjGCrAjXvkiRBKWDambHsw1Bk,CMHC-MLI 8 Unit Investment ,primary,Development Info-----Go to rize/Proposal for Buyers ,_Library/Financials/CMHC-MLI 8 Unit Investment ,https://docs.google.com/document/d/1r444IL39mMHIUIdjO0sjGCrAjXvkiRBKWDambHsw1Bk/edit?usp=drivesdk&ouid=112966636072631084810
0B_bA1X_4b4ZfazQxdUZnbTRzakU,end-paddle.png,primary,(root),_Library/Photos/end-paddle.png,https://drive.google.com/file/d/0B_bA1X_4b4ZfazQxdUZnbTRzakU/view?usp=drivesdk&resourcekey=0-Pa675PvI9mKF95qqD1fEqQ
1Ee5dHVqV8eTARfzDk4K7pm7pUhDLYtLF,Assignment Agreement.pdf,primary,CORPORATION/2024 Tax Info,_Library/Contracts/Assignment Agreement.pdf,https://drive.google.com/file/d/1Ee5dHVqV8eTARfzDk4K7pm7pUhDLYtLF/view?usp=drivesdk
1vm--PdzSEPTRFi86TeOu-Zy-_Cn_9fVq,Statement of Account(39074569.1).pdf,duplicate,CORPORATION/2024 Tax Info/Sold Houses/#202 10949 109,_Duplicates/10949 109/Statement of Account(39074569.1).pdf,https://drive.google.com/file/d/1vm--PdzSEPTRFi86TeOu-Zy-_Cn_9fVq/view?usp=drivesdk
1PRkj0musHcMuor4zC4jLtwX5wuq32mX9,11122024scan_20241211084008.pdf,primary,CORPORATION/2024 Tax Info/Sold Houses/#202 10949 109,10949 109/_NeedsReview/11122024scan_20241211084008.pdf,https://drive.google.com/file/d/1PRkj0musHcMuor4zC4jLtwX5wuq32mX9/view?usp=drivesdk
1l2u-PPtbxiKM--DzyBrtnOp5t-i-sU2N2IZD5plgpGU, CMHC-MLI 9 Unit Investment ,primary,Development Info-----Go to rize,_Library/Financials/ CMHC-MLI 9 Unit Investment ,https://docs.google.com/document/d/1l2u-PPtbxiKM--DzyBrtnOp5t-i-sU2N2IZD5plgpGU/edit?usp=drivesdk&ouid=112966636072631084810
1qgki8Vd-nQQdoj1q1aXDZhwYwwBits63,CMHC-MLI 8 Unit Investment  (1).pdf,primary,Development Info-----Go to rize/CMHC-MLI Select 8 Unit Investment ,_Library/Financials/CMHC-MLI 8 Unit Investment  (1).pdf,https://drive.google.com/file/d/1qgki8Vd-nQQdoj1q1aXDZhwYwwBits63/view?usp=drivesdk
1ZTWI-osumKaPJaPqusLpsF4v5ZPIqs0U,High Park 9 Unit Corner .xlsx,primary,Development Info-----Go to rize/Formulas ,High Park 9-Plex/_NeedsReview/High Park 9 Unit Corner .xlsx,https://drive.google.com/file/d/1ZTWI-osumKaPJaPqusLpsF4v5ZPIqs0U/view?usp=drivesdk
1-71QOB5oXJRpLm-kGHqMCpOWe89hVpDllroX8ja0lyk,NDA-In Between,primary,2025 Tax/2025 Flips/Wholesale /In Between Homes /IN-Between Homes ,In-Between Homes (10848 153 St)/Contracts/NDA-In Between,https://docs.google.com/document/d/1-71QOB5oXJRpLm-kGHqMCpOWe89hVpDllroX8ja0lyk/edit?usp=drivesdk&ouid=112966636072631084810
1UzIrVpsvOrYvqAgaYd6mggv3xJLAjpORPgWq5lyahvc,Build Agreement,primary,Development Info-----Go to rize/Qualis Construction/Contracting- Breakdown ,_Library/Contracts/Build Agreement,https://docs.google.com/document/d/1UzIrVpsvOrYvqAgaYd6mggv3xJLAjpORPgWq5lyahvc/edit?usp=drivesdk&ouid=112966636072631084810
12urt_kXziNYsdlq14tF48W0cM--r3epj,13046 8-Unit Complex 10504 151 Street - DRAFT.pdf,primary,Development Info-----Go to rize/CMHC-MLI Select 8 Unit Investment ,13046 8/_NeedsReview/13046 8-Unit Complex 10504 151 Street - DRAFT.pdf,https://drive.google.com/file/d/12urt_kXziNYsdlq14tF48W0cM--r3epj/view?usp=drivesdk
1PRIkTKEj9MuODYbgdNxNpQBgpCQILyAFnYCubJ9K3wg,Pro-Forma  - 2003 163 Street SW,primary,(root),2003 163/Financials/Pro-Forma  - 2003 163 Street SW,https://docs.google.com/spreadsheets/d/1PRIkTKEj9MuODYbgdNxNpQBgpCQILyAFnYCubJ9K3wg/edit?usp=drivesdk&ouid=112966636072631084810
1DDTgE4dmPRxh1NElNWSHRHNIYPVg5Kdu,December Newsletter.pdf,primary,(root),_NeedsReview/December Newsletter.pdf,https://drive.google.com/file/d/1DDTgE4dmPRxh1NElNWSHRHNIYPVg5Kdu/view?usp=drivesdk
1hG0QKR2gMV4uThb0qB6BpAtgmnE96Q5f,Foundation Stage Cost Breakdown - revised.xlsx,primary,Development Info-----Go to rize/Cost Examples ,_Library/Financials/Foundation Stage Cost Breakdown - revised.xlsx,https://drive.google.com/file/d/1hG0QKR2gMV4uThb0qB6BpAtgmnE96Q5f/view?usp=drivesdk
1wBtVdf6MNiOJeukteEK_L46xCVJirAzX,8-Unit Example.xlsx,primary,Development Info-----Go to rize/Cost Examples ,_NeedsReview/8-Unit Example.xlsx,https://drive.google.com/file/d/1wBtVdf6MNiOJeukteEK_L46xCVJirAzX/view?usp=drivesdk
1192LTlY2YfavaswUtCYwcL4J5X8FH55_,Edmonton Infill Project (8 & 9 Units).xlsx,primary,2025 Tax/2025 Flips/Wholesale /In Between Homes /IN-Between Homes ,In-Between Homes (10848 153 St)/_NeedsReview/Edmonton Infill Project (8 & 9 Units).xlsx,https://drive.google.com/file/d/1192LTlY2YfavaswUtCYwcL4J5X8FH55_/view?usp=drivesdk
1NZjygi2cIc35_37VQunucKKkyF7pvP3n,Condition Wavier.pdf,primary,Inglewood 6-Plex: 11328 126 St,Inglewood 6-Plex (11328 126 St)/_NeedsReview/Condition Wavier.pdf,https://drive.google.com/file/d/1NZjygi2cIc35_37VQunucKKkyF7pvP3n/view?usp=drivesdk
19PoqmOb-IAAQkypPsMTuwEwLI9-481RL,8150 80 Ave 8 dwellings construction cost.pdf,primary,Development Info-----Go to rize/Cost Examples ,8150 80/Construction/8150 80 Ave 8 dwellings construction cost.pdf,https://drive.google.com/file/d/19PoqmOb-IAAQkypPsMTuwEwLI9-481RL/view?usp=drivesdk
1Yc3DJsNUtPslMRirMoCaoEfxrImikWlA,IMG_0161.PNG,primary,Development Info-----Go to rize/Formulas ,_Library/Photos/IMG_0161.PNG,https://drive.google.com/file/d/1Yc3DJsNUtPslMRirMoCaoEfxrImikWlA/view?usp=drivesdk
1CDZ-H3u7hAxITQZ5qu_BXnCKZQi7gTyg,IMG_0162.PNG,primary,Development Info-----Go to rize/Formulas ,_Library/Photos/IMG_0162.PNG,https://drive.google.com/file/d/1CDZ-H3u7hAxITQZ5qu_BXnCKZQi7gTyg/view?usp=drivesdk
1ZGX-PXfJ_hJCLoSjluge-nY4uBQG20ro,Edmonton Infill Project (8 & 9 Units).xlsx,duplicate,Development Info-----Go to rize/Cost Examples ,_Duplicates/Unknown/Edmonton Infill Project (8 & 9 Units).xlsx,https://drive.google.com/file/d/1ZGX-PXfJ_hJCLoSjluge-nY4uBQG20ro/view?usp=drivesdk
15VWiBYH0njDwLbXEUMlmjwQzRZ035rU7924vjJk-vn8,Financing: Development,primary,Development Info-----Go to rize/Cost Examples ,_NeedsReview/Financing: Development,https://docs.google.com/document/d/15VWiBYH0njDwLbXEUMlmjwQzRZ035rU7924vjJk-vn8/edit?usp=drivesdk&ouid=112966636072631084810
1ghLvpn_mu53dtYTow105_ltnJ3wfxvQb,Franken Homes Introduction (2024).pdf,duplicate,Development Info-----Go to rize/Formulas ,_Duplicates/Unknown/Franken Homes Introduction (2024).pdf,https://drive.google.com/file/d/1ghLvpn_mu53dtYTow105_ltnJ3wfxvQb/view?usp=drivesdk
197SKzHJEpTgRTYCtI9fkyLt1htsEq1lC,FHAI Proposal  - Allendale 106 St 6-Plex.pdf,primary,Allendale 6408 106/6408: Plans/Survey,Allendale (generic)/_NeedsReview/FHAI Proposal  - Allendale 106 St 6-Plex.pdf,https://drive.google.com/file/d/197SKzHJEpTgRTYCtI9fkyLt1htsEq1lC/view?usp=drivesdk
1CEM5kRRNZ_0AeI5yygtrHbxwrV7vx2xu,FHAI Proposal  - Allendale 106 St 8-Plex.pdf,primary,Allendale 6408 106,Allendale (generic)/_NeedsReview/FHAI Proposal  - Allendale 106 St 8-Plex.pdf,https://drive.google.com/file/d/1CEM5kRRNZ_0AeI5yygtrHbxwrV7vx2xu/view?usp=drivesdk
1quZlF_K68x_qr6KQpd9NtM_mAzHwC6mj6jt6g6Qtygs,Inglewood Information,primary,Inglewood 6-Plex: 11328 126 St,Inglewood 6-Plex (11328 126 St)/_NeedsReview/Inglewood Information,https://docs.google.com/document/d/1quZlF_K68x_qr6KQpd9NtM_mAzHwC6mj6jt6g6Qtygs/edit?usp=drivesdk&ouid=112966636072631084810
1BYsm10v6qST6josQ1ATiILP-slTRDFJ9,Inglewood- 11328 126 ST .png,primary,Inglewood 6-Plex: 11328 126 St,Inglewood 6-Plex (11328 126 St)/Photos/Inglewood- 11328 126 ST .png,https://drive.google.com/file/d/1BYsm10v6qST6josQ1ATiILP-slTRDFJ9/view?usp=drivesdk
1FD0JlPlZkgguZ7OwV_KDcgdPWQ62Txez,962075295_52125837_0_0.pdf,primary,NEW Properties /Titles Pulled ,_NeedsReview/962075295_52125837_0_0.pdf,https://drive.google.com/file/d/1FD0JlPlZkgguZ7OwV_KDcgdPWQ62Txez/view?usp=drivesdk
1bQvYE3mnNaQtcqFg61_zpyT90JAOfGEp,Purchase Contract 11328 126 Street (1) - Signed - _241109_141844.pdf,primary,Inglewood 6-Plex: 11328 126 St,Inglewood 6-Plex (11328 126 St)/Contracts/Purchase Contract 11328 126 Street (1) - Signed - _241109_141844.pdf,https://drive.google.com/file/d/1bQvYE3mnNaQtcqFg61_zpyT90JAOfGEp/view?usp=drivesdk
126NveJrmI1WI3YjJOXilrXzWqltObabO,Purchase Contract 11328 126 Street (1) - Signed_241108_230343.pdf,primary,Inglewood 6-Plex: 11328 126 St,Inglewood 6-Plex (11328 126 St)/Contracts/Purchase Contract 11328 126 Street (1) - Signed_241108_230343.pdf,https://drive.google.com/file/d/126NveJrmI1WI3YjJOXilrXzWqltObabO/view?usp=drivesdk
1VttAUdHA0hzzzdEWdVRpvEwRgYVRiMfg,Purchase Contract 11328 126 Street.pdf,primary,Inglewood 6-Plex: 11328 126 St,Inglewood 6-Plex (11328 126 St)/Contracts/Purchase Contract 11328 126 Street.pdf,https://drive.google.com/file/d/1VttAUdHA0hzzzdEWdVRpvEwRgYVRiMfg/view?usp=drivesdk
1bRsLXKZHVmOnVYWgkm7guV_AwBLYhECH,Parkallen 8-Plex CAD File.dwg,primary,Development Info-----Go to rize/Development Example Docs,_NeedsReview/Parkallen 8-Plex CAD File.dwg,https://drive.google.com/file/d/1bRsLXKZHVmOnVYWgkm7guV_AwBLYhECH/view?usp=drivesdk
1Qv1lCZ0QtQZzycW_yS4WuHgYp6rDcdkE,CMHC MLI Select Quick Facts.pdf,primary,Allendale 6408 106/6408: CMHC,Allendale (generic)/Financials/CMHC MLI Select Quick Facts.pdf,https://drive.google.com/file/d/1Qv1lCZ0QtQZzycW_yS4WuHgYp6rDcdkE/view?usp=drivesdk
1nEHG9MxOy4NIHxtt6u9nXkOQkirJ_pHT,Cashfolw Analysis: Pro Forma Grovnor 12 Units .xlsx,primary,Development Info-----Go to rize/Development Example Docs,_Library/Financials/Cashfolw Analysis: Pro Forma Grovnor 12 Units .xlsx,https://drive.google.com/file/d/1nEHG9MxOy4NIHxtt6u9nXkOQkirJ_pHT/view?usp=drivesdk
10L2dT-_gquC6Kqfkjg65eAivMHKO_sof,Copy of Personal Net Worth Statement_Peakhill Capital.pdf,primary,CORPORATION/Net Worth Statements ,_NeedsReview/Copy of Personal Net Worth Statement_Peakhill Capital.pdf,https://drive.google.com/file/d/10L2dT-_gquC6Kqfkjg65eAivMHKO_sof/view?usp=drivesdk
1FRqdhmHIq1rJBdbmUtB5V3ZO1eo_C_4E,6408-106 Calvert Loan Aggreement.pdf,duplicate,Allendale 6408 106/6408: CMHC,_Duplicates/Allendale (generic)/6408-106 Calvert Loan Aggreement.pdf,https://drive.google.com/file/d/1FRqdhmHIq1rJBdbmUtB5V3ZO1eo_C_4E/view?usp=drivesdk
1-q9UAKCkZCL0NOGOqIixAh0fqsAdCV9Cx-swOJLlddA,6408 106 St,primary,Allendale 6408 106/6408: Plans/Survey,Allendale (generic)/_NeedsReview/6408 106 St,https://docs.google.com/document/d/1-q9UAKCkZCL0NOGOqIixAh0fqsAdCV9Cx-swOJLlddA/edit?usp=drivesdk&ouid=112966636072631084810
18ad0hp0LGhqkfz1CnqM1zA06SF7swqixVoOametnae0,Multi Family mood baord,primary,(root),_NeedsReview/Multi Family mood baord,https://docs.google.com/presentation/d/18ad0hp0LGhqkfz1CnqM1zA06SF7swqixVoOametnae0/edit?usp=drivesdk&ouid=112966636072631084810
1t-m0Vri9rovjIGD00mCi00X_OzVWYaFc,AP1_AP2_AP3_merged_2.pdf,primary,Allendale 6408 106/6408: Plans/Survey,Allendale (generic)/_NeedsReview/AP1_AP2_AP3_merged_2.pdf,https://drive.google.com/file/d/1t-m0Vri9rovjIGD00mCi00X_OzVWYaFc/view?usp=drivesdk
1iGNd1oxXMSLdtWg1z8QpEPtRqtioVu1F,Cashflow Analysis Matrix 6 Unit Template.pdf,primary,Development Info-----Go to rize/Formulas ,_Library/Financials/Cashflow Analysis Matrix 6 Unit Template.pdf,https://drive.google.com/file/d/1iGNd1oxXMSLdtWg1z8QpEPtRqtioVu1F/view?usp=drivesdk
1qySJ9TszvP37kO5Hyl0GL0ldWRtrXB1V,242130821_51981211_0_0.pdf,primary,NEW Properties /Titles Pulled ,_NeedsReview/242130821_51981211_0_0.pdf,https://drive.google.com/file/d/1qySJ9TszvP37kO5Hyl0GL0ldWRtrXB1V/view?usp=drivesdk
1pi_ILyf-dR5k7IvswPBrYqRbg9_OtoIL,UN1_merged.pdf,primary,Allendale 6408 106/6408: Plans/Survey,Allendale (generic)/_NeedsReview/UN1_merged.pdf,https://drive.google.com/file/d/1pi_ILyf-dR5k7IvswPBrYqRbg9_OtoIL/view?usp=drivesdk
1O_oA37S7nUAqmvO_PywdNrLB0dzSZAKP,Multi Family mood baord,primary,Development Info-----Go to rize,_NeedsReview/Multi Family mood baord,https://drive.google.com/file/d/1O_oA37S7nUAqmvO_PywdNrLB0dzSZAKP/view?usp=drivesdk
14BIcqg9vmhvlN4aK94c0EOFaAuwf2j63,Vibrant Homes Specifications 2024 (1).pdf,primary,Development Info-----Go to rize/Development Example Docs,_Library/Contracts/Vibrant Homes Specifications 2024 (1).pdf,https://drive.google.com/file/d/14BIcqg9vmhvlN4aK94c0EOFaAuwf2j63/view?usp=drivesdk
1hxGifLSOXzEts1QMknYAEc9LR-1UQiWD,Sunni_Yamerchuk_-_Amendment_for_Contracts_-_Reina_Manor.pdf,primary,CORPORATION/2024 Tax Info/Sold Houses/#202 10949 109,10949 109/_NeedsReview/Sunni_Yamerchuk_-_Amendment_for_Contracts_-_Reina_Manor.pdf,https://drive.google.com/file/d/1hxGifLSOXzEts1QMknYAEc9LR-1UQiWD/view?usp=drivesdk
1KfMPXSXWPokiJsm85dFG6y_4t6SlQQYs,Sunni_Yaremchuk_-_Waiver_for_Contracts_-_Reina_Manor.pdf,primary,CORPORATION/2024 Tax Info/Sold Houses/#202 10949 109,10949 109/_NeedsReview/Sunni_Yaremchuk_-_Waiver_for_Contracts_-_Reina_Manor.pdf,https://drive.google.com/file/d/1KfMPXSXWPokiJsm85dFG6y_4t6SlQQYs/view?usp=drivesdk
1OGFWXTqtfFg5SVretE_1cYawgOFn1MuU,OTP__202_-_SUNNI_YAREMCHUK_-_Reina_Manor.pdf,primary,CORPORATION/2024 Tax Info/Sold Houses/#202 10949 109,10949 109/_NeedsReview/OTP__202_-_SUNNI_YAREMCHUK_-_Reina_Manor.pdf,https://drive.google.com/file/d/1OGFWXTqtfFg5SVretE_1cYawgOFn1MuU/view?usp=drivesdk
1amiY2YVcjSypr1JD3aIkeIed1_HDGFjy,RENTAL APPLICATION.pdf,primary,Flip Info/Rental Forms ,_NeedsReview/RENTAL APPLICATION.pdf,https://drive.google.com/file/d/1amiY2YVcjSypr1JD3aIkeIed1_HDGFjy/view?usp=drivesdk
15Tfm8uwO16UO82nufe9KSSZTS0SfplZz,Tenant-Application-Form- (Blank).pdf,primary,Flip Info/Rental Forms ,_NeedsReview/Tenant-Application-Form- (Blank).pdf,https://drive.google.com/file/d/15Tfm8uwO16UO82nufe9KSSZTS0SfplZz/view?usp=drivesdk
14HXNTy4qsLmJy6rVVWBNG2MlsuyjDvuy,Welcome to Calvert Home Mortgage (C).pdf,primary,Allendale 6408 106/6408: CMHC,Allendale (generic)/_NeedsReview/Welcome to Calvert Home Mortgage (C).pdf,https://drive.google.com/file/d/14HXNTy4qsLmJy6rVVWBNG2MlsuyjDvuy/view?usp=drivesdk
1o96UhCbOUBL9cwfu8VXKynOQpMYi0dzL,Welcome to Calvert Home Mortgage (C).pdf,duplicate,Allendale 6408 106/6408: Invoice,_Duplicates/Allendale (generic)/Welcome to Calvert Home Mortgage (C).pdf,https://drive.google.com/file/d/1o96UhCbOUBL9cwfu8VXKynOQpMYi0dzL/view?usp=drivesdk
10vasga-FIv1pewsZ7eeuybIO9CElHUvs,Ritchie Breakdown.xlsx,primary,Development Info-----Go to rize/Ritchie 8 Plex Example ,Ritchie 8-Plex/_NeedsReview/Ritchie Breakdown.xlsx,https://drive.google.com/file/d/10vasga-FIv1pewsZ7eeuybIO9CElHUvs/view?usp=drivesdk
1-iSMAOqI9VeLSQxgFMReZy53dhxzno-I,IMG_2411.HEIC,primary,CORPORATION/Emanation Investment Inc. Corporation Files,_Library/Photos/IMG_2411.HEIC,https://drive.google.com/file/d/1-iSMAOqI9VeLSQxgFMReZy53dhxzno-I/view?usp=drivesdk
17Ejb8gE2qu_62i6CRN0YrdCr1iUVRHCus0jb1zxTiQ8,Media Leads April 2024- Passive Investors ,primary,Buyers/ Investors /Buyers,_NeedsReview/Media Leads April 2024- Passive Investors ,https://docs.google.com/spreadsheets/d/17Ejb8gE2qu_62i6CRN0YrdCr1iUVRHCus0jb1zxTiQ8/edit?usp=drivesdk&ouid=112966636072631084810
1P2403woYnaUYSONGBVy-TQuVOvbskMIU,Franken Homes Introduction (2024).pdf,duplicate,Development Info-----Go to rize/Development Example Docs,_Duplicates/Unknown/Franken Homes Introduction (2024).pdf,https://drive.google.com/file/d/1P2403woYnaUYSONGBVy-TQuVOvbskMIU/view?usp=drivesdk
1Or4c8jzHJRDkdAo8Yl4KcRKTvxsQsE-D,Purchase of 6408 106 St NW - signed.pdf,primary,Allendale 6408 106/6408: Purchase Docs ,Allendale (generic)/Contracts/Purchase of 6408 106 St NW - signed.pdf,https://drive.google.com/file/d/1Or4c8jzHJRDkdAo8Yl4KcRKTvxsQsE-D/view?usp=drivesdk
1WLNqeuQ4bJUZCkDBBKE8Az-dDeyK7Zav4YpZXJS1WcM,My Value ,primary,CORPORATION/Website/CRM,_NeedsReview/My Value ,https://docs.google.com/document/d/1WLNqeuQ4bJUZCkDBBKE8Az-dDeyK7Zav4YpZXJS1WcM/edit?usp=drivesdk&ouid=112966636072631084810
1es_SYolOVlWfuOm5wWPTAiWP64_6VcUP,Insurance Binder Information.pdf,primary,Allendale 6408 106/6408: Purchase Docs ,Allendale (generic)/_NeedsReview/Insurance Binder Information.pdf,https://drive.google.com/file/d/1es_SYolOVlWfuOm5wWPTAiWP64_6VcUP/view?usp=drivesdk
1_WRbIZc92Lhvr0PUUUGyugsEGj3eVKoX,Copy of 100 Floor Dumbbell Flys,primary,Workout 12,_NeedsReview/Copy of 100 Floor Dumbbell Flys,https://drive.google.com/file/d/1_WRbIZc92Lhvr0PUUUGyugsEGj3eVKoX/view?usp=drivesdk
1phm2ft9UI5QMFOF1HFFmKZviTstFqgiq,Copy of 100 Dumbbell Hip Thrusts,primary,Workout 12,_NeedsReview/Copy of 100 Dumbbell Hip Thrusts,https://drive.google.com/file/d/1phm2ft9UI5QMFOF1HFFmKZviTstFqgiq/view?usp=drivesdk
1ry7XhjspLJSQEq9qFZieu42_wg96yeFi,Copy of 100 Bentover Lat Dumbbell Rows,primary,Workout 12,_NeedsReview/Copy of 100 Bentover Lat Dumbbell Rows,https://drive.google.com/file/d/1ry7XhjspLJSQEq9qFZieu42_wg96yeFi/view?usp=drivesdk
1wf7mbzQ8LNAciUn1jeh4BdZo7MjY7Tsl,Copy of 100 Modified Pushups,primary,Workout 11,_NeedsReview/Copy of 100 Modified Pushups,https://drive.google.com/file/d/1wf7mbzQ8LNAciUn1jeh4BdZo7MjY7Tsl/view?usp=drivesdk
1i1_oJGkqfs1QyJsSVyMikO9l966SDcJS,Copy of 100 Bentover Side Delts,primary,Workout 11,_NeedsReview/Copy of 100 Bentover Side Delts,https://drive.google.com/file/d/1i1_oJGkqfs1QyJsSVyMikO9l966SDcJS/view?usp=drivesdk
1IvHlsUIy19l0Me0bIBQk1kOodsiai0Eo,Copy of 100 Hammer Curls,primary,Workout 9,_NeedsReview/Copy of 100 Hammer Curls,https://drive.google.com/file/d/1IvHlsUIy19l0Me0bIBQk1kOodsiai0Eo/view?usp=drivesdk
1y7dhNWsiy7rEr6mscXPz5h-Zhhlr5x5d,Copy of 100 Sit Down Squats,primary,Workout 9,_NeedsReview/Copy of 100 Sit Down Squats,https://drive.google.com/file/d/1y7dhNWsiy7rEr6mscXPz5h-Zhhlr5x5d/view?usp=drivesdk
11yUzWSSgX2KycSwyEmzGTg4PshvLLTnn,Copy of 5 Min Burpees,primary,Workout 9,_NeedsReview/Copy of 5 Min Burpees,https://drive.google.com/file/d/11yUzWSSgX2KycSwyEmzGTg4PshvLLTnn/view?usp=drivesdk
10SjjZ0HPieOytgfnr--5HjSlxwyOmSK4,Copy of 100 Copy of Backward Delt Skies,primary,Workout 9,_NeedsReview/Copy of 100 Copy of Backward Delt Skies,https://drive.google.com/file/d/10SjjZ0HPieOytgfnr--5HjSlxwyOmSK4/view?usp=drivesdk
15Bmc-55lBHZi7no52uDb6cEyK7wuliRa,Copy of 100 Stiff Legged Deadlifts,primary,Workout 8,_NeedsReview/Copy of 100 Stiff Legged Deadlifts,https://drive.google.com/file/d/15Bmc-55lBHZi7no52uDb6cEyK7wuliRa/view?usp=drivesdk
1Vi29rAFZLA9CQ6qt6M66Q-Rd4rju3UdK,Copy of 5 Min Mountain Climbers,primary,Workout 8,_NeedsReview/Copy of 5 Min Mountain Climbers,https://drive.google.com/file/d/1Vi29rAFZLA9CQ6qt6M66Q-Rd4rju3UdK/view?usp=drivesdk
1kzCySpPMfmvTrxMavdsgme-0VtyMAMPc,Copy of 100 Modified Pushups,duplicate,Workout 8,_Duplicates/Unknown/Copy of 100 Modified Pushups,https://drive.google.com/file/d/1kzCySpPMfmvTrxMavdsgme-0VtyMAMPc/view?usp=drivesdk
1fg4MZ9xZzU02RLGQMoG52DQFb3UVVBqq,Copy of 100 Bentover Side Delts,duplicate,Workout 8,_Duplicates/Unknown/Copy of 100 Bentover Side Delts,https://drive.google.com/file/d/1fg4MZ9xZzU02RLGQMoG52DQFb3UVVBqq/view?usp=drivesdk
1IcLEKJRnqqv7eJ7FnHiH9eJaEAQQETA_,Copy of 100 Reverse Grip Lat Pulldown,primary,Gym Workout 3/Gym Workout 5,_NeedsReview/Copy of 100 Reverse Grip Lat Pulldown,https://drive.google.com/file/d/1IcLEKJRnqqv7eJ7FnHiH9eJaEAQQETA_/view?usp=drivesdk
1U7ejwY87oQ2jLndS6iwPficd1FfrgE2K,Copy of 100 Hammer Curls,duplicate,Gym Workout 3/Gym Workout 5,_Duplicates/Unknown/Copy of 100 Hammer Curls,https://drive.google.com/file/d/1U7ejwY87oQ2jLndS6iwPficd1FfrgE2K/view?usp=drivesdk
1BVTkTdWCa-LNHy3tyH8KOR48AdVLEshd,Copy of 50 a side Dumbbell Step Ups,primary,Gym Workout 3/Gym Workout 5,_NeedsReview/Copy of 50 a side Dumbbell Step Ups,https://drive.google.com/file/d/1BVTkTdWCa-LNHy3tyH8KOR48AdVLEshd/view?usp=drivesdk
1UiI3PYcMSNsP6RO-ZvzhLbxtfuCzdVyz,Copy of 100 Reverse Grip Dumbbell Curls,primary,Gym Workout 3/Gym Workout 4,_NeedsReview/Copy of 100 Reverse Grip Dumbbell Curls,https://drive.google.com/file/d/1UiI3PYcMSNsP6RO-ZvzhLbxtfuCzdVyz/view?usp=drivesdk
19uMFleVET1edkK_ecsJygNkDayxIopIs,Copy of 100 Leg Press,primary,Gym Workout 3/Gym Workout 4,_NeedsReview/Copy of 100 Leg Press,https://drive.google.com/file/d/19uMFleVET1edkK_ecsJygNkDayxIopIs/view?usp=drivesdk
1R-V3ymxKBVEUs5djObzD9nQBb-L5MY3s,Copy of 100 Fly Machine,primary,Gym Workout 3/Gym Workout 4,_NeedsReview/Copy of 100 Fly Machine,https://drive.google.com/file/d/1R-V3ymxKBVEUs5djObzD9nQBb-L5MY3s/view?usp=drivesdk
18h9q0GUoYqkKKfaqiyZjIthwy0hpbBKc,Copy of 100 Tricep Rope Extension,primary,Gym Workout 3,_NeedsReview/Copy of 100 Tricep Rope Extension,https://drive.google.com/file/d/18h9q0GUoYqkKKfaqiyZjIthwy0hpbBKc/view?usp=drivesdk
1LCxnV49fRP3szrWB2UJxGo3da9_GwyAP,Copy of 100 Lat Pulldown,primary,Gym Workout 3,_NeedsReview/Copy of 100 Lat Pulldown,https://drive.google.com/file/d/1LCxnV49fRP3szrWB2UJxGo3da9_GwyAP/view?usp=drivesdk
1So0l1_ShpYoin7i8kQ5CuPOf7vjK2Gv4,Copy of 100 Abduction Machine(Outer Thighs),primary,Gym Workout 3,_NeedsReview/Copy of 100 Abduction Machine(Outer Thighs),https://drive.google.com/file/d/1So0l1_ShpYoin7i8kQ5CuPOf7vjK2Gv4/view?usp=drivesdk
1O_Q5E_S5BxGKTSyhmkeU42d-2yP034h_,Copy of 100 Sit Down Squats,duplicate,Workout 6,_Duplicates/Unknown/Copy of 100 Sit Down Squats,https://drive.google.com/file/d/1O_Q5E_S5BxGKTSyhmkeU42d-2yP034h_/view?usp=drivesdk
1--5BMBHZD-coP62Y1iP1n7i6voTqx7QW,Copy of 50 a Side Single Leg Lunges,primary,Workout 6,_NeedsReview/Copy of 50 a Side Single Leg Lunges,https://drive.google.com/file/d/1--5BMBHZD-coP62Y1iP1n7i6voTqx7QW/view?usp=drivesdk
1iiy-VyCZyE6Ng55kC35LDmNjcAp9KWyX,Copy of 100 Front Delt Raises,primary,Workout 6,_NeedsReview/Copy of 100 Front Delt Raises,https://drive.google.com/file/d/1iiy-VyCZyE6Ng55kC35LDmNjcAp9KWyX/view?usp=drivesdk
1ZQciH1HLsmmWggscCapadFaC5xPAG66H,Copy of 5 Min Burpees,duplicate,Workout 6,_Duplicates/Unknown/Copy of 5 Min Burpees,https://drive.google.com/file/d/1ZQciH1HLsmmWggscCapadFaC5xPAG66H/view?usp=drivesdk
1clMtPQ28eTt9s-DNiXJJFjp2t_JaF4Ca,Copy of 100 Tricep Dumbbell Extension,primary,Workout 5,_NeedsReview/Copy of 100 Tricep Dumbbell Extension,https://drive.google.com/file/d/1clMtPQ28eTt9s-DNiXJJFjp2t_JaF4Ca/view?usp=drivesdk
1L3lrTrSguMdqhO7GMP6avo_XeejeKtUj,Copy of 5 Min Step Taps,primary,Workout 5,_NeedsReview/Copy of 5 Min Step Taps,https://drive.google.com/file/d/1L3lrTrSguMdqhO7GMP6avo_XeejeKtUj/view?usp=drivesdk
1h8KHLS_Tpy9g-OoFm7n3gKFq5ouE5EKG,Copy of 100 Dumbbell Bench Press,primary,Workout 5,_NeedsReview/Copy of 100 Dumbbell Bench Press,https://drive.google.com/file/d/1h8KHLS_Tpy9g-OoFm7n3gKFq5ouE5EKG/view?usp=drivesdk
1qA7Pa5c_JrdjBb2XQzAhSdJ4iQmWkzkv,Copy of 50 a Side Curtsy Lunges,primary,Workout 5,_NeedsReview/Copy of 50 a Side Curtsy Lunges,https://drive.google.com/file/d/1qA7Pa5c_JrdjBb2XQzAhSdJ4iQmWkzkv/view?usp=drivesdk
1KskjuK8qfXx02Jc5RF49Qzi3jZbeciz6,Copy of 100 Tricep Pulldown,primary,Gym Workout 2,_NeedsReview/Copy of 100 Tricep Pulldown,https://drive.google.com/file/d/1KskjuK8qfXx02Jc5RF49Qzi3jZbeciz6/view?usp=drivesdk
1T2KCK6jbK-t841Ptwyyt7S6TNjqrflkR,Copy of 100 Seated Bench Press,primary,Gym Workout 2,_NeedsReview/Copy of 100 Seated Bench Press,https://drive.google.com/file/d/1T2KCK6jbK-t841Ptwyyt7S6TNjqrflkR/view?usp=drivesdk
1AOJm_E1pi6OotwHkkwa-gN5gDrM82cFe,Copy of 100 Leg Curl,primary,Gym Workout 2,_NeedsReview/Copy of 100 Leg Curl,https://drive.google.com/file/d/1AOJm_E1pi6OotwHkkwa-gN5gDrM82cFe/view?usp=drivesdk
1gkHCppKLs3I7php5aMK9Yq0crtAIndZM,Copy of 5 Min Wall Sit,primary,Maintenance 2,_NeedsReview/Copy of 5 Min Wall Sit,https://drive.google.com/file/d/1gkHCppKLs3I7php5aMK9Yq0crtAIndZM/view?usp=drivesdk
11Nt-GcT8JpIqy_8Rz4msnXp-MVzuqlv9,Copy of 5 Min Wall Sit,duplicate,Maintenance 1,_Duplicates/Unknown/Copy of 5 Min Wall Sit,https://drive.google.com/file/d/11Nt-GcT8JpIqy_8Rz4msnXp-MVzuqlv9/view?usp=drivesdk
1yE4tB9YnZoZ7PhCP8P3JWWNG6gkNbetv,Copy of 100 Bicep Dumbbell Curls,primary,Maintenance 1,_NeedsReview/Copy of 100 Bicep Dumbbell Curls,https://drive.google.com/file/d/1yE4tB9YnZoZ7PhCP8P3JWWNG6gkNbetv/view?usp=drivesdk
1raAIxd0SptmLJT0NBA8gx6Xl44s1DPfb,Copy of 5 Min Tall Plank,primary,Workout 3,_NeedsReview/Copy of 5 Min Tall Plank,https://drive.google.com/file/d/1raAIxd0SptmLJT0NBA8gx6Xl44s1DPfb/view?usp=drivesdk
1B_tlSCcbfBmyXqNMOt0DNDbyiYkKITTv,Copy of 100 Rotating Bicep Curls,primary,Workout 3,_NeedsReview/Copy of 100 Rotating Bicep Curls,https://drive.google.com/file/d/1B_tlSCcbfBmyXqNMOt0DNDbyiYkKITTv/view?usp=drivesdk
1srm8NHmA42RKoZdigaerWvMPcKN5RKZ2,Copy of 100 Benchless Dumbbell Row,primary,Workout 3,_NeedsReview/Copy of 100 Benchless Dumbbell Row,https://drive.google.com/file/d/1srm8NHmA42RKoZdigaerWvMPcKN5RKZ2/view?usp=drivesdk
1fijPJcrUGCbzo0ypVJpgnBjPxJc60xQV,Copy of 100 Jump Squats,primary,Workout 3,_NeedsReview/Copy of 100 Jump Squats,https://drive.google.com/file/d/1fijPJcrUGCbzo0ypVJpgnBjPxJc60xQV/view?usp=drivesdk
16-jDyJ2ugDY3lQ_qdCplmuFkXik6ApOlCa7wV3k9Tck,How to Develop a 6-Plex,primary,Allendale 6408 106,Allendale (generic)/_NeedsReview/How to Develop a 6-Plex,https://docs.google.com/document/d/16-jDyJ2ugDY3lQ_qdCplmuFkXik6ApOlCa7wV3k9Tck/edit?usp=drivesdk&ouid=112966636072631084810
13TiFAqxf4RFFRzyXN0n5PI5LUrq_sGBinyE44g36w-c,Ritchie 8-Plex: Infill Info,primary,Development Info-----Go to rize/Ritchie 8 Plex Example ,Ritchie 8-Plex/_NeedsReview/Ritchie 8-Plex: Infill Info,https://docs.google.com/document/d/13TiFAqxf4RFFRzyXN0n5PI5LUrq_sGBinyE44g36w-c/edit?usp=drivesdk&ouid=112966636072631084810
1EHRm_XkwBPDxkLsp4oa-_DwejnzFA634AkvDltdaaWo,$137k Breakdown ,primary,CORPORATION/Business Plan,_NeedsReview/$137k Breakdown ,https://docs.google.com/document/d/1EHRm_XkwBPDxkLsp4oa-_DwejnzFA634AkvDltdaaWo/edit?usp=drivesdk&ouid=112966636072631084810
1gfMzG5C0BaDyCSP2D_O9cjq0dNI3c7ebQjF4I_GXres,6408-106: Development Timeline Outline  ,primary,Allendale 6408 106/6408: Build,Allendale (generic)/_NeedsReview/6408-106: Development Timeline Outline  ,https://docs.google.com/document/d/1gfMzG5C0BaDyCSP2D_O9cjq0dNI3c7ebQjF4I_GXres/edit?usp=drivesdk&ouid=112966636072631084810
1bD6w3K0Ms7nMXrQLQaGWDWdnH7Q6hurN,192300279_51732692_0_0.pdf,primary,NEW Properties /Titles Pulled ,_NeedsReview/192300279_51732692_0_0.pdf,https://drive.google.com/file/d/1bD6w3K0Ms7nMXrQLQaGWDWdnH7Q6hurN/view?usp=drivesdk
14G6WcQ-MyNL2sDK9ideZ3RGljz7YAPV_,192300279_51732692_0_0.pdf,duplicate,NEW Properties /Titles Pulled ,_Duplicates/Unknown/192300279_51732692_0_0.pdf,https://drive.google.com/file/d/14G6WcQ-MyNL2sDK9ideZ3RGljz7YAPV_/view?usp=drivesdk
17KIuYKOg3ABiZovyy12gFfaVY-XGsP1p,062056279_51732692_0_1.pdf,primary,NEW Properties /Titles Pulled ,_NeedsReview/062056279_51732692_0_1.pdf,https://drive.google.com/file/d/17KIuYKOg3ABiZovyy12gFfaVY-XGsP1p/view?usp=drivesdk
1UJZgNigt_nr3DzhTU1kztlKyGbPtcSQd,Cashflow Analysis Matrix - 8 unit Ritchie.xlsx,primary,Development Info-----Go to rize/Formulas ,Ritchie 8-Plex/Financials/Cashflow Analysis Matrix - 8 unit Ritchie.xlsx,https://drive.google.com/file/d/1UJZgNigt_nr3DzhTU1kztlKyGbPtcSQd/view?usp=drivesdk
1ZWs1k0ZiCo9T5vm9SsBh6msDsDRzqm32,PHOTO-2024-08-03-11-40-30.jpeg,primary,Development Info-----Go to rize/Development Example Docs,_Library/Photos/PHOTO-2024-08-03-11-40-30.jpeg,https://drive.google.com/file/d/1ZWs1k0ZiCo9T5vm9SsBh6msDsDRzqm32/view?usp=drivesdk
1Obgts0goNxr3lqcNIeWacBLCfUtxTQz2,Cashflow Analysis Matrix - 8 Unit Ritchie .xlsx,primary,Development Info-----Go to rize/Formulas ,Ritchie 8-Plex/Financials/Cashflow Analysis Matrix - 8 Unit Ritchie .xlsx,https://drive.google.com/file/d/1Obgts0goNxr3lqcNIeWacBLCfUtxTQz2/view?usp=drivesdk
1hlyewHzRbB2_J2FaLbETnQm0N5uyKh-C,Ritchie 8 Units- Cashflow Analysis Matrix  (2).xlsx,primary,Development Info-----Go to rize/Formulas ,Ritchie 8-Plex/Financials/Ritchie 8 Units- Cashflow Analysis Matrix  (2).xlsx,https://drive.google.com/file/d/1hlyewHzRbB2_J2FaLbETnQm0N5uyKh-C/view?usp=drivesdk
1yS0ZUIiAImKpZ8vkvMtHl_xqRY8qJtSz,Copy of 5 Minute Plank,primary,Maintenance 2,_NeedsReview/Copy of 5 Minute Plank,https://drive.google.com/file/d/1yS0ZUIiAImKpZ8vkvMtHl_xqRY8qJtSz/view?usp=drivesdk
1NkpaOQN_Sr5O8F7z7ShFNPJet59Res4Q,Copy of 5 Minute Plank,duplicate,Maintenance 1,_Duplicates/Unknown/Copy of 5 Minute Plank,https://drive.google.com/file/d/1NkpaOQN_Sr5O8F7z7ShFNPJet59Res4Q/view?usp=drivesdk
1bu0XWC0tEDO7J_jP_x_M2Qo4r_CkERsl,142180045_51639410_0_1.pdf,primary,NEW Properties /Titles Pulled ,_NeedsReview/142180045_51639410_0_1.pdf,https://drive.google.com/file/d/1bu0XWC0tEDO7J_jP_x_M2Qo4r_CkERsl/view?usp=drivesdk
1ehQjkOKjj0R5ZGiqZCyHBuLeNQSqcdab,892192580_51639410_0_0.pdf,primary,NEW Properties /Titles Pulled ,_NeedsReview/892192580_51639410_0_0.pdf,https://drive.google.com/file/d/1ehQjkOKjj0R5ZGiqZCyHBuLeNQSqcdab/view?usp=drivesdk
1qx8RuhZEOBTHuf1FTs7ssYNvqIbdArLf,892192580_51639410_0_0.pdf,duplicate,NEW Properties /Titles Pulled ,_Duplicates/Unknown/892192580_51639410_0_0.pdf,https://drive.google.com/file/d/1qx8RuhZEOBTHuf1FTs7ssYNvqIbdArLf/view?usp=drivesdk
1V6CUyZKxlMLv4t-O8rdpBhJ9fuURyvnQ,Copy of 5 Minute Super Leg Raises,primary,Workout 12,_NeedsReview/Copy of 5 Minute Super Leg Raises,https://drive.google.com/file/d/1V6CUyZKxlMLv4t-O8rdpBhJ9fuURyvnQ/view?usp=drivesdk
1sFytpbNxfbx72xWuNEhRR0EhkqoRLcf6,Copy of 5 Minute Cross Countries,primary,Gym Workout 3/Gym Workout 5,_NeedsReview/Copy of 5 Minute Cross Countries,https://drive.google.com/file/d/1sFytpbNxfbx72xWuNEhRR0EhkqoRLcf6/view?usp=drivesdk
1qxrJcPO6HdnUdBmjECrYDb1h52PMjjBg,Copy of 5 Minute High Knees,primary,Workout 11,_NeedsReview/Copy of 5 Minute High Knees,https://drive.google.com/file/d/1qxrJcPO6HdnUdBmjECrYDb1h52PMjjBg/view?usp=drivesdk
1hDrib0TtY27mLjntIZUVq_rhr_3KCWeJ,Copy of 5 Minute Burpees,primary,Gym Workout 3/Gym Workout 4,_NeedsReview/Copy of 5 Minute Burpees,https://drive.google.com/file/d/1hDrib0TtY27mLjntIZUVq_rhr_3KCWeJ/view?usp=drivesdk
1c8OEenQ_Ti4kb0ymOiD-3pO5zRzriywq,Copy of 5 Minute Tall Superman Plank,primary,Gym Workout 3,_NeedsReview/Copy of 5 Minute Tall Superman Plank,https://drive.google.com/file/d/1c8OEenQ_Ti4kb0ymOiD-3pO5zRzriywq/view?usp=drivesdk
1tQLPiYZd3TXC6tVs2Y7QBV9VCnaVPUTe,Copy of 5 Minute Cross Countries,duplicate,Gym Workout 2,_Duplicates/Unknown/Copy of 5 Minute Cross Countries,https://drive.google.com/file/d/1tQLPiYZd3TXC6tVs2Y7QBV9VCnaVPUTe/view?usp=drivesdk
14VZKtWXN1mxr8Hw6rOkb6e4BmHsLIxpAy0X5FiLLFMc,What to put on Lot offer,primary,Development Info-----Go to rize/DAVID SANCHE Files,_NeedsReview/What to put on Lot offer,https://docs.google.com/document/d/14VZKtWXN1mxr8Hw6rOkb6e4BmHsLIxpAy0X5FiLLFMc/edit?usp=drivesdk&ouid=112966636072631084810
1vjD5_P8e86Lb7y9huhLhpLXGD90A60Dl,6408 106 Street NW Purchase Contract - Signed - Signed - Signed - Signed - Signed - Signed.pdf,primary,Allendale 6408 106/6408: Purchase Docs ,Allendale (generic)/Contracts/6408 106 Street NW Purchase Contract - Signed - Signed - Signed - Signed - Signed - Signed.pdf,https://drive.google.com/file/d/1vjD5_P8e86Lb7y9huhLhpLXGD90A60Dl/view?usp=drivesdk
1mW3PaRRnin0h6ObIH3kU4AKx1OoR5gvK,6408 106 Street NW Purchase Contract Waiver of Condition - Signed.pdf,primary,Allendale 6408 106/6408: Purchase Docs ,Allendale (generic)/Contracts/6408 106 Street NW Purchase Contract Waiver of Condition - Signed.pdf,https://drive.google.com/file/d/1mW3PaRRnin0h6ObIH3kU4AKx1OoR5gvK/view?usp=drivesdk
1HT3UT9_TQ7Iycf27qsk8_BmMgPLzskv8,6408 106 Street NW Purchase Contract Second Amendment- Signed - Signed.pdf,primary,Allendale 6408 106/6408: Purchase Docs ,Allendale (generic)/Contracts/6408 106 Street NW Purchase Contract Second Amendment- Signed - Signed.pdf,https://drive.google.com/file/d/1HT3UT9_TQ7Iycf27qsk8_BmMgPLzskv8/view?usp=drivesdk
1HTmZlU4IgyRAXrPliZzbFtYkkD7DleGR,6408 106 Street NW Purchase Contract Deposit Receipt II.pdf,primary,Allendale 6408 106/6408: Purchase Docs ,Allendale (generic)/Contracts/6408 106 Street NW Purchase Contract Deposit Receipt II.pdf,https://drive.google.com/file/d/1HTmZlU4IgyRAXrPliZzbFtYkkD7DleGR/view?usp=drivesdk
1wk6Id3sFkg5XZ91_mATp-SFTjkb_ygyg,6408 106 Street NW Purchase Contract Deposit I.pdf,primary,Allendale 6408 106/6408: Purchase Docs ,Allendale (generic)/Contracts/6408 106 Street NW Purchase Contract Deposit I.pdf,https://drive.google.com/file/d/1wk6Id3sFkg5XZ91_mATp-SFTjkb_ygyg/view?usp=drivesdk
1bJrnbCz3EyPrICTx_df-kKa_v12j96G1,6408 106 Street NW MLS® Highlight Sheet.pdf,primary,Allendale 6408 106/6408: Purchase Docs ,Allendale (generic)/Marketing & OM/6408 106 Street NW MLS® Highlight Sheet.pdf,https://drive.google.com/file/d/1bJrnbCz3EyPrICTx_df-kKa_v12j96G1/view?usp=drivesdk
1A8iZyS8v2c3wLtG_piY92wYCskJV1Y9O,6408 106 Street NW Purchase Contract Amendment - Signed - Signed.pdf,primary,Allendale 6408 106/6408: Purchase Docs ,Allendale (generic)/Contracts/6408 106 Street NW Purchase Contract Amendment - Signed - Signed.pdf,https://drive.google.com/file/d/1A8iZyS8v2c3wLtG_piY92wYCskJV1Y9O/view?usp=drivesdk
1ZtNeUh3wBSEoCRwX1WF7V6f2bHwMOdyo,6408 106 Street NW Purchase Contract Deposit II.pdf,primary,Allendale 6408 106/6408: Purchase Docs ,Allendale (generic)/Contracts/6408 106 Street NW Purchase Contract Deposit II.pdf,https://drive.google.com/file/d/1ZtNeUh3wBSEoCRwX1WF7V6f2bHwMOdyo/view?usp=drivesdk
1ftGE2YimIlC7QO_vI0YupLRQ88BcbgOO,Rental_Agreement_ Ritchie Rentals_(Sadie_Weimer_&_Samuel_Graham).pdf,primary,75 Marketing - Rent/Tenants/Rear Basement ,Ritchie 8-Plex/_NeedsReview/Rental_Agreement_ Ritchie Rentals_(Sadie_Weimer_&_Samuel_Graham).pdf,https://drive.google.com/file/d/1ftGE2YimIlC7QO_vI0YupLRQ88BcbgOO/view?usp=drivesdk
11lrh-uJTXqQPeT8Uj3elky0uVQN7E-3Z9gSNgchSPAs,notes,primary,Updates,_NeedsReview/notes,https://docs.google.com/document/d/11lrh-uJTXqQPeT8Uj3elky0uVQN7E-3Z9gSNgchSPAs/edit?usp=drivesdk&ouid=112966636072631084810
10Y3Vjvov-ED9GCLqwJpcZKHsTnUOk61Q,Allendale 6-Plex Cashflow Analysis .xlsx,primary,Allendale 6408 106,Allendale 6-Plex (10646 61 Ave)/Financials/Allendale 6-Plex Cashflow Analysis .xlsx,https://drive.google.com/file/d/10Y3Vjvov-ED9GCLqwJpcZKHsTnUOk61Q/view?usp=drivesdk
1ysU1pdZV1kOt0IIQl2-dCmLmDA6v1Cgo,872186923_51587340_0_0.pdf,primary,NEW Properties /Titles Pulled ,_NeedsReview/872186923_51587340_0_0.pdf,https://drive.google.com/file/d/1ysU1pdZV1kOt0IIQl2-dCmLmDA6v1Cgo/view?usp=drivesdk
1xaSyzyCxD2hcB7tnWGeu-JnTXs2vKepv,872186923_51587340_0_0.pdf,duplicate,NEW Properties /Titles Pulled ,_Duplicates/Unknown/872186923_51587340_0_0.pdf,https://drive.google.com/file/d/1xaSyzyCxD2hcB7tnWGeu-JnTXs2vKepv/view?usp=drivesdk
16xwuCpP4k7JbJLZAbn2OQWQGhoJEklAlWPMytXIdzG0,CONSULTANT AGREEMENT,primary,Development Info-----Go to rize/DAVID SANCHE Files,_Library/Contracts/CONSULTANT AGREEMENT,https://docs.google.com/document/d/16xwuCpP4k7JbJLZAbn2OQWQGhoJEklAlWPMytXIdzG0/edit?usp=drivesdk&ouid=112966636072631084810
1PY5AjgOI0RjR6WxPpJmy6xyKG9iPdb9yg_MaVYkoHRY,CONSULTANT AGREEMENT,primary,Development Info-----Go to rize/DAVID SANCHE Files,_Library/Contracts/CONSULTANT AGREEMENT,https://docs.google.com/document/d/1PY5AjgOI0RjR6WxPpJmy6xyKG9iPdb9yg_MaVYkoHRY/edit?usp=drivesdk&ouid=112966636072631084810
10IFDB1vh2H2NJMMpg1BYf7fAbFAXfAc5,Advanced-Real-Estate-Purchase-Contract-Assignment.pdf,primary,Blank Purchase Contracts ,_Library/Contracts/Advanced-Real-Estate-Purchase-Contract-Assignment.pdf,https://drive.google.com/file/d/10IFDB1vh2H2NJMMpg1BYf7fAbFAXfAc5/view?usp=drivesdk
1lRKtTl62HYLQuqUcREA7iVPLau6bOWgW,New Pitch Deck Template (1).pdf,primary,CORPORATION/Couses/Conferences/JT FOXX,_NeedsReview/New Pitch Deck Template (1).pdf,https://drive.google.com/file/d/1lRKtTl62HYLQuqUcREA7iVPLau6bOWgW/view?usp=drivesdk
1CYEJFjzkPS1im5b5xB-43U86OZzgQ_jj,Application Form.pdf,primary,Flip Info/Calvert Funding Criteria ,_NeedsReview/Application Form.pdf,https://drive.google.com/file/d/1CYEJFjzkPS1im5b5xB-43U86OZzgQ_jj/view?usp=drivesdk
1lg4MSBhniG-FYFMMLsciHEKYqY8oJwbh,Interim Purchase Mortgages - Alberta Real Estate Investors (updated August 2024).pdf,primary,Flip Info/Calvert Funding Criteria ,_Library/Contracts/Interim Purchase Mortgages - Alberta Real Estate Investors (updated August 2024).pdf,https://drive.google.com/file/d/1lg4MSBhniG-FYFMMLsciHEKYqY8oJwbh/view?usp=drivesdk
1jJb3unf1TR3Pa4w_pmufjQ9wp6GDOUX4,Bridge Mortgages - Alberta Homeowners (updated August 2024).pdf,primary,Flip Info/Calvert Funding Criteria ,_NeedsReview/Bridge Mortgages - Alberta Homeowners (updated August 2024).pdf,https://drive.google.com/file/d/1jJb3unf1TR3Pa4w_pmufjQ9wp6GDOUX4/view?usp=drivesdk
1fKtid4ov3smyw8uLTMuObl_WXgB9eWw2,Flip & BRRR Mortgages - Alberta Real Estate Investors (updated August 2024).pdf,primary,Flip Info/Calvert Funding Criteria ,_NeedsReview/Flip & BRRR Mortgages - Alberta Real Estate Investors (updated August 2024).pdf,https://drive.google.com/file/d/1fKtid4ov3smyw8uLTMuObl_WXgB9eWw2/view?usp=drivesdk
1H0TlipG-GSFdtZBOnbhHdd97os4w84u6,Alberta Wholesalers.pdf,primary,Flip Info/Calvert Funding Criteria ,_NeedsReview/Alberta Wholesalers.pdf,https://drive.google.com/file/d/1H0TlipG-GSFdtZBOnbhHdd97os4w84u6/view?usp=drivesdk
1V1vk_-pPU8ApV9Pr8voMcTxbjpZUlVRj,Rental_Agreement_10949 109St NW July 2024 (1) (3) (1).pdf,primary,CORPORATION/2024 Tax Info/Sold Houses/#202 10949 109,10949 109/_NeedsReview/Rental_Agreement_10949 109St NW July 2024 (1) (3) (1).pdf,https://drive.google.com/file/d/1V1vk_-pPU8ApV9Pr8voMcTxbjpZUlVRj/view?usp=drivesdk
1dg9BCFZdZwk3UB4_-hpCF_KJIM-teQZu,Residential Lease Agreement (#202 Tammy Tiedman).pdf,primary,CORPORATION/2024 Tax Info/Sold Houses/#202 10949 109,10949 109/Contracts/Residential Lease Agreement (#202 Tammy Tiedman).pdf,https://drive.google.com/file/d/1dg9BCFZdZwk3UB4_-hpCF_KJIM-teQZu/view?usp=drivesdk
1nt7vDCRMaU0K8Yny3cY1zZpk2xGuX6q2,Purchase-Contract--8207-121._Signed__1_.pdf,primary,CORPORATION/2024 Tax Info/Sold Houses/Eastwood 6 Plex,_Library/Contracts/Purchase-Contract--8207-121._Signed__1_.pdf,https://drive.google.com/file/d/1nt7vDCRMaU0K8Yny3cY1zZpk2xGuX6q2/view?usp=drivesdk
1CEPXZW6g8bxcModsplHzz560P2z8TFHd,NewCommercialBuildings_ProjectProcess.pdf,primary,Allendale 6408 106/6408: Purchase Docs ,Allendale (generic)/_NeedsReview/NewCommercialBuildings_ProjectProcess.pdf,https://drive.google.com/file/d/1CEPXZW6g8bxcModsplHzz560P2z8TFHd/view?usp=drivesdk
1XPZe1fv6SyFs0ef9-s2UQJcFl7BbrAgM,OTP #202 - SUNNI YAREMCHUK - Reina Manor.pdf,primary,CORPORATION/2024 Tax Info/Sold Houses/#202 10949 109,10949 109/_NeedsReview/OTP #202 - SUNNI YAREMCHUK - Reina Manor.pdf,https://drive.google.com/file/d/1XPZe1fv6SyFs0ef9-s2UQJcFl7BbrAgM/view?usp=drivesdk
10VZOIXwFdLKPGV9JeeAFKZNv2UVDGEI_,copy_5E5CC8EE-3796-446C-8DED-615948DE0E91.mov,primary,(root),_NeedsReview/copy_5E5CC8EE-3796-446C-8DED-615948DE0E91.mov,https://drive.google.com/file/d/10VZOIXwFdLKPGV9JeeAFKZNv2UVDGEI_/view?usp=drivesdk
1i1e5F8kxZ8quRuDIpxhHQLgTBlXgmtXSUFuLb93AKb8,Captions & Social media ,primary,(root),_NeedsReview/Captions & Social media ,https://docs.google.com/document/d/1i1e5F8kxZ8quRuDIpxhHQLgTBlXgmtXSUFuLb93AKb8/edit?usp=drivesdk&ouid=112966636072631084810
1_EtrTLMDnvcq62OXjs-AfcbMvtI_qdxs,Copy of WITH COPYWRITTEN AUDIO.mov,primary,(root),_NeedsReview/Copy of WITH COPYWRITTEN AUDIO.mov,https://drive.google.com/file/d/1_EtrTLMDnvcq62OXjs-AfcbMvtI_qdxs/view?usp=drivesdk
173gRAVZEoN6LjNYhSNKG8TYjaFscIyuR,Ritchie 8 Units- Cashflow Analysis Matrix .xlsx,primary,LEADS////SPREADSHEETS!,Ritchie 8-Plex/Financials/Ritchie 8 Units- Cashflow Analysis Matrix .xlsx,https://drive.google.com/file/d/173gRAVZEoN6LjNYhSNKG8TYjaFscIyuR/view?usp=drivesdk
1Mf1Tl4W8dQQoev2K46fN99S2kOzJaVoO,Contacts_Builders_1724863459.xlsx,primary,LEADS////SPREADSHEETS!,_NeedsReview/Contacts_Builders_1724863459.xlsx,https://drive.google.com/file/d/1Mf1Tl4W8dQQoev2K46fN99S2kOzJaVoO/view?usp=drivesdk
1pEemCaHCe-jepRlKTBHj5KikzUsOtNj4,Contacts_Land_Developers_1724863447.xlsx,primary,LEADS////SPREADSHEETS!,_NeedsReview/Contacts_Land_Developers_1724863447.xlsx,https://drive.google.com/file/d/1pEemCaHCe-jepRlKTBHj5KikzUsOtNj4/view?usp=drivesdk
1xiiK9r9apGJK_wJ5gGoLpiJt_E4sesKl,Contacts_Infill_1724863429.xlsx,primary,LEADS////SPREADSHEETS!,_NeedsReview/Contacts_Infill_1724863429.xlsx,https://drive.google.com/file/d/1xiiK9r9apGJK_wJ5gGoLpiJt_E4sesKl/view?usp=drivesdk
12jzuP8GS9zpuBwvr0yuCmVaRxJgkz_Ou,Contacts_Commercial_General_1724863418.xlsx,primary,LEADS////SPREADSHEETS!,_NeedsReview/Contacts_Commercial_General_1724863418.xlsx,https://drive.google.com/file/d/12jzuP8GS9zpuBwvr0yuCmVaRxJgkz_Ou/view?usp=drivesdk
1HPyXwOoFznsuUpst9qzfkAJJl3WEdohC,Contacts_Hotel_1724863408.xlsx,primary,LEADS////SPREADSHEETS!,_NeedsReview/Contacts_Hotel_1724863408.xlsx,https://drive.google.com/file/d/1HPyXwOoFznsuUpst9qzfkAJJl3WEdohC/view?usp=drivesdk
1nT6hYnQJ1XIBwzfsPWDBDh2PTrPWwqcx,Contacts_Realtor_1724863392.xlsx,primary,LEADS////SPREADSHEETS!,_NeedsReview/Contacts_Realtor_1724863392.xlsx,https://drive.google.com/file/d/1nT6hYnQJ1XIBwzfsPWDBDh2PTrPWwqcx/view?usp=drivesdk
1wX9mYRrj5IZUmTIMU2ZinKXLKQlYWRlc,Contacts_Multifamily_1724863369.xlsx,primary,LEADS////SPREADSHEETS!,_NeedsReview/Contacts_Multifamily_1724863369.xlsx,https://drive.google.com/file/d/1wX9mYRrj5IZUmTIMU2ZinKXLKQlYWRlc/view?usp=drivesdk
1dhkVdiVJCtS-7bnySeu8lcGwbpX9OYblXtj9FPw42rM,Investor Text Options,primary,Buyers/ Investors /Template Investor Email/Text,_Library/Investor Docs/Investor Text Options,https://docs.google.com/document/d/1dhkVdiVJCtS-7bnySeu8lcGwbpX9OYblXtj9FPw42rM/edit?usp=drivesdk&ouid=112966636072631084810
1rHQhiTrgfP1JWzmAo3IeiLCbdzl9gZRR,export (16).xlsx,primary,LEADS////SPREADSHEETS!,_NeedsReview/export (16).xlsx,https://drive.google.com/file/d/1rHQhiTrgfP1JWzmAo3IeiLCbdzl9gZRR/view?usp=drivesdk
14QwWR1OoPtUV7D9cqaAL5fxx_bhYahQOd7adNtoDrmA,Tommy Proposal,primary,Buyers/ Investors /Template Investor Email/Text,_NeedsReview/Tommy Proposal,https://docs.google.com/document/d/14QwWR1OoPtUV7D9cqaAL5fxx_bhYahQOd7adNtoDrmA/edit?usp=drivesdk&ouid=112966636072631084810
13-L3P80-fvsCdsyCrYZS4DB1fbw0G_H6ugLk3NzfG1k,Allendale Pro Forma ,primary,Allendale 6408 106,Allendale (generic)/Financials/Allendale Pro Forma ,https://docs.google.com/document/d/13-L3P80-fvsCdsyCrYZS4DB1fbw0G_H6ugLk3NzfG1k/edit?usp=drivesdk&ouid=112966636072631084810
1Hrd-TtT4Q_pR9npbGTFXzs64GhSyDYpq8WismqrS4Cs,Inglewood 9-Plex,primary,Development Info-----Go to rize/Formulas ,Inglewood 9-Plex/_NeedsReview/Inglewood 9-Plex,https://docs.google.com/spreadsheets/d/1Hrd-TtT4Q_pR9npbGTFXzs64GhSyDYpq8WismqrS4Cs/edit?usp=drivesdk&ouid=112966636072631084810
1-jNGxWB2RmkK9mj4rP3hmD-_xsX6sYQg,Amendment - Purchase Contract - Signed.pdf,primary,Allendale 6408 106/6408: Purchase Docs ,Allendale (generic)/Contracts/Amendment - Purchase Contract - Signed.pdf,https://drive.google.com/file/d/1-jNGxWB2RmkK9mj4rP3hmD-_xsX6sYQg/view?usp=drivesdk
12oFE5LOlkQNcv8LwSlvqLADm38mkdjd1Y3mHBc1qpKw,Multifamily Numbers,primary,John Downloads,_NeedsReview/Multifamily Numbers,https://docs.google.com/document/d/12oFE5LOlkQNcv8LwSlvqLADm38mkdjd1Y3mHBc1qpKw/edit?usp=drivesdk&ouid=112966636072631084810
1SxunwbziUg2FCPqypvJuGZ2xcvroYlG3,Self-employment 2022.pdf,primary,CORPORATION/Taxes: 2022 & 2023 ,_NeedsReview/Self-employment 2022.pdf,https://drive.google.com/file/d/1SxunwbziUg2FCPqypvJuGZ2xcvroYlG3/view?usp=drivesdk
1Pir53ah_YTyiV8VRFJ4qJa6xByr2sqdT,6408 106 Street NW Purchase Contract - Signed - Signed - Signed - Signed - Signed.pdf,primary,Allendale 6408 106/6408: Purchase Docs ,Allendale (generic)/Contracts/6408 106 Street NW Purchase Contract - Signed - Signed - Signed - Signed - Signed.pdf,https://drive.google.com/file/d/1Pir53ah_YTyiV8VRFJ4qJa6xByr2sqdT/view?usp=drivesdk
12MwNy1CdH7x4I46dgNkyOuAR6BH65ETl0P7XBamq5KI,CMHC Construction Loan Requirements,primary,Development Info-----Go to rize/CMHC-MLI Select 8 Unit Investment ,_Library/Financials/CMHC Construction Loan Requirements,https://docs.google.com/document/d/12MwNy1CdH7x4I46dgNkyOuAR6BH65ETl0P7XBamq5KI/edit?usp=drivesdk&ouid=112966636072631084810
1om58vOrMIt4TRfKMTV-5MwjCoqWMuJtLnYnBlWIc_bU,Cashflow Analysis Matrix Template,primary,(root),_Library/Financials/Cashflow Analysis Matrix Template,https://docs.google.com/spreadsheets/d/1om58vOrMIt4TRfKMTV-5MwjCoqWMuJtLnYnBlWIc_bU/edit?usp=drivesdk&ouid=112966636072631084810
12K29UpKsd9dbRrRpeNnFGVI2Rm4TcQS7MIwO0uU6fZM,Appointment Setter Training,primary,(root),_NeedsReview/Appointment Setter Training,https://docs.google.com/document/d/12K29UpKsd9dbRrRpeNnFGVI2Rm4TcQS7MIwO0uU6fZM/edit?usp=drivesdk&ouid=112966636072631084810
18tSk9Qk6tr2Rm5QQPOEpubZTz0HhojgB,hubspot-crm-exports-all-contacts-2024-08-16.csv,primary,LEADS////SPREADSHEETS!,_NeedsReview/hubspot-crm-exports-all-contacts-2024-08-16.csv,https://drive.google.com/file/d/18tSk9Qk6tr2Rm5QQPOEpubZTz0HhojgB/view?usp=drivesdk
1laAwxs395NouXmML_fdri_GAmMfWFoPH,Reina Manor - 2024-2025 Operating Budget No 202.0120240730.pdf,primary,CORPORATION/2024 Tax Info/Sold Houses/#202 10949 109,10949 109/Financials/Reina Manor - 2024-2025 Operating Budget No 202.0120240730.pdf,https://drive.google.com/file/d/1laAwxs395NouXmML_fdri_GAmMfWFoPH/view?usp=drivesdk
12XtyqYhCzAh0tNUQqp8P7pPTkgPgBwVfXezbUTXOM3A,10112 86 Ave: Strathcona Lot ,primary,Wholesale /DEALS: Under Contract ✔️/Strathcona Lot: 10112 86 Ave PKG.,10112 86/_NeedsReview/10112 86 Ave: Strathcona Lot ,https://docs.google.com/document/d/12XtyqYhCzAh0tNUQqp8P7pPTkgPgBwVfXezbUTXOM3A/edit?usp=drivesdk&ouid=112966636072631084810
1XiOoDUKhyxkIXKzmPXH49NgHA2DeRoFS5kqntZ3MSnk,AFS Text template,primary,Blank Purchase Contracts /Seller Financing Offers ,_NeedsReview/AFS Text template,https://docs.google.com/document/d/1XiOoDUKhyxkIXKzmPXH49NgHA2DeRoFS5kqntZ3MSnk/edit?usp=drivesdk&ouid=112966636072631084810
1zW411aXFuA63ixeh0834Nu-4G6hDA2OR,Samuel Graham application.pdf,primary,75 Marketing - Rent/Tenants/Rear Basement ,_NeedsReview/Samuel Graham application.pdf,https://drive.google.com/file/d/1zW411aXFuA63ixeh0834Nu-4G6hDA2OR/view?usp=drivesdk
1V-uVrNFV2IhfbIFn6nj-5u3HpXWGbnTq,Sadie Weimer Application.pdf,primary,75 Marketing - Rent/Tenants/Rear Basement ,_NeedsReview/Sadie Weimer Application.pdf,https://drive.google.com/file/d/1V-uVrNFV2IhfbIFn6nj-5u3HpXWGbnTq/view?usp=drivesdk
1WKug2gD0CJaTCIT_Mt_hstAT1iz19Gn0LTJ8ZB-dp6c,Ritchie 5-Unit Developemt Funding Proposal ,primary,Development Info-----Go to rize,Ritchie 8-Plex/_NeedsReview/Ritchie 5-Unit Developemt Funding Proposal ,https://docs.google.com/document/d/1WKug2gD0CJaTCIT_Mt_hstAT1iz19Gn0LTJ8ZB-dp6c/edit?usp=drivesdk&ouid=112966636072631084810
1kpIEk_aEk7T96WmyIpblOH6YjF9sKGCG,PrivateMoneyCalculator.xlsx,primary,Buyers/ Investors ,_NeedsReview/PrivateMoneyCalculator.xlsx,https://drive.google.com/file/d/1kpIEk_aEk7T96WmyIpblOH6YjF9sKGCG/view?usp=drivesdk
1RX_L8q1oLfwZpILohAqoDSpuSOLQR1dl,Rental_Agreement_Blank_(Sarah_Coleman)_Ritchie_Rentals.pdf,primary,75 Marketing - Rent/Tenants/Front Basement- Sarah Coleman,Ritchie 8-Plex/_NeedsReview/Rental_Agreement_Blank_(Sarah_Coleman)_Ritchie_Rentals.pdf,https://drive.google.com/file/d/1RX_L8q1oLfwZpILohAqoDSpuSOLQR1dl/view?usp=drivesdk
1sxZB4jxUdmqLotPOy29X8fYBC3MgN5v9,242073070_51305000_0_0.pdf,primary,Flip Info/Flip Calculaytor & Formulas ,_NeedsReview/242073070_51305000_0_0.pdf,https://drive.google.com/file/d/1sxZB4jxUdmqLotPOy29X8fYBC3MgN5v9/view?usp=drivesdk
1QpJLn98K_TgtTSwV6FUaewYII_7JHHHV,082460348_51304989_0_0.pdf,primary,Flip Info/Flip Calculaytor & Formulas ,_NeedsReview/082460348_51304989_0_0.pdf,https://drive.google.com/file/d/1QpJLn98K_TgtTSwV6FUaewYII_7JHHHV/view?usp=drivesdk
1725y7rLD-uXIAFz2E4Ok7d6NwL1DDR1tqTkj91IZIT4,Airbnb checklist,primary,75 Marketing - Rent/Airbnb ,_NeedsReview/Airbnb checklist,https://docs.google.com/document/d/1725y7rLD-uXIAFz2E4Ok7d6NwL1DDR1tqTkj91IZIT4/edit?usp=drivesdk&ouid=112966636072631084810
1m593r6R_VUP_tLA-09_VHYvXlMZ16_GYiQNgD2sLwnc,Duplex Info: 10204 132 Ave,primary,CORPORATION/2024 Tax Info/Duplex Photos 10204 132 Ave ,10204 132/_NeedsReview/Duplex Info: 10204 132 Ave,https://docs.google.com/document/d/1m593r6R_VUP_tLA-09_VHYvXlMZ16_GYiQNgD2sLwnc/edit?usp=drivesdk&ouid=112966636072631084810
1_Bj6zUDVidfZFkmooNcfFUNKDeuG_86s,Ritchie rental Logo.png Edit.png,primary,(root),Ritchie 8-Plex/Photos/Ritchie rental Logo.png Edit.png,https://drive.google.com/file/d/1_Bj6zUDVidfZFkmooNcfFUNKDeuG_86s/view?usp=drivesdk
1PO4YW-6wnC-ZtHMSJnzkREQXTzwK4g9O,Lot Size: 10112 86 Ave,primary,Wholesale /DEALS: Under Contract ✔️/Strathcona Lot: 10112 86 Ave PKG.,10112 86/Photos/Lot Size: 10112 86 Ave,https://drive.google.com/file/d/1PO4YW-6wnC-ZtHMSJnzkREQXTzwK4g9O/view?usp=drivesdk
1-qMf1ejHctIMxHoLo9NaqWOAuDBpwesh8s-eKPhLBo4,Notes,primary,75 Marketing - Rent/Tenants/Front Basement- Sarah Coleman,_NeedsReview/Notes,https://docs.google.com/document/d/1-qMf1ejHctIMxHoLo9NaqWOAuDBpwesh8s-eKPhLBo4/edit?usp=drivesdk&ouid=112966636072631084810
1N3ysO1hpB4-BfHNEShGA3RXeozVr58AA,Tenant-Application-Form- Sarah Colman.pdf,primary,75 Marketing - Rent/Tenants/Front Basement- Sarah Coleman,_NeedsReview/Tenant-Application-Form- Sarah Colman.pdf,https://drive.google.com/file/d/1N3ysO1hpB4-BfHNEShGA3RXeozVr58AA/view?usp=drivesdk
12OSs7oCB9WA0t5mL_gTK8aeNQE5zb5Le,9115 150 St NW - Deal Breakdown Calculator.numbers,primary,Flip Info/Flip Calculaytor & Formulas ,9115 150/Financials/9115 150 St NW - Deal Breakdown Calculator.numbers,https://drive.google.com/file/d/12OSs7oCB9WA0t5mL_gTK8aeNQE5zb5Le/view?usp=drivesdk
1sMftWe73gsujVvnXZEtA1Pb8cUrP7g5g,"YAREMCHUK, SUNNI 2023.pdf",primary,CORPORATION/Taxes: 2022 & 2023 ,"_NeedsReview/YAREMCHUK, SUNNI 2023.pdf",https://drive.google.com/file/d/1sMftWe73gsujVvnXZEtA1Pb8cUrP7g5g/view?usp=drivesdk
195NaCWKOSMbhQRoXoQpauDsiL6A3r1Us,T183 2023 Sunni.pdf,primary,CORPORATION/Taxes: 2022 & 2023 ,_NeedsReview/T183 2023 Sunni.pdf,https://drive.google.com/file/d/195NaCWKOSMbhQRoXoQpauDsiL6A3r1Us/view?usp=drivesdk
1puUXnu-moLhNCj7Va4NRzpkHeMFR3ara,Invoice 2023.pdf,primary,Invoices ,_Library/Financials/Invoice 2023.pdf,https://drive.google.com/file/d/1puUXnu-moLhNCj7Va4NRzpkHeMFR3ara/view?usp=drivesdk
1hFv_ARKhmdNnP-WM40TyrXRVio5IzUUe,Confirmation of Filing 2023.pdf,primary,CORPORATION/Taxes: 2022 & 2023 ,_NeedsReview/Confirmation of Filing 2023.pdf,https://drive.google.com/file/d/1hFv_ARKhmdNnP-WM40TyrXRVio5IzUUe/view?usp=drivesdk
1yBNYNFPcvbzxjvGo9_5w8Cf2mkR_FD_DpxQyC0OX8Bk,Rent Roll,primary,75 Marketing - Rent/9616 B 75 NW ,_NeedsReview/Rent Roll,https://docs.google.com/document/d/1yBNYNFPcvbzxjvGo9_5w8Cf2mkR_FD_DpxQyC0OX8Bk/edit?usp=drivesdk&ouid=112966636072631084810
1G5mWcCJ4YSfEzrLu8dDHGKghOk9bwACg,dsc00704.jpg,primary,75 Marketing - Rent/9616 B 75 NW /Photos,_Library/Photos/dsc00704.jpg,https://drive.google.com/file/d/1G5mWcCJ4YSfEzrLu8dDHGKghOk9bwACg/view?usp=drivesdk
1Ay15TdU8OLI7fKvrk9hX1E4qrpTUEDST,dsc00703.jpg,primary,75 Marketing - Rent/9616 B 75 NW /Photos,_Library/Photos/dsc00703.jpg,https://drive.google.com/file/d/1Ay15TdU8OLI7fKvrk9hX1E4qrpTUEDST/view?usp=drivesdk
14E7nj_d-2dMF7vPUjVa-5NHgtFo-WpuM,dsc00709.jpg,primary,75 Marketing - Rent/9616 B 75 NW /Photos,_Library/Photos/dsc00709.jpg,https://drive.google.com/file/d/14E7nj_d-2dMF7vPUjVa-5NHgtFo-WpuM/view?usp=drivesdk
1-ndk-ej1IPgnoGMJbtq1awLA1HcnUG5V,dsc00706.jpg,primary,75 Marketing - Rent/9616 B 75 NW /Photos,_Library/Photos/dsc00706.jpg,https://drive.google.com/file/d/1-ndk-ej1IPgnoGMJbtq1awLA1HcnUG5V/view?usp=drivesdk
1DnwqVBDKPXx-LPUruRCgkYoEXw34_73E,dsc00702.jpg,primary,75 Marketing - Rent/9616 B 75 NW /Photos,_Library/Photos/dsc00702.jpg,https://drive.google.com/file/d/1DnwqVBDKPXx-LPUruRCgkYoEXw34_73E/view?usp=drivesdk
18f3iYvoGxrM2gYdp3mdzVyI8hcDdvwiT,dsc00705.jpg,primary,75 Marketing - Rent/9616 B 75 NW /Photos,_Library/Photos/dsc00705.jpg,https://drive.google.com/file/d/18f3iYvoGxrM2gYdp3mdzVyI8hcDdvwiT/view?usp=drivesdk
1UhI_4GyuXDgehv_uHHDihDDOd3HvvHjV,dsc00707.jpg,primary,75 Marketing - Rent/9616 B 75 NW /Photos,_Library/Photos/dsc00707.jpg,https://drive.google.com/file/d/1UhI_4GyuXDgehv_uHHDihDDOd3HvvHjV/view?usp=drivesdk
1NWBMO-qs40SIlOvVG_RMFuqrUEuQAs0F,dsc00708.jpg,primary,75 Marketing - Rent/9616 B 75 NW /Photos,_Library/Photos/dsc00708.jpg,https://drive.google.com/file/d/1NWBMO-qs40SIlOvVG_RMFuqrUEuQAs0F/view?usp=drivesdk
1A3s2MCms4_ZhQpqdF6cJV8ioYgcZA1HE,dsc01288.jpg,primary,75 Marketing - Rent/9616 B 75 NW /Photos,_Library/Photos/dsc01288.jpg,https://drive.google.com/file/d/1A3s2MCms4_ZhQpqdF6cJV8ioYgcZA1HE/view?usp=drivesdk
1yfIDpvXsvHss0p_I-Z3fmJIG-18N_PCP,dsc01286.jpg,primary,75 Marketing - Rent/9616 B 75 NW /Photos,_Library/Photos/dsc01286.jpg,https://drive.google.com/file/d/1yfIDpvXsvHss0p_I-Z3fmJIG-18N_PCP/view?usp=drivesdk
1_0jzVCM5jPOfrYuIfJdyFuOUnc6K2F7m,dsc01287.jpg,primary,75 Marketing - Rent/9616 B 75 NW /Photos,_Library/Photos/dsc01287.jpg,https://drive.google.com/file/d/1_0jzVCM5jPOfrYuIfJdyFuOUnc6K2F7m/view?usp=drivesdk
13gUjzNMsCa98F-4w4EoNqZthTAEYYr-4,dsc00703.jpg,duplicate,75 Marketing - Rent/9614 B 75 Ave NW/Photos,_Duplicates/Unknown/dsc00703.jpg,https://drive.google.com/file/d/13gUjzNMsCa98F-4w4EoNqZthTAEYYr-4/view?usp=drivesdk
1WqolRiek4Elm_eNOG_AmVkUB4R0yxgWt,dsc01288.jpg,duplicate,75 Marketing - Rent/9614 B 75 Ave NW/Photos,_Duplicates/Unknown/dsc01288.jpg,https://drive.google.com/file/d/1WqolRiek4Elm_eNOG_AmVkUB4R0yxgWt/view?usp=drivesdk
1ckY2niMCJtIv6Rexf3XjApLOoX25HI4G,dsc01287.jpg,duplicate,75 Marketing - Rent/9614 B 75 Ave NW/Photos,_Duplicates/Unknown/dsc01287.jpg,https://drive.google.com/file/d/1ckY2niMCJtIv6Rexf3XjApLOoX25HI4G/view?usp=drivesdk
1Z348l1aeV4ym8UYR6bh-9w9mTHiB_ayM,dsc01286.jpg,duplicate,75 Marketing - Rent/9614 B 75 Ave NW/Photos,_Duplicates/Unknown/dsc01286.jpg,https://drive.google.com/file/d/1Z348l1aeV4ym8UYR6bh-9w9mTHiB_ayM/view?usp=drivesdk
1AdqKlqkqs4YYiaoGOZnIG1aInoYSVsXt,dsc00702.jpg,duplicate,75 Marketing - Rent/9614 B 75 Ave NW/Photos,_Duplicates/Unknown/dsc00702.jpg,https://drive.google.com/file/d/1AdqKlqkqs4YYiaoGOZnIG1aInoYSVsXt/view?usp=drivesdk
13Tnq6_Qjf_RXqlZH5jY1m_gXas1fgg04,dsc00704.jpg,duplicate,75 Marketing - Rent/9614 B 75 Ave NW/Photos,_Duplicates/Unknown/dsc00704.jpg,https://drive.google.com/file/d/13Tnq6_Qjf_RXqlZH5jY1m_gXas1fgg04/view?usp=drivesdk
1PhP7UZ8JRSTGxOO0P1JFFu5TWBx3e2MA,dsc00709.jpg,duplicate,75 Marketing - Rent/9614 B 75 Ave NW/Photos,_Duplicates/Unknown/dsc00709.jpg,https://drive.google.com/file/d/1PhP7UZ8JRSTGxOO0P1JFFu5TWBx3e2MA/view?usp=drivesdk
1v0DpOdUmEE1re8YEYxm0b5qPnC_ZkrAj,dsc00706.jpg,duplicate,75 Marketing - Rent/9614 B 75 Ave NW/Photos,_Duplicates/Unknown/dsc00706.jpg,https://drive.google.com/file/d/1v0DpOdUmEE1re8YEYxm0b5qPnC_ZkrAj/view?usp=drivesdk
1CHbQvy3Lh_mwtBOpgvYIcDc-OCBnG7T1,dsc00705.jpg,duplicate,75 Marketing - Rent/9614 B 75 Ave NW/Photos,_Duplicates/Unknown/dsc00705.jpg,https://drive.google.com/file/d/1CHbQvy3Lh_mwtBOpgvYIcDc-OCBnG7T1/view?usp=drivesdk
1zpMIul5Mg8QBilucxf4VZrKXFzdksl1h,dsc00707.jpg,duplicate,75 Marketing - Rent/9614 B 75 Ave NW/Photos,_Duplicates/Unknown/dsc00707.jpg,https://drive.google.com/file/d/1zpMIul5Mg8QBilucxf4VZrKXFzdksl1h/view?usp=drivesdk
1Ga5q9VhFeidUMPa30HnfE0IVZbJIYDiF,dsc00708.jpg,duplicate,75 Marketing - Rent/9614 B 75 Ave NW/Photos,_Duplicates/Unknown/dsc00708.jpg,https://drive.google.com/file/d/1Ga5q9VhFeidUMPa30HnfE0IVZbJIYDiF/view?usp=drivesdk
1kFcCD9U_OCawVpeYaL5rYZufQ6g-PPHz,dsc00730_hdr.jpg,primary,75 Marketing - Rent/9614 B 75 Ave NW/Photos,_Library/Photos/dsc00730_hdr.jpg,https://drive.google.com/file/d/1kFcCD9U_OCawVpeYaL5rYZufQ6g-PPHz/view?usp=drivesdk
157ZXwU9aJvlVWpR3GICZ9g-UmL-x94_y,dsc00724_hdr.jpg,primary,75 Marketing - Rent/9614 B 75 Ave NW/Photos,_Library/Photos/dsc00724_hdr.jpg,https://drive.google.com/file/d/157ZXwU9aJvlVWpR3GICZ9g-UmL-x94_y/view?usp=drivesdk
1l7UO3nZPa2eRKwqpkOZnkPIgsN3dh8KY,dsc00718_hdr.jpg,primary,75 Marketing - Rent/9614 B 75 Ave NW/Photos,_Library/Photos/dsc00718_hdr.jpg,https://drive.google.com/file/d/1l7UO3nZPa2eRKwqpkOZnkPIgsN3dh8KY/view?usp=drivesdk
1fiLE_yguvYcS2kM7rcWjD_9Ay-KKA9AO,dsc00727_hdr.jpg,primary,75 Marketing - Rent/9614 B 75 Ave NW/Photos,_Library/Photos/dsc00727_hdr.jpg,https://drive.google.com/file/d/1fiLE_yguvYcS2kM7rcWjD_9Ay-KKA9AO/view?usp=drivesdk
1VdBVENhZmKzFr_jMh7hu41bFT8PTqPeW,dsc00730_hdr.jpg,duplicate,75 Marketing - Rent/9614 B 75 Ave NW/Photos,_Duplicates/Unknown/dsc00730_hdr.jpg,https://drive.google.com/file/d/1VdBVENhZmKzFr_jMh7hu41bFT8PTqPeW/view?usp=drivesdk
1ACGnwXrXZVFZQmcHQ9rTWqaZj0w4gIQz,dsc00751_hdr.jpg,primary,75 Marketing - Rent/9614 B 75 Ave NW/Photos,_Library/Photos/dsc00751_hdr.jpg,https://drive.google.com/file/d/1ACGnwXrXZVFZQmcHQ9rTWqaZj0w4gIQz/view?usp=drivesdk
17310RbV9x6ERx49RmBD43uQLoZdRFdLt,dsc00748_hdr.jpg,primary,75 Marketing - Rent/9614 B 75 Ave NW/Photos,_Library/Photos/dsc00748_hdr.jpg,https://drive.google.com/file/d/17310RbV9x6ERx49RmBD43uQLoZdRFdLt/view?usp=drivesdk
1UPdtWsQ35vBx6GESyPGDnwlcT7NCUUp3,dsc00754_hdr.jpg,primary,75 Marketing - Rent/9614 B 75 Ave NW/Photos,_Library/Photos/dsc00754_hdr.jpg,https://drive.google.com/file/d/1UPdtWsQ35vBx6GESyPGDnwlcT7NCUUp3/view?usp=drivesdk
1cTt7ABGMxNzq545t0b4mIjXvSRr2np0r,dsc00742_hdr.jpg,primary,75 Marketing - Rent/9614 B 75 Ave NW/Photos,_Library/Photos/dsc00742_hdr.jpg,https://drive.google.com/file/d/1cTt7ABGMxNzq545t0b4mIjXvSRr2np0r/view?usp=drivesdk
1lGO2NfTPKyCJwAhovoMJwVoutouNAN3-,dsc00745_hdr.jpg,primary,75 Marketing - Rent/9614 B 75 Ave NW/Photos,_Library/Photos/dsc00745_hdr.jpg,https://drive.google.com/file/d/1lGO2NfTPKyCJwAhovoMJwVoutouNAN3-/view?usp=drivesdk
1OF-54wziIrN6AiYYbrgYR6cVYUPDmfS7,dsc00760_hdr.jpg,primary,75 Marketing - Rent/9614 B 75 Ave NW/Photos,_Library/Photos/dsc00760_hdr.jpg,https://drive.google.com/file/d/1OF-54wziIrN6AiYYbrgYR6cVYUPDmfS7/view?usp=drivesdk
1gRq0t0Dt3HdQUKhF4YoF1ceA8fWJfQwj,dsc00763_hdr.jpg,primary,75 Marketing - Rent/9614 B 75 Ave NW/Photos,_Library/Photos/dsc00763_hdr.jpg,https://drive.google.com/file/d/1gRq0t0Dt3HdQUKhF4YoF1ceA8fWJfQwj/view?usp=drivesdk
1SThHRRmTLaR7Fx9O2o6DHtb56-ZTuye3,dsc00757_hdr.jpg,primary,75 Marketing - Rent/9614 B 75 Ave NW/Photos,_Library/Photos/dsc00757_hdr.jpg,https://drive.google.com/file/d/1SThHRRmTLaR7Fx9O2o6DHtb56-ZTuye3/view?usp=drivesdk
1NktWBWACP-6SUlgvg76PXNOkUO_qKDYa,dsc00766_hdr-edit.jpg,primary,75 Marketing - Rent/9614 B 75 Ave NW/Photos,_Library/Photos/dsc00766_hdr-edit.jpg,https://drive.google.com/file/d/1NktWBWACP-6SUlgvg76PXNOkUO_qKDYa/view?usp=drivesdk
1WVauY81LLefqqwzLTCGmhLOrkW1suuH6,dsc00769_hdr.jpg,primary,75 Marketing - Rent/9614 B 75 Ave NW/Photos,_Library/Photos/dsc00769_hdr.jpg,https://drive.google.com/file/d/1WVauY81LLefqqwzLTCGmhLOrkW1suuH6/view?usp=drivesdk
1F70L962uYGNFznZZ1bkCywjSEEPKhPna,dsc00967.jpg,primary,75 Marketing - Rent/9614 B 75 Ave NW/Photos,_Library/Photos/dsc00967.jpg,https://drive.google.com/file/d/1F70L962uYGNFznZZ1bkCywjSEEPKhPna/view?usp=drivesdk
1Sb05b5yJn0-uq2vX2slrb6yBsEW2Z2Ns,dsc00954.jpg,primary,75 Marketing - Rent/9614 B 75 Ave NW/Photos,_Library/Photos/dsc00954.jpg,https://drive.google.com/file/d/1Sb05b5yJn0-uq2vX2slrb6yBsEW2Z2Ns/view?usp=drivesdk
153k3BSo8BdanQ14OAMybqfkEi2-3e7vO,dsc00922.jpg,primary,75 Marketing - Rent/9614 B 75 Ave NW/Photos,_Library/Photos/dsc00922.jpg,https://drive.google.com/file/d/153k3BSo8BdanQ14OAMybqfkEi2-3e7vO/view?usp=drivesdk
1xRAMreUIhuLzhlUIMZ4qBwlfOEv16XDI,dsc00960.jpg,primary,75 Marketing - Rent/9614 B 75 Ave NW/Photos,_Library/Photos/dsc00960.jpg,https://drive.google.com/file/d/1xRAMreUIhuLzhlUIMZ4qBwlfOEv16XDI/view?usp=drivesdk
1rW3elJ1lTTJZZIkl4R0iUxYk_7PuoHx5,dsc00956.jpg,primary,75 Marketing - Rent/9614 B 75 Ave NW/Photos,_Library/Photos/dsc00956.jpg,https://drive.google.com/file/d/1rW3elJ1lTTJZZIkl4R0iUxYk_7PuoHx5/view?usp=drivesdk
1KIW0vhWjMkVWTBhUcWBv_dcU53LCV5w2,dsc00948.jpg,primary,75 Marketing - Rent/9614 B 75 Ave NW/Photos,_Library/Photos/dsc00948.jpg,https://drive.google.com/file/d/1KIW0vhWjMkVWTBhUcWBv_dcU53LCV5w2/view?usp=drivesdk
1l3hE-1wClBewI7ATOH_LvswlmQygSaYH,dsc00923.jpg,primary,75 Marketing - Rent/9614 B 75 Ave NW/Photos,_Library/Photos/dsc00923.jpg,https://drive.google.com/file/d/1l3hE-1wClBewI7ATOH_LvswlmQygSaYH/view?usp=drivesdk
1zBwrduvfkjQRqrkw8uqqzM7YOcTpkO7C,dsc00933.jpg,primary,75 Marketing - Rent/9614 B 75 Ave NW/Photos,_Library/Photos/dsc00933.jpg,https://drive.google.com/file/d/1zBwrduvfkjQRqrkw8uqqzM7YOcTpkO7C/view?usp=drivesdk
1EZSqz8FBAw_aYHS1wrbC7cvc1J5FSvJH,dsc00938.jpg,primary,75 Marketing - Rent/9614 B 75 Ave NW/Photos,_Library/Photos/dsc00938.jpg,https://drive.google.com/file/d/1EZSqz8FBAw_aYHS1wrbC7cvc1J5FSvJH/view?usp=drivesdk
1gwiu26f9PcDRz6iepJ_uq7yYHbokZ3sw,dsc00952.jpg,primary,75 Marketing - Rent/9614 B 75 Ave NW/Photos,_Library/Photos/dsc00952.jpg,https://drive.google.com/file/d/1gwiu26f9PcDRz6iepJ_uq7yYHbokZ3sw/view?usp=drivesdk
1Yx2FKJ67T0PeNxyw6t5VCW7AvwkPSjhc,dsc00974.jpg,primary,75 Marketing - Rent/9614 B 75 Ave NW/Photos,_Library/Photos/dsc00974.jpg,https://drive.google.com/file/d/1Yx2FKJ67T0PeNxyw6t5VCW7AvwkPSjhc/view?usp=drivesdk
1GL5BzWGlq4FSHHFhm3vWYLgqOpc6OOOE,dsc00951.jpg,primary,75 Marketing - Rent/9614 B 75 Ave NW/Photos,_Library/Photos/dsc00951.jpg,https://drive.google.com/file/d/1GL5BzWGlq4FSHHFhm3vWYLgqOpc6OOOE/view?usp=drivesdk
1tbVqWctGX5xwp9-0sUOstEXHTBXxOm6-,dsc00921.jpg,primary,75 Marketing - Rent/9614 B 75 Ave NW/Photos,_Library/Photos/dsc00921.jpg,https://drive.google.com/file/d/1tbVqWctGX5xwp9-0sUOstEXHTBXxOm6-/view?usp=drivesdk
1Y5JDtcYs6-wGu5d4KAwSuA11uCLjYelL,dsc00925.jpg,primary,75 Marketing - Rent/9614 B 75 Ave NW/Photos,_Library/Photos/dsc00925.jpg,https://drive.google.com/file/d/1Y5JDtcYs6-wGu5d4KAwSuA11uCLjYelL/view?usp=drivesdk
15G0xY3Hpv_568UOV2osOt7woavjyvOm1,dsc00936.jpg,primary,75 Marketing - Rent/9614 B 75 Ave NW/Photos,_Library/Photos/dsc00936.jpg,https://drive.google.com/file/d/15G0xY3Hpv_568UOV2osOt7woavjyvOm1/view?usp=drivesdk
1GBdKXtMl9uRYiQTtMaSePQrbHsYBCvtl,dsc00939.jpg,primary,75 Marketing - Rent/9614 B 75 Ave NW/Photos,_Library/Photos/dsc00939.jpg,https://drive.google.com/file/d/1GBdKXtMl9uRYiQTtMaSePQrbHsYBCvtl/view?usp=drivesdk
1yGKCz1-Kx3OsKAqz6rGfrN6FNcsBaxyE,dsc00926.jpg,primary,75 Marketing - Rent/9614 B 75 Ave NW/Photos,_Library/Photos/dsc00926.jpg,https://drive.google.com/file/d/1yGKCz1-Kx3OsKAqz6rGfrN6FNcsBaxyE/view?usp=drivesdk
12Jea6eNkSDD3bwgG1kxnJGtBzJevoomn,dsc00790_hdr.jpg,primary,75 Marketing - Rent/9616 B 75 NW /Photos,_Library/Photos/dsc00790_hdr.jpg,https://drive.google.com/file/d/12Jea6eNkSDD3bwgG1kxnJGtBzJevoomn/view?usp=drivesdk
1m_pgHpJuJQFBQfu07SwkUMG79EEg82RV,dsc00796_hdr.jpg,primary,75 Marketing - Rent/9616 B 75 NW /Photos,_Library/Photos/dsc00796_hdr.jpg,https://drive.google.com/file/d/1m_pgHpJuJQFBQfu07SwkUMG79EEg82RV/view?usp=drivesdk
1UPvbK5-omg-rZZGL3bGHLEpwO_K95zdN,dsc00793_hdr.jpg,primary,75 Marketing - Rent/9616 B 75 NW /Photos,_Library/Photos/dsc00793_hdr.jpg,https://drive.google.com/file/d/1UPvbK5-omg-rZZGL3bGHLEpwO_K95zdN/view?usp=drivesdk
1tr1IyG5hko07kZwdPcNI0MLwQM7irmIh,dsc00781_hdr.jpg,primary,75 Marketing - Rent/9616 B 75 NW /Photos,_Library/Photos/dsc00781_hdr.jpg,https://drive.google.com/file/d/1tr1IyG5hko07kZwdPcNI0MLwQM7irmIh/view?usp=drivesdk
12RwDVvSigZUsDd4KXjpWOLpXVoV9qM18,dsc00778_hdr.jpg,primary,75 Marketing - Rent/9616 B 75 NW /Photos,_Library/Photos/dsc00778_hdr.jpg,https://drive.google.com/file/d/12RwDVvSigZUsDd4KXjpWOLpXVoV9qM18/view?usp=drivesdk
107mhWn2M_yxgZXVswEnUD9TjKHM8NBv6,dsc00772_hdr.jpg,primary,75 Marketing - Rent/9616 B 75 NW /Photos,_Library/Photos/dsc00772_hdr.jpg,https://drive.google.com/file/d/107mhWn2M_yxgZXVswEnUD9TjKHM8NBv6/view?usp=drivesdk
1M8IwPJRPnYPGUs6U_s-HI-G-AZ8wlkEj,dsc00787_hdr.jpg,primary,75 Marketing - Rent/9616 B 75 NW /Photos,_Library/Photos/dsc00787_hdr.jpg,https://drive.google.com/file/d/1M8IwPJRPnYPGUs6U_s-HI-G-AZ8wlkEj/view?usp=drivesdk
1EY1nfm_brEn9-pp-nu433ztbdI2ankgQ,dsc00775_hdr.jpg,primary,75 Marketing - Rent/9616 B 75 NW /Photos,_Library/Photos/dsc00775_hdr.jpg,https://drive.google.com/file/d/1EY1nfm_brEn9-pp-nu433ztbdI2ankgQ/view?usp=drivesdk
1vNcGAXebM_sQrdP8mr0MwssaZsDGNBTs,dsc00805_hdr.jpg,primary,75 Marketing - Rent/9616 B 75 NW /Photos,_Library/Photos/dsc00805_hdr.jpg,https://drive.google.com/file/d/1vNcGAXebM_sQrdP8mr0MwssaZsDGNBTs/view?usp=drivesdk
1sw_BWVWchXqnQx5g64-0E-3JqA_O3YpR,dsc00784_hdr.jpg,primary,75 Marketing - Rent/9616 B 75 NW /Photos,_Library/Photos/dsc00784_hdr.jpg,https://drive.google.com/file/d/1sw_BWVWchXqnQx5g64-0E-3JqA_O3YpR/view?usp=drivesdk
1_lZ3YDGr9ipRdL9EEBe-qetvARtc3Tgj,dsc00802_hdr.jpg,primary,75 Marketing - Rent/9616 B 75 NW /Photos,_Library/Photos/dsc00802_hdr.jpg,https://drive.google.com/file/d/1_lZ3YDGr9ipRdL9EEBe-qetvARtc3Tgj/view?usp=drivesdk
1_xY7Qf9XRObpdHBohq9A2oXVc4poDVq9,dsc00811_hdr.jpg,primary,75 Marketing - Rent/9616 B 75 NW /Photos,_Library/Photos/dsc00811_hdr.jpg,https://drive.google.com/file/d/1_xY7Qf9XRObpdHBohq9A2oXVc4poDVq9/view?usp=drivesdk
1y7dUZHYucYbJJLAnKcebIT3Ae-uwJmfG,dsc00799_hdr.jpg,primary,75 Marketing - Rent/9616 B 75 NW /Photos,_Library/Photos/dsc00799_hdr.jpg,https://drive.google.com/file/d/1y7dUZHYucYbJJLAnKcebIT3Ae-uwJmfG/view?usp=drivesdk
16bsdJ2ZnWG6BShR2eeynCwul9ZXlPbQQ,dsc00808_hdr-edit.jpg,primary,75 Marketing - Rent/9616 B 75 NW /Photos,_Library/Photos/dsc00808_hdr-edit.jpg,https://drive.google.com/file/d/16bsdJ2ZnWG6BShR2eeynCwul9ZXlPbQQ/view?usp=drivesdk
1UavrTI_pzmlCCx2L2daMPOYI31E1b0Ay,dsc00967.jpg,duplicate,75 Marketing - Rent/9616 B 75 NW /Photos,_Duplicates/Unknown/dsc00967.jpg,https://drive.google.com/file/d/1UavrTI_pzmlCCx2L2daMPOYI31E1b0Ay/view?usp=drivesdk
1kA739LDtugM8NLBVOTicJzsOVxityetx,dsc00977.jpg,primary,75 Marketing - Rent/9616 B 75 NW /Photos,_Library/Photos/dsc00977.jpg,https://drive.google.com/file/d/1kA739LDtugM8NLBVOTicJzsOVxityetx/view?usp=drivesdk
112FOI9dJ0glbg2FaEN7G-AiEDy8WSthu,dsc00954.jpg,duplicate,75 Marketing - Rent/9616 B 75 NW /Photos,_Duplicates/Unknown/dsc00954.jpg,https://drive.google.com/file/d/112FOI9dJ0glbg2FaEN7G-AiEDy8WSthu/view?usp=drivesdk
1PoERCcu792QFnEQJqGkws6o-LpD3NvBA,dsc00922.jpg,duplicate,75 Marketing - Rent/9616 B 75 NW /Photos,_Duplicates/Unknown/dsc00922.jpg,https://drive.google.com/file/d/1PoERCcu792QFnEQJqGkws6o-LpD3NvBA/view?usp=drivesdk
1JgCvS3-6K3mz_llj2w44HV59dA6jgThe,dsc00960.jpg,duplicate,75 Marketing - Rent/9616 B 75 NW /Photos,_Duplicates/Unknown/dsc00960.jpg,https://drive.google.com/file/d/1JgCvS3-6K3mz_llj2w44HV59dA6jgThe/view?usp=drivesdk
1X8bEc9z-mwNFiTBLrv0cxfYW7e4unF3j,dsc00956.jpg,duplicate,75 Marketing - Rent/9616 B 75 NW /Photos,_Duplicates/Unknown/dsc00956.jpg,https://drive.google.com/file/d/1X8bEc9z-mwNFiTBLrv0cxfYW7e4unF3j/view?usp=drivesdk
1awj0u1JtlyKjM6EgcDOqt380FzIICKgM,dsc00948.jpg,duplicate,75 Marketing - Rent/9616 B 75 NW /Photos,_Duplicates/Unknown/dsc00948.jpg,https://drive.google.com/file/d/1awj0u1JtlyKjM6EgcDOqt380FzIICKgM/view?usp=drivesdk
1-_3XUUH5dZVBv3SY4ZB2yTcL8nSJCeiu,dsc00923.jpg,duplicate,75 Marketing - Rent/9616 B 75 NW /Photos,_Duplicates/Unknown/dsc00923.jpg,https://drive.google.com/file/d/1-_3XUUH5dZVBv3SY4ZB2yTcL8nSJCeiu/view?usp=drivesdk
1uVh6sv-BILgpQvDPhKshWaEvukAGIsHr,dsc00933.jpg,duplicate,75 Marketing - Rent/9616 B 75 NW /Photos,_Duplicates/Unknown/dsc00933.jpg,https://drive.google.com/file/d/1uVh6sv-BILgpQvDPhKshWaEvukAGIsHr/view?usp=drivesdk
1QxfvEktKCb1Lbij8GLxlOeArhWyMRHXb,dsc00938.jpg,duplicate,75 Marketing - Rent/9616 B 75 NW /Photos,_Duplicates/Unknown/dsc00938.jpg,https://drive.google.com/file/d/1QxfvEktKCb1Lbij8GLxlOeArhWyMRHXb/view?usp=drivesdk
1N-N3TWA3eTqoKfMMOs-VRPliG4R0hQq8,dsc00952.jpg,duplicate,75 Marketing - Rent/9616 B 75 NW /Photos,_Duplicates/Unknown/dsc00952.jpg,https://drive.google.com/file/d/1N-N3TWA3eTqoKfMMOs-VRPliG4R0hQq8/view?usp=drivesdk
144KBf11rN6I2GKyeCJMBRFV2mUoqR8JC,dsc00951.jpg,duplicate,75 Marketing - Rent/9616 B 75 NW /Photos,_Duplicates/Unknown/dsc00951.jpg,https://drive.google.com/file/d/144KBf11rN6I2GKyeCJMBRFV2mUoqR8JC/view?usp=drivesdk
1KI_fv9VWHaOqqua-HchVlKHdYSMVCXHR,dsc00921.jpg,duplicate,75 Marketing - Rent/9616 B 75 NW /Photos,_Duplicates/Unknown/dsc00921.jpg,https://drive.google.com/file/d/1KI_fv9VWHaOqqua-HchVlKHdYSMVCXHR/view?usp=drivesdk
1Ix82ik2kX8xEEzfC8YoQbeM-7ZULZkec,dsc00925.jpg,duplicate,75 Marketing - Rent/9616 B 75 NW /Photos,_Duplicates/Unknown/dsc00925.jpg,https://drive.google.com/file/d/1Ix82ik2kX8xEEzfC8YoQbeM-7ZULZkec/view?usp=drivesdk
1-Mh_eCQR8h6Ru-Pv0Hj0gyvs2_sFZdNP,dsc00936.jpg,duplicate,75 Marketing - Rent/9616 B 75 NW /Photos,_Duplicates/Unknown/dsc00936.jpg,https://drive.google.com/file/d/1-Mh_eCQR8h6Ru-Pv0Hj0gyvs2_sFZdNP/view?usp=drivesdk
1rrDzAlbEaq10gWV-tc8ViHmmfGiHFb0a,dsc00939.jpg,duplicate,75 Marketing - Rent/9616 B 75 NW /Photos,_Duplicates/Unknown/dsc00939.jpg,https://drive.google.com/file/d/1rrDzAlbEaq10gWV-tc8ViHmmfGiHFb0a/view?usp=drivesdk
14nLFkprCg6vkT3lgUCUWORHUntyrrZUA,dsc00926.jpg,duplicate,75 Marketing - Rent/9616 B 75 NW /Photos,_Duplicates/Unknown/dsc00926.jpg,https://drive.google.com/file/d/14nLFkprCg6vkT3lgUCUWORHUntyrrZUA/view?usp=drivesdk
126Ks5T3QCYZcOscBjsqs2WaNBXQ1LYoa,Floor plan.PNG,primary,75 Marketing - Rent/9616 B 75 NW ,_Library/Photos/Floor plan.PNG,https://drive.google.com/file/d/126Ks5T3QCYZcOscBjsqs2WaNBXQ1LYoa/view?usp=drivesdk
1COm3jwXFY46f6B6V04Zd9mgEUuuIg0ut,Floor plan.PNG,duplicate,75 Marketing - Rent/9614 B 75 Ave NW,_Duplicates/Unknown/Floor plan.PNG,https://drive.google.com/file/d/1COm3jwXFY46f6B6V04Zd9mgEUuuIg0ut/view?usp=drivesdk
16yUhXvBEuEFODFqyJHjE-5Wz98U0YQ0eJFv8q_bK98M,Rent Roll,duplicate,75 Marketing - Rent/9614 B 75 Ave NW,_Duplicates/Unknown/Rent Roll,https://docs.google.com/document/d/16yUhXvBEuEFODFqyJHjE-5Wz98U0YQ0eJFv8q_bK98M/edit?usp=drivesdk&ouid=112966636072631084810
16dAwqsD3IEkDRwWlWe6u_fdoNczUAkXkH7aB6DOgLig,Rent Roll,primary,75 Marketing - Rent/9616 75 Ave NW,9616 75/_NeedsReview/Rent Roll,https://docs.google.com/document/d/16dAwqsD3IEkDRwWlWe6u_fdoNczUAkXkH7aB6DOgLig/edit?usp=drivesdk&ouid=112966636072631084810
1z017E2IVUjFgTnnrWnKhoYWl4kXXrNN1,2nd level.PNG,primary,75 Marketing - Rent/9616 75 Ave NW,9616 75/Photos/2nd level.PNG,https://drive.google.com/file/d/1z017E2IVUjFgTnnrWnKhoYWl4kXXrNN1/view?usp=drivesdk
17MuEjgbfMRv94UbVN5g31XFdAc6EuRIh,Ground level.PNG,primary,75 Marketing - Rent/9616 75 Ave NW,9616 75/Photos/Ground level.PNG,https://drive.google.com/file/d/17MuEjgbfMRv94UbVN5g31XFdAc6EuRIh/view?usp=drivesdk
11aUW906ldM2Xg96ZDb-NYTAvlsk5zQwE,dsc00704.jpg,duplicate,75 Marketing - Rent/9616 75 Ave NW/Photos,_Duplicates/9616 75/dsc00704.jpg,https://drive.google.com/file/d/11aUW906ldM2Xg96ZDb-NYTAvlsk5zQwE/view?usp=drivesdk
1KLXZ7mFhjJ1DiIgZNbX7cnzcrunW6QwA,dsc00703.jpg,duplicate,75 Marketing - Rent/9616 75 Ave NW/Photos,_Duplicates/9616 75/dsc00703.jpg,https://drive.google.com/file/d/1KLXZ7mFhjJ1DiIgZNbX7cnzcrunW6QwA/view?usp=drivesdk
105QiYjzzOgnrgnOiDJdHvMSPU5GErDpQ,dsc00709.jpg,duplicate,75 Marketing - Rent/9616 75 Ave NW/Photos,_Duplicates/9616 75/dsc00709.jpg,https://drive.google.com/file/d/105QiYjzzOgnrgnOiDJdHvMSPU5GErDpQ/view?usp=drivesdk
1cQ5ge64qkj9qqMTl06lf_HBMfvuLeTn5,dsc00966.jpg,primary,75 Marketing - Rent/9616 75 Ave NW/Photos,9616 75/Photos/dsc00966.jpg,https://drive.google.com/file/d/1cQ5ge64qkj9qqMTl06lf_HBMfvuLeTn5/view?usp=drivesdk
1RW_M3U5YIMHEa-2tFilO6caE-qSRE6pG,dsc00706.jpg,duplicate,75 Marketing - Rent/9616 75 Ave NW/Photos,_Duplicates/9616 75/dsc00706.jpg,https://drive.google.com/file/d/1RW_M3U5YIMHEa-2tFilO6caE-qSRE6pG/view?usp=drivesdk
12V-1Q32EAQdVWV22HOU68656Vc7Sv9ua,dsc00702.jpg,duplicate,75 Marketing - Rent/9616 75 Ave NW/Photos,_Duplicates/9616 75/dsc00702.jpg,https://drive.google.com/file/d/12V-1Q32EAQdVWV22HOU68656Vc7Sv9ua/view?usp=drivesdk
1aZRShmc5LclL2nCCwGSNmaWeH1Prv1Q6,dsc00710.jpg,primary,75 Marketing - Rent/9616 75 Ave NW/Photos,9616 75/Photos/dsc00710.jpg,https://drive.google.com/file/d/1aZRShmc5LclL2nCCwGSNmaWeH1Prv1Q6/view?usp=drivesdk
1F4y_uTREMXBxYy9YGKoOPQZVlZMdXXxR,dsc00705.jpg,duplicate,75 Marketing - Rent/9616 75 Ave NW/Photos,_Duplicates/9616 75/dsc00705.jpg,https://drive.google.com/file/d/1F4y_uTREMXBxYy9YGKoOPQZVlZMdXXxR/view?usp=drivesdk
1M7fF_bHpW0YMMb-l2eA9eN9uxVaYd23i,dsc00967.jpg,duplicate,75 Marketing - Rent/9616 75 Ave NW/Photos,_Duplicates/9616 75/dsc00967.jpg,https://drive.google.com/file/d/1M7fF_bHpW0YMMb-l2eA9eN9uxVaYd23i/view?usp=drivesdk
1dT9mZin3gSphVM4LnMrK2DaQWM3nca83,dsc00919.jpg,primary,75 Marketing - Rent/9616 75 Ave NW/Photos,9616 75/Photos/dsc00919.jpg,https://drive.google.com/file/d/1dT9mZin3gSphVM4LnMrK2DaQWM3nca83/view?usp=drivesdk
11Mkq7i_y-kHz0nkhmupGLhEpMxn1QJyM,dsc00920.jpg,primary,75 Marketing - Rent/9616 75 Ave NW/Photos,9616 75/Photos/dsc00920.jpg,https://drive.google.com/file/d/11Mkq7i_y-kHz0nkhmupGLhEpMxn1QJyM/view?usp=drivesdk
17Z6LdABLsm06i61xYSP9c4xgxoZh80S1,dsc00954.jpg,duplicate,75 Marketing - Rent/9616 75 Ave NW/Photos,_Duplicates/9616 75/dsc00954.jpg,https://drive.google.com/file/d/17Z6LdABLsm06i61xYSP9c4xgxoZh80S1/view?usp=drivesdk
1lcgqrzGJhlenGO06vgsiyNmavhQCttsp,dsc00955.jpg,primary,75 Marketing - Rent/9616 75 Ave NW/Photos,9616 75/Photos/dsc00955.jpg,https://drive.google.com/file/d/1lcgqrzGJhlenGO06vgsiyNmavhQCttsp/view?usp=drivesdk
1Wd8VhCv645Rnhh3ZADWLLvMU5EkwOsDw,dsc00922.jpg,duplicate,75 Marketing - Rent/9616 75 Ave NW/Photos,_Duplicates/9616 75/dsc00922.jpg,https://drive.google.com/file/d/1Wd8VhCv645Rnhh3ZADWLLvMU5EkwOsDw/view?usp=drivesdk
1-ynTOLtrEGFdKqaV2xCMoYRiBAgyiL_W,dsc00960.jpg,duplicate,75 Marketing - Rent/9616 75 Ave NW/Photos,_Duplicates/9616 75/dsc00960.jpg,https://drive.google.com/file/d/1-ynTOLtrEGFdKqaV2xCMoYRiBAgyiL_W/view?usp=drivesdk
1Pp04SOh6DDR4hi-u0_ZFK3oUcGQv_7cN,dsc00929.jpg,primary,75 Marketing - Rent/9616 75 Ave NW/Photos,9616 75/Photos/dsc00929.jpg,https://drive.google.com/file/d/1Pp04SOh6DDR4hi-u0_ZFK3oUcGQv_7cN/view?usp=drivesdk
15m9ZxGu8Nar6_VVvZ5yW2cafwiLcXjdV,dsc00948.jpg,duplicate,75 Marketing - Rent/9616 75 Ave NW/Photos,_Duplicates/9616 75/dsc00948.jpg,https://drive.google.com/file/d/15m9ZxGu8Nar6_VVvZ5yW2cafwiLcXjdV/view?usp=drivesdk
1bElvmetXF7_I4J2_WQCFdHvvpNqD6aq4,dsc00871_hdr.jpg,primary,75 Marketing - Rent/9616 75 Ave NW/Photos,9616 75/Photos/dsc00871_hdr.jpg,https://drive.google.com/file/d/1bElvmetXF7_I4J2_WQCFdHvvpNqD6aq4/view?usp=drivesdk
1dZmsvRgPJcO2LFrDA6aaIiUKgXSlhzOF,dsc01288.jpg,duplicate,75 Marketing - Rent/9616 75 Ave NW/Photos,_Duplicates/9616 75/dsc01288.jpg,https://drive.google.com/file/d/1dZmsvRgPJcO2LFrDA6aaIiUKgXSlhzOF/view?usp=drivesdk
1seObSGLCZ8U_YyX4VT8NW0UbPqciWp29,dsc01287.jpg,duplicate,75 Marketing - Rent/9616 75 Ave NW/Photos,_Duplicates/9616 75/dsc01287.jpg,https://drive.google.com/file/d/1seObSGLCZ8U_YyX4VT8NW0UbPqciWp29/view?usp=drivesdk
1y6pjSNfB1r4B_BWjlmcIlaM2iJmkzqM5,dsc01286.jpg,duplicate,75 Marketing - Rent/9616 75 Ave NW/Photos,_Duplicates/9616 75/dsc01286.jpg,https://drive.google.com/file/d/1y6pjSNfB1r4B_BWjlmcIlaM2iJmkzqM5/view?usp=drivesdk
1YUo6S0pGXvp73c-qKcxHP0PjXE9SssXY,dsc00862_hdr.jpg,primary,75 Marketing - Rent/9616 75 Ave NW/Photos,9616 75/Photos/dsc00862_hdr.jpg,https://drive.google.com/file/d/1YUo6S0pGXvp73c-qKcxHP0PjXE9SssXY/view?usp=drivesdk
1zVHr4Ts0FDTzwXUUtc16zT55m-pYUCPg,dsc00874_hdr.jpg,primary,75 Marketing - Rent/9616 75 Ave NW/Photos,9616 75/Photos/dsc00874_hdr.jpg,https://drive.google.com/file/d/1zVHr4Ts0FDTzwXUUtc16zT55m-pYUCPg/view?usp=drivesdk
1dVH2awJihSzoKyIGIjoL157AVNL25fkx,dsc00868_hdr.jpg,primary,75 Marketing - Rent/9616 75 Ave NW/Photos,9616 75/Photos/dsc00868_hdr.jpg,https://drive.google.com/file/d/1dVH2awJihSzoKyIGIjoL157AVNL25fkx/view?usp=drivesdk
1LLluLlPfcpRXnny1ClfNt5WlWjpoUMTO,dsc00889_hdr.jpg,primary,75 Marketing - Rent/9616 75 Ave NW/Photos,9616 75/Photos/dsc00889_hdr.jpg,https://drive.google.com/file/d/1LLluLlPfcpRXnny1ClfNt5WlWjpoUMTO/view?usp=drivesdk
1xO0MTO8JHk-cbv4nAZGGI_4jHXQLQAWF,dsc00886_hdr.jpg,primary,75 Marketing - Rent/9616 75 Ave NW/Photos,9616 75/Photos/dsc00886_hdr.jpg,https://drive.google.com/file/d/1xO0MTO8JHk-cbv4nAZGGI_4jHXQLQAWF/view?usp=drivesdk
16qGH5TOSgZSlNuHM2_1InjXZEn8l7TeR,dsc00910_hdr.jpg,primary,75 Marketing - Rent/9616 75 Ave NW/Photos,9616 75/Photos/dsc00910_hdr.jpg,https://drive.google.com/file/d/16qGH5TOSgZSlNuHM2_1InjXZEn8l7TeR/view?usp=drivesdk
18my-BgqIZtqm_dwloEi3d7EOrYu0B6HT,dsc00913_hdr.jpg,primary,75 Marketing - Rent/9616 75 Ave NW/Photos,9616 75/Photos/dsc00913_hdr.jpg,https://drive.google.com/file/d/18my-BgqIZtqm_dwloEi3d7EOrYu0B6HT/view?usp=drivesdk
1E7lTZkFdgNztq2ZUoTWVCIk8MTGbrdD3,dsc00865_hdr.jpg,primary,75 Marketing - Rent/9616 75 Ave NW/Photos,9616 75/Photos/dsc00865_hdr.jpg,https://drive.google.com/file/d/1E7lTZkFdgNztq2ZUoTWVCIk8MTGbrdD3/view?usp=drivesdk
1sYqss9eTQcHLagBz21HR7AhrivQv71vX,dsc00916_hdr.jpg,primary,75 Marketing - Rent/9616 75 Ave NW/Photos,9616 75/Photos/dsc00916_hdr.jpg,https://drive.google.com/file/d/1sYqss9eTQcHLagBz21HR7AhrivQv71vX/view?usp=drivesdk
1UUpMUc52SV1z1htGKxeuxhOfeEcYEwK4,dsc00877_hdr.jpg,primary,75 Marketing - Rent/9616 75 Ave NW/Photos,9616 75/Photos/dsc00877_hdr.jpg,https://drive.google.com/file/d/1UUpMUc52SV1z1htGKxeuxhOfeEcYEwK4/view?usp=drivesdk
1clHzWclNdm_GRBwcuFsFPCO7xkgklpmf,dsc00883_hdr.jpg,primary,75 Marketing - Rent/9616 75 Ave NW/Photos,9616 75/Photos/dsc00883_hdr.jpg,https://drive.google.com/file/d/1clHzWclNdm_GRBwcuFsFPCO7xkgklpmf/view?usp=drivesdk
1lAE3Af4mpZ7Cgw4znUF9wGffDupPKi1p,dsc00880_hdr.jpg,primary,75 Marketing - Rent/9616 75 Ave NW/Photos,9616 75/Photos/dsc00880_hdr.jpg,https://drive.google.com/file/d/1lAE3Af4mpZ7Cgw4znUF9wGffDupPKi1p/view?usp=drivesdk
1cXbUK-_6U8cLDLeSkkvsEWZb3T6yPnMH,dsc00907_hdr.jpg,primary,75 Marketing - Rent/9616 75 Ave NW/Photos,9616 75/Photos/dsc00907_hdr.jpg,https://drive.google.com/file/d/1cXbUK-_6U8cLDLeSkkvsEWZb3T6yPnMH/view?usp=drivesdk
1FAnKPGikHU09dftgyNWf2qgccL9HfRFL,dsc00898_hdr.jpg,primary,75 Marketing - Rent/9616 75 Ave NW/Photos,9616 75/Photos/dsc00898_hdr.jpg,https://drive.google.com/file/d/1FAnKPGikHU09dftgyNWf2qgccL9HfRFL/view?usp=drivesdk
1fgFG7-f6ITuccU6mo2TiOKPpo1rWivOG,dsc00895_hdr.jpg,primary,75 Marketing - Rent/9616 75 Ave NW/Photos,9616 75/Photos/dsc00895_hdr.jpg,https://drive.google.com/file/d/1fgFG7-f6ITuccU6mo2TiOKPpo1rWivOG/view?usp=drivesdk
10CBUF-iHmwMNI3MU_W_K_Qw72uuBzBGZ,dsc00904_hdr.jpg,primary,75 Marketing - Rent/9616 75 Ave NW/Photos,9616 75/Photos/dsc00904_hdr.jpg,https://drive.google.com/file/d/10CBUF-iHmwMNI3MU_W_K_Qw72uuBzBGZ/view?usp=drivesdk
15a_FW0Hmtmu6asRskcmsAhufTvfi79px,dsc00901_hdr.jpg,primary,75 Marketing - Rent/9616 75 Ave NW/Photos,9616 75/Photos/dsc00901_hdr.jpg,https://drive.google.com/file/d/15a_FW0Hmtmu6asRskcmsAhufTvfi79px/view?usp=drivesdk
1OK-vOZ0Tw8GYlAV6iBvtUvroG4JxCmM8,dsc00892_hdr-edit.jpg,primary,75 Marketing - Rent/9616 75 Ave NW/Photos,9616 75/Photos/dsc00892_hdr-edit.jpg,https://drive.google.com/file/d/1OK-vOZ0Tw8GYlAV6iBvtUvroG4JxCmM8/view?usp=drivesdk
1VH9ed5DkIenKPolGdo_YtoYo-fPELhDg,dsc00923.jpg,duplicate,75 Marketing - Rent/9616 75 Ave NW/Photos,_Duplicates/9616 75/dsc00923.jpg,https://drive.google.com/file/d/1VH9ed5DkIenKPolGdo_YtoYo-fPELhDg/view?usp=drivesdk
1BKKiLTXwbYDkotHiNfLxRxa7KgqMP0hi,dsc00933.jpg,duplicate,75 Marketing - Rent/9616 75 Ave NW/Photos,_Duplicates/9616 75/dsc00933.jpg,https://drive.google.com/file/d/1BKKiLTXwbYDkotHiNfLxRxa7KgqMP0hi/view?usp=drivesdk
1VrkHEoI0YgVT6-emqCGJA_VuzFt_xIjH,dsc00937.jpg,primary,75 Marketing - Rent/9616 75 Ave NW/Photos,9616 75/Photos/dsc00937.jpg,https://drive.google.com/file/d/1VrkHEoI0YgVT6-emqCGJA_VuzFt_xIjH/view?usp=drivesdk
1chGLDAMGGF0Nbn5fQZSOc_2bnUv21fS9,dsc00968.jpg,primary,75 Marketing - Rent/9616 75 Ave NW/Photos,9616 75/Photos/dsc00968.jpg,https://drive.google.com/file/d/1chGLDAMGGF0Nbn5fQZSOc_2bnUv21fS9/view?usp=drivesdk
1C4Db6Tk_TpiOIuRfy40uHoCVwVtXcqd2,dsc00952.jpg,duplicate,75 Marketing - Rent/9616 75 Ave NW/Photos,_Duplicates/9616 75/dsc00952.jpg,https://drive.google.com/file/d/1C4Db6Tk_TpiOIuRfy40uHoCVwVtXcqd2/view?usp=drivesdk
1tSBsEo_G_mYh5ApsrsgSMAbL9l9s--MA,dsc00936.jpg,duplicate,75 Marketing - Rent/9616 75 Ave NW/Photos,_Duplicates/9616 75/dsc00936.jpg,https://drive.google.com/file/d/1tSBsEo_G_mYh5ApsrsgSMAbL9l9s--MA/view?usp=drivesdk
1F-7J5yXiwKEXJ0nB2IKIzUjag_XeXchg,dsc00974.jpg,duplicate,75 Marketing - Rent/9616 75 Ave NW/Photos,_Duplicates/9616 75/dsc00974.jpg,https://drive.google.com/file/d/1F-7J5yXiwKEXJ0nB2IKIzUjag_XeXchg/view?usp=drivesdk
1blYh_Sod819N6uDsUX4OUjjgHcj1Xeve,dsc00951.jpg,duplicate,75 Marketing - Rent/9616 75 Ave NW/Photos,_Duplicates/9616 75/dsc00951.jpg,https://drive.google.com/file/d/1blYh_Sod819N6uDsUX4OUjjgHcj1Xeve/view?usp=drivesdk
1AzQIcRxK1xLWgJ-vsnjAYWajEH-9TzS6,dsc00921.jpg,duplicate,75 Marketing - Rent/9616 75 Ave NW/Photos,_Duplicates/9616 75/dsc00921.jpg,https://drive.google.com/file/d/1AzQIcRxK1xLWgJ-vsnjAYWajEH-9TzS6/view?usp=drivesdk
1Z4xUovnK-qh05Nk1vIE-y3FDHBlB0Uza,dsc00924.jpg,primary,75 Marketing - Rent/9616 75 Ave NW/Photos,9616 75/Photos/dsc00924.jpg,https://drive.google.com/file/d/1Z4xUovnK-qh05Nk1vIE-y3FDHBlB0Uza/view?usp=drivesdk
1OqmFIaNZ_GOUg_7iGYCE0pH4qdLsVr4s,dsc00925.jpg,duplicate,75 Marketing - Rent/9616 75 Ave NW/Photos,_Duplicates/9616 75/dsc00925.jpg,https://drive.google.com/file/d/1OqmFIaNZ_GOUg_7iGYCE0pH4qdLsVr4s/view?usp=drivesdk
1iACatY5d0o9LWtVo-2sMQu_NTU4ip53b,dsc00939.jpg,duplicate,75 Marketing - Rent/9616 75 Ave NW/Photos,_Duplicates/9616 75/dsc00939.jpg,https://drive.google.com/file/d/1iACatY5d0o9LWtVo-2sMQu_NTU4ip53b/view?usp=drivesdk
1M7bh-sM82UyEe2qL3JDNOzN2eLX6LJ4v,"29766 - Appraisal (202, 10949 - 109 Street NW).PDF",primary,CORPORATION/2024 Tax Info/Sold Houses/#202 10949 109,"10949 109/Reports/29766 - Appraisal (202, 10949 - 109 Street NW).PDF",https://drive.google.com/file/d/1M7bh-sM82UyEe2qL3JDNOzN2eLX6LJ4v/view?usp=drivesdk
1YTwaBjchp_joAeP3x4mX4_U6iAFLtskD,8207 121 Ave NW - Comm Seller Customer Acknowledgement  Fee Agrmt R1.pdf,primary,CORPORATION/2024 Tax Info/Sold Houses/Eastwood 6 Plex,8207 121/Financials/8207 121 Ave NW - Comm Seller Customer Acknowledgement  Fee Agrmt R1.pdf,https://drive.google.com/file/d/1YTwaBjchp_joAeP3x4mX4_U6iAFLtskD/view?usp=drivesdk
1wVNYmGku4ILhCWTXV70mcVSgSUNCWF7O,Signed-OTP_-_10204_123_Av_-_Nathan_Davis.pdf,primary,CORPORATION/2024 Tax Info/Duplex (2) 10204 132Ave NW,_NeedsReview/Signed-OTP_-_10204_123_Av_-_Nathan_Davis.pdf,https://drive.google.com/file/d/1wVNYmGku4ILhCWTXV70mcVSgSUNCWF7O/view?usp=drivesdk
1hHdhiNcAXCiTDE_w18FE0Bebb0m15XU8,29766_invoice.pdf,duplicate,Invoices ,_Duplicates/Unknown/29766_invoice.pdf,https://drive.google.com/file/d/1hHdhiNcAXCiTDE_w18FE0Bebb0m15XU8/view?usp=drivesdk
1HnqCux8W3p8Zgw1S3HIpYX822qhBw8bU,Consumer Relationships Guide (Print Friendly).pdf,primary,CORPORATION/2024 Tax Info/Duplex (2) 10204 132Ave NW,_NeedsReview/Consumer Relationships Guide (Print Friendly).pdf,https://drive.google.com/file/d/1HnqCux8W3p8Zgw1S3HIpYX822qhBw8bU/view?usp=drivesdk
10TNT7g_2XHdJowUywDdDj64ICuJ9rNbP,Seller Customer Status Acknowledgment and Fee Agreement.pdf,primary,CORPORATION/2024 Tax Info/Duplex (2) 10204 132Ave NW,_Library/Contracts/Seller Customer Status Acknowledgment and Fee Agreement.pdf,https://drive.google.com/file/d/10TNT7g_2XHdJowUywDdDj64ICuJ9rNbP/view?usp=drivesdk
1avYJk2pCZiGN9lQBfNutaYn8RwdbT-hC,Bareland.pdf,primary,CORPORATION/2024 Tax Info/Duplex (2) 10204 132Ave NW,_NeedsReview/Bareland.pdf,https://drive.google.com/file/d/1avYJk2pCZiGN9lQBfNutaYn8RwdbT-hC/view?usp=drivesdk
1YXUxgJQbjtmRH56MLjX1FtYzdAlJZOOM,amended july 31.pdf,primary,CORPORATION/2024 Tax Info/Sold Houses/Frank Cappilino 4 plex,_NeedsReview/amended july 31.pdf,https://drive.google.com/file/d/1YXUxgJQbjtmRH56MLjX1FtYzdAlJZOOM/view?usp=drivesdk
1HU-x5twGu8ll0MG8LMdFJ4A87FK2Y4XT,9115 150 St NW - Deal Breakdown Calculator.numbers,duplicate,(root),_Duplicates/9115 150/9115 150 St NW - Deal Breakdown Calculator.numbers,https://drive.google.com/file/d/1HU-x5twGu8ll0MG8LMdFJ4A87FK2Y4XT/view?usp=drivesdk
16-4gRgVjv4e86VPAmfwnO4JnVty3mYGD,9115 150 St NW - Deal Breakdown Calculator.numbers,primary,Flip Info/Flip Calculaytor & Formulas ,9115 150/Financials/9115 150 St NW - Deal Breakdown Calculator.numbers,https://drive.google.com/file/d/16-4gRgVjv4e86VPAmfwnO4JnVty3mYGD/view?usp=drivesdk
1PSaplWOvxJmfrKMhdmR_KMefWCSsd9Xk,HomeSchooled Deal Breakdown Calculator.xlsx,primary,(root),_Library/Financials/HomeSchooled Deal Breakdown Calculator.xlsx,https://drive.google.com/file/d/1PSaplWOvxJmfrKMhdmR_KMefWCSsd9Xk/view?usp=drivesdk
1YMHr-F95fTcdOXjlkjXdfbe6xLB8XCfWQTFQ2FEyYb0,Investor Package email ,primary,Buyers/ Investors /Template Investor Email/Text,_Library/Investor Docs/Investor Package email ,https://docs.google.com/document/d/1YMHr-F95fTcdOXjlkjXdfbe6xLB8XCfWQTFQ2FEyYb0/edit?usp=drivesdk&ouid=112966636072631084810
1rITAYFfsUcYH13W9paWfQqgpoL0A3v63,Raising Private Money Script.pdf,primary,Buyers/ Investors /Raising Capital Info,_NeedsReview/Raising Private Money Script.pdf,https://drive.google.com/file/d/1rITAYFfsUcYH13W9paWfQqgpoL0A3v63/view?usp=drivesdk
19YoZvufQV3p7txeb0OfoHXVxGPt-sRWs,Private Lending Presentation.pdf,primary,Buyers/ Investors /Raising Capital Info,_NeedsReview/Private Lending Presentation.pdf,https://drive.google.com/file/d/19YoZvufQV3p7txeb0OfoHXVxGPt-sRWs/view?usp=drivesdk
10g5T3MvFg0xncS-FEBDS5ut6JvIAkhw2ZT4rRFcIILc,Wholesale 101,primary,(root),_NeedsReview/Wholesale 101,https://docs.google.com/document/d/10g5T3MvFg0xncS-FEBDS5ut6JvIAkhw2ZT4rRFcIILc/edit?usp=drivesdk&ouid=112966636072631084810
1EuhFZsEovSPdLE7qCwwPqn5kPDhJqgb7,Edmonton All Assets 1980-2021.xlsx,primary,Co-Star Calls  To Make ,_NeedsReview/Edmonton All Assets 1980-2021.xlsx,https://drive.google.com/file/d/1EuhFZsEovSPdLE7qCwwPqn5kPDhJqgb7/view?usp=drivesdk
1COQOlnFr7lsNKYO33Rq4Fbs6lcVZGbS-,Tax Summary 2023.pdf,primary,CORPORATION/Taxes: 2022 & 2023 ,_Library/Financials/Tax Summary 2023.pdf,https://drive.google.com/file/d/1COQOlnFr7lsNKYO33Rq4Fbs6lcVZGbS-/view?usp=drivesdk
1gtQGhMje4GM-4W2RaRor7wkOuptvToBu,Self-employment 2023 Tax.pdf,primary,CORPORATION/Taxes: 2022 & 2023 ,_Library/Financials/Self-employment 2023 Tax.pdf,https://drive.google.com/file/d/1gtQGhMje4GM-4W2RaRor7wkOuptvToBu/view?usp=drivesdk
1of_hURzdcOmnM8MXqQrFhwXE1ZrYiXPC,Rental 2023 Tax.pdf,primary,CORPORATION/Taxes: 2022 & 2023 ,_Library/Financials/Rental 2023 Tax.pdf,https://drive.google.com/file/d/1of_hURzdcOmnM8MXqQrFhwXE1ZrYiXPC/view?usp=drivesdk
1Rmo2fQ6zNXlEBehcocPvqoyzfxZxfUY1,Medical 2023 Tax.pdf,primary,CORPORATION/Taxes: 2022 & 2023 ,_Library/Financials/Medical 2023 Tax.pdf,https://drive.google.com/file/d/1Rmo2fQ6zNXlEBehcocPvqoyzfxZxfUY1/view?usp=drivesdk
1Q9d1mb5riHGBYzwQUDfEOvfERyXBjDre,Donations 2023 Tax.pdf,primary,CORPORATION/Taxes: 2022 & 2023 ,_Library/Financials/Donations 2023 Tax.pdf,https://drive.google.com/file/d/1Q9d1mb5riHGBYzwQUDfEOvfERyXBjDre/view?usp=drivesdk
1jFI7Ugr0NR8GqJ3sCWvcTc9rxfLVTC8X,Auto Expenses 2023 Tax.pdf,primary,CORPORATION/Taxes: 2022 & 2023 ,_Library/Financials/Auto Expenses 2023 Tax.pdf,https://drive.google.com/file/d/1jFI7Ugr0NR8GqJ3sCWvcTc9rxfLVTC8X/view?usp=drivesdk
1KlcjxEjwQAcgAZKGYWW6WyddBECklR-u,Tenant-Application-Form- (Blank).pdf,duplicate,Blank Purchase Contracts ,_Duplicates/Unknown/Tenant-Application-Form- (Blank).pdf,https://drive.google.com/file/d/1KlcjxEjwQAcgAZKGYWW6WyddBECklR-u/view?usp=drivesdk
1EugrEDHkLACYhfyJ5cvA_hZpcci-1HQ0,Birds Eye View: 10112 86 Ave,primary,Wholesale /DEALS: Under Contract ✔️/Strathcona Lot: 10112 86 Ave PKG.,10112 86/Photos/Birds Eye View: 10112 86 Ave,https://drive.google.com/file/d/1EugrEDHkLACYhfyJ5cvA_hZpcci-1HQ0/view?usp=drivesdk
1oR8AxTcEL-sgyR_jGDcy1qyLLpY8LowF,AREA.pdf,primary,Wholesale /DEALS: Under Contract ✔️/Strathcona Lot: 10112 86 Ave PKG.,10112 86/_NeedsReview/AREA.pdf,https://drive.google.com/file/d/1oR8AxTcEL-sgyR_jGDcy1qyLLpY8LowF/view?usp=drivesdk
1ywGyrhxC1ZpzihWEKCzeQ00AFyRE-Mg5,IMG_9238.HEIC,primary,CORPORATION/2024 Tax Info/Sold Houses/#202 10949 109,10949 109/Photos/IMG_9238.HEIC,https://drive.google.com/file/d/1ywGyrhxC1ZpzihWEKCzeQ00AFyRE-Mg5/view?usp=drivesdk
1FOVg_NhnfzXZvJvOnzTT0xV3RZgIB5j4,Report-2 10.pdf,primary,CORPORATION/2024 Tax Info/Sold Houses/#202 10949 109,10949 109/_NeedsReview/Report-2 10.pdf,https://drive.google.com/file/d/1FOVg_NhnfzXZvJvOnzTT0xV3RZgIB5j4/view?usp=drivesdk
1IpEnpStZKyx2M4ZqSxD0_lIB-ZvK7UQn,Purchase_Contract_8207_121_AVE-1_(Signed) (1).pdf,duplicate,CORPORATION/2024 Tax Info/Sold Houses/Eastwood 6 Plex,_Duplicates/Unknown/Purchase_Contract_8207_121_AVE-1_(Signed) (1).pdf,https://drive.google.com/file/d/1IpEnpStZKyx2M4ZqSxD0_lIB-ZvK7UQn/view?usp=drivesdk
1RiEJ1mzWRzhB3UXHNHaszwmRe6gzbFLv,892046411_51148106_0_0.pdf,primary,NEW Properties /Titles Pulled ,_NeedsReview/892046411_51148106_0_0.pdf,https://drive.google.com/file/d/1RiEJ1mzWRzhB3UXHNHaszwmRe6gzbFLv/view?usp=drivesdk
19SsY2PJsB8kwJLYukyYePohf1yGmuVbg,Association.pdf,primary,CORPORATION/2024 Tax Info/Sold Houses/Eastwood 6 Plex,_NeedsReview/Association.pdf,https://drive.google.com/file/d/19SsY2PJsB8kwJLYukyYePohf1yGmuVbg/view?usp=drivesdk
1d90u_83kPu-lRcMseRIaJ6rQWnUGg30T,224992217-29.jpeg,primary,CORPORATION/2024 Tax Info/Duplex Photos 10204 132 Ave ,10204 132/Photos/224992217-29.jpeg,https://drive.google.com/file/d/1d90u_83kPu-lRcMseRIaJ6rQWnUGg30T/view?usp=drivesdk
1jOrLz6eEuJnrgRO78mmYRm3SimOdyBas,224992217-26.jpeg,primary,CORPORATION/2024 Tax Info/Duplex Photos 10204 132 Ave ,10204 132/Photos/224992217-26.jpeg,https://drive.google.com/file/d/1jOrLz6eEuJnrgRO78mmYRm3SimOdyBas/view?usp=drivesdk
1ht8VQJivzptD9X5IVCD5a8581HGjSpEt,224992217-25.jpeg,primary,CORPORATION/2024 Tax Info/Duplex Photos 10204 132 Ave ,10204 132/Photos/224992217-25.jpeg,https://drive.google.com/file/d/1ht8VQJivzptD9X5IVCD5a8581HGjSpEt/view?usp=drivesdk
1QAxCEAlMJv7hWyh-9Oiry6wqg3MEeiGy,224992217-19.jpeg,primary,CORPORATION/2024 Tax Info/Duplex Photos 10204 132 Ave ,10204 132/Photos/224992217-19.jpeg,https://drive.google.com/file/d/1QAxCEAlMJv7hWyh-9Oiry6wqg3MEeiGy/view?usp=drivesdk
19Wa70Szw0hJXP6SLp5P5jWwXEoJFsysK,224992217-18.jpeg,primary,CORPORATION/2024 Tax Info/Duplex Photos 10204 132 Ave ,10204 132/Photos/224992217-18.jpeg,https://drive.google.com/file/d/19Wa70Szw0hJXP6SLp5P5jWwXEoJFsysK/view?usp=drivesdk
1hOn2d3u_qakD7Qpd8ch5rgXG-i4xNCH8,224992217-17.jpeg,primary,CORPORATION/2024 Tax Info/Duplex Photos 10204 132 Ave ,10204 132/Photos/224992217-17.jpeg,https://drive.google.com/file/d/1hOn2d3u_qakD7Qpd8ch5rgXG-i4xNCH8/view?usp=drivesdk
1r8qpfBOojyqPrv2K1oy8rSuFicdMNIXM,224992217-16.jpeg,primary,CORPORATION/2024 Tax Info/Duplex Photos 10204 132 Ave ,10204 132/Photos/224992217-16.jpeg,https://drive.google.com/file/d/1r8qpfBOojyqPrv2K1oy8rSuFicdMNIXM/view?usp=drivesdk
1WyCqyc3mTwjXhKSlHo-ehT6ZTQxAmL05,224992217-15.jpeg,primary,CORPORATION/2024 Tax Info/Duplex Photos 10204 132 Ave ,10204 132/Photos/224992217-15.jpeg,https://drive.google.com/file/d/1WyCqyc3mTwjXhKSlHo-ehT6ZTQxAmL05/view?usp=drivesdk
1-RYDjP4j8TBd8nWra42SULP-VE0gcTbP,224992217-14.jpeg,primary,CORPORATION/2024 Tax Info/Duplex Photos 10204 132 Ave ,10204 132/Photos/224992217-14.jpeg,https://drive.google.com/file/d/1-RYDjP4j8TBd8nWra42SULP-VE0gcTbP/view?usp=drivesdk
1dUwSY6MiQfTysUN-TrXlCDHqAF8T9DAO,224992217-13.jpeg,primary,CORPORATION/2024 Tax Info/Duplex Photos 10204 132 Ave ,10204 132/Photos/224992217-13.jpeg,https://drive.google.com/file/d/1dUwSY6MiQfTysUN-TrXlCDHqAF8T9DAO/view?usp=drivesdk
18nvYnrbieOykyxgzNO7i2r2erYACbluJ,224992217-12.jpeg,primary,CORPORATION/2024 Tax Info/Duplex Photos 10204 132 Ave ,10204 132/Photos/224992217-12.jpeg,https://drive.google.com/file/d/18nvYnrbieOykyxgzNO7i2r2erYACbluJ/view?usp=drivesdk
1QWlMhC-ip2q5Xd3JufWIcLMMwmFPlDBB,224992217-11.jpeg,primary,CORPORATION/2024 Tax Info/Duplex Photos 10204 132 Ave ,10204 132/Photos/224992217-11.jpeg,https://drive.google.com/file/d/1QWlMhC-ip2q5Xd3JufWIcLMMwmFPlDBB/view?usp=drivesdk
1IOP-PwU171h0kyvtIeS_O9kdHEIL8TWh,224992217-10.jpeg,primary,CORPORATION/2024 Tax Info/Duplex Photos 10204 132 Ave ,10204 132/Photos/224992217-10.jpeg,https://drive.google.com/file/d/1IOP-PwU171h0kyvtIeS_O9kdHEIL8TWh/view?usp=drivesdk
1x9ltMUHHW0jW0ubdo1x94C6VfzFXF7gQ,224992217-9.jpeg,primary,CORPORATION/2024 Tax Info/Duplex Photos 10204 132 Ave ,10204 132/Photos/224992217-9.jpeg,https://drive.google.com/file/d/1x9ltMUHHW0jW0ubdo1x94C6VfzFXF7gQ/view?usp=drivesdk
1Ytu4xhvSXqlipUNlHmaeBoxQ4alwBM7H,224992217-8.jpeg,primary,CORPORATION/2024 Tax Info/Duplex Photos 10204 132 Ave ,10204 132/Photos/224992217-8.jpeg,https://drive.google.com/file/d/1Ytu4xhvSXqlipUNlHmaeBoxQ4alwBM7H/view?usp=drivesdk
1lD1P7OE9Lh77cBEBi3nm7Egk1RIiLJcK,10204 132 Ave Lot Overview ,primary,CORPORATION/2024 Tax Info/Duplex Photos 10204 132 Ave ,10204 132/Photos/10204 132 Ave Lot Overview ,https://drive.google.com/file/d/1lD1P7OE9Lh77cBEBi3nm7Egk1RIiLJcK/view?usp=drivesdk
1P2atkq63p5NfYKZ2DWSoAN1clqa_WXKI,10204 132 Ave Photos Arial View.png,primary,CORPORATION/2024 Tax Info/Duplex Photos 10204 132 Ave ,10204 132/Photos/10204 132 Ave Photos Arial View.png,https://drive.google.com/file/d/1P2atkq63p5NfYKZ2DWSoAN1clqa_WXKI/view?usp=drivesdk
1yRQ1WX-bp5vWgxVSVOE349AG04zmF03h,IMG_8379.MOV,primary,CORPORATION/2024 Tax Info/Duplex Photos 10204 132 Ave ,10204 132/_NeedsReview/IMG_8379.MOV,https://drive.google.com/file/d/1yRQ1WX-bp5vWgxVSVOE349AG04zmF03h/view?usp=drivesdk
1ai8LVkLopOJuoN_qx3U2qGG8aVg11kB9,IMG_8381.HEIC,primary,CORPORATION/2024 Tax Info/Duplex Photos 10204 132 Ave ,10204 132/Photos/IMG_8381.HEIC,https://drive.google.com/file/d/1ai8LVkLopOJuoN_qx3U2qGG8aVg11kB9/view?usp=drivesdk
1-1EFGUzvUVAORgnuz5uQXCwaPGYK6NJS,IMG_8380.HEIC,primary,CORPORATION/2024 Tax Info/Duplex Photos 10204 132 Ave ,10204 132/Photos/IMG_8380.HEIC,https://drive.google.com/file/d/1-1EFGUzvUVAORgnuz5uQXCwaPGYK6NJS/view?usp=drivesdk
1fi4yhShV2uRk8pRjTjLQY8EXJQMM7tVb,IMG_8382.HEIC,primary,CORPORATION/2024 Tax Info/Duplex Photos 10204 132 Ave ,10204 132/Photos/IMG_8382.HEIC,https://drive.google.com/file/d/1fi4yhShV2uRk8pRjTjLQY8EXJQMM7tVb/view?usp=drivesdk
1jREihjg9H4ESkjASsbTQhRRscVc5X7ih,IMG_8406.MOV,primary,CORPORATION/2024 Tax Info/Duplex Photos 10204 132 Ave ,10204 132/_NeedsReview/IMG_8406.MOV,https://drive.google.com/file/d/1jREihjg9H4ESkjASsbTQhRRscVc5X7ih/view?usp=drivesdk
19pm6VFc3XlJ_fpJGwAajEERfPebBPZ_E,IMG_8383.HEIC,primary,CORPORATION/2024 Tax Info/Duplex Photos 10204 132 Ave ,10204 132/Photos/IMG_8383.HEIC,https://drive.google.com/file/d/19pm6VFc3XlJ_fpJGwAajEERfPebBPZ_E/view?usp=drivesdk
1Ni-b6JgLh21TAlCZZgelxMjoE28MLnf7,IMG_8369.HEIC,primary,CORPORATION/2024 Tax Info/Duplex Photos 10204 132 Ave ,10204 132/Photos/IMG_8369.HEIC,https://drive.google.com/file/d/1Ni-b6JgLh21TAlCZZgelxMjoE28MLnf7/view?usp=drivesdk
1JafQP77L7lhN3GfROU0jynDxxa3annUz,IMG_8367.HEIC,primary,CORPORATION/2024 Tax Info/Duplex Photos 10204 132 Ave ,10204 132/Photos/IMG_8367.HEIC,https://drive.google.com/file/d/1JafQP77L7lhN3GfROU0jynDxxa3annUz/view?usp=drivesdk
1kJMs9jY8a99FfS7-2hJ7KBfX0b_WENx5,IMG_8386.HEIC,primary,CORPORATION/2024 Tax Info/Duplex Photos 10204 132 Ave ,10204 132/Photos/IMG_8386.HEIC,https://drive.google.com/file/d/1kJMs9jY8a99FfS7-2hJ7KBfX0b_WENx5/view?usp=drivesdk
1RulZ_lsEJsOv1Kq6Kce1GTiuZd-7gsat,IMG_8368.HEIC,primary,CORPORATION/2024 Tax Info/Duplex Photos 10204 132 Ave ,10204 132/Photos/IMG_8368.HEIC,https://drive.google.com/file/d/1RulZ_lsEJsOv1Kq6Kce1GTiuZd-7gsat/view?usp=drivesdk
1mHlwPUeo2D-OIFpHzKHVoassPGWXjTng,IMG_8384.HEIC,primary,CORPORATION/2024 Tax Info/Duplex Photos 10204 132 Ave ,10204 132/Photos/IMG_8384.HEIC,https://drive.google.com/file/d/1mHlwPUeo2D-OIFpHzKHVoassPGWXjTng/view?usp=drivesdk
1DkFACgHzpabgyaUQV19qcvQD68FyK-wQ,IMG_8359.HEIC,primary,CORPORATION/2024 Tax Info/Duplex Photos 10204 132 Ave ,10204 132/Photos/IMG_8359.HEIC,https://drive.google.com/file/d/1DkFACgHzpabgyaUQV19qcvQD68FyK-wQ/view?usp=drivesdk
1EafiQgdzHPl4nE8-MdYN45tOs1YEnMP0,IMG_8407.HEIC,primary,CORPORATION/2024 Tax Info/Duplex Photos 10204 132 Ave ,10204 132/Photos/IMG_8407.HEIC,https://drive.google.com/file/d/1EafiQgdzHPl4nE8-MdYN45tOs1YEnMP0/view?usp=drivesdk
1WZV4E4dc4mksfqsr_kmPF_qJ_iDV_G2O,IMG_8385.HEIC,primary,CORPORATION/2024 Tax Info/Duplex Photos 10204 132 Ave ,10204 132/Photos/IMG_8385.HEIC,https://drive.google.com/file/d/1WZV4E4dc4mksfqsr_kmPF_qJ_iDV_G2O/view?usp=drivesdk
1PgUWyK06fiAMHMCeXpbhROZizmZs47aw,IMG_8404.MOV,primary,CORPORATION/2024 Tax Info/Duplex Photos 10204 132 Ave ,10204 132/_NeedsReview/IMG_8404.MOV,https://drive.google.com/file/d/1PgUWyK06fiAMHMCeXpbhROZizmZs47aw/view?usp=drivesdk
1oZBQz0-rz0JrHAlT7osu0zOpRZXRXaux,IMG_8360.HEIC,primary,CORPORATION/2024 Tax Info/Duplex Photos 10204 132 Ave ,10204 132/Photos/IMG_8360.HEIC,https://drive.google.com/file/d/1oZBQz0-rz0JrHAlT7osu0zOpRZXRXaux/view?usp=drivesdk
1WLPiaF8xD6Mrpb_DRfh8Mdi244a8keFg,IMG_8356.HEIC,primary,CORPORATION/2024 Tax Info/Duplex Photos 10204 132 Ave ,10204 132/Photos/IMG_8356.HEIC,https://drive.google.com/file/d/1WLPiaF8xD6Mrpb_DRfh8Mdi244a8keFg/view?usp=drivesdk
1EdzqfTQQyJ8qF7Mf619BeQvdSME6Y2qU,IMG_8370.HEIC,primary,CORPORATION/2024 Tax Info/Duplex Photos 10204 132 Ave ,10204 132/Photos/IMG_8370.HEIC,https://drive.google.com/file/d/1EdzqfTQQyJ8qF7Mf619BeQvdSME6Y2qU/view?usp=drivesdk
1TPXVjdHg1rsmwH85JwvDRMxdmhCwcACE,IMG_8403.MOV,primary,CORPORATION/2024 Tax Info/Duplex Photos 10204 132 Ave ,10204 132/_NeedsReview/IMG_8403.MOV,https://drive.google.com/file/d/1TPXVjdHg1rsmwH85JwvDRMxdmhCwcACE/view?usp=drivesdk
1xOHT5-V1dMfo3rlVDphDPR4ra6d3S3gL,IMG_8393.HEIC,primary,CORPORATION/2024 Tax Info/Duplex Photos 10204 132 Ave ,10204 132/Photos/IMG_8393.HEIC,https://drive.google.com/file/d/1xOHT5-V1dMfo3rlVDphDPR4ra6d3S3gL/view?usp=drivesdk
13Uoo26YAbrbz1JkAF_vND5mv8bvPBcOh,IMG_8364.HEIC,primary,CORPORATION/2024 Tax Info/Duplex Photos 10204 132 Ave ,10204 132/Photos/IMG_8364.HEIC,https://drive.google.com/file/d/13Uoo26YAbrbz1JkAF_vND5mv8bvPBcOh/view?usp=drivesdk
12bvCnPyx95L_gt8D7rUBzke82T-Hkv0k,IMG_8408.HEIC,primary,CORPORATION/2024 Tax Info/Duplex Photos 10204 132 Ave ,10204 132/Photos/IMG_8408.HEIC,https://drive.google.com/file/d/12bvCnPyx95L_gt8D7rUBzke82T-Hkv0k/view?usp=drivesdk
1aaq7I2zMsklt4KTLArzz8VCUgQ8E2nK_,IMG_8354.HEIC,primary,CORPORATION/2024 Tax Info/Duplex Photos 10204 132 Ave ,10204 132/Photos/IMG_8354.HEIC,https://drive.google.com/file/d/1aaq7I2zMsklt4KTLArzz8VCUgQ8E2nK_/view?usp=drivesdk
1QVtNk60-4g_1ihu_dTirVjKZFU1SdjpH,IMG_8405.MOV,primary,CORPORATION/2024 Tax Info/Duplex Photos 10204 132 Ave ,10204 132/_NeedsReview/IMG_8405.MOV,https://drive.google.com/file/d/1QVtNk60-4g_1ihu_dTirVjKZFU1SdjpH/view?usp=drivesdk
1CedLISLgqfw0qkdLqwGpIfvnj_Ytb4kG,IMG_8371.HEIC,primary,CORPORATION/2024 Tax Info/Duplex Photos 10204 132 Ave ,10204 132/Photos/IMG_8371.HEIC,https://drive.google.com/file/d/1CedLISLgqfw0qkdLqwGpIfvnj_Ytb4kG/view?usp=drivesdk
1GsJ5Px3UKWRue4CguTJd7Ckj4AfbwarQ,IMG_8355.HEIC,primary,CORPORATION/2024 Tax Info/Duplex Photos 10204 132 Ave ,10204 132/Photos/IMG_8355.HEIC,https://drive.google.com/file/d/1GsJ5Px3UKWRue4CguTJd7Ckj4AfbwarQ/view?usp=drivesdk
1bhJT8iBnHq5C6pJ5mP9n8BBy6s4lfc_0,IMG_8374.HEIC,primary,CORPORATION/2024 Tax Info/Duplex Photos 10204 132 Ave ,10204 132/Photos/IMG_8374.HEIC,https://drive.google.com/file/d/1bhJT8iBnHq5C6pJ5mP9n8BBy6s4lfc_0/view?usp=drivesdk
1vcHR5D3hBwUKtE-gL1b36-G5DNXz2M1A,IMG_8401.HEIC,primary,CORPORATION/2024 Tax Info/Duplex Photos 10204 132 Ave ,10204 132/Photos/IMG_8401.HEIC,https://drive.google.com/file/d/1vcHR5D3hBwUKtE-gL1b36-G5DNXz2M1A/view?usp=drivesdk
11Dy97w_ENxfMQ1tcRuLJDu7edUFFF7QJ,IMG_8391.HEIC,primary,CORPORATION/2024 Tax Info/Duplex Photos 10204 132 Ave ,10204 132/Photos/IMG_8391.HEIC,https://drive.google.com/file/d/11Dy97w_ENxfMQ1tcRuLJDu7edUFFF7QJ/view?usp=drivesdk
1l5jvaNCGVzaf9UFow6zs3EvoKBwR2xsX,IMG_8376.HEIC,primary,CORPORATION/2024 Tax Info/Duplex Photos 10204 132 Ave ,10204 132/Photos/IMG_8376.HEIC,https://drive.google.com/file/d/1l5jvaNCGVzaf9UFow6zs3EvoKBwR2xsX/view?usp=drivesdk
1uPJS_ZKT41xUNMX4PsJf46HThNHY6yUN,IMG_8387.HEIC,primary,CORPORATION/2024 Tax Info/Duplex Photos 10204 132 Ave ,10204 132/Photos/IMG_8387.HEIC,https://drive.google.com/file/d/1uPJS_ZKT41xUNMX4PsJf46HThNHY6yUN/view?usp=drivesdk
1cKHymB7vh3y9EQat5c8kthpfRoNSH0VQ,IMG_8389.HEIC,primary,CORPORATION/2024 Tax Info/Duplex Photos 10204 132 Ave ,10204 132/Photos/IMG_8389.HEIC,https://drive.google.com/file/d/1cKHymB7vh3y9EQat5c8kthpfRoNSH0VQ/view?usp=drivesdk
14NUl5OFABowu8_99rV1C5uvGpPQTtT2r,IMG_8373.HEIC,primary,CORPORATION/2024 Tax Info/Duplex Photos 10204 132 Ave ,10204 132/Photos/IMG_8373.HEIC,https://drive.google.com/file/d/14NUl5OFABowu8_99rV1C5uvGpPQTtT2r/view?usp=drivesdk
1f4vVs6HQ16yOcMeoGKrrO1STz_qiUHgn,IMG_8397.HEIC,primary,CORPORATION/2024 Tax Info/Duplex Photos 10204 132 Ave ,10204 132/Photos/IMG_8397.HEIC,https://drive.google.com/file/d/1f4vVs6HQ16yOcMeoGKrrO1STz_qiUHgn/view?usp=drivesdk
1-GkTm8tHDtTqnr3EcHKwjdcDxfDIL_VW,IMG_8372.HEIC,primary,CORPORATION/2024 Tax Info/Duplex Photos 10204 132 Ave ,10204 132/Photos/IMG_8372.HEIC,https://drive.google.com/file/d/1-GkTm8tHDtTqnr3EcHKwjdcDxfDIL_VW/view?usp=drivesdk
1R0Vr1IB89mpZVg2ju7YpdKYjxoAJKJ_e,IMG_8362.HEIC,primary,CORPORATION/2024 Tax Info/Duplex Photos 10204 132 Ave ,10204 132/Photos/IMG_8362.HEIC,https://drive.google.com/file/d/1R0Vr1IB89mpZVg2ju7YpdKYjxoAJKJ_e/view?usp=drivesdk
13VA9RLam4YDtsX6ydivyfXvzDyldkMDR,IMG_8361.HEIC,primary,CORPORATION/2024 Tax Info/Duplex Photos 10204 132 Ave ,10204 132/Photos/IMG_8361.HEIC,https://drive.google.com/file/d/13VA9RLam4YDtsX6ydivyfXvzDyldkMDR/view?usp=drivesdk
1kPZBCouYhx49dMZ9doQpBIAX_h1c-tIw,IMG_8366.HEIC,primary,CORPORATION/2024 Tax Info/Duplex Photos 10204 132 Ave ,10204 132/Photos/IMG_8366.HEIC,https://drive.google.com/file/d/1kPZBCouYhx49dMZ9doQpBIAX_h1c-tIw/view?usp=drivesdk
1aS7N9c0iRmhOEZbpOCXxaSudO3a_kw0L,IMG_8399.HEIC,primary,CORPORATION/2024 Tax Info/Duplex Photos 10204 132 Ave ,10204 132/Photos/IMG_8399.HEIC,https://drive.google.com/file/d/1aS7N9c0iRmhOEZbpOCXxaSudO3a_kw0L/view?usp=drivesdk
1tHSr1r81j1rG39P8PlA6jOQcQkrMEl_w,IMG_8375.HEIC,primary,CORPORATION/2024 Tax Info/Duplex Photos 10204 132 Ave ,10204 132/Photos/IMG_8375.HEIC,https://drive.google.com/file/d/1tHSr1r81j1rG39P8PlA6jOQcQkrMEl_w/view?usp=drivesdk
1fd_1qCs6hW7LTomE9gVf3KjKC12KeeWS,IMG_8388.HEIC,primary,CORPORATION/2024 Tax Info/Duplex Photos 10204 132 Ave ,10204 132/Photos/IMG_8388.HEIC,https://drive.google.com/file/d/1fd_1qCs6hW7LTomE9gVf3KjKC12KeeWS/view?usp=drivesdk
1_boJpkHT_I8CSnATFbf_IP_p09QLDppU,IMG_8363.HEIC,primary,CORPORATION/2024 Tax Info/Duplex Photos 10204 132 Ave ,10204 132/Photos/IMG_8363.HEIC,https://drive.google.com/file/d/1_boJpkHT_I8CSnATFbf_IP_p09QLDppU/view?usp=drivesdk
1QFKcb1dZ8sd516u-m99TFij92f3-umpl,IMG_8365.HEIC,primary,CORPORATION/2024 Tax Info/Duplex Photos 10204 132 Ave ,10204 132/Photos/IMG_8365.HEIC,https://drive.google.com/file/d/1QFKcb1dZ8sd516u-m99TFij92f3-umpl/view?usp=drivesdk
15QMxpX03JiH5cOj5n1hbN7HJFNJPIMig,IMG_8392.HEIC,primary,CORPORATION/2024 Tax Info/Duplex Photos 10204 132 Ave ,10204 132/Photos/IMG_8392.HEIC,https://drive.google.com/file/d/15QMxpX03JiH5cOj5n1hbN7HJFNJPIMig/view?usp=drivesdk
1u3PRkLFNa9UI_C2YmASbByaxCDWhamBF,IMG_8377.HEIC,primary,CORPORATION/2024 Tax Info/Duplex Photos 10204 132 Ave ,10204 132/Photos/IMG_8377.HEIC,https://drive.google.com/file/d/1u3PRkLFNa9UI_C2YmASbByaxCDWhamBF/view?usp=drivesdk
1j6VcBsNJRK9PoSSEl_uJ9mWjoUzXO6al,IMG_8400.HEIC,primary,CORPORATION/2024 Tax Info/Duplex Photos 10204 132 Ave ,10204 132/Photos/IMG_8400.HEIC,https://drive.google.com/file/d/1j6VcBsNJRK9PoSSEl_uJ9mWjoUzXO6al/view?usp=drivesdk
1fqKhwrfr5SXc3tzvGEtAEZPrCHD1dpeH,IMG_8398.HEIC,primary,CORPORATION/2024 Tax Info/Duplex Photos 10204 132 Ave ,10204 132/Photos/IMG_8398.HEIC,https://drive.google.com/file/d/1fqKhwrfr5SXc3tzvGEtAEZPrCHD1dpeH/view?usp=drivesdk
1XjgFxmQpxG-glOulXkebQNqy8FxylXKF,IMG_8402.HEIC,primary,CORPORATION/2024 Tax Info/Duplex Photos 10204 132 Ave ,10204 132/Photos/IMG_8402.HEIC,https://drive.google.com/file/d/1XjgFxmQpxG-glOulXkebQNqy8FxylXKF/view?usp=drivesdk
1AAUhF7n3Z30ZfxdRR_C6KdeTavGKm3d2,IMG_8390.HEIC,primary,CORPORATION/2024 Tax Info/Duplex Photos 10204 132 Ave ,10204 132/Photos/IMG_8390.HEIC,https://drive.google.com/file/d/1AAUhF7n3Z30ZfxdRR_C6KdeTavGKm3d2/view?usp=drivesdk
12GDxBNhMhom1bD7HWr3oDOXqbOfKDa-X,IMG_8395.HEIC,primary,CORPORATION/2024 Tax Info/Duplex Photos 10204 132 Ave ,10204 132/Photos/IMG_8395.HEIC,https://drive.google.com/file/d/12GDxBNhMhom1bD7HWr3oDOXqbOfKDa-X/view?usp=drivesdk
1NiWjni7Kp5X0pOgBloSnagutnvu7JopA,IMG_8353.HEIC,primary,CORPORATION/2024 Tax Info/Duplex Photos 10204 132 Ave ,10204 132/Photos/IMG_8353.HEIC,https://drive.google.com/file/d/1NiWjni7Kp5X0pOgBloSnagutnvu7JopA/view?usp=drivesdk
17Hg51czNxjQjiCViqEphcyYScOWSsBCw,IMG_8396.HEIC,primary,CORPORATION/2024 Tax Info/Duplex Photos 10204 132 Ave ,10204 132/Photos/IMG_8396.HEIC,https://drive.google.com/file/d/17Hg51czNxjQjiCViqEphcyYScOWSsBCw/view?usp=drivesdk
1ElplCccs3GOaclacrG-fBSVSeVHagLsb,IMG_8378.HEIC,primary,CORPORATION/2024 Tax Info/Duplex Photos 10204 132 Ave ,10204 132/Photos/IMG_8378.HEIC,https://drive.google.com/file/d/1ElplCccs3GOaclacrG-fBSVSeVHagLsb/view?usp=drivesdk
1mHiDy9fTXJdRJMgitzcknHNYy1vVsKh8,IMG_8394.HEIC,primary,CORPORATION/2024 Tax Info/Duplex Photos 10204 132 Ave ,10204 132/Photos/IMG_8394.HEIC,https://drive.google.com/file/d/1mHiDy9fTXJdRJMgitzcknHNYy1vVsKh8/view?usp=drivesdk
1boyEzRfhUbvm35wQ9BsOWgq_1t3pr0du,49996769_0HUC_4328.zip,primary,NEW Properties /Titles Pulled ,_NeedsReview/49996769_0HUC_4328.zip,https://drive.google.com/file/d/1boyEzRfhUbvm35wQ9BsOWgq_1t3pr0du/view?usp=drivesdk
1Tv9tQI8IzI5c7kGtd3Amke0vkuQWUI3L,Abatement binder 8207-121 Avenue (1).pdf,primary,CORPORATION/2024 Tax Info/Sold Houses/Eastwood 6 Plex,_NeedsReview/Abatement binder 8207-121 Avenue (1).pdf,https://drive.google.com/file/d/1Tv9tQI8IzI5c7kGtd3Amke0vkuQWUI3L/view?usp=drivesdk
1wSb5ZpaKRo5rFSPCy1fBeCTpV-t2po4QD0-6omHPnHc,NON-DISCLOSURE AGREEMENT (NDA),primary,Blank Purchase Contracts ,_Library/Contracts/NON-DISCLOSURE AGREEMENT (NDA),https://docs.google.com/document/d/1wSb5ZpaKRo5rFSPCy1fBeCTpV-t2po4QD0-6omHPnHc/edit?usp=drivesdk&ouid=112966636072631084810
1Q5DRNOps3QhILMPxNecIg3rKyW9D5lBp,29766_invoice.pdf,duplicate,CORPORATION/2024 Tax Info,_Duplicates/Unknown/29766_invoice.pdf,https://drive.google.com/file/d/1Q5DRNOps3QhILMPxNecIg3rKyW9D5lBp/view?usp=drivesdk
12YgG7qtX85x1h5v1_Rrz7c6yIq5qYc4QJ7US-XHKgZ4,JT Foxx- Deal Titan Pitch ,primary,CORPORATION/Couses/Conferences/JT FOXX,_NeedsReview/JT Foxx- Deal Titan Pitch ,https://docs.google.com/document/d/12YgG7qtX85x1h5v1_Rrz7c6yIq5qYc4QJ7US-XHKgZ4/edit?usp=drivesdk&ouid=112966636072631084810
1_-SDTuapcxBRHPR-DJiPE7P1_cHeWEEH,INV-000078.pdf,primary,Invoices ,_NeedsReview/INV-000078.pdf,https://drive.google.com/file/d/1_-SDTuapcxBRHPR-DJiPE7P1_cHeWEEH/view?usp=drivesdk
1Ai6kXr0B_8fj52mriTT6i-j_rZnm3xum,Copy of Personal-Financial-Statement.xlsx,primary,CORPORATION/Net Worth Statements ,_NeedsReview/Copy of Personal-Financial-Statement.xlsx,https://drive.google.com/file/d/1Ai6kXr0B_8fj52mriTT6i-j_rZnm3xum/view?usp=drivesdk
17Ddo2Y-2SY6N1CgPHmOgPIprJCYuyMrs,Edmonton All Assets 1980-2021.xlsx,primary,LEADS////SPREADSHEETS!,_NeedsReview/Edmonton All Assets 1980-2021.xlsx,https://drive.google.com/file/d/17Ddo2Y-2SY6N1CgPHmOgPIprJCYuyMrs/view?usp=drivesdk
1eGLD4FLVHcBuk7boBIo-7h6eKgq4UUS4,Land Bought Edmonton 1980-2018.xlsx,primary,LEADS////SPREADSHEETS!,_NeedsReview/Land Bought Edmonton 1980-2018.xlsx,https://drive.google.com/file/d/1eGLD4FLVHcBuk7boBIo-7h6eKgq4UUS4/view?usp=drivesdk
1ckp9KoJnlMlPIFhh_pztF_GFvKgvIaWY,Land Sold Edmonton 1980-2018.xlsx,primary,LEADS////SPREADSHEETS!,_NeedsReview/Land Sold Edmonton 1980-2018.xlsx,https://drive.google.com/file/d/1ckp9KoJnlMlPIFhh_pztF_GFvKgvIaWY/view?usp=drivesdk
1Zf7CXuRxIEbCdgSeauqDl7YPxOTWeXRk,Sunni.pdf,primary,CORPORATION/2024 Tax Info/Sold Houses/Eastwood 6 Plex,_NeedsReview/Sunni.pdf,https://drive.google.com/file/d/1Zf7CXuRxIEbCdgSeauqDl7YPxOTWeXRk/view?usp=drivesdk
1SXu09oiUY4duAHvkzzb1UA2zRNMLO3hZ,LAND SOLD EDMONTON LIST.xlsx,primary,LEADS////SPREADSHEETS!,_NeedsReview/LAND SOLD EDMONTON LIST.xlsx,https://drive.google.com/file/d/1SXu09oiUY4duAHvkzzb1UA2zRNMLO3hZ/view?usp=drivesdk
17A2GWrhvIVUZNxm_Q_Ke4HIxv-49WE_q,Amendment_(8207_121_Ave)_(2).pdf,primary,CORPORATION/2024 Tax Info/Sold Houses/Eastwood 6 Plex,_NeedsReview/Amendment_(8207_121_Ave)_(2).pdf,https://drive.google.com/file/d/17A2GWrhvIVUZNxm_Q_Ke4HIxv-49WE_q/view?usp=drivesdk
14ib0CzlS89UGdTNbkCEiTlGd0iXt6SlQ,OTP-_10651_80_Avenue_-_Signed_(Complete) (1).pdf,primary,CORPORATION/2024 Tax Info/10651 80 Ave,10651 80/_NeedsReview/OTP-_10651_80_Avenue_-_Signed_(Complete) (1).pdf,https://drive.google.com/file/d/14ib0CzlS89UGdTNbkCEiTlGd0iXt6SlQ/view?usp=drivesdk
1u6OFNTQvFK9rYZffAorG0nhz1fAphrnK,04062024022224.pdf,primary,CORPORATION/2024 Tax Info/Sold Houses/Eastwood 6 Plex,_NeedsReview/04062024022224.pdf,https://drive.google.com/file/d/1u6OFNTQvFK9rYZffAorG0nhz1fAphrnK/view?usp=drivesdk
1YfcHlN-GIALoXhOYtkj1eCAx5tk_6PudDOesTd7pyrw,Alex Call MF LEADS Co-Star ,primary,Co-Star Calls  To Make ,_NeedsReview/Alex Call MF LEADS Co-Star ,https://docs.google.com/spreadsheets/d/1YfcHlN-GIALoXhOYtkj1eCAx5tk_6PudDOesTd7pyrw/edit?usp=drivesdk&ouid=112966636072631084810
1O4fJswHKnEMBwRuvx7WgYnpy-4d5ojqP,10 Free Tips To Increase Your Following & Engagement.pdf,primary,(root),_NeedsReview/10 Free Tips To Increase Your Following & Engagement.pdf,https://drive.google.com/file/d/1O4fJswHKnEMBwRuvx7WgYnpy-4d5ojqP/view?usp=drivesdk
1IEofnG3ISI1nkO6XKYHffjHNBLx_MD6X3IcNJY8icfI,Text Script,primary,(root),_NeedsReview/Text Script,https://docs.google.com/document/d/1IEofnG3ISI1nkO6XKYHffjHNBLx_MD6X3IcNJY8icfI/edit?usp=drivesdk&ouid=112966636072631084810
1ZXGmC1gVJWuzoSELQURLUu-muIGbEX-K,Las Orcas Development Investment LLC - Operating Agreement v1.1.pdf,primary,Personal /CR/Mexico-Puerto Escondido,_Library/Contracts/Las Orcas Development Investment LLC - Operating Agreement v1.1.pdf,https://drive.google.com/file/d/1ZXGmC1gVJWuzoSELQURLUu-muIGbEX-K/view?usp=drivesdk
1VL64RR-EuiM3iG6UXyO96Kdit_RijE4D,Las Orcas Development Investment LLC - PPM - v1.1.pdf,primary,Personal /CR/Mexico-Puerto Escondido,_NeedsReview/Las Orcas Development Investment LLC - PPM - v1.1.pdf,https://drive.google.com/file/d/1VL64RR-EuiM3iG6UXyO96Kdit_RijE4D/view?usp=drivesdk
1w1n48Oyg4QV81XYjTY5aZIzkmL_4OdMi,Las Orcas Development Investment LLC - Subscription Agreement (506b).pdf,primary,Personal /CR/Mexico-Puerto Escondido,_Library/Contracts/Las Orcas Development Investment LLC - Subscription Agreement (506b).pdf,https://drive.google.com/file/d/1w1n48Oyg4QV81XYjTY5aZIzkmL_4OdMi/view?usp=drivesdk
1JDQM32Y2ObQtHRC6RneSt3kADq_1cU8t,Las Orcas Development Investment LLC - Questionnaire (506b).pdf,primary,Personal /CR/Mexico-Puerto Escondido,_NeedsReview/Las Orcas Development Investment LLC - Questionnaire (506b).pdf,https://drive.google.com/file/d/1JDQM32Y2ObQtHRC6RneSt3kADq_1cU8t/view?usp=drivesdk
1D7BsiP_YcaVm-ONCYGYvsV9B_FHic82CE7por-_BOYY,Residential Lease Agreement,primary,CORPORATION/2024 Tax Info/Sold Houses/#202 10949 109,10949 109/Contracts/Residential Lease Agreement,https://docs.google.com/document/d/1D7BsiP_YcaVm-ONCYGYvsV9B_FHic82CE7por-_BOYY/edit?usp=drivesdk&ouid=112966636072631084810
1ZRnqtmfAG_YoqjUphOaNtpSi0ZDZujsY7ddeZh86qVA,"Co-Star:  Mexico, Buyers/Sellers, All Types, All Investors ",primary,Personal /CR/Mexico-Puerto Escondido,"_NeedsReview/Co-Star:  Mexico, Buyers/Sellers, All Types, All Investors ",https://docs.google.com/spreadsheets/d/1ZRnqtmfAG_YoqjUphOaNtpSi0ZDZujsY7ddeZh86qVA/edit?usp=drivesdk&ouid=112966636072631084810
1vrUMTO6CfMkt8cBr0rZ9t3492_RGd0we,"Scope of Work- 1003, 1334 13 Ave SW.pdf",primary,(root),"1334 13/Construction/Scope of Work- 1003, 1334 13 Ave SW.pdf",https://drive.google.com/file/d/1vrUMTO6CfMkt8cBr0rZ9t3492_RGd0we/view?usp=drivesdk
1lU5z_OlosKMKWdwdIeAqYLNIwTtdmBOo,Hotel  (1).xlsx,primary,LEADS////SPREADSHEETS!,_NeedsReview/Hotel  (1).xlsx,https://drive.google.com/file/d/1lU5z_OlosKMKWdwdIeAqYLNIwTtdmBOo/view?usp=drivesdk
16plwiUwCJSUTg20FacZk3551onuFcVkV,Hotel .xlsx,primary,LEADS////SPREADSHEETS!,_NeedsReview/Hotel .xlsx,https://drive.google.com/file/d/16plwiUwCJSUTg20FacZk3551onuFcVkV/view?usp=drivesdk
1-JQUfrYAR1E5mlpCqetwQIrS2bcIIYtd,Commercial Realtor .xlsx,primary,LEADS////SPREADSHEETS!,_NeedsReview/Commercial Realtor .xlsx,https://drive.google.com/file/d/1-JQUfrYAR1E5mlpCqetwQIrS2bcIIYtd/view?usp=drivesdk
1VfX_EftZXTPBQl2ECI3EXgj7rDYcECRT,Commercial.xlsx,primary,LEADS////SPREADSHEETS!,_NeedsReview/Commercial.xlsx,https://drive.google.com/file/d/1VfX_EftZXTPBQl2ECI3EXgj7rDYcECRT/view?usp=drivesdk
1cxlGfc0W305v203loy1fQk_JyhnGn9e1,infill (1).xlsx,primary,LEADS////SPREADSHEETS!,_NeedsReview/infill (1).xlsx,https://drive.google.com/file/d/1cxlGfc0W305v203loy1fQk_JyhnGn9e1/view?usp=drivesdk
1ajSaUh1iMZcVe8s2UqmCRlXPSsU080_6,infill.xlsx,primary,LEADS////SPREADSHEETS!,_NeedsReview/infill.xlsx,https://drive.google.com/file/d/1ajSaUh1iMZcVe8s2UqmCRlXPSsU080_6/view?usp=drivesdk
18LyCRlXJuEkjnnYoJ-Ph0xdin5mdC4F9,Untitled spreadsheet.xlsx,primary,LEADS////SPREADSHEETS!,_NeedsReview/Untitled spreadsheet.xlsx,https://drive.google.com/file/d/18LyCRlXJuEkjnnYoJ-Ph0xdin5mdC4F9/view?usp=drivesdk
1_IeOpb0ia9shMvQilsS9_gZu5nCJZRC18gaawZ4dUzM,"JT Foxx Course, 8 Figure Business Model  ",primary,CORPORATION/Couses/Conferences/JT FOXX,"_NeedsReview/JT Foxx Course, 8 Figure Business Model  ",https://docs.google.com/document/d/1_IeOpb0ia9shMvQilsS9_gZu5nCJZRC18gaawZ4dUzM/edit?usp=drivesdk&ouid=112966636072631084810
1Ut-8qLPWy5XbPGXT7V1a-VDs1SLb98v-,Developers  (1).xlsx,primary,LEADS////SPREADSHEETS!,_NeedsReview/Developers  (1).xlsx,https://drive.google.com/file/d/1Ut-8qLPWy5XbPGXT7V1a-VDs1SLb98v-/view?usp=drivesdk
1Rq1B5w_bbt9Q7L3TpD197yRIRyrkEShk,Developers .xlsx,primary,LEADS////SPREADSHEETS!,_NeedsReview/Developers .xlsx,https://drive.google.com/file/d/1Rq1B5w_bbt9Q7L3TpD197yRIRyrkEShk/view?usp=drivesdk
1P7CtbcqkW4Vu2fJ6ByGzigZf7rX1H9Q7,Multifamily Investors.xlsx,primary,LEADS////SPREADSHEETS!,_NeedsReview/Multifamily Investors.xlsx,https://drive.google.com/file/d/1P7CtbcqkW4Vu2fJ6ByGzigZf7rX1H9Q7/view?usp=drivesdk
1vxnMm_1-w2ZtgE1o-Lamy5oG8hG4eD22,Multifamily CRM .xlsx,primary,LEADS////SPREADSHEETS!,_NeedsReview/Multifamily CRM .xlsx,https://drive.google.com/file/d/1vxnMm_1-w2ZtgE1o-Lamy5oG8hG4eD22/view?usp=drivesdk
1D0SBxijYBKRgAzTTqlfblRqRLUJPHTYb,hubspot-crm-exports-all-contacts-2024-06-10.csv,primary,LEADS////SPREADSHEETS!,_NeedsReview/hubspot-crm-exports-all-contacts-2024-06-10.csv,https://drive.google.com/file/d/1D0SBxijYBKRgAzTTqlfblRqRLUJPHTYb/view?usp=drivesdk
178n-l6bfH51K398NT18wFdAg-eXrgLphz_X_ndH1CZ8,SunRize Investments,primary,(root),_NeedsReview/SunRize Investments,https://docs.google.com/spreadsheets/d/178n-l6bfH51K398NT18wFdAg-eXrgLphz_X_ndH1CZ8/edit?usp=drivesdk&ouid=112966636072631084810
12GvAZqyvmJJxlMCuFriKDH-wN6UtrNLAqeqG9zL8M9o,Scripts Sunni,primary,(root),_NeedsReview/Scripts Sunni,https://docs.google.com/document/d/12GvAZqyvmJJxlMCuFriKDH-wN6UtrNLAqeqG9zL8M9o/edit?usp=drivesdk&ouid=112966636072631084810
1y4yZyaWXmrR5GrWxgRxulGqIKBWkcgLn,CostarExport- Whitecourt.xlsx,primary,LEADS////SPREADSHEETS!,_NeedsReview/CostarExport- Whitecourt.xlsx,https://drive.google.com/file/d/1y4yZyaWXmrR5GrWxgRxulGqIKBWkcgLn/view?usp=drivesdk
1gNvJJSvO9P9kexOQtaaRgHAoRH_FN6VzQ162fwhvw6E,Instant Email : Example ,primary,Buyers/ Investors /Template Investor Email/Text,_NeedsReview/Instant Email : Example ,https://docs.google.com/document/d/1gNvJJSvO9P9kexOQtaaRgHAoRH_FN6VzQ162fwhvw6E/edit?usp=drivesdk&ouid=112966636072631084810
1-R-f1rV5ARIgWXB7sK9NQm-FhJ7CXr5LIJuRKscRjgE,JT Foxx Courses,primary,CORPORATION/Couses/Conferences/JT FOXX,_NeedsReview/JT Foxx Courses,https://docs.google.com/document/d/1-R-f1rV5ARIgWXB7sK9NQm-FhJ7CXr5LIJuRKscRjgE/edit?usp=drivesdk&ouid=112966636072631084810
1iRt3KEBpBNG9wzgcWXKIoNNGccLuIizC,CASHFLOW STATEMENT - VIKING 5304 56AVENUE.xlsx,primary,CORPORATION/2024 Tax Info/Sold Houses/Viking ,_Library/Financials/CASHFLOW STATEMENT - VIKING 5304 56AVENUE.xlsx,https://drive.google.com/file/d/1iRt3KEBpBNG9wzgcWXKIoNNGccLuIizC/view?usp=drivesdk
1tWLFoglGABwLvIihQ-hWZRfRJQL7J0rM,May Invoice for SunRize.pdf,primary,Invoices ,_Library/Financials/May Invoice for SunRize.pdf,https://drive.google.com/file/d/1tWLFoglGABwLvIihQ-hWZRfRJQL7J0rM/view?usp=drivesdk
1_MIqrUDfLPIttw3snhbTDuZlVu5Nxw6e,Rutherford Place Proforma.pdf,primary,Development Info-----Go to rize/Lending Framework: Dyllan Kelley MF ,_Library/Financials/Rutherford Place Proforma.pdf,https://drive.google.com/file/d/1_MIqrUDfLPIttw3snhbTDuZlVu5Nxw6e/view?usp=drivesdk
11Lw9fvQgkK_YDGXvDPWZOmZGmjHEc0Tx,Fully Executed - Rutherford Place Court Appointed Sale Agreement.pdf,primary,Development Info-----Go to rize/Lending Framework: Dyllan Kelley MF ,_Library/Contracts/Fully Executed - Rutherford Place Court Appointed Sale Agreement.pdf,https://drive.google.com/file/d/11Lw9fvQgkK_YDGXvDPWZOmZGmjHEc0Tx/view?usp=drivesdk
1Nkrm4pgdpK-a8HSmkrRpDM_70NVUdbio,"LOI 12035 82nd St. NW, Edmonton, AB. (Kelly, Dylan et al.).pdf",primary,Development Info-----Go to rize/Lending Framework: Dyllan Kelley MF ,"_NeedsReview/LOI 12035 82nd St. NW, Edmonton, AB. (Kelly, Dylan et al.).pdf",https://drive.google.com/file/d/1Nkrm4pgdpK-a8HSmkrRpDM_70NVUdbio/view?usp=drivesdk
1n4GNs9PX2qor1iA3JaX7rT09YZtrfl7X,Edmonton-Multifamily Investors.xlsx,primary,LEADS////SPREADSHEETS!,_NeedsReview/Edmonton-Multifamily Investors.xlsx,https://drive.google.com/file/d/1n4GNs9PX2qor1iA3JaX7rT09YZtrfl7X/view?usp=drivesdk
13R5Qa0CT3SwMJ-IITJNYvWQ7t27ikaIm,Condition Wavier.pdf,primary,Blank Purchase Contracts ,_NeedsReview/Condition Wavier.pdf,https://drive.google.com/file/d/13R5Qa0CT3SwMJ-IITJNYvWQ7t27ikaIm/view?usp=drivesdk
1fx93CwZ8q7GyH_zXYK2qICIcrIOz0jjl,flips-yeg.xlsx,primary,LEADS////SPREADSHEETS!,_NeedsReview/flips-yeg.xlsx,https://drive.google.com/file/d/1fx93CwZ8q7GyH_zXYK2qICIcrIOz0jjl/view?usp=drivesdk
1sZ6rBBmeRnRmXoA6dOHlvtRTVFTB3kq3liDBkBFi_6M,The Multifamily Conference 2024,primary,CORPORATION/Couses/Conferences,_NeedsReview/The Multifamily Conference 2024,https://docs.google.com/document/d/1sZ6rBBmeRnRmXoA6dOHlvtRTVFTB3kq3liDBkBFi_6M/edit?usp=drivesdk&ouid=112966636072631084810
1MqoNDe6xT345MxQwHENVzbSXX-83Rc9_BVz6fpEss6E,Referals: Construction ,primary,Buyers/ Investors /Buyers,_Library/Construction/Referals: Construction ,https://docs.google.com/spreadsheets/d/1MqoNDe6xT345MxQwHENVzbSXX-83Rc9_BVz6fpEss6E/edit?usp=drivesdk&ouid=112966636072631084810
1shyw2q9gRaXB-rmYGjzVtBQftwO6LAcUFBOAGq8cvAI,Script For Raisng Capital ,primary,Buyers/ Investors /Raising Capital Info,_NeedsReview/Script For Raisng Capital ,https://docs.google.com/document/d/1shyw2q9gRaXB-rmYGjzVtBQftwO6LAcUFBOAGq8cvAI/edit?usp=drivesdk&ouid=112966636072631084810
1oDRFNIFyrwT40LDNd7Wlbp_yQ6gDH53T7wRvWeJ5nn0,Buying Commercial Properties Script,primary,Wholesale /Scripts: Cold Calls,_NeedsReview/Buying Commercial Properties Script,https://docs.google.com/document/d/1oDRFNIFyrwT40LDNd7Wlbp_yQ6gDH53T7wRvWeJ5nn0/edit?usp=drivesdk&ouid=112966636072631084810
1EwNicfsQE0KhrXRfYFHR1kUUaxJQI4IU,#203 39 Akins DR  Financing Schedule.pdf,primary,Blank Purchase Contracts /Seller Financing Offers ,_NeedsReview/#203 39 Akins DR  Financing Schedule.pdf,https://drive.google.com/file/d/1EwNicfsQE0KhrXRfYFHR1kUUaxJQI4IU/view?usp=drivesdk
12w2Nt-1kbwZMj2feV6t7lFLgdkpURXO_5rEnz2VUcyo,Sales Script- Commercial Selling ,primary,Buyers/ Investors /Raising Capital Info,_NeedsReview/Sales Script- Commercial Selling ,https://docs.google.com/document/d/12w2Nt-1kbwZMj2feV6t7lFLgdkpURXO_5rEnz2VUcyo/edit?usp=drivesdk&ouid=112966636072631084810
174tps23Z7tmfHY7Tfpk8TLILlZ9jZLm3TCfcdDPnFSY,INDEPENDENT CONTRACTOR AGREEMENT,primary,CORPORATION/Employee/Employees /Employment agreement ,_Library/Contracts/INDEPENDENT CONTRACTOR AGREEMENT,https://docs.google.com/document/d/174tps23Z7tmfHY7Tfpk8TLILlZ9jZLm3TCfcdDPnFSY/edit?usp=drivesdk&ouid=112966636072631084810
1IhUjDWMGmlxh72GesDSwFwguz8QcT03Wx5TvUZpfQPs,What to Hire Out ,primary,CORPORATION/Employee/Employees ,_NeedsReview/What to Hire Out ,https://docs.google.com/document/d/1IhUjDWMGmlxh72GesDSwFwguz8QcT03Wx5TvUZpfQPs/edit?usp=drivesdk&ouid=112966636072631084810
1W9nLONpanOWwGeDxzXexQ3uNhCv2LjPTlVM7RnBCGg0,Sales Script - Oaxaca Properties,primary,Personal /CR/Mexico-Puerto Escondido,_NeedsReview/Sales Script - Oaxaca Properties,https://docs.google.com/document/d/1W9nLONpanOWwGeDxzXexQ3uNhCv2LjPTlVM7RnBCGg0/edit?usp=drivesdk&ouid=112966636072631084810
1mJ4Jx6jruMLF5FHKfwCEHjoINbAI02972AJcQvaXM5E,Canada Properties List,primary,Co-Star Calls  To Make ,_NeedsReview/Canada Properties List,https://docs.google.com/spreadsheets/d/1mJ4Jx6jruMLF5FHKfwCEHjoINbAI02972AJcQvaXM5E/edit?usp=drivesdk&ouid=112966636072631084810
1ySQjvBSy1rR9Foi04ArnK0-PtJZIJtUT,IMG_4454.jpg,primary,Personal /CR/Mexico-Puerto Escondido/Las Orcas,_Library/Photos/IMG_4454.jpg,https://drive.google.com/file/d/1ySQjvBSy1rR9Foi04ArnK0-PtJZIJtUT/view?usp=drivesdk
15xs-HNl1HBKpbODO_y53Xcn03NOFOWjqd3pWo3OLnbE,Oaxaca Properties ,primary,Personal /CR/Mexico-Puerto Escondido,_NeedsReview/Oaxaca Properties ,https://docs.google.com/document/d/15xs-HNl1HBKpbODO_y53Xcn03NOFOWjqd3pWo3OLnbE/edit?usp=drivesdk&ouid=112966636072631084810
1o7kh8BlagVihoQEMUw6_DOCVhMIR484z,IMG_3048.HEIC,primary,Personal /CR/Mexico-Puerto Escondido/ZAPTA - Photos,_Library/Photos/IMG_3048.HEIC,https://drive.google.com/file/d/1o7kh8BlagVihoQEMUw6_DOCVhMIR484z/view?usp=drivesdk
1Xm4hVCFP3p3vvcER_379RlmJTv_mNmpm,IMG_2911.HEIC,primary,Personal /CR/Mexico-Puerto Escondido/ZAPTA - Photos,_Library/Photos/IMG_2911.HEIC,https://drive.google.com/file/d/1Xm4hVCFP3p3vvcER_379RlmJTv_mNmpm/view?usp=drivesdk
1-8svzYXfk6GIGJvxPjauVQox3FyCyrWq,IMG_3022.HEIC,primary,Personal /CR/Mexico-Puerto Escondido/ZAPTA - Photos,_Library/Photos/IMG_3022.HEIC,https://drive.google.com/file/d/1-8svzYXfk6GIGJvxPjauVQox3FyCyrWq/view?usp=drivesdk
135AsVyJ14yCYMZ9YwYGir61itLrvfkxK,IMG_3021.HEIC,primary,Personal /CR/Mexico-Puerto Escondido/ZAPTA - Photos,_Library/Photos/IMG_3021.HEIC,https://drive.google.com/file/d/135AsVyJ14yCYMZ9YwYGir61itLrvfkxK/view?usp=drivesdk
1NT8UOc289liqRxKIapFVidiuIfuGxsBY,IMG_3268.HEIC,primary,Personal /CR/Mexico-Puerto Escondido/ZAPTA - Photos,_Library/Photos/IMG_3268.HEIC,https://drive.google.com/file/d/1NT8UOc289liqRxKIapFVidiuIfuGxsBY/view?usp=drivesdk
1CexecqVYaRhxiQzWH1oAW7HtTdlR-9pa,IMG_3700.HEIC,primary,Personal /CR/Mexico-Puerto Escondido/ZAPTA - Photos,_Library/Photos/IMG_3700.HEIC,https://drive.google.com/file/d/1CexecqVYaRhxiQzWH1oAW7HtTdlR-9pa/view?usp=drivesdk
1ihtXjqxQzdsioDdGwXqpJgJG_2Uo0oXU,IMG_3048.HEIC,duplicate,Personal /CR/Mexico-Puerto Escondido/ZAPTA - Photos,_Duplicates/Unknown/IMG_3048.HEIC,https://drive.google.com/file/d/1ihtXjqxQzdsioDdGwXqpJgJG_2Uo0oXU/view?usp=drivesdk
1fPR3GCPxNSeXDhnNUlx5BnGykukfBJjd,IMG_3372.HEIC,primary,Personal /CR/Mexico-Puerto Escondido/ZAPTA - Photos,_Library/Photos/IMG_3372.HEIC,https://drive.google.com/file/d/1fPR3GCPxNSeXDhnNUlx5BnGykukfBJjd/view?usp=drivesdk
1mcPsuUcaM5S4bf3Qaff-Oa-Viw7VjE-d,IMG_3054.HEIC,primary,Personal /CR/Mexico-Puerto Escondido/ZAPTA - Photos,_Library/Photos/IMG_3054.HEIC,https://drive.google.com/file/d/1mcPsuUcaM5S4bf3Qaff-Oa-Viw7VjE-d/view?usp=drivesdk
1Xj_x4MIfxQ0XavbzfAELBHlO0DNC1UwS,IMG_3096.HEIC,primary,Personal /CR/Mexico-Puerto Escondido/ZAPTA - Photos,_Library/Photos/IMG_3096.HEIC,https://drive.google.com/file/d/1Xj_x4MIfxQ0XavbzfAELBHlO0DNC1UwS/view?usp=drivesdk
1xCYs0uqGZUNE666iYarA2rJtWRoC3mHX,IMG_3494.MOV,primary,Personal /CR/Mexico-Puerto Escondido/ZAPTA - Photos,_NeedsReview/IMG_3494.MOV,https://drive.google.com/file/d/1xCYs0uqGZUNE666iYarA2rJtWRoC3mHX/view?usp=drivesdk
1DanqGsWsvQUEIoB-zSTWmTKQL0ubW2G7,IMG_4442.PNG,primary,Personal /CR/Mexico-Puerto Escondido/ZAPTA - Photos,_Library/Photos/IMG_4442.PNG,https://drive.google.com/file/d/1DanqGsWsvQUEIoB-zSTWmTKQL0ubW2G7/view?usp=drivesdk
1x5NX0m-e8xORLl05Yiv17knKCDjpAch2,Copy of Development Portfolio.docx,primary,Personal /CR/Mexico-Puerto Escondido,_NeedsReview/Copy of Development Portfolio.docx,https://drive.google.com/file/d/1x5NX0m-e8xORLl05Yiv17knKCDjpAch2/view?usp=drivesdk
1ZHDYAjKoBf6esvpzT1MmFa6ULxglSEGw8UN49K6X4ec,ZAPTA Condos-Oaxaca,primary,Personal /CR/Mexico-Puerto Escondido,_NeedsReview/ZAPTA Condos-Oaxaca,https://docs.google.com/document/d/1ZHDYAjKoBf6esvpzT1MmFa6ULxglSEGw8UN49K6X4ec/edit?usp=drivesdk&ouid=112966636072631084810
1m8hcArrte0ovFayz0M7qCgGYUX4xT7BM,Screenshot 2024-05-18 110558.png,primary,Personal /CR/Mexico-Puerto Escondido/ZAPTA - Photos,_Library/Photos/Screenshot 2024-05-18 110558.png,https://drive.google.com/file/d/1m8hcArrte0ovFayz0M7qCgGYUX4xT7BM/view?usp=drivesdk
12Xo24GhRT1ftp3FOfCIZRa4lh4U_-IO8,Screenshot 2024-05-18 110541.png,primary,Personal /CR/Mexico-Puerto Escondido/ZAPTA - Photos,_Library/Photos/Screenshot 2024-05-18 110541.png,https://drive.google.com/file/d/12Xo24GhRT1ftp3FOfCIZRa4lh4U_-IO8/view?usp=drivesdk
1RS3ufhhWi98ltauoAJBDZF-cXuggY9uv,Screenshot 2024-05-18 110337.png,primary,Personal /CR/Mexico-Puerto Escondido/ZAPTA - Photos,_Library/Photos/Screenshot 2024-05-18 110337.png,https://drive.google.com/file/d/1RS3ufhhWi98ltauoAJBDZF-cXuggY9uv/view?usp=drivesdk
1i46JVH3jKG7s-Cr__ouKmI2ovTWlwopt,Screenshot 2024-05-18 110248.png,primary,Personal /CR/Mexico-Puerto Escondido/ZAPTA - Photos,_Library/Photos/Screenshot 2024-05-18 110248.png,https://drive.google.com/file/d/1i46JVH3jKG7s-Cr__ouKmI2ovTWlwopt/view?usp=drivesdk
1RcRv5iSodZRnmGA-ef1e72t88iud-yJe,Screenshot 2024-05-18 110159.png,primary,Personal /CR/Mexico-Puerto Escondido/ZAPTA - Photos,_Library/Photos/Screenshot 2024-05-18 110159.png,https://drive.google.com/file/d/1RcRv5iSodZRnmGA-ef1e72t88iud-yJe/view?usp=drivesdk
13wY9cZulGoVAFpuNv9yDlppQLfBIU_BN,Screenshot 2024-05-18 110140.png,primary,Personal /CR/Mexico-Puerto Escondido/ZAPTA - Photos,_Library/Photos/Screenshot 2024-05-18 110140.png,https://drive.google.com/file/d/13wY9cZulGoVAFpuNv9yDlppQLfBIU_BN/view?usp=drivesdk
1Pvy22v_BReR_CxiMmFS7mfC25yFaiaOw,Screenshot 2024-05-18 110006.png,primary,Personal /CR/Mexico-Puerto Escondido/ZAPTA - Photos,_Library/Photos/Screenshot 2024-05-18 110006.png,https://drive.google.com/file/d/1Pvy22v_BReR_CxiMmFS7mfC25yFaiaOw/view?usp=drivesdk
1mFr7206yBhSmrx7bspPaKoA6FW6M7O47,Screenshot 2024-05-18 105946.png,primary,Personal /CR/Mexico-Puerto Escondido/ZAPTA - Photos,_Library/Photos/Screenshot 2024-05-18 105946.png,https://drive.google.com/file/d/1mFr7206yBhSmrx7bspPaKoA6FW6M7O47/view?usp=drivesdk
1du85BkomWQHQIXtvj3pJ70rkFda_isUx,Screenshot 2024-05-18 105922.png,primary,Personal /CR/Mexico-Puerto Escondido/ZAPTA - Photos,_Library/Photos/Screenshot 2024-05-18 105922.png,https://drive.google.com/file/d/1du85BkomWQHQIXtvj3pJ70rkFda_isUx/view?usp=drivesdk
1AznvPELUJ1SLL-EMt63XFf4uBN6-3E83,Screenshot 2024-05-18 105859.png,primary,Personal /CR/Mexico-Puerto Escondido/ZAPTA - Photos,_Library/Photos/Screenshot 2024-05-18 105859.png,https://drive.google.com/file/d/1AznvPELUJ1SLL-EMt63XFf4uBN6-3E83/view?usp=drivesdk
1yRHgCosT87FBFfjAGACLkIwCHquh-9ip,Screenshot 2024-05-18 105818.png,primary,Personal /CR/Mexico-Puerto Escondido/ZAPTA - Photos,_Library/Photos/Screenshot 2024-05-18 105818.png,https://drive.google.com/file/d/1yRHgCosT87FBFfjAGACLkIwCHquh-9ip/view?usp=drivesdk
1o5NewaOToXBmTpcj5qDtsxviHPpGkxXI,Screenshot 2024-05-18 105756.png,primary,Personal /CR/Mexico-Puerto Escondido/ZAPTA - Photos,_Library/Photos/Screenshot 2024-05-18 105756.png,https://drive.google.com/file/d/1o5NewaOToXBmTpcj5qDtsxviHPpGkxXI/view?usp=drivesdk
1jvjLGtvgrcroTstnwHuR5dCnrU-ruGZm,Screenshot 2024-05-18 105740.png,primary,Personal /CR/Mexico-Puerto Escondido/ZAPTA - Photos,_Library/Photos/Screenshot 2024-05-18 105740.png,https://drive.google.com/file/d/1jvjLGtvgrcroTstnwHuR5dCnrU-ruGZm/view?usp=drivesdk
1-3rlPht7wtCFk6x_MH_m_S-vQp1HnLRn,Screenshot 2024-05-18 105718.png,primary,Personal /CR/Mexico-Puerto Escondido/ZAPTA - Photos,_Library/Photos/Screenshot 2024-05-18 105718.png,https://drive.google.com/file/d/1-3rlPht7wtCFk6x_MH_m_S-vQp1HnLRn/view?usp=drivesdk
1dCYmSO7E7gAbWXKad45r8wIbwTqlOA06,Screenshot 2024-05-18 105658.png,primary,Personal /CR/Mexico-Puerto Escondido/ZAPTA - Photos,_Library/Photos/Screenshot 2024-05-18 105658.png,https://drive.google.com/file/d/1dCYmSO7E7gAbWXKad45r8wIbwTqlOA06/view?usp=drivesdk
10uyg3OJl1UuQgjNEj6OiwVgtYLaUFYS3,Screenshot 2024-05-18 105643.png,primary,Personal /CR/Mexico-Puerto Escondido/ZAPTA - Photos,_Library/Photos/Screenshot 2024-05-18 105643.png,https://drive.google.com/file/d/10uyg3OJl1UuQgjNEj6OiwVgtYLaUFYS3/view?usp=drivesdk
1njpa1cm0xAMNH13yCFsCd3M9dXAyaROu,Screenshot 2024-05-18 105618.png,primary,Personal /CR/Mexico-Puerto Escondido/ZAPTA - Photos,_Library/Photos/Screenshot 2024-05-18 105618.png,https://drive.google.com/file/d/1njpa1cm0xAMNH13yCFsCd3M9dXAyaROu/view?usp=drivesdk
11fQGJcpIuZJsXtvh-oQozjSgH6j7onVS,Screenshot 2024-05-18 105441.png,primary,Personal /CR/Mexico-Puerto Escondido/ZAPTA - Photos,_Library/Photos/Screenshot 2024-05-18 105441.png,https://drive.google.com/file/d/11fQGJcpIuZJsXtvh-oQozjSgH6j7onVS/view?usp=drivesdk
1ZsT2rdmklYoE9cEy6dqkIcuPJ94nRkDt,Screenshot 2024-05-18 105412.png,primary,Personal /CR/Mexico-Puerto Escondido/ZAPTA - Photos,_Library/Photos/Screenshot 2024-05-18 105412.png,https://drive.google.com/file/d/1ZsT2rdmklYoE9cEy6dqkIcuPJ94nRkDt/view?usp=drivesdk
1TooiQRlFyVBNGp8f-9Gjiw3mIygVwJKE,Screenshot 2024-05-18 105356.png,primary,Personal /CR/Mexico-Puerto Escondido/ZAPTA - Photos,_Library/Photos/Screenshot 2024-05-18 105356.png,https://drive.google.com/file/d/1TooiQRlFyVBNGp8f-9Gjiw3mIygVwJKE/view?usp=drivesdk
1un_JNd0005Pev6xn_ex5wseeIWU3jm5W,Screenshot 2024-05-18 105315.png,primary,Personal /CR/Mexico-Puerto Escondido/ZAPTA - Photos,_Library/Photos/Screenshot 2024-05-18 105315.png,https://drive.google.com/file/d/1un_JNd0005Pev6xn_ex5wseeIWU3jm5W/view?usp=drivesdk
1dGOUpMkQ1jVvktgx5OL-sv5FJS74BdZm,Screenshot 2024-05-18 105223.png,primary,Personal /CR/Mexico-Puerto Escondido/ZAPTA - Photos,_Library/Photos/Screenshot 2024-05-18 105223.png,https://drive.google.com/file/d/1dGOUpMkQ1jVvktgx5OL-sv5FJS74BdZm/view?usp=drivesdk
1vtF-G8t7xVilhrX45MZ0lKqOu27v7PoK,Screenshot 2024-05-18 105141.png,primary,Personal /CR/Mexico-Puerto Escondido/ZAPTA - Photos,_Library/Photos/Screenshot 2024-05-18 105141.png,https://drive.google.com/file/d/1vtF-G8t7xVilhrX45MZ0lKqOu27v7PoK/view?usp=drivesdk
1z7_KJVaMhDCdsxyv8gtVpd2-Sfgm3OoJ,Screenshot 2024-05-18 105141.png,duplicate,Personal /CR/Mexico-Puerto Escondido/ZAPTA - Photos,_Duplicates/Unknown/Screenshot 2024-05-18 105141.png,https://drive.google.com/file/d/1z7_KJVaMhDCdsxyv8gtVpd2-Sfgm3OoJ/view?usp=drivesdk
1oug7W1ZQlgpHuOzF9rhWinBmdVkOK3RD,Screenshot 2024-05-18 105115.png,primary,Personal /CR/Mexico-Puerto Escondido/ZAPTA - Photos,_Library/Photos/Screenshot 2024-05-18 105115.png,https://drive.google.com/file/d/1oug7W1ZQlgpHuOzF9rhWinBmdVkOK3RD/view?usp=drivesdk
1_CO2kj_h46dl64UgdVqjN44N5oN0DOvy,Screenshot 2024-05-18 105115.png,duplicate,Personal /CR/Mexico-Puerto Escondido/ZAPTA - Photos,_Duplicates/Unknown/Screenshot 2024-05-18 105115.png,https://drive.google.com/file/d/1_CO2kj_h46dl64UgdVqjN44N5oN0DOvy/view?usp=drivesdk
15olG_GHKkKiS26cR9nEb56SG_WgEKgAq,Screenshot 2024-05-18 105053.png,primary,Personal /CR/Mexico-Puerto Escondido/ZAPTA - Photos,_Library/Photos/Screenshot 2024-05-18 105053.png,https://drive.google.com/file/d/15olG_GHKkKiS26cR9nEb56SG_WgEKgAq/view?usp=drivesdk
1xK6xgsJos5hcfTm9appkTv6iucnr6-jK,Screenshot 2024-05-18 104535.png,primary,Personal /CR/Mexico-Puerto Escondido/ZAPTA - Photos,_Library/Photos/Screenshot 2024-05-18 104535.png,https://drive.google.com/file/d/1xK6xgsJos5hcfTm9appkTv6iucnr6-jK/view?usp=drivesdk
1PBe1a1bPFkYj9UIvH1Gpik4hcraQy47S,Screenshot 2024-05-18 104421.png,primary,Personal /CR/Mexico-Puerto Escondido/ZAPTA - Photos,_Library/Photos/Screenshot 2024-05-18 104421.png,https://drive.google.com/file/d/1PBe1a1bPFkYj9UIvH1Gpik4hcraQy47S/view?usp=drivesdk
1QpscX5cGYTjOhWuPoSCftosuj0xVmpXw,Screenshot 2024-05-18 104340.png,primary,Personal /CR/Mexico-Puerto Escondido/ZAPTA - Photos,_Library/Photos/Screenshot 2024-05-18 104340.png,https://drive.google.com/file/d/1QpscX5cGYTjOhWuPoSCftosuj0xVmpXw/view?usp=drivesdk
1iLHGsRG3bFWh6pIuBRvXbMvGInKv_oT_,Screenshot 2024-05-18 104317.png,primary,Personal /CR/Mexico-Puerto Escondido/ZAPTA - Photos,_Library/Photos/Screenshot 2024-05-18 104317.png,https://drive.google.com/file/d/1iLHGsRG3bFWh6pIuBRvXbMvGInKv_oT_/view?usp=drivesdk
11oQ1xhXmCx1NWWZ1mN0z2Js-EeScTslF,Screenshot 2024-05-18 104258.png,primary,Personal /CR/Mexico-Puerto Escondido/ZAPTA - Photos,_Library/Photos/Screenshot 2024-05-18 104258.png,https://drive.google.com/file/d/11oQ1xhXmCx1NWWZ1mN0z2Js-EeScTslF/view?usp=drivesdk
1vUGPsd3dhyjVKVvF-YSY0e7HEyu54-eC,Screenshot 2024-05-18 104222.png,primary,Personal /CR/Mexico-Puerto Escondido/ZAPTA - Photos,_Library/Photos/Screenshot 2024-05-18 104222.png,https://drive.google.com/file/d/1vUGPsd3dhyjVKVvF-YSY0e7HEyu54-eC/view?usp=drivesdk
1KcUJJ4MtKYIZvM00xSJu6ds1-4oz0Idn,Screenshot 2024-05-18 104204.png,primary,Personal /CR/Mexico-Puerto Escondido/ZAPTA - Photos,_Library/Photos/Screenshot 2024-05-18 104204.png,https://drive.google.com/file/d/1KcUJJ4MtKYIZvM00xSJu6ds1-4oz0Idn/view?usp=drivesdk
1gt0yi6JT93Amf2DqnmIGJEA4-nPDydt2,Screenshot 2024-05-18 104146.png,primary,Personal /CR/Mexico-Puerto Escondido/ZAPTA - Photos,_Library/Photos/Screenshot 2024-05-18 104146.png,https://drive.google.com/file/d/1gt0yi6JT93Amf2DqnmIGJEA4-nPDydt2/view?usp=drivesdk
1qdIYwhAeL2KU6TYV4KAQlNx4o_QbjOpa,Screenshot 2024-05-18 104136.png,primary,Personal /CR/Mexico-Puerto Escondido/ZAPTA - Photos,_Library/Photos/Screenshot 2024-05-18 104136.png,https://drive.google.com/file/d/1qdIYwhAeL2KU6TYV4KAQlNx4o_QbjOpa/view?usp=drivesdk
1FI4fzYAJcvcU0mZL-oBDIBoAbzehVwNN,Screenshot 2024-05-18 104127.png,primary,Personal /CR/Mexico-Puerto Escondido/ZAPTA - Photos,_Library/Photos/Screenshot 2024-05-18 104127.png,https://drive.google.com/file/d/1FI4fzYAJcvcU0mZL-oBDIBoAbzehVwNN/view?usp=drivesdk
1hC9svMdhtC6jbvim_ObUskJ13HFPHcvm,Screenshot 2024-05-18 104111.png,primary,Personal /CR/Mexico-Puerto Escondido/ZAPTA - Photos,_Library/Photos/Screenshot 2024-05-18 104111.png,https://drive.google.com/file/d/1hC9svMdhtC6jbvim_ObUskJ13HFPHcvm/view?usp=drivesdk
19lKl_rB9FBaS4N8qLyHblcbpIra7h4dG,Screenshot 2024-05-18 104051.png,primary,Personal /CR/Mexico-Puerto Escondido/ZAPTA - Photos,_Library/Photos/Screenshot 2024-05-18 104051.png,https://drive.google.com/file/d/19lKl_rB9FBaS4N8qLyHblcbpIra7h4dG/view?usp=drivesdk
1q5WAcSOu0nn_JerSdXJkPa5W8qf0jhMn,Screenshot 2024-05-18 104031.png,primary,Personal /CR/Mexico-Puerto Escondido/ZAPTA - Photos,_Library/Photos/Screenshot 2024-05-18 104031.png,https://drive.google.com/file/d/1q5WAcSOu0nn_JerSdXJkPa5W8qf0jhMn/view?usp=drivesdk
1VVm7k3yFYZBQtOonW9sCLLBY0zPULC0t,Screenshot 2024-05-18 104004.png,primary,Personal /CR/Mexico-Puerto Escondido/ZAPTA - Photos,_Library/Photos/Screenshot 2024-05-18 104004.png,https://drive.google.com/file/d/1VVm7k3yFYZBQtOonW9sCLLBY0zPULC0t/view?usp=drivesdk
1u11s9tn33UNQ9UuiW05cbdE8P_JVTGU8,Screenshot 2024-05-18 103946.png,primary,Personal /CR/Mexico-Puerto Escondido/ZAPTA - Photos,_Library/Photos/Screenshot 2024-05-18 103946.png,https://drive.google.com/file/d/1u11s9tn33UNQ9UuiW05cbdE8P_JVTGU8/view?usp=drivesdk
1YMDy8beOtwprFoSiHcvCGiXR7pTKZdHv,Screenshot 2024-05-18 103928.png,primary,Personal /CR/Mexico-Puerto Escondido/ZAPTA - Photos,_Library/Photos/Screenshot 2024-05-18 103928.png,https://drive.google.com/file/d/1YMDy8beOtwprFoSiHcvCGiXR7pTKZdHv/view?usp=drivesdk
1yHfQF2Ux9ab14-2qvTXHD-lM8YcITMxW,Screenshot 2024-05-18 103849.png,primary,Personal /CR/Mexico-Puerto Escondido/ZAPTA - Photos,_Library/Photos/Screenshot 2024-05-18 103849.png,https://drive.google.com/file/d/1yHfQF2Ux9ab14-2qvTXHD-lM8YcITMxW/view?usp=drivesdk
1u3DCZI21smpTMLwyrgstP2IqTKkjypm6,Screenshot 2024-05-18 103640.png,primary,Personal /CR/Mexico-Puerto Escondido/ZAPTA - Photos,_Library/Photos/Screenshot 2024-05-18 103640.png,https://drive.google.com/file/d/1u3DCZI21smpTMLwyrgstP2IqTKkjypm6/view?usp=drivesdk
1CQAQobadFPP9k7BvYXB1yTW9E-9B05SBZUlBT2nNXZE,Marketing-Puerto Escondido ,primary,Personal /CR/Mexico-Puerto Escondido,_Library/Marketing & OM/Marketing-Puerto Escondido ,https://docs.google.com/document/d/1CQAQobadFPP9k7BvYXB1yTW9E-9B05SBZUlBT2nNXZE/edit?usp=drivesdk&ouid=112966636072631084810
1q-sQKueGsbY45eAatZRUxyk0R8Rxy2cbMmnGCYwmiJU, Marketing Tips for Targeting Canadian Investors for Mexican Real Estate,primary,CORPORATION/Marketing ,_Library/Marketing & OM/ Marketing Tips for Targeting Canadian Investors for Mexican Real Estate,https://docs.google.com/document/d/1q-sQKueGsbY45eAatZRUxyk0R8Rxy2cbMmnGCYwmiJU/edit?usp=drivesdk&ouid=112966636072631084810
1BTPPREebNqZzgfLTIIosi3Omx0U6LJDrr9vKPSYwqXI,BUsiness Tips ,primary,CORPORATION/Business Plan,_NeedsReview/BUsiness Tips ,https://docs.google.com/document/d/1BTPPREebNqZzgfLTIIosi3Omx0U6LJDrr9vKPSYwqXI/edit?usp=drivesdk&ouid=112966636072631084810
1RFrYdFy430Co2tJxiV3Vm2G6hY-S3pDmBytRsiYNrVw,Telemarketing Sales Script for Puerto Escondido Properties,primary,Personal /CR/Mexico-Puerto Escondido,_NeedsReview/Telemarketing Sales Script for Puerto Escondido Properties,https://docs.google.com/document/d/1RFrYdFy430Co2tJxiV3Vm2G6hY-S3pDmBytRsiYNrVw/edit?usp=drivesdk&ouid=112966636072631084810
1kFXzk0h2MP6A0p_d28dkZmJgcsozUoq8,Referral_letter_10651.pdf,primary,CORPORATION/2024 Tax Info/10651 80 Ave,10651 80/_NeedsReview/Referral_letter_10651.pdf,https://drive.google.com/file/d/1kFXzk0h2MP6A0p_d28dkZmJgcsozUoq8/view?usp=drivesdk
1i1Ed4u3tFmJWXRUoDvc_kdHd2U7ak3xC,Financing Schedule.pdf,primary,Blank Purchase Contracts ,_NeedsReview/Financing Schedule.pdf,https://drive.google.com/file/d/1i1Ed4u3tFmJWXRUoDvc_kdHd2U7ak3xC/view?usp=drivesdk
19NxfQSHrysSdEZB1etgWaY6rQ5u5ji91,BL_6462852_0166867.pdf,primary,Invoices ,_NeedsReview/BL_6462852_0166867.pdf,https://drive.google.com/file/d/19NxfQSHrysSdEZB1etgWaY6rQ5u5ji91/view?usp=drivesdk
1JKZ0J5TT22vchljG5iEg2JcQBM_-5DgA,Disclosure-Statement-for-purchase-and-borrowing-money-for-mortgage.pdf,primary,Blank Purchase Contracts /Seller Financing Offers ,_Library/Contracts/Disclosure-Statement-for-purchase-and-borrowing-money-for-mortgage.pdf,https://drive.google.com/file/d/1JKZ0J5TT22vchljG5iEg2JcQBM_-5DgA/view?usp=drivesdk
1UZjWsV3ssOJSfJeV9-9MPe0kBJtnMJjw,JVA-Full-Version-with-Schedule-B.pdf,primary,Blank Purchase Contracts /Seller Financing Offers ,_NeedsReview/JVA-Full-Version-with-Schedule-B.pdf,https://drive.google.com/file/d/1UZjWsV3ssOJSfJeV9-9MPe0kBJtnMJjw/view?usp=drivesdk
1gwnaab_hxTC8HmRZZL1BDnSwhYoc7B_3,Schedule-C-Declaration-of-trust.pdf,primary,Blank Purchase Contracts /Seller Financing Offers ,_NeedsReview/Schedule-C-Declaration-of-trust.pdf,https://drive.google.com/file/d/1gwnaab_hxTC8HmRZZL1BDnSwhYoc7B_3/view?usp=drivesdk
1Sns8DF8g1atoLcgq1ZZ9-INJ2sLBsyY8,DONE-What-Exit-Strategy-can-you-use-to-make-it-the-best-quality-deal-for-all-parties-1-1 (1).pdf,primary,Blank Purchase Contracts /Seller Financing Offers ,_Library/Financials/DONE-What-Exit-Strategy-can-you-use-to-make-it-the-best-quality-deal-for-all-parties-1-1 (1).pdf,https://drive.google.com/file/d/1Sns8DF8g1atoLcgq1ZZ9-INJ2sLBsyY8/view?usp=drivesdk
1CLo25tDZpAzteduJ2XDkDE3aE3YIqpHl,How-to-do-a-low-money-down-AFS-VTB-fully-financed-purchase (1).pdf,primary,Blank Purchase Contracts /Seller Financing Offers ,_Library/Contracts/How-to-do-a-low-money-down-AFS-VTB-fully-financed-purchase (1).pdf,https://drive.google.com/file/d/1CLo25tDZpAzteduJ2XDkDE3aE3YIqpHl/view?usp=drivesdk
1rcusO9tGcXGEWmelDd0oklIfMitImB_s,1FFI1-2 (1).pdf,primary,Blank Purchase Contracts /Seller Financing Offers ,_NeedsReview/1FFI1-2 (1).pdf,https://drive.google.com/file/d/1rcusO9tGcXGEWmelDd0oklIfMitImB_s/view?usp=drivesdk
1qUVyB4KY7zfp6voS2794kqA7cw6bo6C1,1.A-Final-ADDENDUM-with-assignment-clause-pre-written-1 (2).pdf,primary,Blank Purchase Contracts /Seller Financing Offers ,_Library/Contracts/1.A-Final-ADDENDUM-with-assignment-clause-pre-written-1 (2).pdf,https://drive.google.com/file/d/1qUVyB4KY7zfp6voS2794kqA7cw6bo6C1/view?usp=drivesdk
1ikUyCnqCaWviO42xy_Onb3YAtQEtYCQN,1.A-Final-ADDENDUM-with-AFS-Clauses-pre-written-Copy-1 (1).pdf,primary,Blank Purchase Contracts /Seller Financing Offers ,_Library/Contracts/1.A-Final-ADDENDUM-with-AFS-Clauses-pre-written-Copy-1 (1).pdf,https://drive.google.com/file/d/1ikUyCnqCaWviO42xy_Onb3YAtQEtYCQN/view?usp=drivesdk
1KJmRwduN7w-_MklmArQra0SjPmmZ_3sA,DONE-Different-techniques-AFS-VTB-RTO-1.pdf,primary,Blank Purchase Contracts /Seller Financing Offers ,_NeedsReview/DONE-Different-techniques-AFS-VTB-RTO-1.pdf,https://drive.google.com/file/d/1KJmRwduN7w-_MklmArQra0SjPmmZ_3sA/view?usp=drivesdk
1Zd8X6HmevbNeMezs1qO0xEYgIiCpbIF5,DONE-Definitions-and-Explanations-of-Seller-Financing-Terms-1.pdf,primary,Blank Purchase Contracts /Seller Financing Offers ,_NeedsReview/DONE-Definitions-and-Explanations-of-Seller-Financing-Terms-1.pdf,https://drive.google.com/file/d/1Zd8X6HmevbNeMezs1qO0xEYgIiCpbIF5/view?usp=drivesdk
1z_FKiSslmV6WjJfZ2grWRe0nMBrfH_N4,10140 - 151 st offer letter.pdf,primary,Blank Purchase Contracts /Seller Financing Offers ,_NeedsReview/10140 - 151 st offer letter.pdf,https://drive.google.com/file/d/1z_FKiSslmV6WjJfZ2grWRe0nMBrfH_N4/view?usp=drivesdk
1HxHGRIIST4oo3mxFXwwdO14z7UCEAdQB,Financing schedule A- 1438.pdf,primary,Blank Purchase Contracts /Seller Financing Offers ,_Library/Contracts/Financing schedule A- 1438.pdf,https://drive.google.com/file/d/1HxHGRIIST4oo3mxFXwwdO14z7UCEAdQB/view?usp=drivesdk
164Xra4GmyQdeTBhCJIYjcvEZ-8lAfNgj,INV-000063.pdf,primary,Invoices ,_NeedsReview/INV-000063.pdf,https://drive.google.com/file/d/164Xra4GmyQdeTBhCJIYjcvEZ-8lAfNgj/view?usp=drivesdk
1Ufquo-LUBgvks0P0uQMZi9G5ilTHYNZK,Development Portfolio.docx,primary,(root),_NeedsReview/Development Portfolio.docx,https://drive.google.com/file/d/1Ufquo-LUBgvks0P0uQMZi9G5ilTHYNZK/view?usp=drivesdk
1gzxnkMwsxc184Yy3fytBWP-dEGF3ApRm,Travel Reel (2).mp4,primary,(root),_NeedsReview/Travel Reel (2).mp4,https://drive.google.com/file/d/1gzxnkMwsxc184Yy3fytBWP-dEGF3ApRm/view?usp=drivesdk
1BwvjBAKKiZkkmUzD3J25r5XrKvOkX2wZ,Travel Reel (1).mp4,primary,(root),_NeedsReview/Travel Reel (1).mp4,https://drive.google.com/file/d/1BwvjBAKKiZkkmUzD3J25r5XrKvOkX2wZ/view?usp=drivesdk
1u_Emsa7Z_O1Mp8QQX1Xty7T4MCzBdfje,Travel Reel (3).mp4,primary,(root),_NeedsReview/Travel Reel (3).mp4,https://drive.google.com/file/d/1u_Emsa7Z_O1Mp8QQX1Xty7T4MCzBdfje/view?usp=drivesdk
12e9tVa8STt1c4DzmS6Hj_4hkXesb3p5v,Travel Reel (4).mp4,primary,(root),_NeedsReview/Travel Reel (4).mp4,https://drive.google.com/file/d/12e9tVa8STt1c4DzmS6Hj_4hkXesb3p5v/view?usp=drivesdk
1BzzQvBPqCaiAK6lZb1R7VSsULB9NJ9Sn,Invoice # 3514 Melodia Marketing Facebook.pdf,primary,Invoices ,_Library/Financials/Invoice # 3514 Melodia Marketing Facebook.pdf,https://drive.google.com/file/d/1BzzQvBPqCaiAK6lZb1R7VSsULB9NJ9Sn/view?usp=drivesdk
1kEtYRpI5D7RoLkpHaUOSAExQRjcA1iHu,Invoice # 3514 Silvia Tran- Course.pdf,primary,Invoices ,_Library/Financials/Invoice # 3514 Silvia Tran- Course.pdf,https://drive.google.com/file/d/1kEtYRpI5D7RoLkpHaUOSAExQRjcA1iHu/view?usp=drivesdk
1Y2jFgjAnmq1NIbgr_WDex8u-g2w25299,Amendment_8207-121_Ave_(_2)_(1).pdf,primary,CORPORATION/2024 Tax Info/Sold Houses/Eastwood 6 Plex,_NeedsReview/Amendment_8207-121_Ave_(_2)_(1).pdf,https://drive.google.com/file/d/1Y2jFgjAnmq1NIbgr_WDex8u-g2w25299/view?usp=drivesdk
1naeXCTKAk377wsG6fryXBYJJLZA9CJwv,Condition_Wavier (1).pdf,primary,CORPORATION/2024 Tax Info/Sold Houses/Eastwood 6 Plex,_NeedsReview/Condition_Wavier (1).pdf,https://drive.google.com/file/d/1naeXCTKAk377wsG6fryXBYJJLZA9CJwv/view?usp=drivesdk
1QucbBFc_vjfqKX9GLr-2cy-v8kI8vlcB,Amendment_8207-121_Ave_(_2).pdf,primary,CORPORATION/2024 Tax Info/Sold Houses/Eastwood 6 Plex,_NeedsReview/Amendment_8207-121_Ave_(_2).pdf,https://drive.google.com/file/d/1QucbBFc_vjfqKX9GLr-2cy-v8kI8vlcB/view?usp=drivesdk
10s3Pmcz6QE0TqOPs1t2cM3XSW5iZ8zzO,Amendment_8207-121_Ave (2).pdf,primary,CORPORATION/2024 Tax Info/Sold Houses/Eastwood 6 Plex,_NeedsReview/Amendment_8207-121_Ave (2).pdf,https://drive.google.com/file/d/10s3Pmcz6QE0TqOPs1t2cM3XSW5iZ8zzO/view?usp=drivesdk
1z35GdAzebf1OHjNKrAffymDx8Q_6DDez,Copy of Development Portfolio.docx,primary,Personal /CR/Mexico-Puerto Escondido,_NeedsReview/Copy of Development Portfolio.docx,https://drive.google.com/file/d/1z35GdAzebf1OHjNKrAffymDx8Q_6DDez/view?usp=drivesdk
1pPNo8Od-8Ixj2I6BUkptks5qi9ixaOMG,"Vancouver, Co-Star, Sellers, All, Hospotality, After 2014.xlsx",primary,LEADS////SPREADSHEETS!,"_NeedsReview/Vancouver, Co-Star, Sellers, All, Hospotality, After 2014.xlsx",https://drive.google.com/file/d/1pPNo8Od-8Ixj2I6BUkptks5qi9ixaOMG/view?usp=drivesdk
1Cpe7pQEmyUcYW0OzyLp2NxcxHxjBIhB4,"Vancouver, Co-Star, Buyers, All, Hospotality, After 2014.xlsx",primary,LEADS////SPREADSHEETS!,"_NeedsReview/Vancouver, Co-Star, Buyers, All, Hospotality, After 2014.xlsx",https://drive.google.com/file/d/1Cpe7pQEmyUcYW0OzyLp2NxcxHxjBIhB4/view?usp=drivesdk
1eqFCN-Zp8wc7KUzwE3xveHfJo_MLU5tB,export (15).xlsx,primary,LEADS////SPREADSHEETS!,_NeedsReview/export (15).xlsx,https://drive.google.com/file/d/1eqFCN-Zp8wc7KUzwE3xveHfJo_MLU5tB/view?usp=drivesdk
1_GEeeW3hi1_Cd4RMjK9Ibpnlhw0-bQ_L,"Vancouver, Co-Star, Sellers, All, Land, After 2014.xlsx",primary,LEADS////SPREADSHEETS!,"_NeedsReview/Vancouver, Co-Star, Sellers, All, Land, After 2014.xlsx",https://drive.google.com/file/d/1_GEeeW3hi1_Cd4RMjK9Ibpnlhw0-bQ_L/view?usp=drivesdk
1GuJu1pYhvKol9Izqos5u45f1_lOBfJNu,export (14).xlsx,primary,LEADS////SPREADSHEETS!,_NeedsReview/export (14).xlsx,https://drive.google.com/file/d/1GuJu1pYhvKol9Izqos5u45f1_lOBfJNu/view?usp=drivesdk
1xNrCpGson6XpCvlls62NOKxY_EoLyMdw,export (13).xlsx,primary,LEADS////SPREADSHEETS!,_NeedsReview/export (13).xlsx,https://drive.google.com/file/d/1xNrCpGson6XpCvlls62NOKxY_EoLyMdw/view?usp=drivesdk
11yRW-Tc-vsL68uihtSgJrIPhrtVq8yMT,export (12).xlsx,primary,LEADS////SPREADSHEETS!,_NeedsReview/export (12).xlsx,https://drive.google.com/file/d/11yRW-Tc-vsL68uihtSgJrIPhrtVq8yMT/view?usp=drivesdk
1dTwxTYd961rjkuLIdQ7cUQtHI54vTFZLKrW1WXi48rI,"Co-Star: AB, Buyers/Sellers, Institunional",primary,Co-Star Calls  To Make ,"_NeedsReview/Co-Star: AB, Buyers/Sellers, Institunional",https://docs.google.com/spreadsheets/d/1dTwxTYd961rjkuLIdQ7cUQtHI54vTFZLKrW1WXi48rI/edit?usp=drivesdk&ouid=112966636072631084810
1b1eKKs5OkTOhsZSEKiGmca6AlPZ-ZFnC,IMG_4146.HEIC,primary,CORPORATION/2024 Tax Info/Sold Houses/Glenwood 16314 96A Ave/Photos 16314 96A Ave,16314 96A/Photos/IMG_4146.HEIC,https://drive.google.com/file/d/1b1eKKs5OkTOhsZSEKiGmca6AlPZ-ZFnC/view?usp=drivesdk
1ejhTihPK_rMkT8pCky7bt0mYGWy9Prd4,IMG_4113.MOV,primary,CORPORATION/2024 Tax Info/Sold Houses/Glenwood 16314 96A Ave/Photos 16314 96A Ave,16314 96A/_NeedsReview/IMG_4113.MOV,https://drive.google.com/file/d/1ejhTihPK_rMkT8pCky7bt0mYGWy9Prd4/view?usp=drivesdk
1xNat-Wt7m-4MyTUj9LNVu1OuMk3gX9wV,IMG_4112.HEIC,primary,CORPORATION/2024 Tax Info/Sold Houses/Glenwood 16314 96A Ave/Photos 16314 96A Ave,16314 96A/Photos/IMG_4112.HEIC,https://drive.google.com/file/d/1xNat-Wt7m-4MyTUj9LNVu1OuMk3gX9wV/view?usp=drivesdk
1JGgOg7e0N1B3REbkmF3FMWgryBWdeJgN,IMG_4156.HEIC,primary,CORPORATION/2024 Tax Info/Sold Houses/Glenwood 16314 96A Ave/Photos 16314 96A Ave,16314 96A/Photos/IMG_4156.HEIC,https://drive.google.com/file/d/1JGgOg7e0N1B3REbkmF3FMWgryBWdeJgN/view?usp=drivesdk
1k9XUpdml7VjQSohQ9iaV0gr7lGghfNCr,IMG_4141.HEIC,primary,CORPORATION/2024 Tax Info/Sold Houses/Glenwood 16314 96A Ave/Photos 16314 96A Ave,16314 96A/Photos/IMG_4141.HEIC,https://drive.google.com/file/d/1k9XUpdml7VjQSohQ9iaV0gr7lGghfNCr/view?usp=drivesdk
1ZFjh55wwgFa9upcR4VvN43DV348lbKrQ,IMG_4139.HEIC,primary,CORPORATION/2024 Tax Info/Sold Houses/Glenwood 16314 96A Ave/Photos 16314 96A Ave,16314 96A/Photos/IMG_4139.HEIC,https://drive.google.com/file/d/1ZFjh55wwgFa9upcR4VvN43DV348lbKrQ/view?usp=drivesdk
12NceGnq-y-I6m26KxeS8KQa0gFaXEimH,IMG_4160.HEIC,primary,CORPORATION/2024 Tax Info/Sold Houses/Glenwood 16314 96A Ave/Photos 16314 96A Ave,16314 96A/Photos/IMG_4160.HEIC,https://drive.google.com/file/d/12NceGnq-y-I6m26KxeS8KQa0gFaXEimH/view?usp=drivesdk
1rztbsKBmM_-HABvnTAPncLEBCXP6Xtok,IMG_4144.HEIC,primary,CORPORATION/2024 Tax Info/Sold Houses/Glenwood 16314 96A Ave/Photos 16314 96A Ave,16314 96A/Photos/IMG_4144.HEIC,https://drive.google.com/file/d/1rztbsKBmM_-HABvnTAPncLEBCXP6Xtok/view?usp=drivesdk
1Vq2yUpyVIq_r4VMWN-8vR7yPzrrpQXK3,IMG_4138.HEIC,primary,CORPORATION/2024 Tax Info/Sold Houses/Glenwood 16314 96A Ave/Photos 16314 96A Ave,16314 96A/Photos/IMG_4138.HEIC,https://drive.google.com/file/d/1Vq2yUpyVIq_r4VMWN-8vR7yPzrrpQXK3/view?usp=drivesdk
1VJfOlGoWaJzo4IZDdDei9DhDNS_RCYbB,IMG_4143.HEIC,primary,CORPORATION/2024 Tax Info/Sold Houses/Glenwood 16314 96A Ave/Photos 16314 96A Ave,16314 96A/Photos/IMG_4143.HEIC,https://drive.google.com/file/d/1VJfOlGoWaJzo4IZDdDei9DhDNS_RCYbB/view?usp=drivesdk
1rnXB0gMdGYthchI5iIcTpOfVN4tyXeCB,IMG_4135.HEIC,primary,CORPORATION/2024 Tax Info/Sold Houses/Glenwood 16314 96A Ave/Photos 16314 96A Ave,16314 96A/Photos/IMG_4135.HEIC,https://drive.google.com/file/d/1rnXB0gMdGYthchI5iIcTpOfVN4tyXeCB/view?usp=drivesdk
16dYs-CjTMQrnOOU8Qo7S57FRhYSSIEK_,IMG_4142.HEIC,primary,CORPORATION/2024 Tax Info/Sold Houses/Glenwood 16314 96A Ave/Photos 16314 96A Ave,16314 96A/Photos/IMG_4142.HEIC,https://drive.google.com/file/d/16dYs-CjTMQrnOOU8Qo7S57FRhYSSIEK_/view?usp=drivesdk
1mak0U9fjPEBbGQ7zY68YX-hSVGfcPQkI,IMG_4149.HEIC,primary,CORPORATION/2024 Tax Info/Sold Houses/Glenwood 16314 96A Ave/Photos 16314 96A Ave,16314 96A/Photos/IMG_4149.HEIC,https://drive.google.com/file/d/1mak0U9fjPEBbGQ7zY68YX-hSVGfcPQkI/view?usp=drivesdk
1wya274mOiqZdLb2Ob0Mt6p9PZ17My781,IMG_4134.HEIC,primary,CORPORATION/2024 Tax Info/Sold Houses/Glenwood 16314 96A Ave/Photos 16314 96A Ave,16314 96A/Photos/IMG_4134.HEIC,https://drive.google.com/file/d/1wya274mOiqZdLb2Ob0Mt6p9PZ17My781/view?usp=drivesdk
1kf2YmF3DbynkJZisXjmSjO2ONfW0uq85,IMG_4162.HEIC,primary,CORPORATION/2024 Tax Info/Sold Houses/Glenwood 16314 96A Ave/Photos 16314 96A Ave,16314 96A/Photos/IMG_4162.HEIC,https://drive.google.com/file/d/1kf2YmF3DbynkJZisXjmSjO2ONfW0uq85/view?usp=drivesdk
1pWv4l3VsGUqCT2GDwEWEBkPLA3Kyclg5,IMG_4136.HEIC,primary,CORPORATION/2024 Tax Info/Sold Houses/Glenwood 16314 96A Ave/Photos 16314 96A Ave,16314 96A/Photos/IMG_4136.HEIC,https://drive.google.com/file/d/1pWv4l3VsGUqCT2GDwEWEBkPLA3Kyclg5/view?usp=drivesdk
1cSlVDI0i2JJZ-nEnd-kkLwbGqJzspy7G,IMG_4148.HEIC,primary,CORPORATION/2024 Tax Info/Sold Houses/Glenwood 16314 96A Ave/Photos 16314 96A Ave,16314 96A/Photos/IMG_4148.HEIC,https://drive.google.com/file/d/1cSlVDI0i2JJZ-nEnd-kkLwbGqJzspy7G/view?usp=drivesdk
1aJXMK31JWTfEFajNxf9ZiNvoeyV_M6Nm,IMG_4140.HEIC,primary,CORPORATION/2024 Tax Info/Sold Houses/Glenwood 16314 96A Ave/Photos 16314 96A Ave,16314 96A/Photos/IMG_4140.HEIC,https://drive.google.com/file/d/1aJXMK31JWTfEFajNxf9ZiNvoeyV_M6Nm/view?usp=drivesdk
1BKoEUiv16k_T7ppuM01oPiU4COQDixIc,IMG_4161.HEIC,primary,CORPORATION/2024 Tax Info/Sold Houses/Glenwood 16314 96A Ave/Photos 16314 96A Ave,16314 96A/Photos/IMG_4161.HEIC,https://drive.google.com/file/d/1BKoEUiv16k_T7ppuM01oPiU4COQDixIc/view?usp=drivesdk
1hZp_rCUUS9aO6kmZLi5ysmzOTeeUGJJ6,IMG_4117.HEIC,primary,CORPORATION/2024 Tax Info/Sold Houses/Glenwood 16314 96A Ave/Photos 16314 96A Ave,16314 96A/Photos/IMG_4117.HEIC,https://drive.google.com/file/d/1hZp_rCUUS9aO6kmZLi5ysmzOTeeUGJJ6/view?usp=drivesdk
1J0KmtoSgrEzigjJeTh5YMTMO3i2iJEvl,IMG_4116.HEIC,primary,CORPORATION/2024 Tax Info/Sold Houses/Glenwood 16314 96A Ave/Photos 16314 96A Ave,16314 96A/Photos/IMG_4116.HEIC,https://drive.google.com/file/d/1J0KmtoSgrEzigjJeTh5YMTMO3i2iJEvl/view?usp=drivesdk
1mRKS_MJalRzbobqHI3BVdVXy5xaam_7H,IMG_4150.HEIC,primary,CORPORATION/2024 Tax Info/Sold Houses/Glenwood 16314 96A Ave/Photos 16314 96A Ave,16314 96A/Photos/IMG_4150.HEIC,https://drive.google.com/file/d/1mRKS_MJalRzbobqHI3BVdVXy5xaam_7H/view?usp=drivesdk
1pICMJttd40HlhlauDT8PMaVP21E7jGao,IMG_4122.HEIC,primary,CORPORATION/2024 Tax Info/Sold Houses/Glenwood 16314 96A Ave/Photos 16314 96A Ave,16314 96A/Photos/IMG_4122.HEIC,https://drive.google.com/file/d/1pICMJttd40HlhlauDT8PMaVP21E7jGao/view?usp=drivesdk
16vtrHVea4LRJ7uhdCGuGr5tZGjFH_S6m,IMG_4115.HEIC,primary,CORPORATION/2024 Tax Info/Sold Houses/Glenwood 16314 96A Ave/Photos 16314 96A Ave,16314 96A/Photos/IMG_4115.HEIC,https://drive.google.com/file/d/16vtrHVea4LRJ7uhdCGuGr5tZGjFH_S6m/view?usp=drivesdk
1xNbRNRGq-Dghf40rRu7gyb_eeLYHGeMf,IMG_4127.HEIC,primary,CORPORATION/2024 Tax Info/Sold Houses/Glenwood 16314 96A Ave/Photos 16314 96A Ave,16314 96A/Photos/IMG_4127.HEIC,https://drive.google.com/file/d/1xNbRNRGq-Dghf40rRu7gyb_eeLYHGeMf/view?usp=drivesdk
1tNWcbeZQS19n_aSSG9SlLCqCtO4R3eWb,IMG_4126.HEIC,primary,CORPORATION/2024 Tax Info/Sold Houses/Glenwood 16314 96A Ave/Photos 16314 96A Ave,16314 96A/Photos/IMG_4126.HEIC,https://drive.google.com/file/d/1tNWcbeZQS19n_aSSG9SlLCqCtO4R3eWb/view?usp=drivesdk
11urZWx9d4rXsNOpYn6kbUNmgXCCPciL2,IMG_4120.HEIC,primary,CORPORATION/2024 Tax Info/Sold Houses/Glenwood 16314 96A Ave/Photos 16314 96A Ave,16314 96A/Photos/IMG_4120.HEIC,https://drive.google.com/file/d/11urZWx9d4rXsNOpYn6kbUNmgXCCPciL2/view?usp=drivesdk
13dw-AZnRN-2oJ_5k3SydraNwRqVesNWl,IMG_4125.HEIC,primary,CORPORATION/2024 Tax Info/Sold Houses/Glenwood 16314 96A Ave/Photos 16314 96A Ave,16314 96A/Photos/IMG_4125.HEIC,https://drive.google.com/file/d/13dw-AZnRN-2oJ_5k3SydraNwRqVesNWl/view?usp=drivesdk
1E-xnUwxCW3E13iuWwYC11XHnLoutW47p,IMG_4153.HEIC,primary,CORPORATION/2024 Tax Info/Sold Houses/Glenwood 16314 96A Ave/Photos 16314 96A Ave,16314 96A/Photos/IMG_4153.HEIC,https://drive.google.com/file/d/1E-xnUwxCW3E13iuWwYC11XHnLoutW47p/view?usp=drivesdk
1gl0CmGc-E2gbxOFhPnbQLCTGly6AdPuS,IMG_4131.HEIC,primary,CORPORATION/2024 Tax Info/Sold Houses/Glenwood 16314 96A Ave/Photos 16314 96A Ave,16314 96A/Photos/IMG_4131.HEIC,https://drive.google.com/file/d/1gl0CmGc-E2gbxOFhPnbQLCTGly6AdPuS/view?usp=drivesdk
1yt1_DqQyBbDBMEJpRyvOuxGIlwO8HHqm,IMG_4121.HEIC,primary,CORPORATION/2024 Tax Info/Sold Houses/Glenwood 16314 96A Ave/Photos 16314 96A Ave,16314 96A/Photos/IMG_4121.HEIC,https://drive.google.com/file/d/1yt1_DqQyBbDBMEJpRyvOuxGIlwO8HHqm/view?usp=drivesdk
1vVwHm-ddQIo1Qlb5zZaIC0Fr6ias5F0_,IMG_4159.HEIC,primary,CORPORATION/2024 Tax Info/Sold Houses/Glenwood 16314 96A Ave/Photos 16314 96A Ave,16314 96A/Photos/IMG_4159.HEIC,https://drive.google.com/file/d/1vVwHm-ddQIo1Qlb5zZaIC0Fr6ias5F0_/view?usp=drivesdk
18391fkU6-jiWIvUvOxkoHof-x41-V6nK,IMG_4154.HEIC,primary,CORPORATION/2024 Tax Info/Sold Houses/Glenwood 16314 96A Ave/Photos 16314 96A Ave,16314 96A/Photos/IMG_4154.HEIC,https://drive.google.com/file/d/18391fkU6-jiWIvUvOxkoHof-x41-V6nK/view?usp=drivesdk
1xay1iRVPc7sicSmfx4DDj847ccOxHMdf,IMG_4118.HEIC,primary,CORPORATION/2024 Tax Info/Sold Houses/Glenwood 16314 96A Ave/Photos 16314 96A Ave,16314 96A/Photos/IMG_4118.HEIC,https://drive.google.com/file/d/1xay1iRVPc7sicSmfx4DDj847ccOxHMdf/view?usp=drivesdk
1LUBhz5QGQ9Ner6-w_h9DnfQQkWjY2QEo,IMG_4132.HEIC,primary,CORPORATION/2024 Tax Info/Sold Houses/Glenwood 16314 96A Ave/Photos 16314 96A Ave,16314 96A/Photos/IMG_4132.HEIC,https://drive.google.com/file/d/1LUBhz5QGQ9Ner6-w_h9DnfQQkWjY2QEo/view?usp=drivesdk
1M9F5Q44tMaSCy7zy72uqBb-_TtxspxEJ,IMG_4124.HEIC,primary,CORPORATION/2024 Tax Info/Sold Houses/Glenwood 16314 96A Ave/Photos 16314 96A Ave,16314 96A/Photos/IMG_4124.HEIC,https://drive.google.com/file/d/1M9F5Q44tMaSCy7zy72uqBb-_TtxspxEJ/view?usp=drivesdk
1QuLZEinwwCCtR46krpM-YrMj5GK1YFIN,IMG_4128.HEIC,primary,CORPORATION/2024 Tax Info/Sold Houses/Glenwood 16314 96A Ave/Photos 16314 96A Ave,16314 96A/Photos/IMG_4128.HEIC,https://drive.google.com/file/d/1QuLZEinwwCCtR46krpM-YrMj5GK1YFIN/view?usp=drivesdk
12GJqYDHXlz339vkjQPddbS1VMxbVCDrA,IMG_4130.HEIC,primary,CORPORATION/2024 Tax Info/Sold Houses/Glenwood 16314 96A Ave/Photos 16314 96A Ave,16314 96A/Photos/IMG_4130.HEIC,https://drive.google.com/file/d/12GJqYDHXlz339vkjQPddbS1VMxbVCDrA/view?usp=drivesdk
1qzDwIbQ37JW8b-l72bXaVfma4vRRPXuz,IMG_4133.HEIC,primary,CORPORATION/2024 Tax Info/Sold Houses/Glenwood 16314 96A Ave/Photos 16314 96A Ave,16314 96A/Photos/IMG_4133.HEIC,https://drive.google.com/file/d/1qzDwIbQ37JW8b-l72bXaVfma4vRRPXuz/view?usp=drivesdk
1EgqWGpBxkoASeXDVHuIvY3CzmxLrNb3G,IMG_4129.HEIC,primary,CORPORATION/2024 Tax Info/Sold Houses/Glenwood 16314 96A Ave/Photos 16314 96A Ave,16314 96A/Photos/IMG_4129.HEIC,https://drive.google.com/file/d/1EgqWGpBxkoASeXDVHuIvY3CzmxLrNb3G/view?usp=drivesdk
1j3fDDX_BDG-sxwG7rUnUxDV8Wo1EzUPe,IMG_4114.HEIC,primary,CORPORATION/2024 Tax Info/Sold Houses/Glenwood 16314 96A Ave/Photos 16314 96A Ave,16314 96A/Photos/IMG_4114.HEIC,https://drive.google.com/file/d/1j3fDDX_BDG-sxwG7rUnUxDV8Wo1EzUPe/view?usp=drivesdk
1rob_xg9fl91qx7LgaiO2SecRp0xsiY4e,IMG_4152.HEIC,primary,CORPORATION/2024 Tax Info/Sold Houses/Glenwood 16314 96A Ave/Photos 16314 96A Ave,16314 96A/Photos/IMG_4152.HEIC,https://drive.google.com/file/d/1rob_xg9fl91qx7LgaiO2SecRp0xsiY4e/view?usp=drivesdk
1X_FEOtHPf58I1qiF0H0_ItVIbO48xS2S,IMG_4123.HEIC,primary,CORPORATION/2024 Tax Info/Sold Houses/Glenwood 16314 96A Ave/Photos 16314 96A Ave,16314 96A/Photos/IMG_4123.HEIC,https://drive.google.com/file/d/1X_FEOtHPf58I1qiF0H0_ItVIbO48xS2S/view?usp=drivesdk
1woBPXGGDN-WUJBNGtlwD214QLafnJJ6l,Travel Reel Sample.mp4,primary,(root),_NeedsReview/Travel Reel Sample.mp4,https://drive.google.com/file/d/1woBPXGGDN-WUJBNGtlwD214QLafnJJ6l/view?usp=drivesdk
1mE3NPv6yG6xAIQ14nA1Cn8TitZ4ReER4,IMG_3490.MOV,primary,Personal /CR/Mexico-Puerto Escondido/Puerto Escondido Clips ,_NeedsReview/IMG_3490.MOV,https://drive.google.com/file/d/1mE3NPv6yG6xAIQ14nA1Cn8TitZ4ReER4/view?usp=drivesdk
1tfXorqRHvSyidqR-3sF_9Kz2-gaOFQkS,IMG_3463.MOV,primary,Personal /CR/Mexico-Puerto Escondido/Puerto Escondido Clips ,_NeedsReview/IMG_3463.MOV,https://drive.google.com/file/d/1tfXorqRHvSyidqR-3sF_9Kz2-gaOFQkS/view?usp=drivesdk
1H24Hiv-TX_Z0JTuhX-BfX6PsRTI9vREG,955e3777-0ab8-4364-ad74-25b832e7ea3f.mp4,primary,Personal /CR/Mexico-Puerto Escondido/Puerto Escondido Clips ,_NeedsReview/955e3777-0ab8-4364-ad74-25b832e7ea3f.mp4,https://drive.google.com/file/d/1H24Hiv-TX_Z0JTuhX-BfX6PsRTI9vREG/view?usp=drivesdk
19OQ1j3Gf2si2xi2tYLcpgzopdBp8QTss,IMG_3434.MOV,primary,Personal /CR/Mexico-Puerto Escondido/Puerto Escondido Clips ,_NeedsReview/IMG_3434.MOV,https://drive.google.com/file/d/19OQ1j3Gf2si2xi2tYLcpgzopdBp8QTss/view?usp=drivesdk
1fou3EUEWwJk5WIx_gpw63vMXirxclMzr,IMG_3464.MOV,primary,Personal /CR/Mexico-Puerto Escondido/Puerto Escondido Clips ,_NeedsReview/IMG_3464.MOV,https://drive.google.com/file/d/1fou3EUEWwJk5WIx_gpw63vMXirxclMzr/view?usp=drivesdk
1xraQZU1JyqlLPiJOXItESvZxLjD5C7xs,IMG_3466.MOV,primary,Personal /CR/Mexico-Puerto Escondido/Puerto Escondido Clips ,_NeedsReview/IMG_3466.MOV,https://drive.google.com/file/d/1xraQZU1JyqlLPiJOXItESvZxLjD5C7xs/view?usp=drivesdk
1D0kluaa-DVmgUr5W9fNI7eE31aSxmnnp,IMG_2017.MOV,primary,Personal /CR/Mexico-Puerto Escondido/Puerto Escondido Clips ,_NeedsReview/IMG_2017.MOV,https://drive.google.com/file/d/1D0kluaa-DVmgUr5W9fNI7eE31aSxmnnp/view?usp=drivesdk
1cv3Lf6SO0plf-MbRjeOiLrZfch0x4SNb,IMG_3518.MOV,primary,Personal /CR/Mexico-Puerto Escondido/Puerto Escondido Clips ,_NeedsReview/IMG_3518.MOV,https://drive.google.com/file/d/1cv3Lf6SO0plf-MbRjeOiLrZfch0x4SNb/view?usp=drivesdk
1TCNnKARYZXqlQKMF9xSVKgGk2d4rirvq,IMG_3390.MOV,primary,Personal /CR/Mexico-Puerto Escondido/Puerto Escondido Clips ,_NeedsReview/IMG_3390.MOV,https://drive.google.com/file/d/1TCNnKARYZXqlQKMF9xSVKgGk2d4rirvq/view?usp=drivesdk
10sXdGy5GXkmwuRrbheHY0s-3zwL4nuHt,IMG_3686.MOV,primary,Personal /CR/Mexico-Puerto Escondido/Puerto Escondido Clips ,_NeedsReview/IMG_3686.MOV,https://drive.google.com/file/d/10sXdGy5GXkmwuRrbheHY0s-3zwL4nuHt/view?usp=drivesdk
1Q1FUQ4Judv9cUMIt5ob4YRy6eXv5LWxv,IMG_3731.MOV,primary,Personal /CR/Mexico-Puerto Escondido/Puerto Escondido Clips ,_NeedsReview/IMG_3731.MOV,https://drive.google.com/file/d/1Q1FUQ4Judv9cUMIt5ob4YRy6eXv5LWxv/view?usp=drivesdk
1WAKUd_qcLxrR0MoWdg6DRk-LdmQH72b_,IMG_3427.MOV,primary,Personal /CR/Mexico-Puerto Escondido/Puerto Escondido Clips ,_NeedsReview/IMG_3427.MOV,https://drive.google.com/file/d/1WAKUd_qcLxrR0MoWdg6DRk-LdmQH72b_/view?usp=drivesdk
1AnaMvijwEhSixMKvljiiPwgmqgfwAmBc,IMG_3496.MOV,primary,Personal /CR/Mexico-Puerto Escondido/Puerto Escondido Clips ,_NeedsReview/IMG_3496.MOV,https://drive.google.com/file/d/1AnaMvijwEhSixMKvljiiPwgmqgfwAmBc/view?usp=drivesdk
13oumbfenX9yCexT9lFzzEg8gPXix6jfI,IMG_3531.MOV,primary,Personal /CR/Mexico-Puerto Escondido/Puerto Escondido Clips ,_NeedsReview/IMG_3531.MOV,https://drive.google.com/file/d/13oumbfenX9yCexT9lFzzEg8gPXix6jfI/view?usp=drivesdk
1va2iGZvpIhiyOOICLQrRDloizs02jHhu,A6C99779-D4F8-44A3-AF0E-991468EF0CE2.mp4,primary,Personal /CR/Mexico-Puerto Escondido/Puerto Escondido Clips ,_NeedsReview/A6C99779-D4F8-44A3-AF0E-991468EF0CE2.mp4,https://drive.google.com/file/d/1va2iGZvpIhiyOOICLQrRDloizs02jHhu/view?usp=drivesdk
1-SIIxpqQdlbtJ4xxWOkh2oK-BB-oyrnN,IMG_3497.MOV,primary,Personal /CR/Mexico-Puerto Escondido/Puerto Escondido Clips ,_NeedsReview/IMG_3497.MOV,https://drive.google.com/file/d/1-SIIxpqQdlbtJ4xxWOkh2oK-BB-oyrnN/view?usp=drivesdk
1tAgr01CoLBgaGFlle7eBxKydr6TauZs2,IMG_3678.MOV,primary,Personal /CR/Mexico-Puerto Escondido/Puerto Escondido Clips ,_NeedsReview/IMG_3678.MOV,https://drive.google.com/file/d/1tAgr01CoLBgaGFlle7eBxKydr6TauZs2/view?usp=drivesdk
1T9Pp2ouFF4MPo3_5Sb1Cn0tQClqIZZ_f,IMG_2744.MOV,primary,Personal /CR/Mexico-Puerto Escondido/Puerto Escondido Clips ,_NeedsReview/IMG_2744.MOV,https://drive.google.com/file/d/1T9Pp2ouFF4MPo3_5Sb1Cn0tQClqIZZ_f/view?usp=drivesdk
1qfX1gfLd0PFMZWJHrb8UbJ_4_Lyp_2mG,IMG_3701.MOV,primary,Personal /CR/Mexico-Puerto Escondido/Puerto Escondido Clips ,_NeedsReview/IMG_3701.MOV,https://drive.google.com/file/d/1qfX1gfLd0PFMZWJHrb8UbJ_4_Lyp_2mG/view?usp=drivesdk
1HDc5HYLan6nWdhwNecvtpQPg1rgA-nFM,IMG_3366.MOV,primary,Personal /CR/Mexico-Puerto Escondido/Puerto Escondido Clips ,_NeedsReview/IMG_3366.MOV,https://drive.google.com/file/d/1HDc5HYLan6nWdhwNecvtpQPg1rgA-nFM/view?usp=drivesdk
1X6VaeDS4dJhJfiPEixpoSNagf6PhUTHz,IMG_3482.MOV,primary,Personal /CR/Mexico-Puerto Escondido/Puerto Escondido Clips ,_NeedsReview/IMG_3482.MOV,https://drive.google.com/file/d/1X6VaeDS4dJhJfiPEixpoSNagf6PhUTHz/view?usp=drivesdk
13vUjCWSH_bJSsLvHSXo6Zs0ZkxLjVIbg,IMG_3402.MOV,primary,Personal /CR/Mexico-Puerto Escondido/Puerto Escondido Clips ,_NeedsReview/IMG_3402.MOV,https://drive.google.com/file/d/13vUjCWSH_bJSsLvHSXo6Zs0ZkxLjVIbg/view?usp=drivesdk
1IioR_TLvJRs8n-YqkIR0FIsvgi_CtY8V,IMG_3527.MOV,primary,Personal /CR/Mexico-Puerto Escondido/Puerto Escondido Clips ,_NeedsReview/IMG_3527.MOV,https://drive.google.com/file/d/1IioR_TLvJRs8n-YqkIR0FIsvgi_CtY8V/view?usp=drivesdk
1RcB_813pYg-6C5QqJHCInH24bm_3wqZo,IMG_3541.MOV,primary,Personal /CR/Mexico-Puerto Escondido/Puerto Escondido Clips ,_NeedsReview/IMG_3541.MOV,https://drive.google.com/file/d/1RcB_813pYg-6C5QqJHCInH24bm_3wqZo/view?usp=drivesdk
1XCMwH3J8A7wYTvsor7OUuRfbq483HLuS,IMG_3066.MOV,primary,Personal /CR/Mexico-Puerto Escondido/Puerto Escondido Clips ,_NeedsReview/IMG_3066.MOV,https://drive.google.com/file/d/1XCMwH3J8A7wYTvsor7OUuRfbq483HLuS/view?usp=drivesdk
1l424oa6OAe7UMDzmSHzakxrgRrbLlG4k,IMG_3370.MOV,primary,Personal /CR/Mexico-Puerto Escondido/Puerto Escondido Clips ,_NeedsReview/IMG_3370.MOV,https://drive.google.com/file/d/1l424oa6OAe7UMDzmSHzakxrgRrbLlG4k/view?usp=drivesdk
1nvfJMwjdjefbuEdZ1Vo4M2ZzW_4D5t_z,IMG_3305.MOV,primary,Personal /CR/Mexico-Puerto Escondido/Puerto Escondido Clips ,_NeedsReview/IMG_3305.MOV,https://drive.google.com/file/d/1nvfJMwjdjefbuEdZ1Vo4M2ZzW_4D5t_z/view?usp=drivesdk
1q5Watez0yjKSBgY6JzLan2NrdWi5MZj5,IMG_3515.MOV,primary,Personal /CR/Mexico-Puerto Escondido/Puerto Escondido Clips ,_NeedsReview/IMG_3515.MOV,https://drive.google.com/file/d/1q5Watez0yjKSBgY6JzLan2NrdWi5MZj5/view?usp=drivesdk
1AOwEhlslSl8aJKIknE4zXyTDK0K99bvx,IMG_2879.MOV,primary,Personal /CR/Mexico-Puerto Escondido/Puerto Escondido Clips ,_NeedsReview/IMG_2879.MOV,https://drive.google.com/file/d/1AOwEhlslSl8aJKIknE4zXyTDK0K99bvx/view?usp=drivesdk
1M9BWRg_dMS3PD6IXK2N8C28kVsaixCOk,IMG_3396.MOV,primary,Personal /CR/Mexico-Puerto Escondido/Puerto Escondido Clips ,_NeedsReview/IMG_3396.MOV,https://drive.google.com/file/d/1M9BWRg_dMS3PD6IXK2N8C28kVsaixCOk/view?usp=drivesdk
1cBI4ENyAzMFchIqMUsw7DBHj1f-Gtat9,IMG_3445.MOV,primary,Personal /CR/Mexico-Puerto Escondido/Puerto Escondido Clips ,_NeedsReview/IMG_3445.MOV,https://drive.google.com/file/d/1cBI4ENyAzMFchIqMUsw7DBHj1f-Gtat9/view?usp=drivesdk
1-BFj9I_QuyEaSlqpXn13QyL5y-KwlHN5,IMG_3075.MOV,primary,Personal /CR/Mexico-Puerto Escondido/Puerto Escondido Clips ,_NeedsReview/IMG_3075.MOV,https://drive.google.com/file/d/1-BFj9I_QuyEaSlqpXn13QyL5y-KwlHN5/view?usp=drivesdk
1HZ_IUWa_71XHQw42LO_NY0PTqRU05__e,7B1FAEC8-835E-46C0-B708-B52D454C4695.mp4,primary,Personal /CR/Mexico-Puerto Escondido/Puerto Escondido Clips ,_NeedsReview/7B1FAEC8-835E-46C0-B708-B52D454C4695.mp4,https://drive.google.com/file/d/1HZ_IUWa_71XHQw42LO_NY0PTqRU05__e/view?usp=drivesdk
1BwlmCFyRzkHRUjYyg4MNrlRQ5RKHMefa,IMG_3050.MOV,primary,Personal /CR/Mexico-Puerto Escondido/Puerto Escondido Clips ,_NeedsReview/IMG_3050.MOV,https://drive.google.com/file/d/1BwlmCFyRzkHRUjYyg4MNrlRQ5RKHMefa/view?usp=drivesdk
1EuEPRpWKBv-aRxGG4HieX37ZCwftroE1,IMG_3691.MOV,primary,Personal /CR/Mexico-Puerto Escondido/Puerto Escondido Clips ,_NeedsReview/IMG_3691.MOV,https://drive.google.com/file/d/1EuEPRpWKBv-aRxGG4HieX37ZCwftroE1/view?usp=drivesdk
182AJqyq-ZO2ue3C_dWvC7aMNRreuv4ie,IMG_3433.MOV,primary,Personal /CR/Mexico-Puerto Escondido/Puerto Escondido Clips ,_NeedsReview/IMG_3433.MOV,https://drive.google.com/file/d/182AJqyq-ZO2ue3C_dWvC7aMNRreuv4ie/view?usp=drivesdk
170GjKYr2-bmqbVu79IWm8_YFyGVyIjAF,IMG_2721.MOV,primary,Personal /CR/Mexico-Puerto Escondido/Puerto Escondido Clips ,_NeedsReview/IMG_2721.MOV,https://drive.google.com/file/d/170GjKYr2-bmqbVu79IWm8_YFyGVyIjAF/view?usp=drivesdk
1I2IGzyxg2ouIGAsaLz_0O3s1lk39kqLY,IMG_2759.MOV,primary,Personal /CR/Mexico-Puerto Escondido/Puerto Escondido Clips ,_NeedsReview/IMG_2759.MOV,https://drive.google.com/file/d/1I2IGzyxg2ouIGAsaLz_0O3s1lk39kqLY/view?usp=drivesdk
1I-qx9sihE700dliilUxhl6JQ3RXUSoU5,IMG_3444.MOV,primary,Personal /CR/Mexico-Puerto Escondido/Puerto Escondido Clips ,_NeedsReview/IMG_3444.MOV,https://drive.google.com/file/d/1I-qx9sihE700dliilUxhl6JQ3RXUSoU5/view?usp=drivesdk
1Y9OOWZZCgEMk4qcpYOHjG5dmZb8Mfobr,IMG_2727.MOV,primary,Personal /CR/Mexico-Puerto Escondido/Puerto Escondido Clips ,_NeedsReview/IMG_2727.MOV,https://drive.google.com/file/d/1Y9OOWZZCgEMk4qcpYOHjG5dmZb8Mfobr/view?usp=drivesdk
1I3TSCDBqLDy40Bp2DuRKASEa0WQlqr3T,recorded-2838122370921.MP4,primary,Personal /CR/Mexico-Puerto Escondido/Puerto Escondido Clips ,_NeedsReview/recorded-2838122370921.MP4,https://drive.google.com/file/d/1I3TSCDBqLDy40Bp2DuRKASEa0WQlqr3T/view?usp=drivesdk
1FSZdW9G_iMQ3j7Je4lI9rKYWyrDnf9_o,IMG_3373.MOV,primary,Personal /CR/Mexico-Puerto Escondido/Puerto Escondido Clips ,_NeedsReview/IMG_3373.MOV,https://drive.google.com/file/d/1FSZdW9G_iMQ3j7Je4lI9rKYWyrDnf9_o/view?usp=drivesdk
1lB6IYkG4DJ4K6TcIs6HZpkL1wFVOAV4v,EFDB90BD-E1C3-4CEA-A76B-32E241761BC9.mp4,primary,Personal /CR/Mexico-Puerto Escondido/Puerto Escondido Clips ,_NeedsReview/EFDB90BD-E1C3-4CEA-A76B-32E241761BC9.mp4,https://drive.google.com/file/d/1lB6IYkG4DJ4K6TcIs6HZpkL1wFVOAV4v/view?usp=drivesdk
1IkPk0McnzJ5cPNa-QPcCKadben_-0BdX,IMG_3419.MOV,primary,Personal /CR/Mexico-Puerto Escondido/Puerto Escondido Clips ,_NeedsReview/IMG_3419.MOV,https://drive.google.com/file/d/1IkPk0McnzJ5cPNa-QPcCKadben_-0BdX/view?usp=drivesdk
1gG1NQT3G70fUkyke4H0UPfFKX3VXp936,IMG_3506.MOV,primary,Personal /CR/Mexico-Puerto Escondido/Puerto Escondido Clips ,_NeedsReview/IMG_3506.MOV,https://drive.google.com/file/d/1gG1NQT3G70fUkyke4H0UPfFKX3VXp936/view?usp=drivesdk
1uMZZcJrFuju6nnhjSH9To6akjgsXHxtM,IMG_3516.MOV,primary,Personal /CR/Mexico-Puerto Escondido/Puerto Escondido Clips ,_NeedsReview/IMG_3516.MOV,https://drive.google.com/file/d/1uMZZcJrFuju6nnhjSH9To6akjgsXHxtM/view?usp=drivesdk
1YkvwET7jn2IX7NGEIHwtPSFwShWTNfqQ,IMG_3730.MOV,primary,Personal /CR/Mexico-Puerto Escondido/Puerto Escondido Clips ,_NeedsReview/IMG_3730.MOV,https://drive.google.com/file/d/1YkvwET7jn2IX7NGEIHwtPSFwShWTNfqQ/view?usp=drivesdk
1vmfq7CxA3aAs6hxMWN4DeZI19EyLTd_a,IMG_3014.MOV,primary,Personal /CR/Mexico-Puerto Escondido/Puerto Escondido Clips ,_NeedsReview/IMG_3014.MOV,https://drive.google.com/file/d/1vmfq7CxA3aAs6hxMWN4DeZI19EyLTd_a/view?usp=drivesdk
1me5I6s3Acf5GftD31HPCy4hLw4ZDhR1k,IMG_2742.MOV,primary,Personal /CR/Mexico-Puerto Escondido/Puerto Escondido Clips ,_NeedsReview/IMG_2742.MOV,https://drive.google.com/file/d/1me5I6s3Acf5GftD31HPCy4hLw4ZDhR1k/view?usp=drivesdk
1WrwgAAMxTOdxZz6skYHVBxbscT1Fr5sf,IMG_3399.MOV,primary,Personal /CR/Mexico-Puerto Escondido/Puerto Escondido Clips ,_NeedsReview/IMG_3399.MOV,https://drive.google.com/file/d/1WrwgAAMxTOdxZz6skYHVBxbscT1Fr5sf/view?usp=drivesdk
1NriODZo04YHrbH2flqLOMCY2Dd3HQccP,IMG_3584.MOV,primary,Personal /CR/Mexico-Puerto Escondido/Puerto Escondido Clips ,_NeedsReview/IMG_3584.MOV,https://drive.google.com/file/d/1NriODZo04YHrbH2flqLOMCY2Dd3HQccP/view?usp=drivesdk
1poiTXYBZiWr7gDOo2Vc3Epd8p-viBUr9,IMG_3520.MOV,primary,Personal /CR/Mexico-Puerto Escondido/Puerto Escondido Clips ,_NeedsReview/IMG_3520.MOV,https://drive.google.com/file/d/1poiTXYBZiWr7gDOo2Vc3Epd8p-viBUr9/view?usp=drivesdk
1g_Wnyj2MpXMQyJzyZPTglGCQ2gXr46ZH,IMG_3087.MOV,primary,Personal /CR/Mexico-Puerto Escondido/Puerto Escondido Clips ,_NeedsReview/IMG_3087.MOV,https://drive.google.com/file/d/1g_Wnyj2MpXMQyJzyZPTglGCQ2gXr46ZH/view?usp=drivesdk
188tY7uxEfclhPh6hSPurPYTBly0VYc2G,IMG_2067.MOV,primary,Personal /CR/Mexico-Puerto Escondido/Puerto Escondido Clips ,_NeedsReview/IMG_2067.MOV,https://drive.google.com/file/d/188tY7uxEfclhPh6hSPurPYTBly0VYc2G/view?usp=drivesdk
1lMmNwX3ll0h_kYtfXiRm53VluQ-LW9fQ,IMG_3455.MOV,primary,Personal /CR/Mexico-Puerto Escondido/Puerto Escondido Clips ,_NeedsReview/IMG_3455.MOV,https://drive.google.com/file/d/1lMmNwX3ll0h_kYtfXiRm53VluQ-LW9fQ/view?usp=drivesdk
1LOUPzfLxD3LJuZj8DvEmeIluGnmqy0l2,IMG_2996.MOV,primary,Personal /CR/Mexico-Puerto Escondido/Puerto Escondido Clips ,_NeedsReview/IMG_2996.MOV,https://drive.google.com/file/d/1LOUPzfLxD3LJuZj8DvEmeIluGnmqy0l2/view?usp=drivesdk
1UuFNO4IwTqqDylHRyYZ70QDtw9lNVMp9,IMG_3450.MOV,primary,Personal /CR/Mexico-Puerto Escondido/Puerto Escondido Clips ,_NeedsReview/IMG_3450.MOV,https://drive.google.com/file/d/1UuFNO4IwTqqDylHRyYZ70QDtw9lNVMp9/view?usp=drivesdk
10pi0QwHvSfVuQH_IQiSeEBaEQFnxSHa_,IMG_3485.MOV,primary,Personal /CR/Mexico-Puerto Escondido/Puerto Escondido Clips ,_NeedsReview/IMG_3485.MOV,https://drive.google.com/file/d/10pi0QwHvSfVuQH_IQiSeEBaEQFnxSHa_/view?usp=drivesdk
1PPGXw23gVB0GLEZOYfkNd-ZOzFS22EGi,IMG_3576.MOV,primary,Personal /CR/Mexico-Puerto Escondido/Puerto Escondido Clips ,_NeedsReview/IMG_3576.MOV,https://drive.google.com/file/d/1PPGXw23gVB0GLEZOYfkNd-ZOzFS22EGi/view?usp=drivesdk
1j0ZsSDMh5OpKAHD4aASg1_GJV4diTWlj,IMG_3481.MOV,primary,Personal /CR/Mexico-Puerto Escondido/Puerto Escondido Clips ,_NeedsReview/IMG_3481.MOV,https://drive.google.com/file/d/1j0ZsSDMh5OpKAHD4aASg1_GJV4diTWlj/view?usp=drivesdk
1glW6W5ElyyyW6AzI-hCghRxy785AF5pm,IMG_3405.MOV,primary,Personal /CR/Mexico-Puerto Escondido/Puerto Escondido Clips ,_NeedsReview/IMG_3405.MOV,https://drive.google.com/file/d/1glW6W5ElyyyW6AzI-hCghRxy785AF5pm/view?usp=drivesdk
12rhNbgYgFk758gnzYY-xieWCiYhHxq5k,e53d977e-f104-47d8-a7ed-c4828dc6c413.mp4,primary,Personal /CR/Mexico-Puerto Escondido/Puerto Escondido Clips ,_NeedsReview/e53d977e-f104-47d8-a7ed-c4828dc6c413.mp4,https://drive.google.com/file/d/12rhNbgYgFk758gnzYY-xieWCiYhHxq5k/view?usp=drivesdk
17iJo9WwXgynsR4sJSxH7ut14dACcxvh5,e53d977e-f104-47d8-a7ed-c4828dc6c413.mp4,duplicate,Personal /CR/Mexico-Puerto Escondido/Puerto Escondido Clips ,_Duplicates/Unknown/e53d977e-f104-47d8-a7ed-c4828dc6c413.mp4,https://drive.google.com/file/d/17iJo9WwXgynsR4sJSxH7ut14dACcxvh5/view?usp=drivesdk
1TgUeScDdkwTNfC6ueO8aJRzykF1_Lqx9,IMG_3493.MOV,primary,Personal /CR/Mexico-Puerto Escondido/Puerto Escondido Clips ,_NeedsReview/IMG_3493.MOV,https://drive.google.com/file/d/1TgUeScDdkwTNfC6ueO8aJRzykF1_Lqx9/view?usp=drivesdk
1uBSi3F0Cfp0l0R0DdpcVujbm47v_v0cO,IMG_3015.MOV,primary,Personal /CR/Mexico-Puerto Escondido/Puerto Escondido Clips ,_NeedsReview/IMG_3015.MOV,https://drive.google.com/file/d/1uBSi3F0Cfp0l0R0DdpcVujbm47v_v0cO/view?usp=drivesdk
1Cqzv2lLEeDCeWQH85l6-t4gFUn47oAsd,IMG_3729.MOV,primary,Personal /CR/Mexico-Puerto Escondido/Puerto Escondido Clips ,_NeedsReview/IMG_3729.MOV,https://drive.google.com/file/d/1Cqzv2lLEeDCeWQH85l6-t4gFUn47oAsd/view?usp=drivesdk
1d2Ta4lGOqHdOPxSqC6pkzZ4yDZsAHbXk,IMG_3443.MOV,primary,Personal /CR/Mexico-Puerto Escondido/Puerto Escondido Clips ,_NeedsReview/IMG_3443.MOV,https://drive.google.com/file/d/1d2Ta4lGOqHdOPxSqC6pkzZ4yDZsAHbXk/view?usp=drivesdk
1ASH2V1l5Hj3dxFeUJkSkys_cjogFH-0k,IMG_3494.MOV,primary,Personal /CR/Mexico-Puerto Escondido/Puerto Escondido Clips ,_NeedsReview/IMG_3494.MOV,https://drive.google.com/file/d/1ASH2V1l5Hj3dxFeUJkSkys_cjogFH-0k/view?usp=drivesdk
1IPrs__aLxkWfzvLl49t74MUeFP_66n2t,IMG_3397.MOV,primary,Personal /CR/Mexico-Puerto Escondido/Puerto Escondido Clips ,_NeedsReview/IMG_3397.MOV,https://drive.google.com/file/d/1IPrs__aLxkWfzvLl49t74MUeFP_66n2t/view?usp=drivesdk
1a2Diui_Mj3A3f3RkgW36XqloWEOb-sRt,IMG_3051.MOV,primary,Personal /CR/Mexico-Puerto Escondido/Puerto Escondido Clips ,_NeedsReview/IMG_3051.MOV,https://drive.google.com/file/d/1a2Diui_Mj3A3f3RkgW36XqloWEOb-sRt/view?usp=drivesdk
15HMt5IiSbDj3msQG1IJ566ZFciMC1GDh,IMG_3004.MOV,primary,Personal /CR/Mexico-Puerto Escondido/Puerto Escondido Clips ,_NeedsReview/IMG_3004.MOV,https://drive.google.com/file/d/15HMt5IiSbDj3msQG1IJ566ZFciMC1GDh/view?usp=drivesdk
1WPVKhDu_m8rZ55IsLyBNsTHy7o6TsXwv,IMG_3436.MOV,primary,Personal /CR/Mexico-Puerto Escondido/Puerto Escondido Clips ,_NeedsReview/IMG_3436.MOV,https://drive.google.com/file/d/1WPVKhDu_m8rZ55IsLyBNsTHy7o6TsXwv/view?usp=drivesdk
1sU9uQkyWo5K4jzRt08L3rcKNFaI5kT9Y,IMG_3011.MOV,primary,Personal /CR/Mexico-Puerto Escondido/Puerto Escondido Clips ,_NeedsReview/IMG_3011.MOV,https://drive.google.com/file/d/1sU9uQkyWo5K4jzRt08L3rcKNFaI5kT9Y/view?usp=drivesdk
1TG05eVGj25RuIxT_h_aeBWBVOvo6Pu-t,IMG_3398.MOV,primary,Personal /CR/Mexico-Puerto Escondido/Puerto Escondido Clips ,_NeedsReview/IMG_3398.MOV,https://drive.google.com/file/d/1TG05eVGj25RuIxT_h_aeBWBVOvo6Pu-t/view?usp=drivesdk
1YBHJNnYxQ15RU_ZuuhBbHBdDCnK3jQjT,IMG_3441.MOV,primary,Personal /CR/Mexico-Puerto Escondido/Puerto Escondido Clips ,_NeedsReview/IMG_3441.MOV,https://drive.google.com/file/d/1YBHJNnYxQ15RU_ZuuhBbHBdDCnK3jQjT/view?usp=drivesdk
1oIGm64j_zxSMqFO8fOP_sjyMwJ0a9y26,IMG_3264.MOV,primary,Personal /CR/Mexico-Puerto Escondido/Puerto Escondido Clips ,_NeedsReview/IMG_3264.MOV,https://drive.google.com/file/d/1oIGm64j_zxSMqFO8fOP_sjyMwJ0a9y26/view?usp=drivesdk
1hrkYdmpc4PnEsF4-mq8glptRvid_vAXv,IMG_4944.MOV,primary,Personal /CR/Mexico-Puerto Escondido/Puerto Escondido Clips ,_NeedsReview/IMG_4944.MOV,https://drive.google.com/file/d/1hrkYdmpc4PnEsF4-mq8glptRvid_vAXv/view?usp=drivesdk
1D1HUFNwFIxb6h6_t-Z0olCnt0v_BsEfn,export (11).xlsx,primary,LEADS////SPREADSHEETS!,_NeedsReview/export (11).xlsx,https://drive.google.com/file/d/1D1HUFNwFIxb6h6_t-Z0olCnt0v_BsEfn/view?usp=drivesdk
1FXIXfcvhZxEQ-gr7D8K7sEaizo35A2Bf,export (10).xlsx,primary,LEADS////SPREADSHEETS!,_NeedsReview/export (10).xlsx,https://drive.google.com/file/d/1FXIXfcvhZxEQ-gr7D8K7sEaizo35A2Bf/view?usp=drivesdk
1SvJ9rwjrbfXfAUq5MKzYnAi5tpnkIJF1,export (9).xlsx,primary,LEADS////SPREADSHEETS!,_NeedsReview/export (9).xlsx,https://drive.google.com/file/d/1SvJ9rwjrbfXfAUq5MKzYnAi5tpnkIJF1/view?usp=drivesdk
1CbWzbcFxUlQ749K-rvyyqHPHu1tFuBUF,export (8).xlsx,primary,LEADS////SPREADSHEETS!,_NeedsReview/export (8).xlsx,https://drive.google.com/file/d/1CbWzbcFxUlQ749K-rvyyqHPHu1tFuBUF/view?usp=drivesdk
1sJg_CJr3CW1hHun5s6zPfCpM6qz4hAd-,export (7).xlsx,primary,LEADS////SPREADSHEETS!,_NeedsReview/export (7).xlsx,https://drive.google.com/file/d/1sJg_CJr3CW1hHun5s6zPfCpM6qz4hAd-/view?usp=drivesdk
1gD4N2rwBP2iQkC8BiEFheSoTzFVn6fQH,export (6).xlsx,primary,LEADS////SPREADSHEETS!,_NeedsReview/export (6).xlsx,https://drive.google.com/file/d/1gD4N2rwBP2iQkC8BiEFheSoTzFVn6fQH/view?usp=drivesdk
1VnN3vicdiCBvfK2pwGNyD-mweoNc_Pzl,export (5).xlsx,primary,LEADS////SPREADSHEETS!,_NeedsReview/export (5).xlsx,https://drive.google.com/file/d/1VnN3vicdiCBvfK2pwGNyD-mweoNc_Pzl/view?usp=drivesdk
16IqtffTro4OATbStoKregEHd2gvE6WvP,export (4).xlsx,primary,LEADS////SPREADSHEETS!,_NeedsReview/export (4).xlsx,https://drive.google.com/file/d/16IqtffTro4OATbStoKregEHd2gvE6WvP/view?usp=drivesdk
1ltld6K5dhJhIypg198hyHIN0paatbIbA,export (3).xlsx,primary,LEADS////SPREADSHEETS!,_NeedsReview/export (3).xlsx,https://drive.google.com/file/d/1ltld6K5dhJhIypg198hyHIN0paatbIbA/view?usp=drivesdk
1aRpcllMtnqY89AUy5inpvu5EBYY1J73Q,export (2).xlsx,primary,LEADS////SPREADSHEETS!,_NeedsReview/export (2).xlsx,https://drive.google.com/file/d/1aRpcllMtnqY89AUy5inpvu5EBYY1J73Q/view?usp=drivesdk
1c1aRB_9zBIs-QAZyayxfQyejA7713DhK,export (1).xlsx,primary,LEADS////SPREADSHEETS!,_NeedsReview/export (1).xlsx,https://drive.google.com/file/d/1c1aRB_9zBIs-QAZyayxfQyejA7713DhK/view?usp=drivesdk
1SxpAsLSqVgV_-fXDbF19EQr0jJ7LM3a-,export.xlsx,primary,LEADS////SPREADSHEETS!,_NeedsReview/export.xlsx,https://drive.google.com/file/d/1SxpAsLSqVgV_-fXDbF19EQr0jJ7LM3a-/view?usp=drivesdk
18fnzdHWRBeV7YeXYlvHxxDoyzJP_c_BJ,BEA-Lead List: #4.xlsx,primary,CORPORATION/Employee/Employees ,_NeedsReview/BEA-Lead List: #4.xlsx,https://drive.google.com/file/d/18fnzdHWRBeV7YeXYlvHxxDoyzJP_c_BJ/view?usp=drivesdk
10d2pWdsl-YMFOPdcGTwtJj9hz1MCUScv,Purchase_Contract_-_16314_96_A_AVE Signed.pdf,primary,CORPORATION/2024 Tax Info/Sold Houses/Glenwood 16314 96A Ave,16314 96A/_NeedsReview/Purchase_Contract_-_16314_96_A_AVE Signed.pdf,https://drive.google.com/file/d/10d2pWdsl-YMFOPdcGTwtJj9hz1MCUScv/view?usp=drivesdk
1WPb0N7v213tSm30YYgx57u1uy66UCm5x,Screenshot 2024-05-04 163518.png,primary,CORPORATION/2024 Tax Info/Sold Houses/Glenwood 16314 96A Ave/Photos 16314 96A Ave,16314 96A/Photos/Screenshot 2024-05-04 163518.png,https://drive.google.com/file/d/1WPb0N7v213tSm30YYgx57u1uy66UCm5x/view?usp=drivesdk
1LUziQxoNj7kDtCzNzajxpv3QHn4iR1gY,Screenshot 2024-05-04 163501.png,primary,CORPORATION/2024 Tax Info/Sold Houses/Glenwood 16314 96A Ave/Photos 16314 96A Ave,16314 96A/Photos/Screenshot 2024-05-04 163501.png,https://drive.google.com/file/d/1LUziQxoNj7kDtCzNzajxpv3QHn4iR1gY/view?usp=drivesdk
1qB6EvX49U7knvsLNClymiJbvVHMbWxhS,IMG_3820.JPG,primary,CORPORATION/2024 Tax Info/Sold Houses/Glenwood 16314 96A Ave/Photos 16314 96A Ave,16314 96A/Photos/IMG_3820.JPG,https://drive.google.com/file/d/1qB6EvX49U7knvsLNClymiJbvVHMbWxhS/view?usp=drivesdk
14JnwZrZbQd8SIvGKfJLxoTmt6UDqKWzl,IMG_3829.JPG,primary,CORPORATION/2024 Tax Info/Sold Houses/Glenwood 16314 96A Ave/Photos 16314 96A Ave,16314 96A/Photos/IMG_3829.JPG,https://drive.google.com/file/d/14JnwZrZbQd8SIvGKfJLxoTmt6UDqKWzl/view?usp=drivesdk
1_44yH6a2S4cEkdK7990wUQZPWa90S_Vx,IMG_3821.JPG,primary,CORPORATION/2024 Tax Info/Sold Houses/Glenwood 16314 96A Ave/Photos 16314 96A Ave,16314 96A/Photos/IMG_3821.JPG,https://drive.google.com/file/d/1_44yH6a2S4cEkdK7990wUQZPWa90S_Vx/view?usp=drivesdk
1-Rj6RyACxnErZZNhRi0hAHceYQ9m0n2z,IMG_3832.JPG,primary,CORPORATION/2024 Tax Info/Sold Houses/Glenwood 16314 96A Ave/Photos 16314 96A Ave,16314 96A/Photos/IMG_3832.JPG,https://drive.google.com/file/d/1-Rj6RyACxnErZZNhRi0hAHceYQ9m0n2z/view?usp=drivesdk
1rAiDSxQeP6nwV9I82UvW9lAwP0KsYm0d,IMG_3830.JPG,primary,CORPORATION/2024 Tax Info/Sold Houses/Glenwood 16314 96A Ave/Photos 16314 96A Ave,16314 96A/Photos/IMG_3830.JPG,https://drive.google.com/file/d/1rAiDSxQeP6nwV9I82UvW9lAwP0KsYm0d/view?usp=drivesdk
1Ok0xmULKtNHYSbuy6eySUtGv_ZC8sek8,IMG_3836.JPG,primary,CORPORATION/2024 Tax Info/Sold Houses/Glenwood 16314 96A Ave/Photos 16314 96A Ave,16314 96A/Photos/IMG_3836.JPG,https://drive.google.com/file/d/1Ok0xmULKtNHYSbuy6eySUtGv_ZC8sek8/view?usp=drivesdk
1vCMPpnxWBLRKYJ6FFYPs7MQgvdYnj_F3,IMG_3831.JPG,primary,CORPORATION/2024 Tax Info/Sold Houses/Glenwood 16314 96A Ave/Photos 16314 96A Ave,16314 96A/Photos/IMG_3831.JPG,https://drive.google.com/file/d/1vCMPpnxWBLRKYJ6FFYPs7MQgvdYnj_F3/view?usp=drivesdk
1DcT14-eO8hBRJeN-qNbCN3hwt_scBRpF,IMG_3835.JPG,primary,CORPORATION/2024 Tax Info/Sold Houses/Glenwood 16314 96A Ave/Photos 16314 96A Ave,16314 96A/Photos/IMG_3835.JPG,https://drive.google.com/file/d/1DcT14-eO8hBRJeN-qNbCN3hwt_scBRpF/view?usp=drivesdk
1FmPwpB2Av47UyygMcz2-u3qggHIE1sA0,IMG_3823.JPG,primary,CORPORATION/2024 Tax Info/Sold Houses/Glenwood 16314 96A Ave/Photos 16314 96A Ave,16314 96A/Photos/IMG_3823.JPG,https://drive.google.com/file/d/1FmPwpB2Av47UyygMcz2-u3qggHIE1sA0/view?usp=drivesdk
1iwspP0_a1VLTYzoSX5Obitg2W1nCKAZc,IMG_3824.JPG,primary,CORPORATION/2024 Tax Info/Sold Houses/Glenwood 16314 96A Ave/Photos 16314 96A Ave,16314 96A/Photos/IMG_3824.JPG,https://drive.google.com/file/d/1iwspP0_a1VLTYzoSX5Obitg2W1nCKAZc/view?usp=drivesdk
1SL8ctqrRI1OSdvRfXV1o0dxhuAyK6GQK,IMG_3828.JPG,primary,CORPORATION/2024 Tax Info/Sold Houses/Glenwood 16314 96A Ave/Photos 16314 96A Ave,16314 96A/Photos/IMG_3828.JPG,https://drive.google.com/file/d/1SL8ctqrRI1OSdvRfXV1o0dxhuAyK6GQK/view?usp=drivesdk
1w_MaN-Zy9WaNGKt4kJ3M95YSpCL1v2rd,IMG_3825.JPG,primary,CORPORATION/2024 Tax Info/Sold Houses/Glenwood 16314 96A Ave/Photos 16314 96A Ave,16314 96A/Photos/IMG_3825.JPG,https://drive.google.com/file/d/1w_MaN-Zy9WaNGKt4kJ3M95YSpCL1v2rd/view?usp=drivesdk
17imH4R5QAjPQl8KMe7N2c9drWS7WLekb,IMG_3833.JPG,primary,CORPORATION/2024 Tax Info/Sold Houses/Glenwood 16314 96A Ave/Photos 16314 96A Ave,16314 96A/Photos/IMG_3833.JPG,https://drive.google.com/file/d/17imH4R5QAjPQl8KMe7N2c9drWS7WLekb/view?usp=drivesdk
1QY9WmWZjgaGxv2FiNF6fm06lD5AnISKY,IMG_3834.JPG,primary,CORPORATION/2024 Tax Info/Sold Houses/Glenwood 16314 96A Ave/Photos 16314 96A Ave,16314 96A/Photos/IMG_3834.JPG,https://drive.google.com/file/d/1QY9WmWZjgaGxv2FiNF6fm06lD5AnISKY/view?usp=drivesdk
1sJ2SK1BG5jW5n8eLD1oRLu3GQDVz9RfT,IMG_3826.JPG,primary,CORPORATION/2024 Tax Info/Sold Houses/Glenwood 16314 96A Ave/Photos 16314 96A Ave,16314 96A/Photos/IMG_3826.JPG,https://drive.google.com/file/d/1sJ2SK1BG5jW5n8eLD1oRLu3GQDVz9RfT/view?usp=drivesdk
1aYc_vUVO30plHQHoVDBf4Ps7hbpPQnU-,IMG_3822.JPG,primary,CORPORATION/2024 Tax Info/Sold Houses/Glenwood 16314 96A Ave/Photos 16314 96A Ave,16314 96A/Photos/IMG_3822.JPG,https://drive.google.com/file/d/1aYc_vUVO30plHQHoVDBf4Ps7hbpPQnU-/view?usp=drivesdk
1BCPO39vrVJ9WcheTR_N83GuKFcc5ph75,IMG_3827.JPG,primary,CORPORATION/2024 Tax Info/Sold Houses/Glenwood 16314 96A Ave/Photos 16314 96A Ave,16314 96A/Photos/IMG_3827.JPG,https://drive.google.com/file/d/1BCPO39vrVJ9WcheTR_N83GuKFcc5ph75/view?usp=drivesdk
1T74PPvYNan0QtjQueJ-9iBEocOe1g0MK,Screenshot 2024-05-04 163004.png,primary,CORPORATION/2024 Tax Info/Sold Houses/Glenwood 16314 96A Ave/Photos 16314 96A Ave,16314 96A/Photos/Screenshot 2024-05-04 163004.png,https://drive.google.com/file/d/1T74PPvYNan0QtjQueJ-9iBEocOe1g0MK/view?usp=drivesdk
1lMmFoVFCsW5iUp22OwRyjl_ZdYDrZMWM,Screenshot 2024-05-04 162737.png,primary,CORPORATION/2024 Tax Info/Sold Houses/Glenwood 16314 96A Ave/Photos 16314 96A Ave,16314 96A/Photos/Screenshot 2024-05-04 162737.png,https://drive.google.com/file/d/1lMmFoVFCsW5iUp22OwRyjl_ZdYDrZMWM/view?usp=drivesdk
1Pg3pSkEgds4OlnFnMeaR0BpOGx65VROy,INDEPENDENT CONTRACTOR AGREEMENT - Sunrize Investments; BPV VA services.pdf,primary,CORPORATION/Employee/Employees /Employment agreement ,_Library/Contracts/INDEPENDENT CONTRACTOR AGREEMENT - Sunrize Investments; BPV VA services.pdf,https://drive.google.com/file/d/1Pg3pSkEgds4OlnFnMeaR0BpOGx65VROy/view?usp=drivesdk
1dH69HNJJS-F-c3Tvri7FDooAGjWaFKXL,IMG_9241.jpg,primary,CORPORATION/Identidication ,_Library/Photos/IMG_9241.jpg,https://drive.google.com/file/d/1dH69HNJJS-F-c3Tvri7FDooAGjWaFKXL/view?usp=drivesdk
1-c6U466tAVK7iJYO4of4JZV4xN7wJ3-G,222063488_50404290_0_0.pdf,primary,NEW Properties /Titles Pulled ,_NeedsReview/222063488_50404290_0_0.pdf,https://drive.google.com/file/d/1-c6U466tAVK7iJYO4of4JZV4xN7wJ3-G/view?usp=drivesdk
14dM0OTaDtX3E4bm4EEfalYD_5znHNzXy,April Invoice for Sunni.pdf,primary,Invoices ,_Library/Financials/April Invoice for Sunni.pdf,https://drive.google.com/file/d/14dM0OTaDtX3E4bm4EEfalYD_5znHNzXy/view?usp=drivesdk
1l--0m-ZElF4XeWbhlnleuWiBw3qxqZbe,April Invoice for Sunni.pdf,duplicate,Invoices ,_Duplicates/Unknown/April Invoice for Sunni.pdf,https://drive.google.com/file/d/1l--0m-ZElF4XeWbhlnleuWiBw3qxqZbe/view?usp=drivesdk
12TKbrGf3Zp2ebBaPhK4Mr7nEs16J7NQt,INV-000060.pdf,primary,Invoices ,_NeedsReview/INV-000060.pdf,https://drive.google.com/file/d/12TKbrGf3Zp2ebBaPhK4Mr7nEs16J7NQt/view?usp=drivesdk
1jSFm0c1O5vqybYnnrlKGv4IUi6qkRxxZ,Condition Wavier.pdf,duplicate,Blank Purchase Contracts ,_Duplicates/Unknown/Condition Wavier.pdf,https://drive.google.com/file/d/1jSFm0c1O5vqybYnnrlKGv4IUi6qkRxxZ/view?usp=drivesdk
15PXu0ROEAcAjyng7U8jnt7nemfZRZ3ni,192138744004_49607021_0_0.pdf,primary,NEW Properties /Titles Pulled ,_NeedsReview/192138744004_49607021_0_0.pdf,https://drive.google.com/file/d/15PXu0ROEAcAjyng7U8jnt7nemfZRZ3ni/view?usp=drivesdk
1TXBzn_u-Ep1GJDSzWxeHX0QEs8wksWoV,142064110001_49605321_0_0.pdf,primary,NEW Properties /Titles Pulled ,_NeedsReview/142064110001_49605321_0_0.pdf,https://drive.google.com/file/d/1TXBzn_u-Ep1GJDSzWxeHX0QEs8wksWoV/view?usp=drivesdk
1DgNd1EYbW--x38kwz3EliiHTTuV3ei5v,992018905_49996769_0_0.pdf,primary,NEW Properties /Titles Pulled ,_NeedsReview/992018905_49996769_0_0.pdf,https://drive.google.com/file/d/1DgNd1EYbW--x38kwz3EliiHTTuV3ei5v/view?usp=drivesdk
1QKUJnsTJh5n-HjHrU3kWvLLZNs_vKQwv1zZVxJvFPaM,Seller Finance Offer Letter ,primary,Blank Purchase Contracts /Seller Financing Offers ,_NeedsReview/Seller Finance Offer Letter ,https://docs.google.com/document/d/1QKUJnsTJh5n-HjHrU3kWvLLZNs_vKQwv1zZVxJvFPaM/edit?usp=drivesdk&ouid=112966636072631084810
1hrd9-Aco7zZYvWiS13LJbdCJWc9QLL9E,Commercial_Purchase_Contract-_8207_121_Ave_Signed.pdf,primary,CORPORATION/2024 Tax Info/Sold Houses/Eastwood 6 Plex,_NeedsReview/Commercial_Purchase_Contract-_8207_121_Ave_Signed.pdf,https://drive.google.com/file/d/1hrd9-Aco7zZYvWiS13LJbdCJWc9QLL9E/view?usp=drivesdk
1KM-Gj77SkryM5B2CTXx9ToL-7KASjCdM,972179653_50356809_0_0.pdf,primary,NEW Properties /Titles Pulled ,_NeedsReview/972179653_50356809_0_0.pdf,https://drive.google.com/file/d/1KM-Gj77SkryM5B2CTXx9ToL-7KASjCdM/view?usp=drivesdk
1g3UE5ccYhuMXCoCJqNtueLC-BBapJJD5,IMG_2187.PNG,primary,CORPORATION/2024 Tax Info/Sold Houses/Ottewell Suited/Ottewell Photos ,_Library/Photos/IMG_2187.PNG,https://drive.google.com/file/d/1g3UE5ccYhuMXCoCJqNtueLC-BBapJJD5/view?usp=drivesdk
1BCTkRiw78GhS6DZeHS-Fl0B4mMt-DLVG,IMG_1603.heic,primary,CORPORATION/2024 Tax Info/Sold Houses/Ottewell Suited/Ottewell Photos ,_Library/Photos/IMG_1603.heic,https://drive.google.com/file/d/1BCTkRiw78GhS6DZeHS-Fl0B4mMt-DLVG/view?usp=drivesdk
1CzPq_ilcvALHzju_UYF1yGJcNwk23poU,IMG_1612.heic,primary,CORPORATION/2024 Tax Info/Sold Houses/Ottewell Suited/Ottewell Photos ,_Library/Photos/IMG_1612.heic,https://drive.google.com/file/d/1CzPq_ilcvALHzju_UYF1yGJcNwk23poU/view?usp=drivesdk
1UqEH0zi2TyZUoEOShkxagt3lgZvJ2Aab,IMG_1621.jpeg,primary,CORPORATION/2024 Tax Info/Sold Houses/Ottewell Suited/Ottewell Photos ,_Library/Photos/IMG_1621.jpeg,https://drive.google.com/file/d/1UqEH0zi2TyZUoEOShkxagt3lgZvJ2Aab/view?usp=drivesdk
16P1ZTr7iXPXYfPfMpMw5Vm0EZzHXDE0u,IMG_1605.heic,primary,CORPORATION/2024 Tax Info/Sold Houses/Ottewell Suited/Ottewell Photos ,_Library/Photos/IMG_1605.heic,https://drive.google.com/file/d/16P1ZTr7iXPXYfPfMpMw5Vm0EZzHXDE0u/view?usp=drivesdk
1kWd9Wmcl1NsgiMbjYx8ajrUWe3077SEG,IMG_1613.heic,primary,CORPORATION/2024 Tax Info/Sold Houses/Ottewell Suited/Ottewell Photos ,_Library/Photos/IMG_1613.heic,https://drive.google.com/file/d/1kWd9Wmcl1NsgiMbjYx8ajrUWe3077SEG/view?usp=drivesdk
1_8bqs0qvFD69CjtGFKk16s3VzJtQ_V4G,IMG_1607.heic,primary,CORPORATION/2024 Tax Info/Sold Houses/Ottewell Suited/Ottewell Photos ,_Library/Photos/IMG_1607.heic,https://drive.google.com/file/d/1_8bqs0qvFD69CjtGFKk16s3VzJtQ_V4G/view?usp=drivesdk
1NaNYi04-Fz16GpalABONGMYNztcIYk05,IMG_1604.heic,primary,CORPORATION/2024 Tax Info/Sold Houses/Ottewell Suited/Ottewell Photos ,_Library/Photos/IMG_1604.heic,https://drive.google.com/file/d/1NaNYi04-Fz16GpalABONGMYNztcIYk05/view?usp=drivesdk
15vUplelaf3LrmPMJHF-PacIVauZQo-MW,IMG_1609.heic,primary,CORPORATION/2024 Tax Info/Sold Houses/Ottewell Suited/Ottewell Photos ,_Library/Photos/IMG_1609.heic,https://drive.google.com/file/d/15vUplelaf3LrmPMJHF-PacIVauZQo-MW/view?usp=drivesdk
1RVSVrnvl5QgsIgCiG5hJjSd4FtOaAN_P,IMG_1611.heic,primary,CORPORATION/2024 Tax Info/Sold Houses/Ottewell Suited/Ottewell Photos ,_Library/Photos/IMG_1611.heic,https://drive.google.com/file/d/1RVSVrnvl5QgsIgCiG5hJjSd4FtOaAN_P/view?usp=drivesdk
13RUBuSBV8A2_zF_Drz6yb7SCi8z04yOI,IMG_1606.heic,primary,CORPORATION/2024 Tax Info/Sold Houses/Ottewell Suited/Ottewell Photos ,_Library/Photos/IMG_1606.heic,https://drive.google.com/file/d/13RUBuSBV8A2_zF_Drz6yb7SCi8z04yOI/view?usp=drivesdk
1-r3X2WO38urY_3aWjobRepI5JFewHv8m,IMG_1608.heic,primary,CORPORATION/2024 Tax Info/Sold Houses/Ottewell Suited/Ottewell Photos ,_Library/Photos/IMG_1608.heic,https://drive.google.com/file/d/1-r3X2WO38urY_3aWjobRepI5JFewHv8m/view?usp=drivesdk
1KfmWmDCIzVzxIquFNzbCMHS3GCar4h77,IMG_1614.heic,primary,CORPORATION/2024 Tax Info/Sold Houses/Ottewell Suited/Ottewell Photos ,_Library/Photos/IMG_1614.heic,https://drive.google.com/file/d/1KfmWmDCIzVzxIquFNzbCMHS3GCar4h77/view?usp=drivesdk
1ymAPcUYOlm6khFQWNNOCLd342oBnPwov,IMG_1610.heic,primary,CORPORATION/2024 Tax Info/Sold Houses/Ottewell Suited/Ottewell Photos ,_Library/Photos/IMG_1610.heic,https://drive.google.com/file/d/1ymAPcUYOlm6khFQWNNOCLd342oBnPwov/view?usp=drivesdk
174QE_EPOzPd8OZLI-ULp5gkA5WzRi0qo2yuCbzNjudM,Edmonton Conference Centre & Hotel,primary,Wholesale /DEALS: Under Contract ✔️/Active Deals- Files,_NeedsReview/Edmonton Conference Centre & Hotel,https://docs.google.com/document/d/174QE_EPOzPd8OZLI-ULp5gkA5WzRi0qo2yuCbzNjudM/edit?usp=drivesdk&ouid=112966636072631084810
1WmHUVJbL0BHxg6Sci3zPQlcPwezKo6MxczoQfxd_ogE,Peace River: Best Western ,primary,Wholesale /DEALS: Under Contract ✔️/Active Deals- Files,_NeedsReview/Peace River: Best Western ,https://docs.google.com/document/d/1WmHUVJbL0BHxg6Sci3zPQlcPwezKo6MxczoQfxd_ogE/edit?usp=drivesdk&ouid=112966636072631084810
1BBc00WpWZlI6ybamQOBjzZk__oXmRDCt,2024-04-25_10-03-53.mp3,primary,VA_Call_Recordings_SunRize Investments/4/25/2024,_NeedsReview/2024-04-25_10-03-53.mp3,https://drive.google.com/file/d/1BBc00WpWZlI6ybamQOBjzZk__oXmRDCt/view?usp=drivesdk
1vhARRxVWVREM3Y5ZBQI6ovwvrnn1aZEL,2024-04-25_09-56-06.mp3,primary,VA_Call_Recordings_SunRize Investments/4/25/2024,_NeedsReview/2024-04-25_09-56-06.mp3,https://drive.google.com/file/d/1vhARRxVWVREM3Y5ZBQI6ovwvrnn1aZEL/view?usp=drivesdk
1ryLhdpHiJU9rIUzVTfSIU3Exl4Mbw-i8,2024-04-25_09-52-15.mp3,primary,VA_Call_Recordings_SunRize Investments/4/25/2024,_NeedsReview/2024-04-25_09-52-15.mp3,https://drive.google.com/file/d/1ryLhdpHiJU9rIUzVTfSIU3Exl4Mbw-i8/view?usp=drivesdk
1bD3mL9OmFeXhYQMFS1QrMBzEeVtNIiSz,2024-04-25_09-38-56.mp3,primary,VA_Call_Recordings_SunRize Investments/4/25/2024,_NeedsReview/2024-04-25_09-38-56.mp3,https://drive.google.com/file/d/1bD3mL9OmFeXhYQMFS1QrMBzEeVtNIiSz/view?usp=drivesdk
157eBLQcfmg_wmEpj2sTftDEda3BJh81b,2024-04-25_09-36-39.mp3,primary,VA_Call_Recordings_SunRize Investments/4/25/2024,_NeedsReview/2024-04-25_09-36-39.mp3,https://drive.google.com/file/d/157eBLQcfmg_wmEpj2sTftDEda3BJh81b/view?usp=drivesdk
1NCkgr-7EQYAR1zIrrBeJDW6UMKvTluPm,2024-04-25_09-33-48.mp3,primary,VA_Call_Recordings_SunRize Investments/4/25/2024,_NeedsReview/2024-04-25_09-33-48.mp3,https://drive.google.com/file/d/1NCkgr-7EQYAR1zIrrBeJDW6UMKvTluPm/view?usp=drivesdk
1Cs5HioZ2w1DgyQ_Dc2mJ9887N0rv_jXR,2024-04-25_09-27-52.mp3,primary,VA_Call_Recordings_SunRize Investments/4/25/2024,_NeedsReview/2024-04-25_09-27-52.mp3,https://drive.google.com/file/d/1Cs5HioZ2w1DgyQ_Dc2mJ9887N0rv_jXR/view?usp=drivesdk
16-DDPTLDSo_wx1m7LlwrmNwPIaXFZzs5,2024-04-25_09-23-47.mp3,primary,VA_Call_Recordings_SunRize Investments/4/25/2024,_NeedsReview/2024-04-25_09-23-47.mp3,https://drive.google.com/file/d/16-DDPTLDSo_wx1m7LlwrmNwPIaXFZzs5/view?usp=drivesdk
1Gk0zLCl7tYNWAOSfgSAFN-d2bG-MbQt3,2024-04-25_09-20-14.mp3,primary,VA_Call_Recordings_SunRize Investments/4/25/2024,_NeedsReview/2024-04-25_09-20-14.mp3,https://drive.google.com/file/d/1Gk0zLCl7tYNWAOSfgSAFN-d2bG-MbQt3/view?usp=drivesdk
19JkUi3tsgOVo7vTj2IsTT8RkBJ8iQeYQ,2024-04-25_09-18-49.mp3,primary,VA_Call_Recordings_SunRize Investments/4/25/2024,_NeedsReview/2024-04-25_09-18-49.mp3,https://drive.google.com/file/d/19JkUi3tsgOVo7vTj2IsTT8RkBJ8iQeYQ/view?usp=drivesdk
1k8_K9p_MzqODO0io_Hzf-d09ef5U9MZB,2024-04-25_09-17-04.mp3,primary,VA_Call_Recordings_SunRize Investments/4/25/2024,_NeedsReview/2024-04-25_09-17-04.mp3,https://drive.google.com/file/d/1k8_K9p_MzqODO0io_Hzf-d09ef5U9MZB/view?usp=drivesdk
1XX4_rNKjO4EBgVdcRmkGvHxV0P9hPvx4,2024-04-25_09-13-01.mp3,primary,VA_Call_Recordings_SunRize Investments/4/25/2024,_NeedsReview/2024-04-25_09-13-01.mp3,https://drive.google.com/file/d/1XX4_rNKjO4EBgVdcRmkGvHxV0P9hPvx4/view?usp=drivesdk
10uIqiUhjhAjBf_G8UPisW7wZvPBU15gf,2024-04-25_09-11-06.mp3,primary,VA_Call_Recordings_SunRize Investments/4/25/2024,_NeedsReview/2024-04-25_09-11-06.mp3,https://drive.google.com/file/d/10uIqiUhjhAjBf_G8UPisW7wZvPBU15gf/view?usp=drivesdk
1WniDxW66iv9h-bVvgCda92XSCX1mdY-_,2024-04-25_09-09-50.mp3,primary,VA_Call_Recordings_SunRize Investments/4/25/2024,_NeedsReview/2024-04-25_09-09-50.mp3,https://drive.google.com/file/d/1WniDxW66iv9h-bVvgCda92XSCX1mdY-_/view?usp=drivesdk
1TSxPkDJ__W_RZfhEU5hImiKz36OVDEfo,2024-04-25_09-06-46.mp3,primary,VA_Call_Recordings_SunRize Investments/4/25/2024,_NeedsReview/2024-04-25_09-06-46.mp3,https://drive.google.com/file/d/1TSxPkDJ__W_RZfhEU5hImiKz36OVDEfo/view?usp=drivesdk
1mk2xjQA9MQ8-XiQrSz1ZPd9h9LP7m9yc,2024-04-25_09-05-47.mp3,primary,VA_Call_Recordings_SunRize Investments/4/25/2024,_NeedsReview/2024-04-25_09-05-47.mp3,https://drive.google.com/file/d/1mk2xjQA9MQ8-XiQrSz1ZPd9h9LP7m9yc/view?usp=drivesdk
1RRukB3Btttx0QyHBW4wxIsy9lKGx2jdl,2024-04-25_08-59-53.mp3,primary,VA_Call_Recordings_SunRize Investments/4/25/2024,_NeedsReview/2024-04-25_08-59-53.mp3,https://drive.google.com/file/d/1RRukB3Btttx0QyHBW4wxIsy9lKGx2jdl/view?usp=drivesdk
1Yq5UJqV94YdbAIrTkI_I6sktD6tJYQE7,2024-04-25_08-45-57.mp3,primary,VA_Call_Recordings_SunRize Investments/4/25/2024,_NeedsReview/2024-04-25_08-45-57.mp3,https://drive.google.com/file/d/1Yq5UJqV94YdbAIrTkI_I6sktD6tJYQE7/view?usp=drivesdk
1nqpYA5TLe-jS4n42u69EsHVfk73qxy2m,2024-04-25_08-27-54.mp3,primary,VA_Call_Recordings_SunRize Investments/4/25/2024,_NeedsReview/2024-04-25_08-27-54.mp3,https://drive.google.com/file/d/1nqpYA5TLe-jS4n42u69EsHVfk73qxy2m/view?usp=drivesdk
12ncsITG6-iGRRD8NY-hoA6sEhPwRFIO3,2024-04-25_08-01-24.mp3,primary,VA_Call_Recordings_SunRize Investments/4/25/2024,_NeedsReview/2024-04-25_08-01-24.mp3,https://drive.google.com/file/d/12ncsITG6-iGRRD8NY-hoA6sEhPwRFIO3/view?usp=drivesdk
16IcYvgPZ4SuOymD2Xj5-JjrP5W1HQS6C,2024-04-25_07-45-31.mp3,primary,VA_Call_Recordings_SunRize Investments/4/25/2024,_NeedsReview/2024-04-25_07-45-31.mp3,https://drive.google.com/file/d/16IcYvgPZ4SuOymD2Xj5-JjrP5W1HQS6C/view?usp=drivesdk
1x-yPrtuqLedZl5SS51dupUzMnT2Nkx3v,2024-04-25_06-31-27.mp3,primary,VA_Call_Recordings_SunRize Investments/4/25/2024,_NeedsReview/2024-04-25_06-31-27.mp3,https://drive.google.com/file/d/1x-yPrtuqLedZl5SS51dupUzMnT2Nkx3v/view?usp=drivesdk
18l81Wu3NItGe3Xgq330GnaGUUTCGVNd-,2024-04-25_06-27-40.mp3,primary,VA_Call_Recordings_SunRize Investments/4/25/2024,_NeedsReview/2024-04-25_06-27-40.mp3,https://drive.google.com/file/d/18l81Wu3NItGe3Xgq330GnaGUUTCGVNd-/view?usp=drivesdk
1veMMT7_ZXSpMysUKmwH6XaVTWEFI4xd_,2024-04-24_10-47-05.mp3,primary,VA_Call_Recordings_SunRize Investments/4/24/2024,_NeedsReview/2024-04-24_10-47-05.mp3,https://drive.google.com/file/d/1veMMT7_ZXSpMysUKmwH6XaVTWEFI4xd_/view?usp=drivesdk
1Gqx6ld5_J90sEZzviAtGwn4HBTdvyEMJ,2024-04-24_10-38-56.mp3,primary,VA_Call_Recordings_SunRize Investments/4/24/2024,_NeedsReview/2024-04-24_10-38-56.mp3,https://drive.google.com/file/d/1Gqx6ld5_J90sEZzviAtGwn4HBTdvyEMJ/view?usp=drivesdk
1gIQ1xiz59jtbnCKsB2V7IKoe23CQkJG_,2024-04-24_10-33-33.mp3,primary,VA_Call_Recordings_SunRize Investments/4/24/2024,_NeedsReview/2024-04-24_10-33-33.mp3,https://drive.google.com/file/d/1gIQ1xiz59jtbnCKsB2V7IKoe23CQkJG_/view?usp=drivesdk
1WIPypA0QklINzNYxyqT5la5SPBVIOpKn,2024-04-24_10-32-07.mp3,primary,VA_Call_Recordings_SunRize Investments/4/24/2024,_NeedsReview/2024-04-24_10-32-07.mp3,https://drive.google.com/file/d/1WIPypA0QklINzNYxyqT5la5SPBVIOpKn/view?usp=drivesdk
12RHjC8Yx1wqjrptBi6gbcLO5GyjMXl7o,2024-04-24_10-28-12.mp3,primary,VA_Call_Recordings_SunRize Investments/4/24/2024,_NeedsReview/2024-04-24_10-28-12.mp3,https://drive.google.com/file/d/12RHjC8Yx1wqjrptBi6gbcLO5GyjMXl7o/view?usp=drivesdk
1t-tvyIVJJb_O_4dr_WZ9h-tUk6CKoBku,2024-04-24_10-24-40.mp3,primary,VA_Call_Recordings_SunRize Investments/4/24/2024,_NeedsReview/2024-04-24_10-24-40.mp3,https://drive.google.com/file/d/1t-tvyIVJJb_O_4dr_WZ9h-tUk6CKoBku/view?usp=drivesdk
15-UzwspwsWDk42lshUyfmW4x_WlcRDvl,2024-04-24_10-22-02.mp3,primary,VA_Call_Recordings_SunRize Investments/4/24/2024,_NeedsReview/2024-04-24_10-22-02.mp3,https://drive.google.com/file/d/15-UzwspwsWDk42lshUyfmW4x_WlcRDvl/view?usp=drivesdk
12Kp-ORMv-2Ji8M5B4kT_ujz1sDekWPB7,2024-04-24_10-19-20.mp3,primary,VA_Call_Recordings_SunRize Investments/4/24/2024,_NeedsReview/2024-04-24_10-19-20.mp3,https://drive.google.com/file/d/12Kp-ORMv-2Ji8M5B4kT_ujz1sDekWPB7/view?usp=drivesdk
1M1xaU8apWhNxApNasIFDpJTqLwWA8EUL,2024-04-24_10-10-33.mp3,primary,VA_Call_Recordings_SunRize Investments/4/24/2024,_NeedsReview/2024-04-24_10-10-33.mp3,https://drive.google.com/file/d/1M1xaU8apWhNxApNasIFDpJTqLwWA8EUL/view?usp=drivesdk
1Tj8CObCxn_BAx9sFz8ysOk4MpQPhzpQb,2024-04-24_10-08-54.mp3,primary,VA_Call_Recordings_SunRize Investments/4/24/2024,_NeedsReview/2024-04-24_10-08-54.mp3,https://drive.google.com/file/d/1Tj8CObCxn_BAx9sFz8ysOk4MpQPhzpQb/view?usp=drivesdk
1aC7jjHkMQPvr7wuDLKSHb10E8s5enEML,2024-04-24_10-06-48.mp3,primary,VA_Call_Recordings_SunRize Investments/4/24/2024,_NeedsReview/2024-04-24_10-06-48.mp3,https://drive.google.com/file/d/1aC7jjHkMQPvr7wuDLKSHb10E8s5enEML/view?usp=drivesdk
1UAOaS5aHxnUredC1SULbc8oObzHBmMNQ,2024-04-24_10-04-48.mp3,primary,VA_Call_Recordings_SunRize Investments/4/24/2024,_NeedsReview/2024-04-24_10-04-48.mp3,https://drive.google.com/file/d/1UAOaS5aHxnUredC1SULbc8oObzHBmMNQ/view?usp=drivesdk
1hk2tGlN-jGZcdhahaadfaibASGk-_HLS,2024-04-24_10-02-49.mp3,primary,VA_Call_Recordings_SunRize Investments/4/24/2024,_NeedsReview/2024-04-24_10-02-49.mp3,https://drive.google.com/file/d/1hk2tGlN-jGZcdhahaadfaibASGk-_HLS/view?usp=drivesdk
1ZhIYbE_yhk5gXPy6qv4YE8WRxxyBM7Of,2024-04-24_10-00-54.mp3,primary,VA_Call_Recordings_SunRize Investments/4/24/2024,_NeedsReview/2024-04-24_10-00-54.mp3,https://drive.google.com/file/d/1ZhIYbE_yhk5gXPy6qv4YE8WRxxyBM7Of/view?usp=drivesdk
1L5I0R-vVQ4VFXCSRqGdnHqmiDR_JIyay,2024-04-24_09-00-17.mp3,primary,VA_Call_Recordings_SunRize Investments/4/24/2024,_NeedsReview/2024-04-24_09-00-17.mp3,https://drive.google.com/file/d/1L5I0R-vVQ4VFXCSRqGdnHqmiDR_JIyay/view?usp=drivesdk
1v9fKa6mBfTZNUhe3PvinJa7V56_ACcDT,2024-04-24_08-43-02.mp3,primary,VA_Call_Recordings_SunRize Investments/4/24/2024,_NeedsReview/2024-04-24_08-43-02.mp3,https://drive.google.com/file/d/1v9fKa6mBfTZNUhe3PvinJa7V56_ACcDT/view?usp=drivesdk
1xkZk-tLOyEvATsrHomUYos2MQ0rOU601,2024-04-24_08-41-26.mp3,primary,VA_Call_Recordings_SunRize Investments/4/24/2024,_NeedsReview/2024-04-24_08-41-26.mp3,https://drive.google.com/file/d/1xkZk-tLOyEvATsrHomUYos2MQ0rOU601/view?usp=drivesdk
1szQgRWsgjNI9AKBRfT1vzFoBu7aeK25s,2024-04-24_08-39-18.mp3,primary,VA_Call_Recordings_SunRize Investments/4/24/2024,_NeedsReview/2024-04-24_08-39-18.mp3,https://drive.google.com/file/d/1szQgRWsgjNI9AKBRfT1vzFoBu7aeK25s/view?usp=drivesdk
1acGhIL5QQzT6JURKgj1Hv4-gEOFfiZvZ,2024-04-24_08-37-46.mp3,primary,VA_Call_Recordings_SunRize Investments/4/24/2024,_NeedsReview/2024-04-24_08-37-46.mp3,https://drive.google.com/file/d/1acGhIL5QQzT6JURKgj1Hv4-gEOFfiZvZ/view?usp=drivesdk
1buw6xzK5AVWZXSQj4jpoK6eOiK0IywYa,2024-04-24_08-34-17.mp3,primary,VA_Call_Recordings_SunRize Investments/4/24/2024,_NeedsReview/2024-04-24_08-34-17.mp3,https://drive.google.com/file/d/1buw6xzK5AVWZXSQj4jpoK6eOiK0IywYa/view?usp=drivesdk
1nOFwC1XqwEo-vk1eX0uJ1V9o0iosbkl7,2024-04-24_08-16-48.mp3,primary,VA_Call_Recordings_SunRize Investments/4/24/2024,_NeedsReview/2024-04-24_08-16-48.mp3,https://drive.google.com/file/d/1nOFwC1XqwEo-vk1eX0uJ1V9o0iosbkl7/view?usp=drivesdk
1EwtaPbcmjJ8KUQpKow__Afn-ms7SQXjE,2024-04-24_08-15-18.mp3,primary,VA_Call_Recordings_SunRize Investments/4/24/2024,_NeedsReview/2024-04-24_08-15-18.mp3,https://drive.google.com/file/d/1EwtaPbcmjJ8KUQpKow__Afn-ms7SQXjE/view?usp=drivesdk
17IOgF77CWFNuXvPyAa5G-S82n1ucFkXS,2024-04-24_08-13-33.mp3,primary,VA_Call_Recordings_SunRize Investments/4/24/2024,_NeedsReview/2024-04-24_08-13-33.mp3,https://drive.google.com/file/d/17IOgF77CWFNuXvPyAa5G-S82n1ucFkXS/view?usp=drivesdk
16-h4udUF_0to2qsH2IOKz1P05X06ah2S,2024-04-24_08-11-37.mp3,primary,VA_Call_Recordings_SunRize Investments/4/24/2024,_NeedsReview/2024-04-24_08-11-37.mp3,https://drive.google.com/file/d/16-h4udUF_0to2qsH2IOKz1P05X06ah2S/view?usp=drivesdk
1GJFxM7nRbhCCox3_MeUXAn3uHXpEtfoF,2024-04-24_08-07-11.mp3,primary,VA_Call_Recordings_SunRize Investments/4/24/2024,_NeedsReview/2024-04-24_08-07-11.mp3,https://drive.google.com/file/d/1GJFxM7nRbhCCox3_MeUXAn3uHXpEtfoF/view?usp=drivesdk
19evG6WVtkJdYgGg0m7Aj2wb-r_QUJ7Q-,2024-04-24_07-55-11.mp3,primary,VA_Call_Recordings_SunRize Investments/4/24/2024,_NeedsReview/2024-04-24_07-55-11.mp3,https://drive.google.com/file/d/19evG6WVtkJdYgGg0m7Aj2wb-r_QUJ7Q-/view?usp=drivesdk
1Lfz4uCyU2lIMVYMNFX47SAU6MhtqeUro,2024-04-24_07-34-16.mp3,primary,VA_Call_Recordings_SunRize Investments/4/24/2024,_NeedsReview/2024-04-24_07-34-16.mp3,https://drive.google.com/file/d/1Lfz4uCyU2lIMVYMNFX47SAU6MhtqeUro/view?usp=drivesdk
1tQiwQsiF-hY2V2qygSXx_2wA-MRjoE4H,2024-04-24_07-10-43.mp3,primary,VA_Call_Recordings_SunRize Investments/4/24/2024,_NeedsReview/2024-04-24_07-10-43.mp3,https://drive.google.com/file/d/1tQiwQsiF-hY2V2qygSXx_2wA-MRjoE4H/view?usp=drivesdk
1zQ0x6QTMMcoMWFM5vovDul9iW2gp9iGh,2024-04-24_06-57-41.mp3,primary,VA_Call_Recordings_SunRize Investments/4/24/2024,_NeedsReview/2024-04-24_06-57-41.mp3,https://drive.google.com/file/d/1zQ0x6QTMMcoMWFM5vovDul9iW2gp9iGh/view?usp=drivesdk
1aQomcgtQm6YFZvJdzYBQRbIZ_9qcT4IG,2024-04-24_06-37-54.mp3,primary,VA_Call_Recordings_SunRize Investments/4/24/2024,_NeedsReview/2024-04-24_06-37-54.mp3,https://drive.google.com/file/d/1aQomcgtQm6YFZvJdzYBQRbIZ_9qcT4IG/view?usp=drivesdk
1MdHOUWs5Z2Wrq-0nKgTWvAYkfxqwHKZO,2024-04-24_06-35-19.mp3,primary,VA_Call_Recordings_SunRize Investments/4/24/2024,_NeedsReview/2024-04-24_06-35-19.mp3,https://drive.google.com/file/d/1MdHOUWs5Z2Wrq-0nKgTWvAYkfxqwHKZO/view?usp=drivesdk
1hQwEcQ540r9mhHs37V1Xd3-0eH-OFGnJ,2024-04-24_06-10-16.mp3,primary,VA_Call_Recordings_SunRize Investments/4/24/2024,_NeedsReview/2024-04-24_06-10-16.mp3,https://drive.google.com/file/d/1hQwEcQ540r9mhHs37V1Xd3-0eH-OFGnJ/view?usp=drivesdk
1zqQTXtVJ1xla2dYr-SfdDRHr3vq6wQhd,2024-04-24_06-04-07.mp3,primary,VA_Call_Recordings_SunRize Investments/4/24/2024,_NeedsReview/2024-04-24_06-04-07.mp3,https://drive.google.com/file/d/1zqQTXtVJ1xla2dYr-SfdDRHr3vq6wQhd/view?usp=drivesdk
1cZTTSF0pJtpNZxiEY_eQCdRn3lC7FxGj,IMG_1964.HEIC,primary,CORPORATION/2024 Tax Info/Sold Houses/Eastwood 6 Plex/Eastwood 6 Plex Photos,_Library/Photos/IMG_1964.HEIC,https://drive.google.com/file/d/1cZTTSF0pJtpNZxiEY_eQCdRn3lC7FxGj/view?usp=drivesdk
1OigOoD49u0MDL6KfgCWGADvzdkRbFjmj,IMG_1970.HEIC,primary,CORPORATION/2024 Tax Info/Sold Houses/Eastwood 6 Plex/Eastwood 6 Plex Photos,_Library/Photos/IMG_1970.HEIC,https://drive.google.com/file/d/1OigOoD49u0MDL6KfgCWGADvzdkRbFjmj/view?usp=drivesdk
165mIv3aAlpao-gd2dkp55Y_EKVWGQ-_6,IMG_1884.HEIC,primary,CORPORATION/2024 Tax Info/Sold Houses/Eastwood 6 Plex/Eastwood 6 Plex Photos,_Library/Photos/IMG_1884.HEIC,https://drive.google.com/file/d/165mIv3aAlpao-gd2dkp55Y_EKVWGQ-_6/view?usp=drivesdk
1gAJc_KHK1xD0wTiekwoAH7adx--2cJl4,IMG_1942.HEIC,primary,CORPORATION/2024 Tax Info/Sold Houses/Eastwood 6 Plex/Eastwood 6 Plex Photos,_Library/Photos/IMG_1942.HEIC,https://drive.google.com/file/d/1gAJc_KHK1xD0wTiekwoAH7adx--2cJl4/view?usp=drivesdk
1GGAxXcm5ANVJ6H_sx9-vY90qKJsDBouY,IMG_1968.HEIC,primary,CORPORATION/2024 Tax Info/Sold Houses/Eastwood 6 Plex/Eastwood 6 Plex Photos,_Library/Photos/IMG_1968.HEIC,https://drive.google.com/file/d/1GGAxXcm5ANVJ6H_sx9-vY90qKJsDBouY/view?usp=drivesdk
1fr6mDOAcWnFC6o1uOSOWuG1kY8SndJuw,IMG_1880.HEIC,primary,CORPORATION/2024 Tax Info/Sold Houses/Eastwood 6 Plex/Eastwood 6 Plex Photos,_Library/Photos/IMG_1880.HEIC,https://drive.google.com/file/d/1fr6mDOAcWnFC6o1uOSOWuG1kY8SndJuw/view?usp=drivesdk
1b_m_TVrDYWbPp7Ou8G-JqDtR5gL5mlyy,IMG_1967.HEIC,primary,CORPORATION/2024 Tax Info/Sold Houses/Eastwood 6 Plex/Eastwood 6 Plex Photos,_Library/Photos/IMG_1967.HEIC,https://drive.google.com/file/d/1b_m_TVrDYWbPp7Ou8G-JqDtR5gL5mlyy/view?usp=drivesdk
13uKMdJ9d8241zlVvh8V33uRZ5b_8k23E,IMG_1878.HEIC,primary,CORPORATION/2024 Tax Info/Sold Houses/Eastwood 6 Plex/Eastwood 6 Plex Photos,_Library/Photos/IMG_1878.HEIC,https://drive.google.com/file/d/13uKMdJ9d8241zlVvh8V33uRZ5b_8k23E/view?usp=drivesdk
1yMeXdyPOzTwvyp4FkT2i9bpQu5mulmZM,IMG_1959.HEIC,primary,CORPORATION/2024 Tax Info/Sold Houses/Eastwood 6 Plex/Eastwood 6 Plex Photos,_Library/Photos/IMG_1959.HEIC,https://drive.google.com/file/d/1yMeXdyPOzTwvyp4FkT2i9bpQu5mulmZM/view?usp=drivesdk
1DXoVR9ViVWnbauL0Maz5zPs2vGcwu7DN,IMG_1953.HEIC,primary,CORPORATION/2024 Tax Info/Sold Houses/Eastwood 6 Plex/Eastwood 6 Plex Photos,_Library/Photos/IMG_1953.HEIC,https://drive.google.com/file/d/1DXoVR9ViVWnbauL0Maz5zPs2vGcwu7DN/view?usp=drivesdk
1_gpbEs7nLHcorh6fGvfLtrCksygadafm,IMG_1879.HEIC,primary,CORPORATION/2024 Tax Info/Sold Houses/Eastwood 6 Plex/Eastwood 6 Plex Photos,_Library/Photos/IMG_1879.HEIC,https://drive.google.com/file/d/1_gpbEs7nLHcorh6fGvfLtrCksygadafm/view?usp=drivesdk
1c8iLl27iOHL3o2WnuTXUm0yOHAot6xjZ,IMG_1960.HEIC,primary,CORPORATION/2024 Tax Info/Sold Houses/Eastwood 6 Plex/Eastwood 6 Plex Photos,_Library/Photos/IMG_1960.HEIC,https://drive.google.com/file/d/1c8iLl27iOHL3o2WnuTXUm0yOHAot6xjZ/view?usp=drivesdk
1uqDrV6JFfl1u94Z39xyXhK1JpnGwtIdc,IMG_1952.HEIC,primary,CORPORATION/2024 Tax Info/Sold Houses/Eastwood 6 Plex/Eastwood 6 Plex Photos,_Library/Photos/IMG_1952.HEIC,https://drive.google.com/file/d/1uqDrV6JFfl1u94Z39xyXhK1JpnGwtIdc/view?usp=drivesdk
16IdEJAUHi9AaWa8dZbkXkgIYzX1fz8iH,IMG_1940.HEIC,primary,CORPORATION/2024 Tax Info/Sold Houses/Eastwood 6 Plex/Eastwood 6 Plex Photos,_Library/Photos/IMG_1940.HEIC,https://drive.google.com/file/d/16IdEJAUHi9AaWa8dZbkXkgIYzX1fz8iH/view?usp=drivesdk
1ReUsf5nWkcrjz7OJv0DAxmuDf2oduQyo,IMG_1889.HEIC,primary,CORPORATION/2024 Tax Info/Sold Houses/Eastwood 6 Plex/Eastwood 6 Plex Photos,_Library/Photos/IMG_1889.HEIC,https://drive.google.com/file/d/1ReUsf5nWkcrjz7OJv0DAxmuDf2oduQyo/view?usp=drivesdk
1HYa94D0vxQ1r4aiBE_-fobsHpd4gI-_M,IMG_1966.HEIC,primary,CORPORATION/2024 Tax Info/Sold Houses/Eastwood 6 Plex/Eastwood 6 Plex Photos,_Library/Photos/IMG_1966.HEIC,https://drive.google.com/file/d/1HYa94D0vxQ1r4aiBE_-fobsHpd4gI-_M/view?usp=drivesdk
1Nutoeq3eUO-wiScgU7sKervQllPTNHgM,IMG_1962.HEIC,primary,CORPORATION/2024 Tax Info/Sold Houses/Eastwood 6 Plex/Eastwood 6 Plex Photos,_Library/Photos/IMG_1962.HEIC,https://drive.google.com/file/d/1Nutoeq3eUO-wiScgU7sKervQllPTNHgM/view?usp=drivesdk
1GcKTeIVmCcY0rXWwG7RTmodmzkBMB0Gl,Fee Agreement For Assignment.pdf,primary,CORPORATION/2024 Tax Info/Sold Houses/Eastwood 6 Plex/8207 121 Ave 6 Plex,8207 121/Contracts/Fee Agreement For Assignment.pdf,https://drive.google.com/file/d/1GcKTeIVmCcY0rXWwG7RTmodmzkBMB0Gl/view?usp=drivesdk
1Ia6Ew5P0-9Q4F4ME1fxiK0YbaNzUOW3Z,IMG_1930.HEIC,primary,CORPORATION/2024 Tax Info/Sold Houses/Eastwood 6 Plex/Eastwood 6 Plex Photos,_Library/Photos/IMG_1930.HEIC,https://drive.google.com/file/d/1Ia6Ew5P0-9Q4F4ME1fxiK0YbaNzUOW3Z/view?usp=drivesdk
1wpXZYe7HLovm2oD0WUnE_5Ey4Om_MSHJ,IMG_1961.HEIC,primary,CORPORATION/2024 Tax Info/Sold Houses/Eastwood 6 Plex/Eastwood 6 Plex Photos,_Library/Photos/IMG_1961.HEIC,https://drive.google.com/file/d/1wpXZYe7HLovm2oD0WUnE_5Ey4Om_MSHJ/view?usp=drivesdk
1lf_kj4oEQ8SMe5dEPAwyvZ_K7Aa7y878,IMG_1945.HEIC,primary,CORPORATION/2024 Tax Info/Sold Houses/Eastwood 6 Plex/Eastwood 6 Plex Photos,_Library/Photos/IMG_1945.HEIC,https://drive.google.com/file/d/1lf_kj4oEQ8SMe5dEPAwyvZ_K7Aa7y878/view?usp=drivesdk
1ln_LbhdoUQxFt1TJyDWSbkpc_ShtVUQi,IMG_1931.HEIC,primary,CORPORATION/2024 Tax Info/Sold Houses/Eastwood 6 Plex/Eastwood 6 Plex Photos,_Library/Photos/IMG_1931.HEIC,https://drive.google.com/file/d/1ln_LbhdoUQxFt1TJyDWSbkpc_ShtVUQi/view?usp=drivesdk
14JY0CtwSnyzfTbL91F6nLlseUNpXtgC6,IMG_1887.HEIC,primary,CORPORATION/2024 Tax Info/Sold Houses/Eastwood 6 Plex/Eastwood 6 Plex Photos,_Library/Photos/IMG_1887.HEIC,https://drive.google.com/file/d/14JY0CtwSnyzfTbL91F6nLlseUNpXtgC6/view?usp=drivesdk
1zALkc1iJRcj-rdT-Hl2AkBEWt3OKWHdV,IMG_1902.HEIC,primary,CORPORATION/2024 Tax Info/Sold Houses/Eastwood 6 Plex/Eastwood 6 Plex Photos,_Library/Photos/IMG_1902.HEIC,https://drive.google.com/file/d/1zALkc1iJRcj-rdT-Hl2AkBEWt3OKWHdV/view?usp=drivesdk
1phvB6T300uCdboLfecCXsjL88SkTWl6K,IMG_1941.HEIC,primary,CORPORATION/2024 Tax Info/Sold Houses/Eastwood 6 Plex/Eastwood 6 Plex Photos,_Library/Photos/IMG_1941.HEIC,https://drive.google.com/file/d/1phvB6T300uCdboLfecCXsjL88SkTWl6K/view?usp=drivesdk
1QzUizGhYyaKAG2vSa3c8GIanRxJAspnQ,IMG_1903.HEIC,primary,CORPORATION/2024 Tax Info/Sold Houses/Eastwood 6 Plex/Eastwood 6 Plex Photos,_Library/Photos/IMG_1903.HEIC,https://drive.google.com/file/d/1QzUizGhYyaKAG2vSa3c8GIanRxJAspnQ/view?usp=drivesdk
19AV5ccr9vzuiNa_-msevQ_vbAu68ExfW,IMG_1951.HEIC,primary,CORPORATION/2024 Tax Info/Sold Houses/Eastwood 6 Plex/Eastwood 6 Plex Photos,_Library/Photos/IMG_1951.HEIC,https://drive.google.com/file/d/19AV5ccr9vzuiNa_-msevQ_vbAu68ExfW/view?usp=drivesdk
1T2ZAhSS07Y4CX3QyBDL9Y8xgGYM9svMt,IMG_1892.HEIC,primary,CORPORATION/2024 Tax Info/Sold Houses/Eastwood 6 Plex/Eastwood 6 Plex Photos,_Library/Photos/IMG_1892.HEIC,https://drive.google.com/file/d/1T2ZAhSS07Y4CX3QyBDL9Y8xgGYM9svMt/view?usp=drivesdk
1Yk9l-uV49ZwWvrOo94I5TxX30fFwgoGw,IMG_1971.HEIC,primary,CORPORATION/2024 Tax Info/Sold Houses/Eastwood 6 Plex/Eastwood 6 Plex Photos,_Library/Photos/IMG_1971.HEIC,https://drive.google.com/file/d/1Yk9l-uV49ZwWvrOo94I5TxX30fFwgoGw/view?usp=drivesdk
1SoHealr_t88GB1UHs_6RJ3-jhbtAWLWq,IMG_1924.HEIC,primary,CORPORATION/2024 Tax Info/Sold Houses/Eastwood 6 Plex/Eastwood 6 Plex Photos,_Library/Photos/IMG_1924.HEIC,https://drive.google.com/file/d/1SoHealr_t88GB1UHs_6RJ3-jhbtAWLWq/view?usp=drivesdk
1KZI_MX45ySDxXFCAvdEHy4f3O3vVavU4,IMG_1922.HEIC,primary,CORPORATION/2024 Tax Info/Sold Houses/Eastwood 6 Plex/Eastwood 6 Plex Photos,_Library/Photos/IMG_1922.HEIC,https://drive.google.com/file/d/1KZI_MX45ySDxXFCAvdEHy4f3O3vVavU4/view?usp=drivesdk
1OEMbwoalAY9itFbTGKd63YiD09SKU7kr,IMG_1946.HEIC,primary,CORPORATION/2024 Tax Info/Sold Houses/Eastwood 6 Plex/Eastwood 6 Plex Photos,_Library/Photos/IMG_1946.HEIC,https://drive.google.com/file/d/1OEMbwoalAY9itFbTGKd63YiD09SKU7kr/view?usp=drivesdk
19USYvoLuxtWVvfiEyrWwTlRgwXjgOcGW,IMG_1883.HEIC,primary,CORPORATION/2024 Tax Info/Sold Houses/Eastwood 6 Plex/Eastwood 6 Plex Photos,_Library/Photos/IMG_1883.HEIC,https://drive.google.com/file/d/19USYvoLuxtWVvfiEyrWwTlRgwXjgOcGW/view?usp=drivesdk
1nWNkMJ2-tHQQSLD9dEvH0UVFAbzENS7I,IMG_1955.HEIC,primary,CORPORATION/2024 Tax Info/Sold Houses/Eastwood 6 Plex/Eastwood 6 Plex Photos,_Library/Photos/IMG_1955.HEIC,https://drive.google.com/file/d/1nWNkMJ2-tHQQSLD9dEvH0UVFAbzENS7I/view?usp=drivesdk
1U3bkCCuwmD2mpSgYDEn4iXIs7ZCjZuxu,IMG_1913.HEIC,primary,CORPORATION/2024 Tax Info/Sold Houses/Eastwood 6 Plex/Eastwood 6 Plex Photos,_Library/Photos/IMG_1913.HEIC,https://drive.google.com/file/d/1U3bkCCuwmD2mpSgYDEn4iXIs7ZCjZuxu/view?usp=drivesdk
1zBxvjTC4B_SDJuQ1y1C1jDazSkAM7TF_,IMG_1954.HEIC,primary,CORPORATION/2024 Tax Info/Sold Houses/Eastwood 6 Plex/Eastwood 6 Plex Photos,_Library/Photos/IMG_1954.HEIC,https://drive.google.com/file/d/1zBxvjTC4B_SDJuQ1y1C1jDazSkAM7TF_/view?usp=drivesdk
18sUkib2fgNp86epbfyNP-VasYD0PMhhX,IMG_1938.HEIC,primary,CORPORATION/2024 Tax Info/Sold Houses/Eastwood 6 Plex/Eastwood 6 Plex Photos,_Library/Photos/IMG_1938.HEIC,https://drive.google.com/file/d/18sUkib2fgNp86epbfyNP-VasYD0PMhhX/view?usp=drivesdk
1w6hqTBA110GD2wjXsGiDZ-O9qoQ68WTU,IMG_1906.HEIC,primary,CORPORATION/2024 Tax Info/Sold Houses/Eastwood 6 Plex/Eastwood 6 Plex Photos,_Library/Photos/IMG_1906.HEIC,https://drive.google.com/file/d/1w6hqTBA110GD2wjXsGiDZ-O9qoQ68WTU/view?usp=drivesdk
1y1w7sFWpk8FEE0aAL5IK8lVqzNtZKpCN,IMG_1893.HEIC,primary,CORPORATION/2024 Tax Info/Sold Houses/Eastwood 6 Plex/Eastwood 6 Plex Photos,_Library/Photos/IMG_1893.HEIC,https://drive.google.com/file/d/1y1w7sFWpk8FEE0aAL5IK8lVqzNtZKpCN/view?usp=drivesdk
1GXmbPzR_JNL4YtNimlFgxrHdO0-FocN2,IMG_1910.HEIC,primary,CORPORATION/2024 Tax Info/Sold Houses/Eastwood 6 Plex/Eastwood 6 Plex Photos,_Library/Photos/IMG_1910.HEIC,https://drive.google.com/file/d/1GXmbPzR_JNL4YtNimlFgxrHdO0-FocN2/view?usp=drivesdk
121zUlppsaPoXWqsyYU9Zg1BI2crDM9Gn,IMG_1888.HEIC,primary,CORPORATION/2024 Tax Info/Sold Houses/Eastwood 6 Plex/Eastwood 6 Plex Photos,_Library/Photos/IMG_1888.HEIC,https://drive.google.com/file/d/121zUlppsaPoXWqsyYU9Zg1BI2crDM9Gn/view?usp=drivesdk
1Fi5rKlCl_adjD70DRvmw8LOrLVYW8GKT,IMG_1929.HEIC,primary,CORPORATION/2024 Tax Info/Sold Houses/Eastwood 6 Plex/Eastwood 6 Plex Photos,_Library/Photos/IMG_1929.HEIC,https://drive.google.com/file/d/1Fi5rKlCl_adjD70DRvmw8LOrLVYW8GKT/view?usp=drivesdk
1zT6jNwDlVAVySKOA0Be3upUxoRUHyJmb,IMG_1934.HEIC,primary,CORPORATION/2024 Tax Info/Sold Houses/Eastwood 6 Plex/Eastwood 6 Plex Photos,_Library/Photos/IMG_1934.HEIC,https://drive.google.com/file/d/1zT6jNwDlVAVySKOA0Be3upUxoRUHyJmb/view?usp=drivesdk
1HvtcSKdUFS-wDbjKUrGjgWBuW5ETlQFC,IMG_1899.HEIC,primary,CORPORATION/2024 Tax Info/Sold Houses/Eastwood 6 Plex/Eastwood 6 Plex Photos,_Library/Photos/IMG_1899.HEIC,https://drive.google.com/file/d/1HvtcSKdUFS-wDbjKUrGjgWBuW5ETlQFC/view?usp=drivesdk
1HboIKUBJQ2rgLOfpHTmYEfOU5pYhxzqu,IMG_1969.HEIC,primary,CORPORATION/2024 Tax Info/Sold Houses/Eastwood 6 Plex/Eastwood 6 Plex Photos,_Library/Photos/IMG_1969.HEIC,https://drive.google.com/file/d/1HboIKUBJQ2rgLOfpHTmYEfOU5pYhxzqu/view?usp=drivesdk
1WXTzasAIEjle0gQFCbh-_iv_dU8n6O-A,IMG_1890.HEIC,primary,CORPORATION/2024 Tax Info/Sold Houses/Eastwood 6 Plex/Eastwood 6 Plex Photos,_Library/Photos/IMG_1890.HEIC,https://drive.google.com/file/d/1WXTzasAIEjle0gQFCbh-_iv_dU8n6O-A/view?usp=drivesdk
1XoYfBxdghtprzWbg3rKNb9nTOSgEh5uj,IMG_1939.HEIC,primary,CORPORATION/2024 Tax Info/Sold Houses/Eastwood 6 Plex/Eastwood 6 Plex Photos,_Library/Photos/IMG_1939.HEIC,https://drive.google.com/file/d/1XoYfBxdghtprzWbg3rKNb9nTOSgEh5uj/view?usp=drivesdk
15LENxWyVMSq0INbU9w7sMOl5d19Jol9F,IMG_1886.HEIC,primary,CORPORATION/2024 Tax Info/Sold Houses/Eastwood 6 Plex/Eastwood 6 Plex Photos,_Library/Photos/IMG_1886.HEIC,https://drive.google.com/file/d/15LENxWyVMSq0INbU9w7sMOl5d19Jol9F/view?usp=drivesdk
11AnzXhOaGGwQEvDZHbKowp8ArMG-YOLb,IMG_1958.HEIC,primary,CORPORATION/2024 Tax Info/Sold Houses/Eastwood 6 Plex/Eastwood 6 Plex Photos,_Library/Photos/IMG_1958.HEIC,https://drive.google.com/file/d/11AnzXhOaGGwQEvDZHbKowp8ArMG-YOLb/view?usp=drivesdk
1mX7Mbwd7qBP1m8Kr7xvOL8H_YTDuaOK8,IMG_1932.HEIC,primary,CORPORATION/2024 Tax Info/Sold Houses/Eastwood 6 Plex/Eastwood 6 Plex Photos,_Library/Photos/IMG_1932.HEIC,https://drive.google.com/file/d/1mX7Mbwd7qBP1m8Kr7xvOL8H_YTDuaOK8/view?usp=drivesdk
16RoXqX4wfLpr6NO7ZlBfzz1KIYjoTi0W,IMG_1921.HEIC,primary,CORPORATION/2024 Tax Info/Sold Houses/Eastwood 6 Plex/Eastwood 6 Plex Photos,_Library/Photos/IMG_1921.HEIC,https://drive.google.com/file/d/16RoXqX4wfLpr6NO7ZlBfzz1KIYjoTi0W/view?usp=drivesdk
1yJ465WGLq9v810vpATlUnKlvR_eljaF5,IMG_1897.HEIC,primary,CORPORATION/2024 Tax Info/Sold Houses/Eastwood 6 Plex/Eastwood 6 Plex Photos,_Library/Photos/IMG_1897.HEIC,https://drive.google.com/file/d/1yJ465WGLq9v810vpATlUnKlvR_eljaF5/view?usp=drivesdk
1iRlkbDkXvi4YVDOXUUJvfaSrHAbDT-2v,IMG_1904.HEIC,primary,CORPORATION/2024 Tax Info/Sold Houses/Eastwood 6 Plex/Eastwood 6 Plex Photos,_Library/Photos/IMG_1904.HEIC,https://drive.google.com/file/d/1iRlkbDkXvi4YVDOXUUJvfaSrHAbDT-2v/view?usp=drivesdk
13HZx9opupRl7s3Hkof0tql_9mTyuJ3z5,IMG_1909.HEIC,primary,CORPORATION/2024 Tax Info/Sold Houses/Eastwood 6 Plex/Eastwood 6 Plex Photos,_Library/Photos/IMG_1909.HEIC,https://drive.google.com/file/d/13HZx9opupRl7s3Hkof0tql_9mTyuJ3z5/view?usp=drivesdk
1iLYB9lcToEJ7T-kgyCiu_f7kcb7kV0J8,IMG_1926.HEIC,primary,CORPORATION/2024 Tax Info/Sold Houses/Eastwood 6 Plex/Eastwood 6 Plex Photos,_Library/Photos/IMG_1926.HEIC,https://drive.google.com/file/d/1iLYB9lcToEJ7T-kgyCiu_f7kcb7kV0J8/view?usp=drivesdk
14UXGIt_Y3KQLmQx7qliHBotgHU1FtxEO,IMG_1949.HEIC,primary,CORPORATION/2024 Tax Info/Sold Houses/Eastwood 6 Plex/Eastwood 6 Plex Photos,_Library/Photos/IMG_1949.HEIC,https://drive.google.com/file/d/14UXGIt_Y3KQLmQx7qliHBotgHU1FtxEO/view?usp=drivesdk
1i6MAFbXdL4qwMxPt8UgZu0igqXRx4LaO,IMG_1927.HEIC,primary,CORPORATION/2024 Tax Info/Sold Houses/Eastwood 6 Plex/Eastwood 6 Plex Photos,_Library/Photos/IMG_1927.HEIC,https://drive.google.com/file/d/1i6MAFbXdL4qwMxPt8UgZu0igqXRx4LaO/view?usp=drivesdk
1QOttHufUUeb-5b8QTiMD9IEVt_DMlf5E,IMG_1936.HEIC,primary,CORPORATION/2024 Tax Info/Sold Houses/Eastwood 6 Plex/Eastwood 6 Plex Photos,_Library/Photos/IMG_1936.HEIC,https://drive.google.com/file/d/1QOttHufUUeb-5b8QTiMD9IEVt_DMlf5E/view?usp=drivesdk
1W4S4UATGrS4_CoVFl700jTSX0HBRfjHp,IMG_1881.HEIC,primary,CORPORATION/2024 Tax Info/Sold Houses/Eastwood 6 Plex/Eastwood 6 Plex Photos,_Library/Photos/IMG_1881.HEIC,https://drive.google.com/file/d/1W4S4UATGrS4_CoVFl700jTSX0HBRfjHp/view?usp=drivesdk
18b_C-zMIFGjM8LmR6xnpFAfaH8WbY3Tu,IMG_1895.HEIC,primary,CORPORATION/2024 Tax Info/Sold Houses/Eastwood 6 Plex/Eastwood 6 Plex Photos,_Library/Photos/IMG_1895.HEIC,https://drive.google.com/file/d/18b_C-zMIFGjM8LmR6xnpFAfaH8WbY3Tu/view?usp=drivesdk
1JXPMMoT0WuIhmdPoSAbuYDrKLmcMixpa,IMG_1896.HEIC,primary,CORPORATION/2024 Tax Info/Sold Houses/Eastwood 6 Plex/Eastwood 6 Plex Photos,_Library/Photos/IMG_1896.HEIC,https://drive.google.com/file/d/1JXPMMoT0WuIhmdPoSAbuYDrKLmcMixpa/view?usp=drivesdk
1syo_uO6hHr3tfoGAIZz854nNttXPKhf9,IMG_1965.HEIC,primary,CORPORATION/2024 Tax Info/Sold Houses/Eastwood 6 Plex/Eastwood 6 Plex Photos,_Library/Photos/IMG_1965.HEIC,https://drive.google.com/file/d/1syo_uO6hHr3tfoGAIZz854nNttXPKhf9/view?usp=drivesdk
1antaCbxFDZwC-wmiVMbAf8RzeTFgTJMO,IMG_1916.HEIC,primary,CORPORATION/2024 Tax Info/Sold Houses/Eastwood 6 Plex/Eastwood 6 Plex Photos,_Library/Photos/IMG_1916.HEIC,https://drive.google.com/file/d/1antaCbxFDZwC-wmiVMbAf8RzeTFgTJMO/view?usp=drivesdk
1hZ_GUH9cUcNaIzbB_Ktg_v9M6EBFfgW1,IMG_1935.HEIC,primary,CORPORATION/2024 Tax Info/Sold Houses/Eastwood 6 Plex/Eastwood 6 Plex Photos,_Library/Photos/IMG_1935.HEIC,https://drive.google.com/file/d/1hZ_GUH9cUcNaIzbB_Ktg_v9M6EBFfgW1/view?usp=drivesdk
1wF9_xAcom1Y0LPiPu5YEISx1Rg4ttTEM,IMG_1923.HEIC,primary,CORPORATION/2024 Tax Info/Sold Houses/Eastwood 6 Plex/Eastwood 6 Plex Photos,_Library/Photos/IMG_1923.HEIC,https://drive.google.com/file/d/1wF9_xAcom1Y0LPiPu5YEISx1Rg4ttTEM/view?usp=drivesdk
19MNmWJpacBvYMjqeyyk7cErs4NZLgiuz,IMG_1905.HEIC,primary,CORPORATION/2024 Tax Info/Sold Houses/Eastwood 6 Plex/Eastwood 6 Plex Photos,_Library/Photos/IMG_1905.HEIC,https://drive.google.com/file/d/19MNmWJpacBvYMjqeyyk7cErs4NZLgiuz/view?usp=drivesdk
1N9zsgNPcQkVVID8B38eQzjlzm4m4ad08,IMG_1943.HEIC,primary,CORPORATION/2024 Tax Info/Sold Houses/Eastwood 6 Plex/Eastwood 6 Plex Photos,_Library/Photos/IMG_1943.HEIC,https://drive.google.com/file/d/1N9zsgNPcQkVVID8B38eQzjlzm4m4ad08/view?usp=drivesdk
1geuK63SdJ3hQPJgPYwcZ-qFQb09fhJ9q,IMG_1915.HEIC,primary,CORPORATION/2024 Tax Info/Sold Houses/Eastwood 6 Plex/Eastwood 6 Plex Photos,_Library/Photos/IMG_1915.HEIC,https://drive.google.com/file/d/1geuK63SdJ3hQPJgPYwcZ-qFQb09fhJ9q/view?usp=drivesdk
1Jtcznc6jaGrPQZBaW2OLGwjebElc8qdz,IMG_1907.HEIC,primary,CORPORATION/2024 Tax Info/Sold Houses/Eastwood 6 Plex/Eastwood 6 Plex Photos,_Library/Photos/IMG_1907.HEIC,https://drive.google.com/file/d/1Jtcznc6jaGrPQZBaW2OLGwjebElc8qdz/view?usp=drivesdk
1lbAlTxufMEt3H8iT1OpwPoIWJtEUZ21k,IMG_1933.HEIC,primary,CORPORATION/2024 Tax Info/Sold Houses/Eastwood 6 Plex/Eastwood 6 Plex Photos,_Library/Photos/IMG_1933.HEIC,https://drive.google.com/file/d/1lbAlTxufMEt3H8iT1OpwPoIWJtEUZ21k/view?usp=drivesdk
1dfdTx_3cK062FpSdBQi7mVHvEOH0c75R,IMG_1908.HEIC,primary,CORPORATION/2024 Tax Info/Sold Houses/Eastwood 6 Plex/Eastwood 6 Plex Photos,_Library/Photos/IMG_1908.HEIC,https://drive.google.com/file/d/1dfdTx_3cK062FpSdBQi7mVHvEOH0c75R/view?usp=drivesdk
1Pcam9pjEaduRWV5H9xEhtTvsJr_Tshev,IMG_1891.HEIC,primary,CORPORATION/2024 Tax Info/Sold Houses/Eastwood 6 Plex/Eastwood 6 Plex Photos,_Library/Photos/IMG_1891.HEIC,https://drive.google.com/file/d/1Pcam9pjEaduRWV5H9xEhtTvsJr_Tshev/view?usp=drivesdk
1goUEBCtcHbaXeL83bvWl5bzByxeTlKFl,IMG_1918.HEIC,primary,CORPORATION/2024 Tax Info/Sold Houses/Eastwood 6 Plex/Eastwood 6 Plex Photos,_Library/Photos/IMG_1918.HEIC,https://drive.google.com/file/d/1goUEBCtcHbaXeL83bvWl5bzByxeTlKFl/view?usp=drivesdk
1aj176LfjxYkaF3GnXZACQaOSOEP_WVi4,IMG_1901.HEIC,primary,CORPORATION/2024 Tax Info/Sold Houses/Eastwood 6 Plex/Eastwood 6 Plex Photos,_Library/Photos/IMG_1901.HEIC,https://drive.google.com/file/d/1aj176LfjxYkaF3GnXZACQaOSOEP_WVi4/view?usp=drivesdk
18ne4QUfOwQwBoGy0yyEPmhL0bTvyE9TW,IMG_1920.HEIC,primary,CORPORATION/2024 Tax Info/Sold Houses/Eastwood 6 Plex/Eastwood 6 Plex Photos,_Library/Photos/IMG_1920.HEIC,https://drive.google.com/file/d/18ne4QUfOwQwBoGy0yyEPmhL0bTvyE9TW/view?usp=drivesdk
109noGH3reS3HNX838EQYFYw50jB9pZFW,IMG_1911.HEIC,primary,CORPORATION/2024 Tax Info/Sold Houses/Eastwood 6 Plex/Eastwood 6 Plex Photos,_Library/Photos/IMG_1911.HEIC,https://drive.google.com/file/d/109noGH3reS3HNX838EQYFYw50jB9pZFW/view?usp=drivesdk
12LYd2BWJ8-0K-T9DfJXBdNexlB0hGQqz,IMG_1894.HEIC,primary,CORPORATION/2024 Tax Info/Sold Houses/Eastwood 6 Plex/Eastwood 6 Plex Photos,_Library/Photos/IMG_1894.HEIC,https://drive.google.com/file/d/12LYd2BWJ8-0K-T9DfJXBdNexlB0hGQqz/view?usp=drivesdk
1W5GI8b0-Zq1A-7KP4wyPQbIUAtSNaG-D,IMG_1898.HEIC,primary,CORPORATION/2024 Tax Info/Sold Houses/Eastwood 6 Plex/Eastwood 6 Plex Photos,_Library/Photos/IMG_1898.HEIC,https://drive.google.com/file/d/1W5GI8b0-Zq1A-7KP4wyPQbIUAtSNaG-D/view?usp=drivesdk
1uYqRHDBpSx7YmT9HhuJmTDvKee1RQ9tD,IMG_1919.HEIC,primary,CORPORATION/2024 Tax Info/Sold Houses/Eastwood 6 Plex/Eastwood 6 Plex Photos,_Library/Photos/IMG_1919.HEIC,https://drive.google.com/file/d/1uYqRHDBpSx7YmT9HhuJmTDvKee1RQ9tD/view?usp=drivesdk
1TvFUBusoSAHOJO5L4yLvSdSBZTz0HDoL,IMG_1912.HEIC,primary,CORPORATION/2024 Tax Info/Sold Houses/Eastwood 6 Plex/Eastwood 6 Plex Photos,_Library/Photos/IMG_1912.HEIC,https://drive.google.com/file/d/1TvFUBusoSAHOJO5L4yLvSdSBZTz0HDoL/view?usp=drivesdk
1LwlQBQbTaIiBmgZ6w-yEfofxdn4wUIOu,IMG_1957.HEIC,primary,CORPORATION/2024 Tax Info/Sold Houses/Eastwood 6 Plex/Eastwood 6 Plex Photos,_Library/Photos/IMG_1957.HEIC,https://drive.google.com/file/d/1LwlQBQbTaIiBmgZ6w-yEfofxdn4wUIOu/view?usp=drivesdk
1YAFRB4gunN0zBd428zpSZ8kdXJQqSisY,IMG_1914.HEIC,primary,CORPORATION/2024 Tax Info/Sold Houses/Eastwood 6 Plex/Eastwood 6 Plex Photos,_Library/Photos/IMG_1914.HEIC,https://drive.google.com/file/d/1YAFRB4gunN0zBd428zpSZ8kdXJQqSisY/view?usp=drivesdk
11v0aWjSCfTTl_asOn4wKeug7QimTYFSx,IMG_1950.HEIC,primary,CORPORATION/2024 Tax Info/Sold Houses/Eastwood 6 Plex/Eastwood 6 Plex Photos,_Library/Photos/IMG_1950.HEIC,https://drive.google.com/file/d/11v0aWjSCfTTl_asOn4wKeug7QimTYFSx/view?usp=drivesdk
16Sf3LUy6_4BdUm5nG4-ieasWruRzRJ4K,IMG_1944.HEIC,primary,CORPORATION/2024 Tax Info/Sold Houses/Eastwood 6 Plex/Eastwood 6 Plex Photos,_Library/Photos/IMG_1944.HEIC,https://drive.google.com/file/d/16Sf3LUy6_4BdUm5nG4-ieasWruRzRJ4K/view?usp=drivesdk
1bq8iO13TlqxeaugiTtEZIhyiJwu39k9r,IMG_1925.HEIC,primary,CORPORATION/2024 Tax Info/Sold Houses/Eastwood 6 Plex/Eastwood 6 Plex Photos,_Library/Photos/IMG_1925.HEIC,https://drive.google.com/file/d/1bq8iO13TlqxeaugiTtEZIhyiJwu39k9r/view?usp=drivesdk
1GD5uf9syDrbR4AEGXHi8OckXSFY7Ux8r,IMG_1963.HEIC,primary,CORPORATION/2024 Tax Info/Sold Houses/Eastwood 6 Plex/Eastwood 6 Plex Photos,_Library/Photos/IMG_1963.HEIC,https://drive.google.com/file/d/1GD5uf9syDrbR4AEGXHi8OckXSFY7Ux8r/view?usp=drivesdk
1njH2y5NjcXkfYEdkds8AxhMuAYsXdmbH,IMG_1937.HEIC,primary,CORPORATION/2024 Tax Info/Sold Houses/Eastwood 6 Plex/Eastwood 6 Plex Photos,_Library/Photos/IMG_1937.HEIC,https://drive.google.com/file/d/1njH2y5NjcXkfYEdkds8AxhMuAYsXdmbH/view?usp=drivesdk
1aBjqwEbv9P7krI4N2AOe9n788QRbu6iE,IMG_1928.HEIC,primary,CORPORATION/2024 Tax Info/Sold Houses/Eastwood 6 Plex/Eastwood 6 Plex Photos,_Library/Photos/IMG_1928.HEIC,https://drive.google.com/file/d/1aBjqwEbv9P7krI4N2AOe9n788QRbu6iE/view?usp=drivesdk
1TsYznpcN73k0ABephowPDokiTebpa1Y-,IMG_1917.HEIC,primary,CORPORATION/2024 Tax Info/Sold Houses/Eastwood 6 Plex/Eastwood 6 Plex Photos,_Library/Photos/IMG_1917.HEIC,https://drive.google.com/file/d/1TsYznpcN73k0ABephowPDokiTebpa1Y-/view?usp=drivesdk
1q87ayGVt5xc2m8heOtU1GNJlW7gSkr7g,IMG_1885.HEIC,primary,CORPORATION/2024 Tax Info/Sold Houses/Eastwood 6 Plex/Eastwood 6 Plex Photos,_Library/Photos/IMG_1885.HEIC,https://drive.google.com/file/d/1q87ayGVt5xc2m8heOtU1GNJlW7gSkr7g/view?usp=drivesdk
1id7ijyUZ4BnvgXIpUWWhinNWzhy1JAFE,IMG_1900.HEIC,primary,CORPORATION/2024 Tax Info/Sold Houses/Eastwood 6 Plex/Eastwood 6 Plex Photos,_Library/Photos/IMG_1900.HEIC,https://drive.google.com/file/d/1id7ijyUZ4BnvgXIpUWWhinNWzhy1JAFE/view?usp=drivesdk
1s3a5vU_A6-Tvd-z2vfNxZM2osPW66SAF,IMG_1947.HEIC,primary,CORPORATION/2024 Tax Info/Sold Houses/Eastwood 6 Plex/Eastwood 6 Plex Photos,_Library/Photos/IMG_1947.HEIC,https://drive.google.com/file/d/1s3a5vU_A6-Tvd-z2vfNxZM2osPW66SAF/view?usp=drivesdk
1xc-xKmGoLG6Lma6dQ-YWd3uEqsLzD8U0,IMG_1948.HEIC,primary,CORPORATION/2024 Tax Info/Sold Houses/Eastwood 6 Plex/Eastwood 6 Plex Photos,_Library/Photos/IMG_1948.HEIC,https://drive.google.com/file/d/1xc-xKmGoLG6Lma6dQ-YWd3uEqsLzD8U0/view?usp=drivesdk
1auF_6eq96pCniISqZfV9S-7ZljNmyH2m,IMG_1882.HEIC,primary,CORPORATION/2024 Tax Info/Sold Houses/Eastwood 6 Plex/Eastwood 6 Plex Photos,_Library/Photos/IMG_1882.HEIC,https://drive.google.com/file/d/1auF_6eq96pCniISqZfV9S-7ZljNmyH2m/view?usp=drivesdk
1T22aa8aR5pikWuKCBGuUEYGL1UrG-hRWxOD9115kSbM,ACTIVE DEALS,primary,NEW Properties ,_NeedsReview/ACTIVE DEALS,https://docs.google.com/spreadsheets/d/1T22aa8aR5pikWuKCBGuUEYGL1UrG-hRWxOD9115kSbM/edit?usp=drivesdk&ouid=112966636072631084810
1cZ9eYt2nD0hFkTc6IhOMXaw4UvVoI334dn7hRIADZX8,Heisler Payment Schedule  ,primary,CORPORATION/2024 Tax Info/Sold Houses/315 Haultain Avenue ,_NeedsReview/Heisler Payment Schedule  ,https://docs.google.com/spreadsheets/d/1cZ9eYt2nD0hFkTc6IhOMXaw4UvVoI334dn7hRIADZX8/edit?usp=drivesdk&ouid=112966636072631084810
1pvik-tkElM7Se9-wYIT5NQGlTGllZvNRstt9BgVnzJY,Sunni Sunshine Assignments,primary,(root),_NeedsReview/Sunni Sunshine Assignments,https://docs.google.com/spreadsheets/d/1pvik-tkElM7Se9-wYIT5NQGlTGllZvNRstt9BgVnzJY/edit?usp=drivesdk&ouid=112966636072631084810
1tx9t0SqB4QliuS3tTE91trJ4iMHnk1Md,5K Canada list 0.csv,primary,CORPORATION/Employee/Employees ,_NeedsReview/5K Canada list 0.csv,https://drive.google.com/file/d/1tx9t0SqB4QliuS3tTE91trJ4iMHnk1Md/view?usp=drivesdk
1g16qI-0oupkQ5Zih8VUjuxWsSfvrFA1c,2024-04-19_10-43-03.mp3,primary,VA_Call_Recordings_SunRize Investments/4/18/2024,_NeedsReview/2024-04-19_10-43-03.mp3,https://drive.google.com/file/d/1g16qI-0oupkQ5Zih8VUjuxWsSfvrFA1c/view?usp=drivesdk
1mZHhEG2wOcZIXz0wMAzQq-186r5E6Bgs,2024-04-19_10-25-18.mp3,primary,VA_Call_Recordings_SunRize Investments/4/18/2024,_NeedsReview/2024-04-19_10-25-18.mp3,https://drive.google.com/file/d/1mZHhEG2wOcZIXz0wMAzQq-186r5E6Bgs/view?usp=drivesdk
1ewIZFolb-D_58S148jNbbsIbVdkWxQYm,2024-04-19_10-23-38.mp3,primary,VA_Call_Recordings_SunRize Investments/4/18/2024,_NeedsReview/2024-04-19_10-23-38.mp3,https://drive.google.com/file/d/1ewIZFolb-D_58S148jNbbsIbVdkWxQYm/view?usp=drivesdk
1BEPSMlWUibMqq3GXY8R2Ca71baJvJzwA,2024-04-19_10-22-27.mp3,primary,VA_Call_Recordings_SunRize Investments/4/18/2024,_NeedsReview/2024-04-19_10-22-27.mp3,https://drive.google.com/file/d/1BEPSMlWUibMqq3GXY8R2Ca71baJvJzwA/view?usp=drivesdk
1oonsmPUJC-qif2pAmp9jK-luWxcgNiJb,2024-04-19_10-18-11.mp3,primary,VA_Call_Recordings_SunRize Investments/4/18/2024,_NeedsReview/2024-04-19_10-18-11.mp3,https://drive.google.com/file/d/1oonsmPUJC-qif2pAmp9jK-luWxcgNiJb/view?usp=drivesdk
1iJ3IGzU817WwUshFvg3aougyU3iwru9i,2024-04-19_10-12-00.mp3,primary,VA_Call_Recordings_SunRize Investments/4/18/2024,_NeedsReview/2024-04-19_10-12-00.mp3,https://drive.google.com/file/d/1iJ3IGzU817WwUshFvg3aougyU3iwru9i/view?usp=drivesdk
1SZe0Y_bSh7gQWdJBnW6z0_xmFyBhAHmt,2024-04-19_10-09-00.mp3,primary,VA_Call_Recordings_SunRize Investments/4/18/2024,_NeedsReview/2024-04-19_10-09-00.mp3,https://drive.google.com/file/d/1SZe0Y_bSh7gQWdJBnW6z0_xmFyBhAHmt/view?usp=drivesdk
13R9iMPKppJnW85050DnSaGuHT-Gxf410,2024-04-19_10-04-18.mp3,primary,VA_Call_Recordings_SunRize Investments/4/18/2024,_NeedsReview/2024-04-19_10-04-18.mp3,https://drive.google.com/file/d/13R9iMPKppJnW85050DnSaGuHT-Gxf410/view?usp=drivesdk
1StIJZgsO0uGICZqLxqOdy5zehayBkZtw,2024-04-19_10-00-32.mp3,primary,VA_Call_Recordings_SunRize Investments/4/18/2024,_NeedsReview/2024-04-19_10-00-32.mp3,https://drive.google.com/file/d/1StIJZgsO0uGICZqLxqOdy5zehayBkZtw/view?usp=drivesdk
1YEI2FImN3M2ywjgZyYqOOWPkVEUOAqv-,2024-04-19_09-55-26.mp3,primary,VA_Call_Recordings_SunRize Investments/4/18/2024,_NeedsReview/2024-04-19_09-55-26.mp3,https://drive.google.com/file/d/1YEI2FImN3M2ywjgZyYqOOWPkVEUOAqv-/view?usp=drivesdk
1qKig-MMpaIBdgwzd8nyHCW6oQtGkaOqM,2024-04-19_09-49-33.mp3,primary,VA_Call_Recordings_SunRize Investments/4/18/2024,_NeedsReview/2024-04-19_09-49-33.mp3,https://drive.google.com/file/d/1qKig-MMpaIBdgwzd8nyHCW6oQtGkaOqM/view?usp=drivesdk
1fJRZcEkOdmwQ_RmIWQmy9abN9jLJrXCC,2024-04-19_09-47-25.mp3,primary,VA_Call_Recordings_SunRize Investments/4/18/2024,_NeedsReview/2024-04-19_09-47-25.mp3,https://drive.google.com/file/d/1fJRZcEkOdmwQ_RmIWQmy9abN9jLJrXCC/view?usp=drivesdk
1-4ec1jfTqZfD_5tblIhuii4ptgrVL2nB,2024-04-19_09-44-35.mp3,primary,VA_Call_Recordings_SunRize Investments/4/18/2024,_NeedsReview/2024-04-19_09-44-35.mp3,https://drive.google.com/file/d/1-4ec1jfTqZfD_5tblIhuii4ptgrVL2nB/view?usp=drivesdk
1DTHbE1sxxW2D2WHIIu2ydXcazMzqhNr4,2024-04-19_09-41-24.mp3,primary,VA_Call_Recordings_SunRize Investments/4/18/2024,_NeedsReview/2024-04-19_09-41-24.mp3,https://drive.google.com/file/d/1DTHbE1sxxW2D2WHIIu2ydXcazMzqhNr4/view?usp=drivesdk
1vVR7sFzABk4E2sGeSlKfMycOHW6aSFB9,2024-04-19_08-58-28.mp3,primary,VA_Call_Recordings_SunRize Investments/4/18/2024,_NeedsReview/2024-04-19_08-58-28.mp3,https://drive.google.com/file/d/1vVR7sFzABk4E2sGeSlKfMycOHW6aSFB9/view?usp=drivesdk
1iHAl4akbSVA13NlhWV6fSdXWzVjxg4lU,2024-04-19_08-52-19.mp3,primary,VA_Call_Recordings_SunRize Investments/4/18/2024,_NeedsReview/2024-04-19_08-52-19.mp3,https://drive.google.com/file/d/1iHAl4akbSVA13NlhWV6fSdXWzVjxg4lU/view?usp=drivesdk
1ENEk4cfzOwCVqnU-m0JGBkc0AgyhrXeb,2024-04-19_08-46-26.mp3,primary,VA_Call_Recordings_SunRize Investments/4/18/2024,_NeedsReview/2024-04-19_08-46-26.mp3,https://drive.google.com/file/d/1ENEk4cfzOwCVqnU-m0JGBkc0AgyhrXeb/view?usp=drivesdk
1I5C2th01d05GYg4eHxV-MWLWMMM4DUfk,2024-04-19_08-42-15.mp3,primary,VA_Call_Recordings_SunRize Investments/4/18/2024,_NeedsReview/2024-04-19_08-42-15.mp3,https://drive.google.com/file/d/1I5C2th01d05GYg4eHxV-MWLWMMM4DUfk/view?usp=drivesdk
1UAihJxdVblqPIuXQj6j1tV2ylZTqNHXP,2024-04-19_08-37-13.mp3,primary,VA_Call_Recordings_SunRize Investments/4/18/2024,_NeedsReview/2024-04-19_08-37-13.mp3,https://drive.google.com/file/d/1UAihJxdVblqPIuXQj6j1tV2ylZTqNHXP/view?usp=drivesdk
1NYIT9mmf7ZV1Ojxni-P45pFN1eJqSxfF,2024-04-19_08-36-27.mp3,primary,VA_Call_Recordings_SunRize Investments/4/18/2024,_NeedsReview/2024-04-19_08-36-27.mp3,https://drive.google.com/file/d/1NYIT9mmf7ZV1Ojxni-P45pFN1eJqSxfF/view?usp=drivesdk
1tAQN646SXqBjYHJQnnlGHdDkMqj9pO1b,2024-04-19_08-20-15.mp3,primary,VA_Call_Recordings_SunRize Investments/4/18/2024,_NeedsReview/2024-04-19_08-20-15.mp3,https://drive.google.com/file/d/1tAQN646SXqBjYHJQnnlGHdDkMqj9pO1b/view?usp=drivesdk
1IKkJKEGuDeMWV11YhWLeIlUNbm1bNe_I,2024-04-19_08-14-02.mp3,primary,VA_Call_Recordings_SunRize Investments/4/18/2024,_NeedsReview/2024-04-19_08-14-02.mp3,https://drive.google.com/file/d/1IKkJKEGuDeMWV11YhWLeIlUNbm1bNe_I/view?usp=drivesdk
1LgsFTJq_0hpXUrHjtgMfLibDY4dzSeRv,2024-04-19_08-10-13.mp3,primary,VA_Call_Recordings_SunRize Investments/4/18/2024,_NeedsReview/2024-04-19_08-10-13.mp3,https://drive.google.com/file/d/1LgsFTJq_0hpXUrHjtgMfLibDY4dzSeRv/view?usp=drivesdk
1Qn2zXaTpi6izCi6oTZCgwFbp6WxXhGkq,2024-04-19_08-08-28.mp3,primary,VA_Call_Recordings_SunRize Investments/4/18/2024,_NeedsReview/2024-04-19_08-08-28.mp3,https://drive.google.com/file/d/1Qn2zXaTpi6izCi6oTZCgwFbp6WxXhGkq/view?usp=drivesdk
1XrAIyeS3uqIVNCHKGgQuhCk0Wq84zSyF,2024-04-19_08-04-57.mp3,primary,VA_Call_Recordings_SunRize Investments/4/18/2024,_NeedsReview/2024-04-19_08-04-57.mp3,https://drive.google.com/file/d/1XrAIyeS3uqIVNCHKGgQuhCk0Wq84zSyF/view?usp=drivesdk
1xUzsd1NEzDJwZJuXnTzWpGyEyNnWxkH6,2024-04-19_08-00-45.mp3,primary,VA_Call_Recordings_SunRize Investments/4/18/2024,_NeedsReview/2024-04-19_08-00-45.mp3,https://drive.google.com/file/d/1xUzsd1NEzDJwZJuXnTzWpGyEyNnWxkH6/view?usp=drivesdk
1ingl9VXhDNy3g943pYrSADSX0VQyeEET,2024-04-19_07-56-49.mp3,primary,VA_Call_Recordings_SunRize Investments/4/18/2024,_NeedsReview/2024-04-19_07-56-49.mp3,https://drive.google.com/file/d/1ingl9VXhDNy3g943pYrSADSX0VQyeEET/view?usp=drivesdk
1wPcM27zkzGg-uI12EZ7Lpqn2N2O_mrZv,2024-04-19_07-52-08.mp3,primary,VA_Call_Recordings_SunRize Investments/4/18/2024,_NeedsReview/2024-04-19_07-52-08.mp3,https://drive.google.com/file/d/1wPcM27zkzGg-uI12EZ7Lpqn2N2O_mrZv/view?usp=drivesdk
1_b0E2CiBGOaX2LZF5ZA_u1sgQ2EYz1HL,Purchase-Contract--8207-121. Signed (1).pdf,primary,CORPORATION/2024 Tax Info/Sold Houses/Eastwood 6 Plex,_Library/Contracts/Purchase-Contract--8207-121. Signed (1).pdf,https://drive.google.com/file/d/1_b0E2CiBGOaX2LZF5ZA_u1sgQ2EYz1HL/view?usp=drivesdk
1GZ60G-EqATQqVDPr1PDxrCyQXl-Fn72R,Complete_with_DocuSign_INDEPENDENT_CONTRACTO.pdf,primary,CORPORATION/Employee/Employees /Employment agreement ,_NeedsReview/Complete_with_DocuSign_INDEPENDENT_CONTRACTO.pdf,https://drive.google.com/file/d/1GZ60G-EqATQqVDPr1PDxrCyQXl-Fn72R/view?usp=drivesdk
1lSGC2NJ1AXvsgOz4eODOfNDKzNqfRc6N,INDEPENDENT CONTRACTOR AGREEMENT - DRAFT.docx,primary,CORPORATION/Employee/Employees /Employment agreement ,_Library/Contracts/INDEPENDENT CONTRACTOR AGREEMENT - DRAFT.docx,https://drive.google.com/file/d/1lSGC2NJ1AXvsgOz4eODOfNDKzNqfRc6N/view?usp=drivesdk
1Ooo29HidY74jkFNc-_d7q60c7khIzYZM,2024-04-18_11-00-07.mp3,primary,VA_Call_Recordings_SunRize Investments/4/17/2024,_NeedsReview/2024-04-18_11-00-07.mp3,https://drive.google.com/file/d/1Ooo29HidY74jkFNc-_d7q60c7khIzYZM/view?usp=drivesdk
1hjf266XxWyDf_NFUga5LJO32Y1l7eLVT,2024-04-18_10-57-34.mp3,primary,VA_Call_Recordings_SunRize Investments/4/17/2024,_NeedsReview/2024-04-18_10-57-34.mp3,https://drive.google.com/file/d/1hjf266XxWyDf_NFUga5LJO32Y1l7eLVT/view?usp=drivesdk
1hw8ARyTsuARq5e5unuQYzPgYfWN-UUxB,2024-04-18_10-55-23.mp3,primary,VA_Call_Recordings_SunRize Investments/4/17/2024,_NeedsReview/2024-04-18_10-55-23.mp3,https://drive.google.com/file/d/1hw8ARyTsuARq5e5unuQYzPgYfWN-UUxB/view?usp=drivesdk
1PguXGgIP3jk_V0jGCN5jusOsP0dFd-Fc,2024-04-18_10-42-27.mp3,primary,VA_Call_Recordings_SunRize Investments/4/17/2024,_NeedsReview/2024-04-18_10-42-27.mp3,https://drive.google.com/file/d/1PguXGgIP3jk_V0jGCN5jusOsP0dFd-Fc/view?usp=drivesdk
1PgiZM3KDcFroGvOD79ckS_6FyogFENQc,2024-04-18_10-40-21.mp3,primary,VA_Call_Recordings_SunRize Investments/4/17/2024,_NeedsReview/2024-04-18_10-40-21.mp3,https://drive.google.com/file/d/1PgiZM3KDcFroGvOD79ckS_6FyogFENQc/view?usp=drivesdk
1andcxufbXiDibkVoI8eM2WL2HCSUeCBt,2024-04-18_10-33-18.mp3,primary,VA_Call_Recordings_SunRize Investments/4/17/2024,_NeedsReview/2024-04-18_10-33-18.mp3,https://drive.google.com/file/d/1andcxufbXiDibkVoI8eM2WL2HCSUeCBt/view?usp=drivesdk
1Y8w3dDuuTrpxKLpDaicB27oggAk7uPWo,2024-04-18_10-25-51.mp3,primary,VA_Call_Recordings_SunRize Investments/4/17/2024,_NeedsReview/2024-04-18_10-25-51.mp3,https://drive.google.com/file/d/1Y8w3dDuuTrpxKLpDaicB27oggAk7uPWo/view?usp=drivesdk
1dcg3HzGzkU13sqCsxmwO0ceaKbk34-3u,2024-04-18_10-09-52.mp3,primary,VA_Call_Recordings_SunRize Investments/4/17/2024,_NeedsReview/2024-04-18_10-09-52.mp3,https://drive.google.com/file/d/1dcg3HzGzkU13sqCsxmwO0ceaKbk34-3u/view?usp=drivesdk
17LX-349O15xK67VB-Avc2JYsBRgadExz,2024-04-18_09-09-01.mp3,primary,VA_Call_Recordings_SunRize Investments/4/17/2024,_NeedsReview/2024-04-18_09-09-01.mp3,https://drive.google.com/file/d/17LX-349O15xK67VB-Avc2JYsBRgadExz/view?usp=drivesdk
1GLIllpkAUvq7qpRuj7p7Md4Z-5x-BkJR,2024-04-18_09-07-43.mp3,primary,VA_Call_Recordings_SunRize Investments/4/17/2024,_NeedsReview/2024-04-18_09-07-43.mp3,https://drive.google.com/file/d/1GLIllpkAUvq7qpRuj7p7Md4Z-5x-BkJR/view?usp=drivesdk
1khSUOsPIRECjm2_Fv11DoGcekhWJZ8R_,2024-04-18_09-05-37.mp3,primary,VA_Call_Recordings_SunRize Investments/4/17/2024,_NeedsReview/2024-04-18_09-05-37.mp3,https://drive.google.com/file/d/1khSUOsPIRECjm2_Fv11DoGcekhWJZ8R_/view?usp=drivesdk
1Ivjk1JwKddjjTtEsEr6KLKlZ3_5j_PjL,2024-04-18_09-05-11.mp3,primary,VA_Call_Recordings_SunRize Investments/4/17/2024,_NeedsReview/2024-04-18_09-05-11.mp3,https://drive.google.com/file/d/1Ivjk1JwKddjjTtEsEr6KLKlZ3_5j_PjL/view?usp=drivesdk
1vnaGnUXV2DrehZQWDpruTV_DAoMzlrW5,2024-04-18_08-54-45.mp3,primary,VA_Call_Recordings_SunRize Investments/4/17/2024,_NeedsReview/2024-04-18_08-54-45.mp3,https://drive.google.com/file/d/1vnaGnUXV2DrehZQWDpruTV_DAoMzlrW5/view?usp=drivesdk
1dWZzoy8oJQ6Sra9K0ow9-SBEqDFIOSu8,2024-04-18_08-52-37.mp3,primary,VA_Call_Recordings_SunRize Investments/4/17/2024,_NeedsReview/2024-04-18_08-52-37.mp3,https://drive.google.com/file/d/1dWZzoy8oJQ6Sra9K0ow9-SBEqDFIOSu8/view?usp=drivesdk
1JzxM1TKDdo-l9UVWEyT-I6Ar2wArYhmf,2024-04-18_08-50-31.mp3,primary,VA_Call_Recordings_SunRize Investments/4/17/2024,_NeedsReview/2024-04-18_08-50-31.mp3,https://drive.google.com/file/d/1JzxM1TKDdo-l9UVWEyT-I6Ar2wArYhmf/view?usp=drivesdk
1rpOm2FEBqm4r-jePGIY49Pk8STDNwtaK,2024-04-18_08-47-48.mp3,primary,VA_Call_Recordings_SunRize Investments/4/17/2024,_NeedsReview/2024-04-18_08-47-48.mp3,https://drive.google.com/file/d/1rpOm2FEBqm4r-jePGIY49Pk8STDNwtaK/view?usp=drivesdk
1fl6eYevLZ5c9CDe12pY9hMwfLS9ALIsf,2024-04-18_08-45-37.mp3,primary,VA_Call_Recordings_SunRize Investments/4/17/2024,_NeedsReview/2024-04-18_08-45-37.mp3,https://drive.google.com/file/d/1fl6eYevLZ5c9CDe12pY9hMwfLS9ALIsf/view?usp=drivesdk
1I8pk8o7ikcCYJz2ON62moAsXvI0gvCzq,2024-04-18_08-42-12.mp3,primary,VA_Call_Recordings_SunRize Investments/4/17/2024,_NeedsReview/2024-04-18_08-42-12.mp3,https://drive.google.com/file/d/1I8pk8o7ikcCYJz2ON62moAsXvI0gvCzq/view?usp=drivesdk
10gSOfFEr-2VOOPmDJEGVdwHFKeVd4qZ9,2024-04-18_08-39-19.mp3,primary,VA_Call_Recordings_SunRize Investments/4/17/2024,_NeedsReview/2024-04-18_08-39-19.mp3,https://drive.google.com/file/d/10gSOfFEr-2VOOPmDJEGVdwHFKeVd4qZ9/view?usp=drivesdk
1uLVDOISduOZSPZM22_S8FUugtNaJs8km,2024-04-18_08-36-22.mp3,primary,VA_Call_Recordings_SunRize Investments/4/17/2024,_NeedsReview/2024-04-18_08-36-22.mp3,https://drive.google.com/file/d/1uLVDOISduOZSPZM22_S8FUugtNaJs8km/view?usp=drivesdk
1iS4otN2yE-e_KS4XuSl4L4hD2OR-SLIg,2024-04-18_08-32-59.mp3,primary,VA_Call_Recordings_SunRize Investments/4/17/2024,_NeedsReview/2024-04-18_08-32-59.mp3,https://drive.google.com/file/d/1iS4otN2yE-e_KS4XuSl4L4hD2OR-SLIg/view?usp=drivesdk
1UD2_cQR_12Weau-_Tt8d3VflJqfEgbG5,2024-04-18_08-30-33.mp3,primary,VA_Call_Recordings_SunRize Investments/4/17/2024,_NeedsReview/2024-04-18_08-30-33.mp3,https://drive.google.com/file/d/1UD2_cQR_12Weau-_Tt8d3VflJqfEgbG5/view?usp=drivesdk
1xu-7u1bzhZOw4ezKpDcBKoeb1kZQY_AZ,2024-04-18_08-17-02.mp3,primary,VA_Call_Recordings_SunRize Investments/4/17/2024,_NeedsReview/2024-04-18_08-17-02.mp3,https://drive.google.com/file/d/1xu-7u1bzhZOw4ezKpDcBKoeb1kZQY_AZ/view?usp=drivesdk
1uAdkdNCe16_39Q2_RrWTQbJfmLKaPv69,2024-04-18_08-14-03.mp3,primary,VA_Call_Recordings_SunRize Investments/4/17/2024,_NeedsReview/2024-04-18_08-14-03.mp3,https://drive.google.com/file/d/1uAdkdNCe16_39Q2_RrWTQbJfmLKaPv69/view?usp=drivesdk
15u-FjULBpm1xTCjgz1pzxOQe9B3lJbdm,2024-04-18_08-12-24.mp3,primary,VA_Call_Recordings_SunRize Investments/4/17/2024,_NeedsReview/2024-04-18_08-12-24.mp3,https://drive.google.com/file/d/15u-FjULBpm1xTCjgz1pzxOQe9B3lJbdm/view?usp=drivesdk
1_Vnyiz6T6jSyJpixmNVlYYAQjvtsYIUa,2024-04-18_08-10-38.mp3,primary,VA_Call_Recordings_SunRize Investments/4/17/2024,_NeedsReview/2024-04-18_08-10-38.mp3,https://drive.google.com/file/d/1_Vnyiz6T6jSyJpixmNVlYYAQjvtsYIUa/view?usp=drivesdk
1YB5C08IezedoZRxK-Ru6SZlRkr2auPc7,2024-04-18_08-06-12.mp3,primary,VA_Call_Recordings_SunRize Investments/4/17/2024,_NeedsReview/2024-04-18_08-06-12.mp3,https://drive.google.com/file/d/1YB5C08IezedoZRxK-Ru6SZlRkr2auPc7/view?usp=drivesdk
16efe_c6UQWp0-a54cW9_6ELB0Q8Y5LOS,Century 21 Coastal Realty NDA .pdf,primary,Blank Purchase Contracts /NDA,_Library/Contracts/Century 21 Coastal Realty NDA .pdf,https://drive.google.com/file/d/16efe_c6UQWp0-a54cW9_6ELB0Q8Y5LOS/view?usp=drivesdk
1uTgMYN_v_QgXCR342BHkz3MXPm5g2ikj,IMG_1477.MOV,primary,CORPORATION/2024 Tax Info/Sold Houses/Eastwood 6 Plex/Eastwood 6 Plex Photos,_NeedsReview/IMG_1477.MOV,https://drive.google.com/file/d/1uTgMYN_v_QgXCR342BHkz3MXPm5g2ikj/view?usp=drivesdk
1_5xan14f3l1Pe3nizCqTjHBM3XHjPuCT,IMG_1493.MOV,primary,CORPORATION/2024 Tax Info/Sold Houses/Eastwood 6 Plex/Eastwood 6 Plex Photos,_NeedsReview/IMG_1493.MOV,https://drive.google.com/file/d/1_5xan14f3l1Pe3nizCqTjHBM3XHjPuCT/view?usp=drivesdk
18MJmDJaq3CCehulS4d94WjGbX7dG5BAO,IMG_1472.HEIC,primary,CORPORATION/2024 Tax Info/Sold Houses/Eastwood 6 Plex/Eastwood 6 Plex Photos,_Library/Photos/IMG_1472.HEIC,https://drive.google.com/file/d/18MJmDJaq3CCehulS4d94WjGbX7dG5BAO/view?usp=drivesdk
1FtaeviM5MRC1FBs80tDYUBFlh-uiKxL9,IMG_1476.HEIC,primary,CORPORATION/2024 Tax Info/Sold Houses/Eastwood 6 Plex/Eastwood 6 Plex Photos,_Library/Photos/IMG_1476.HEIC,https://drive.google.com/file/d/1FtaeviM5MRC1FBs80tDYUBFlh-uiKxL9/view?usp=drivesdk
1cO03BreULoONfGv86aj34BRxZxeVF6oH,IMG_1501.HEIC,primary,CORPORATION/2024 Tax Info/Sold Houses/Eastwood 6 Plex/Eastwood 6 Plex Photos,_Library/Photos/IMG_1501.HEIC,https://drive.google.com/file/d/1cO03BreULoONfGv86aj34BRxZxeVF6oH/view?usp=drivesdk
1M9ZFXZfQ42GMo-IWM2j0m7XsRFiJ_aLl,IMG_1499.HEIC,primary,CORPORATION/2024 Tax Info/Sold Houses/Eastwood 6 Plex/Eastwood 6 Plex Photos,_Library/Photos/IMG_1499.HEIC,https://drive.google.com/file/d/1M9ZFXZfQ42GMo-IWM2j0m7XsRFiJ_aLl/view?usp=drivesdk
1hrSvIpqKIaC_Ct-Ds9_Ron0_MrBtOzcr,IMG_1500.HEIC,primary,CORPORATION/2024 Tax Info/Sold Houses/Eastwood 6 Plex/Eastwood 6 Plex Photos,_Library/Photos/IMG_1500.HEIC,https://drive.google.com/file/d/1hrSvIpqKIaC_Ct-Ds9_Ron0_MrBtOzcr/view?usp=drivesdk
15Ot1K8vaV-zAeI2e0nzp4d0aSAMXZ1Gh,IMG_1474.HEIC,primary,CORPORATION/2024 Tax Info/Sold Houses/Eastwood 6 Plex/Eastwood 6 Plex Photos,_Library/Photos/IMG_1474.HEIC,https://drive.google.com/file/d/15Ot1K8vaV-zAeI2e0nzp4d0aSAMXZ1Gh/view?usp=drivesdk
1NlCh0gCrROmRpCR-rFyko8_UcPKV-lAc,IMG_1502.HEIC,primary,CORPORATION/2024 Tax Info/Sold Houses/Eastwood 6 Plex/Eastwood 6 Plex Photos,_Library/Photos/IMG_1502.HEIC,https://drive.google.com/file/d/1NlCh0gCrROmRpCR-rFyko8_UcPKV-lAc/view?usp=drivesdk
1nSvh6fyYoUy338jRQg4A9_E3n_73AxO9,Purchase-Contract--8207-121. Signed (1).pdf,duplicate,Blank Purchase Contracts /Purchase Contracts- Filled out ,_Duplicates/Unknown/Purchase-Contract--8207-121. Signed (1).pdf,https://drive.google.com/file/d/1nSvh6fyYoUy338jRQg4A9_E3n_73AxO9/view?usp=drivesdk
1M_AVU4KfpFHckmLyB9ShqxeC6Y5ENTIU,Purchase-Contract--8207-121. Signed (1).pdf,duplicate,Blank Purchase Contracts /Purchase Contracts- Filled out ,_Duplicates/Unknown/Purchase-Contract--8207-121. Signed (1).pdf,https://drive.google.com/file/d/1M_AVU4KfpFHckmLyB9ShqxeC6Y5ENTIU/view?usp=drivesdk
17qT1y043LpLWLE2D0QVzjYKjXkswJ8m_,IMG_8339.jpg,primary,CORPORATION/Emanation Investment Inc. Corporation Files,_Library/Photos/IMG_8339.jpg,https://drive.google.com/file/d/17qT1y043LpLWLE2D0QVzjYKjXkswJ8m_/view?usp=drivesdk
1WjhqfpK27aCQzNUda9swoLcsDqpfl5ejCIk_jBc_nnE,Sample on Property with Motivated Seller,primary,(root),_NeedsReview/Sample on Property with Motivated Seller,https://docs.google.com/spreadsheets/d/1WjhqfpK27aCQzNUda9swoLcsDqpfl5ejCIk_jBc_nnE/edit?usp=drivesdk&ouid=112966636072631084810
1IukrhJ75FvnrLJ5VBK-FT0q5zixBeBSq,INV-000059.pdf,primary,Invoices ,_NeedsReview/INV-000059.pdf,https://drive.google.com/file/d/1IukrhJ75FvnrLJ5VBK-FT0q5zixBeBSq/view?usp=drivesdk
1meBJMzbWmR178Q7P3CPqfWmPckOgCEjCtPQy8aKJb1o,Melodia's Investors,primary,Buyers/ Investors /Buyers,_NeedsReview/Melodia's Investors,https://docs.google.com/spreadsheets/d/1meBJMzbWmR178Q7P3CPqfWmPckOgCEjCtPQy8aKJb1o/edit?usp=drivesdk&ouid=112966636072631084810
1BhzE7aUiApdX4Jp7BKFhMap6IRa2Kecf,2024_04_10 11-05-54.mp3,primary,VA_Call_Recordings_SunRize Investments/4/9/24,_NeedsReview/2024_04_10 11-05-54.mp3,https://drive.google.com/file/d/1BhzE7aUiApdX4Jp7BKFhMap6IRa2Kecf/view?usp=drivesdk
198PwmQGVgEdgoC3Mh69foPYvi3iK4QO7,2024_04_10 11-01-53.mp3,primary,VA_Call_Recordings_SunRize Investments/4/9/24,_NeedsReview/2024_04_10 11-01-53.mp3,https://drive.google.com/file/d/198PwmQGVgEdgoC3Mh69foPYvi3iK4QO7/view?usp=drivesdk
1U0zawba7RYpOHs4uoCCMo-H4DWDZ3qi_,2024_04_10 10-56-11.mp3,primary,VA_Call_Recordings_SunRize Investments/4/9/24,_NeedsReview/2024_04_10 10-56-11.mp3,https://drive.google.com/file/d/1U0zawba7RYpOHs4uoCCMo-H4DWDZ3qi_/view?usp=drivesdk
16IV_IpdNWL6tF9EeB6zYkLBZMGUhkrgT,2024_04_10 10-39-55.mp3,primary,VA_Call_Recordings_SunRize Investments/4/9/24,_NeedsReview/2024_04_10 10-39-55.mp3,https://drive.google.com/file/d/16IV_IpdNWL6tF9EeB6zYkLBZMGUhkrgT/view?usp=drivesdk
1afH279ENWEHIY8nuOdWD5URD4POPR1Ci,2024_04_10 10-31-28.mp3,primary,VA_Call_Recordings_SunRize Investments/4/9/24,_NeedsReview/2024_04_10 10-31-28.mp3,https://drive.google.com/file/d/1afH279ENWEHIY8nuOdWD5URD4POPR1Ci/view?usp=drivesdk
1ZJK5Fo2qerjMIO93h05l_2CSGMvF_lf_,2024_04_10 10-27-24.mp3,primary,VA_Call_Recordings_SunRize Investments/4/9/24,_NeedsReview/2024_04_10 10-27-24.mp3,https://drive.google.com/file/d/1ZJK5Fo2qerjMIO93h05l_2CSGMvF_lf_/view?usp=drivesdk
1olxdfe3juhjx1gfPgmxHf_9G2k25E036,2024_04_10 10-16-56.mp3,primary,VA_Call_Recordings_SunRize Investments/4/9/24,_NeedsReview/2024_04_10 10-16-56.mp3,https://drive.google.com/file/d/1olxdfe3juhjx1gfPgmxHf_9G2k25E036/view?usp=drivesdk
14UK4ZCR0zpkpb5fE2NP2RVCAEnVjtKus,2024_04_10 10-12-25.mp3,primary,VA_Call_Recordings_SunRize Investments/4/9/24,_NeedsReview/2024_04_10 10-12-25.mp3,https://drive.google.com/file/d/14UK4ZCR0zpkpb5fE2NP2RVCAEnVjtKus/view?usp=drivesdk
17pEzlxM7CvJKBILC-ztop6kfxl7pM4Lj,2024_04_10 10-04-34.mp3,primary,VA_Call_Recordings_SunRize Investments/4/9/24,_NeedsReview/2024_04_10 10-04-34.mp3,https://drive.google.com/file/d/17pEzlxM7CvJKBILC-ztop6kfxl7pM4Lj/view?usp=drivesdk
1pwmyzTHbi0w62adGqX-5AiaZ1SrKJ1UZ,2024_04_10 10-02-40.mp3,primary,VA_Call_Recordings_SunRize Investments/4/9/24,_NeedsReview/2024_04_10 10-02-40.mp3,https://drive.google.com/file/d/1pwmyzTHbi0w62adGqX-5AiaZ1SrKJ1UZ/view?usp=drivesdk
1AjXwGLEsplJoe8f0Xz3p_jBAdkuRJ_y9,2024_04_10 09-53-58.mp3,primary,VA_Call_Recordings_SunRize Investments/4/9/24,_NeedsReview/2024_04_10 09-53-58.mp3,https://drive.google.com/file/d/1AjXwGLEsplJoe8f0Xz3p_jBAdkuRJ_y9/view?usp=drivesdk
1hZD2O9uRq37OW3ittByfYsKZvfPV1DzJ,2024_04_10 09-51-06.mp3,primary,VA_Call_Recordings_SunRize Investments/4/9/24,_NeedsReview/2024_04_10 09-51-06.mp3,https://drive.google.com/file/d/1hZD2O9uRq37OW3ittByfYsKZvfPV1DzJ/view?usp=drivesdk
1LBoaDDFU5nzKZfsPRyi2VxJaYDwcpoqZ,2024_04_10 09-40-05.mp3,primary,VA_Call_Recordings_SunRize Investments/4/9/24,_NeedsReview/2024_04_10 09-40-05.mp3,https://drive.google.com/file/d/1LBoaDDFU5nzKZfsPRyi2VxJaYDwcpoqZ/view?usp=drivesdk
1VyxBJ6x8-P6LZRzMBict90uqklNFOryZ,2024_04_10 09-32-21.mp3,primary,VA_Call_Recordings_SunRize Investments/4/9/24,_NeedsReview/2024_04_10 09-32-21.mp3,https://drive.google.com/file/d/1VyxBJ6x8-P6LZRzMBict90uqklNFOryZ/view?usp=drivesdk
1Hy7yO-MbTPjnpC2U97ykbDKYkuN0_4AT,2024_04_10 09-28-21.mp3,primary,VA_Call_Recordings_SunRize Investments/4/9/24,_NeedsReview/2024_04_10 09-28-21.mp3,https://drive.google.com/file/d/1Hy7yO-MbTPjnpC2U97ykbDKYkuN0_4AT/view?usp=drivesdk
1W-ZGNpdrh-q7ACMwgmRgT_suT87QDDkJ,2024_04_10 09-11-03.mp3,primary,VA_Call_Recordings_SunRize Investments/4/9/24,_NeedsReview/2024_04_10 09-11-03.mp3,https://drive.google.com/file/d/1W-ZGNpdrh-q7ACMwgmRgT_suT87QDDkJ/view?usp=drivesdk
1NGoPO3naaGcIju7FvXt-Ri9ZX7RKQisL,2024_04_10 09-07-43.mp3,primary,VA_Call_Recordings_SunRize Investments/4/9/24,_NeedsReview/2024_04_10 09-07-43.mp3,https://drive.google.com/file/d/1NGoPO3naaGcIju7FvXt-Ri9ZX7RKQisL/view?usp=drivesdk
1MHa8LEYtda_-j0b-1kL0q3_3rJ5cO8LY,2024_04_10 09-04-58.mp3,primary,VA_Call_Recordings_SunRize Investments/4/9/24,_NeedsReview/2024_04_10 09-04-58.mp3,https://drive.google.com/file/d/1MHa8LEYtda_-j0b-1kL0q3_3rJ5cO8LY/view?usp=drivesdk
11LJ6wQftaIsJ0Sj9NG5RK0OzDJhgs4i1,2024_04_10 09-02-34.mp3,primary,VA_Call_Recordings_SunRize Investments/4/9/24,_NeedsReview/2024_04_10 09-02-34.mp3,https://drive.google.com/file/d/11LJ6wQftaIsJ0Sj9NG5RK0OzDJhgs4i1/view?usp=drivesdk
1MUahLQRQoQ0vJ_ZiYSiemq3zoKWBBZE5,2024_04_10 08-57-33.mp3,primary,VA_Call_Recordings_SunRize Investments/4/9/24,_NeedsReview/2024_04_10 08-57-33.mp3,https://drive.google.com/file/d/1MUahLQRQoQ0vJ_ZiYSiemq3zoKWBBZE5/view?usp=drivesdk
1qhVsXPSk_WRq5oTX1G_Pv2_0LyHrlamW,2024_04_10 08-51-28.mp3,primary,VA_Call_Recordings_SunRize Investments/4/9/24,_NeedsReview/2024_04_10 08-51-28.mp3,https://drive.google.com/file/d/1qhVsXPSk_WRq5oTX1G_Pv2_0LyHrlamW/view?usp=drivesdk
11ACF22L4zdBR7V73TWtNbpaK2soBiAzk,2024_04_10 08-28-51.mp3,primary,VA_Call_Recordings_SunRize Investments/4/9/24,_NeedsReview/2024_04_10 08-28-51.mp3,https://drive.google.com/file/d/11ACF22L4zdBR7V73TWtNbpaK2soBiAzk/view?usp=drivesdk
1lfYBgBOxsZBBE9SRiay8xDXJMzlskndb,2024_04_10 08-19-02.mp3,primary,VA_Call_Recordings_SunRize Investments/4/9/24,_NeedsReview/2024_04_10 08-19-02.mp3,https://drive.google.com/file/d/1lfYBgBOxsZBBE9SRiay8xDXJMzlskndb/view?usp=drivesdk
1n3xJLwNI4MjeDkGaB6vATx5Zs4bitATP,2024_04_10 08-12-29.mp3,primary,VA_Call_Recordings_SunRize Investments/4/9/24,_NeedsReview/2024_04_10 08-12-29.mp3,https://drive.google.com/file/d/1n3xJLwNI4MjeDkGaB6vATx5Zs4bitATP/view?usp=drivesdk
1ZQwKMm7oSZX6czmY1z28br22M53E4tst,2024_04_10 07-45-28.mp3,primary,VA_Call_Recordings_SunRize Investments/4/9/24,_NeedsReview/2024_04_10 07-45-28.mp3,https://drive.google.com/file/d/1ZQwKMm7oSZX6czmY1z28br22M53E4tst/view?usp=drivesdk
1sOApl1IAImqrTY2_e0B5P2A0A2-OtE1x,2024_04_10 07-32-59.mp3,primary,VA_Call_Recordings_SunRize Investments/4/9/24,_NeedsReview/2024_04_10 07-32-59.mp3,https://drive.google.com/file/d/1sOApl1IAImqrTY2_e0B5P2A0A2-OtE1x/view?usp=drivesdk
1xmKD8tXHb5XdaTjpbQxOpkGir3773zvp,ACCEPTED OTP - 10401 154 Street - Signed.pdf,primary,CORPORATION/2024 Tax Info/Sold Houses/10401 154 St NW- Canora ,10401 154/_NeedsReview/ACCEPTED OTP - 10401 154 Street - Signed.pdf,https://drive.google.com/file/d/1xmKD8tXHb5XdaTjpbQxOpkGir3773zvp/view?usp=drivesdk
13lauypPnyCqtzDvlUezawvKBLABqwb5d,5K Canada list 0.csv,duplicate,Co-Star Calls  To Make ,_Duplicates/Unknown/5K Canada list 0.csv,https://drive.google.com/file/d/13lauypPnyCqtzDvlUezawvKBLABqwb5d/view?usp=drivesdk
1sUVlIH8V3aB7Y0HtdTUoAVF8AYDeEkuB,2024_04_05 10-59-23.mp3,primary,VA_Call_Recordings_SunRize Investments/4/4/24,_NeedsReview/2024_04_05 10-59-23.mp3,https://drive.google.com/file/d/1sUVlIH8V3aB7Y0HtdTUoAVF8AYDeEkuB/view?usp=drivesdk
1zIkHtS7EGpPybPfvH-xRg0nNFZKchcjY,2024_04_05 10-56-22.mp3,primary,VA_Call_Recordings_SunRize Investments/4/4/24,_NeedsReview/2024_04_05 10-56-22.mp3,https://drive.google.com/file/d/1zIkHtS7EGpPybPfvH-xRg0nNFZKchcjY/view?usp=drivesdk
1K_EEjuwyEma3CHNj4Ww-wD2v4QbCCgs6,2024_04_05 10-36-18.mp3,primary,VA_Call_Recordings_SunRize Investments/4/4/24,_NeedsReview/2024_04_05 10-36-18.mp3,https://drive.google.com/file/d/1K_EEjuwyEma3CHNj4Ww-wD2v4QbCCgs6/view?usp=drivesdk
1Kx8FkD0a8d3YuJjMZlR3Br57n-dB8fKY,2024_04_05 10-32-42.mp3,primary,VA_Call_Recordings_SunRize Investments/4/4/24,_NeedsReview/2024_04_05 10-32-42.mp3,https://drive.google.com/file/d/1Kx8FkD0a8d3YuJjMZlR3Br57n-dB8fKY/view?usp=drivesdk
1gRb28gG9zCLZ2U_2G2ufLYYwZdymOiW8,2024_04_05 10-29-43.mp3,primary,VA_Call_Recordings_SunRize Investments/4/4/24,_NeedsReview/2024_04_05 10-29-43.mp3,https://drive.google.com/file/d/1gRb28gG9zCLZ2U_2G2ufLYYwZdymOiW8/view?usp=drivesdk
19KENG17dVG-8XX71xIaHmepR6sV-Ln6Y,2024_04_05 10-20-46.mp3,primary,VA_Call_Recordings_SunRize Investments/4/4/24,_NeedsReview/2024_04_05 10-20-46.mp3,https://drive.google.com/file/d/19KENG17dVG-8XX71xIaHmepR6sV-Ln6Y/view?usp=drivesdk
1ZQakc-L2XN7T_3rtu8P0HYSfPCnZTYWE,2024_04_05 10-07-50.mp3,primary,VA_Call_Recordings_SunRize Investments/4/4/24,_NeedsReview/2024_04_05 10-07-50.mp3,https://drive.google.com/file/d/1ZQakc-L2XN7T_3rtu8P0HYSfPCnZTYWE/view?usp=drivesdk
1Hy6J8jqIdRUWtGmx6xtbIb8ejKJTlKdI,2024_04_05 10-07-23.mp3,primary,VA_Call_Recordings_SunRize Investments/4/4/24,_NeedsReview/2024_04_05 10-07-23.mp3,https://drive.google.com/file/d/1Hy6J8jqIdRUWtGmx6xtbIb8ejKJTlKdI/view?usp=drivesdk
1ZJgg6GWOXboSxtlItmxYCXiCKvXFVnmW,2024_04_05 10-04-09.mp3,primary,VA_Call_Recordings_SunRize Investments/4/4/24,_NeedsReview/2024_04_05 10-04-09.mp3,https://drive.google.com/file/d/1ZJgg6GWOXboSxtlItmxYCXiCKvXFVnmW/view?usp=drivesdk
1drBfObogy73reWjk8WKfFwSOo4plBTMr,2024_04_05 09-58-32.mp3,primary,VA_Call_Recordings_SunRize Investments/4/4/24,_NeedsReview/2024_04_05 09-58-32.mp3,https://drive.google.com/file/d/1drBfObogy73reWjk8WKfFwSOo4plBTMr/view?usp=drivesdk
1RE3XnZ9ULivIQfYGmHWMVFkpjagQEKCQ,2024_04_05 09-53-24.mp3,primary,VA_Call_Recordings_SunRize Investments/4/4/24,_NeedsReview/2024_04_05 09-53-24.mp3,https://drive.google.com/file/d/1RE3XnZ9ULivIQfYGmHWMVFkpjagQEKCQ/view?usp=drivesdk
1NiSsdH_uMErzgSKGaeAtD43Nenl2PgjL,2024_04_05 09-47-43.mp3,primary,VA_Call_Recordings_SunRize Investments/4/4/24,_NeedsReview/2024_04_05 09-47-43.mp3,https://drive.google.com/file/d/1NiSsdH_uMErzgSKGaeAtD43Nenl2PgjL/view?usp=drivesdk
1JwkW2u_yD_YxRh5OmvbOT8pEQsFUSP4x,2024_04_05 09-19-30.mp3,primary,VA_Call_Recordings_SunRize Investments/4/4/24,_NeedsReview/2024_04_05 09-19-30.mp3,https://drive.google.com/file/d/1JwkW2u_yD_YxRh5OmvbOT8pEQsFUSP4x/view?usp=drivesdk
1LosS9Fty3PTcNTzWhKL0UNa-P_H_XOtn,2024_04_05 08-58-02.mp3,primary,VA_Call_Recordings_SunRize Investments/4/4/24,_NeedsReview/2024_04_05 08-58-02.mp3,https://drive.google.com/file/d/1LosS9Fty3PTcNTzWhKL0UNa-P_H_XOtn/view?usp=drivesdk
1Fvd8SG_bjlh7Ud0fxv_brtOM-diXwGDC,17804280072.mp3,primary,VA_Call_Recordings_SunRize Investments/4/4/24,_NeedsReview/17804280072.mp3,https://drive.google.com/file/d/1Fvd8SG_bjlh7Ud0fxv_brtOM-diXwGDC/view?usp=drivesdk
1CZpjdky7Yvo2qOcW8dZ5LdqFd1h-5HxR,17804278124.mp3,primary,VA_Call_Recordings_SunRize Investments/4/4/24,_NeedsReview/17804278124.mp3,https://drive.google.com/file/d/1CZpjdky7Yvo2qOcW8dZ5LdqFd1h-5HxR/view?usp=drivesdk
1Fl4FL_7ZADbPflGpGc5EWhL2fOwjdzTC,Invoice.pdf,primary,CORPORATION/2024 Tax Info/Sold Houses/Bonnie Doon 8810 88 Ave,8810 88/Financials/Invoice.pdf,https://drive.google.com/file/d/1Fl4FL_7ZADbPflGpGc5EWhL2fOwjdzTC/view?usp=drivesdk
16WXZ-BqTsCewPDBSlGxa2NDei0TjByGP,Invoice April 3rd 8810 88ave .pdf,primary,Invoices ,_Library/Financials/Invoice April 3rd 8810 88ave .pdf,https://drive.google.com/file/d/16WXZ-BqTsCewPDBSlGxa2NDei0TjByGP/view?usp=drivesdk
1NyFkfUsJ26GhKKXitGmi12h95qKnEY2trmgDQaTuGf4,Property Description Template,primary,CORPORATION/Employee/Employees ,_NeedsReview/Property Description Template,https://docs.google.com/document/d/1NyFkfUsJ26GhKKXitGmi12h95qKnEY2trmgDQaTuGf4/edit?usp=drivesdk&ouid=112966636072631084810
1vlqLNxrsythQ_W9V0RC_LqyDX3XOCmYGZrWbmDmXleQ,Hazeldean Flip 9610 63 Avenue ,primary,CORPORATION/2024 Tax Info/Sold Houses,9610 63/_NeedsReview/Hazeldean Flip 9610 63 Avenue ,https://docs.google.com/document/d/1vlqLNxrsythQ_W9V0RC_LqyDX3XOCmYGZrWbmDmXleQ/edit?usp=drivesdk&ouid=112966636072631084810
1SLDc3837zpw3B3uTA_LkCeKzBf5DMoLJ,Pre forclosure SCRIPT.docx,primary,Wholesale /Scripts: Cold Calls,_NeedsReview/Pre forclosure SCRIPT.docx,https://drive.google.com/file/d/1SLDc3837zpw3B3uTA_LkCeKzBf5DMoLJ/view?usp=drivesdk
1kuUInZuUTrhGECCZD0yPAi3HXtSnq7k4,foreclosure script.doc,primary,Wholesale /Scripts: Cold Calls,_NeedsReview/foreclosure script.doc,https://drive.google.com/file/d/1kuUInZuUTrhGECCZD0yPAi3HXtSnq7k4/view?usp=drivesdk
1hpBFd0k0lwX6BeVjf-UQyIvkSo6c9h0q,Real Estate script.doc,primary,Wholesale /Scripts: Cold Calls,_NeedsReview/Real Estate script.doc,https://drive.google.com/file/d/1hpBFd0k0lwX6BeVjf-UQyIvkSo6c9h0q/view?usp=drivesdk
1gUZRU9g5kPBAD1zlpjc00V5MyQkZCFw0,script Foreclosure (1).doc,primary,Wholesale /Scripts: Cold Calls,_NeedsReview/script Foreclosure (1).doc,https://drive.google.com/file/d/1gUZRU9g5kPBAD1zlpjc00V5MyQkZCFw0/view?usp=drivesdk
1UIyHxo-5hKQnbhBgyrg9mUfLkkTiSZRd,Real Estate Agent script.doc,primary,Wholesale /Scripts: Cold Calls,_NeedsReview/Real Estate Agent script.doc,https://drive.google.com/file/d/1UIyHxo-5hKQnbhBgyrg9mUfLkkTiSZRd/view?usp=drivesdk
1VEXXN8r9tKEt61lNioQMf8LGdjnsZDEd,Assignment Contract 9610 63Ave Empty.pdf,primary,Blank Purchase Contracts /Purchase Contracts- Filled out ,_Library/Contracts/Assignment Contract 9610 63Ave Empty.pdf,https://drive.google.com/file/d/1VEXXN8r9tKEt61lNioQMf8LGdjnsZDEd/view?usp=drivesdk
1ViX8VnylBjsSI-XGCcaNSSHdpRJMNJzY,Leads #3.xlsx,primary,LEADS////SPREADSHEETS!,_NeedsReview/Leads #3.xlsx,https://drive.google.com/file/d/1ViX8VnylBjsSI-XGCcaNSSHdpRJMNJzY/view?usp=drivesdk
1H-v-F_nSKgyeEQoquXcLz9VkLfmID373TrYKXqrlALs,Solomon Buyer List,primary,(root),Solomon/_NeedsReview/Solomon Buyer List,https://docs.google.com/spreadsheets/d/1H-v-F_nSKgyeEQoquXcLz9VkLfmID373TrYKXqrlALs/edit?usp=drivesdk&ouid=112966636072631084810
1N3L_28BxGHoteXHykHwl4Qb4MJsqlyvWFOkUYjeRYdc,Lead Generation ,primary,CORPORATION/Website/CRM,_NeedsReview/Lead Generation ,https://docs.google.com/document/d/1N3L_28BxGHoteXHykHwl4Qb4MJsqlyvWFOkUYjeRYdc/edit?usp=drivesdk&ouid=112966636072631084810
1YbJSySL2eBGSBXDputcYozs6HTe9fI-T,CASHFLOW STATEMENT - VIKING 5304 56AVENUE.xlsx,primary,CORPORATION/2024 Tax Info/Sold Houses/Viking ,_Library/Financials/CASHFLOW STATEMENT - VIKING 5304 56AVENUE.xlsx,https://drive.google.com/file/d/1YbJSySL2eBGSBXDputcYozs6HTe9fI-T/view?usp=drivesdk
18iUCMkdcvXjcJmk7tuO0SJo_LLqqJ1NdYnqN7I59Jno,"9106 83 Avenue - Edmonton, AB",primary,(root),"9106 83/_NeedsReview/9106 83 Avenue - Edmonton, AB",https://docs.google.com/document/d/18iUCMkdcvXjcJmk7tuO0SJo_LLqqJ1NdYnqN7I59Jno/edit?usp=drivesdk&ouid=112966636072631084810
1fwFvEgN2XZTyiNnhY9rDDZUfDJTZKiGC,Leads to get Info.xlsx,primary,NEW Properties ,_NeedsReview/Leads to get Info.xlsx,https://drive.google.com/file/d/1fwFvEgN2XZTyiNnhY9rDDZUfDJTZKiGC/view?usp=drivesdk
1XrTxv6pBKl9pNNn-yqVo3MXilRRnzAQJ,IMG_4499.MOV,primary,Duplex Canora (27/29),_NeedsReview/IMG_4499.MOV,https://drive.google.com/file/d/1XrTxv6pBKl9pNNn-yqVo3MXilRRnzAQJ/view?usp=drivesdk
1x4aGjuuPXgjpTyU9gczFKIauL84dqMBD,IMG_4458.MOV,primary,Duplex Canora (27/29),_NeedsReview/IMG_4458.MOV,https://drive.google.com/file/d/1x4aGjuuPXgjpTyU9gczFKIauL84dqMBD/view?usp=drivesdk
1oE8vkeO7H7bBi5jPc92U0P71jnu-m5bn,IMG_4529.MOV,primary,Duplex Canora (27/29),_NeedsReview/IMG_4529.MOV,https://drive.google.com/file/d/1oE8vkeO7H7bBi5jPc92U0P71jnu-m5bn/view?usp=drivesdk
1jFmBrlj7t4YZ7aNVg_SfpUcg4Cuw8VUP,IMG_4513.MOV,primary,Duplex Canora (27/29),_NeedsReview/IMG_4513.MOV,https://drive.google.com/file/d/1jFmBrlj7t4YZ7aNVg_SfpUcg4Cuw8VUP/view?usp=drivesdk
1ALL3MDik8LD_QgUb_PHZPkCwRsayTaTu,IMG_4506.MOV,primary,Duplex Canora (27/29),_NeedsReview/IMG_4506.MOV,https://drive.google.com/file/d/1ALL3MDik8LD_QgUb_PHZPkCwRsayTaTu/view?usp=drivesdk
1j8f8MxwnMfEajFZPeeYU2ITgJBGI_2Jq,IMG_4480.MOV,primary,Duplex Canora (27/29),_NeedsReview/IMG_4480.MOV,https://drive.google.com/file/d/1j8f8MxwnMfEajFZPeeYU2ITgJBGI_2Jq/view?usp=drivesdk
1LngLtD_yb1yzS9Y7yiZoIkgD541SzN4m,IMG_4474.MOV,primary,Duplex Canora (27/29),_NeedsReview/IMG_4474.MOV,https://drive.google.com/file/d/1LngLtD_yb1yzS9Y7yiZoIkgD541SzN4m/view?usp=drivesdk
1FjPGOOcar9FmiA1rfWPkhiw1pMSLYc_m,IMG_4509.MOV,primary,Duplex Canora (27/29),_NeedsReview/IMG_4509.MOV,https://drive.google.com/file/d/1FjPGOOcar9FmiA1rfWPkhiw1pMSLYc_m/view?usp=drivesdk
18Y5220T5GDqN3A49UA9DjBZPiXE1u7Uc,IMG_4481.MOV,primary,Duplex Canora (27/29),_NeedsReview/IMG_4481.MOV,https://drive.google.com/file/d/18Y5220T5GDqN3A49UA9DjBZPiXE1u7Uc/view?usp=drivesdk
1eUnMl7xsHduLFsnjajqSHjD8NEQhkW3F,IMG_4468.MOV,primary,Duplex Canora (27/29),_NeedsReview/IMG_4468.MOV,https://drive.google.com/file/d/1eUnMl7xsHduLFsnjajqSHjD8NEQhkW3F/view?usp=drivesdk
1iW6SC80J94be7aApOpjlMiXdBSkuSpap,IMG_4440.MOV,primary,Duplex Canora (27/29),_NeedsReview/IMG_4440.MOV,https://drive.google.com/file/d/1iW6SC80J94be7aApOpjlMiXdBSkuSpap/view?usp=drivesdk
1wVEQci8bcDNDJqC4pDv8DJ_IkiJBDrUA,IMG_4454.MOV,primary,Duplex Canora (27/29),_NeedsReview/IMG_4454.MOV,https://drive.google.com/file/d/1wVEQci8bcDNDJqC4pDv8DJ_IkiJBDrUA/view?usp=drivesdk
1ZRhrg8iXEWOCSHy3XRtoCB29Pk2g0S2n,IMG_4528.HEIC,primary,Duplex Canora (27/29),_Library/Photos/IMG_4528.HEIC,https://drive.google.com/file/d/1ZRhrg8iXEWOCSHy3XRtoCB29Pk2g0S2n/view?usp=drivesdk
1mAmeH-sn8p5fLNsV_JlrmcJGuowq3cX2,IMG_4490.HEIC,primary,Duplex Canora (27/29),_Library/Photos/IMG_4490.HEIC,https://drive.google.com/file/d/1mAmeH-sn8p5fLNsV_JlrmcJGuowq3cX2/view?usp=drivesdk
1tIMpyAH5K8RwPpYB2O3_5kd0Twjs45Vh,IMG_4520.HEIC,primary,Duplex Canora (27/29),_Library/Photos/IMG_4520.HEIC,https://drive.google.com/file/d/1tIMpyAH5K8RwPpYB2O3_5kd0Twjs45Vh/view?usp=drivesdk
1QQYTLXc6BcUOJUyVDo50U4Nn9liZHDcy,IMG_4439.HEIC,primary,Duplex Canora (27/29),_Library/Photos/IMG_4439.HEIC,https://drive.google.com/file/d/1QQYTLXc6BcUOJUyVDo50U4Nn9liZHDcy/view?usp=drivesdk
1HDPc8YA-VXoZnyLCaGUWZHaM9lfsKtB-,IMG_4484.HEIC,primary,Duplex Canora (27/29),_Library/Photos/IMG_4484.HEIC,https://drive.google.com/file/d/1HDPc8YA-VXoZnyLCaGUWZHaM9lfsKtB-/view?usp=drivesdk
1HwkBW_KXRmeKM8Lp_mwqwecNEoZRJTAO,IMG_4455.HEIC,primary,Duplex Canora (27/29),_Library/Photos/IMG_4455.HEIC,https://drive.google.com/file/d/1HwkBW_KXRmeKM8Lp_mwqwecNEoZRJTAO/view?usp=drivesdk
112C4mn_1lWFGVYT7YP3EYPsxGKLcjmDl,IMG_4435.HEIC,primary,Duplex Canora (27/29),_Library/Photos/IMG_4435.HEIC,https://drive.google.com/file/d/112C4mn_1lWFGVYT7YP3EYPsxGKLcjmDl/view?usp=drivesdk
18EWTMyZT2dzMkpuUjsBL0x0rEdJprL9A,IMG_4467.HEIC,primary,Duplex Canora (27/29),_Library/Photos/IMG_4467.HEIC,https://drive.google.com/file/d/18EWTMyZT2dzMkpuUjsBL0x0rEdJprL9A/view?usp=drivesdk
1npRZImRnDfwoWN2shn3cFmHZIEXCdff8,IMG_4438.HEIC,primary,Duplex Canora (27/29),_Library/Photos/IMG_4438.HEIC,https://drive.google.com/file/d/1npRZImRnDfwoWN2shn3cFmHZIEXCdff8/view?usp=drivesdk
1PaLCnYFnmf9mpVvoBQVy_t3AvQoJjnfJ,IMG_4445.HEIC,primary,Duplex Canora (27/29),_Library/Photos/IMG_4445.HEIC,https://drive.google.com/file/d/1PaLCnYFnmf9mpVvoBQVy_t3AvQoJjnfJ/view?usp=drivesdk
1EW-3t1RlGICb4mi8JoLrpjl-qXzifbGx,IMG_4447.HEIC,primary,Duplex Canora (27/29),_Library/Photos/IMG_4447.HEIC,https://drive.google.com/file/d/1EW-3t1RlGICb4mi8JoLrpjl-qXzifbGx/view?usp=drivesdk
1Inh0AzGQLam7CIWVzh50N12zcZAGgbXU,IMG_4464.HEIC,primary,Duplex Canora (27/29),_Library/Photos/IMG_4464.HEIC,https://drive.google.com/file/d/1Inh0AzGQLam7CIWVzh50N12zcZAGgbXU/view?usp=drivesdk
1sIJ3h1Y5R1un2VyJhdjeUs7JvdPxp9pl,IMG_4461.HEIC,primary,Duplex Canora (27/29),_Library/Photos/IMG_4461.HEIC,https://drive.google.com/file/d/1sIJ3h1Y5R1un2VyJhdjeUs7JvdPxp9pl/view?usp=drivesdk
1KiQQUpZRgsjQNSwFdlyRfdzb1lv1DQqp,IMG_4443.HEIC,primary,Duplex Canora (27/29),_Library/Photos/IMG_4443.HEIC,https://drive.google.com/file/d/1KiQQUpZRgsjQNSwFdlyRfdzb1lv1DQqp/view?usp=drivesdk
19LZCuAcDq2aJdl0fci0YimeGCBkdP_tb,IMG_4453.HEIC,primary,Duplex Canora (27/29),_Library/Photos/IMG_4453.HEIC,https://drive.google.com/file/d/19LZCuAcDq2aJdl0fci0YimeGCBkdP_tb/view?usp=drivesdk
1nO9VkbtnXvPE9qwLxzFQ-MUs0JBtvySZ,image000002.JPG,primary,Haultain Ave RTO contract,_Library/Photos/image000002.JPG,https://drive.google.com/file/d/1nO9VkbtnXvPE9qwLxzFQ-MUs0JBtvySZ/view?usp=drivesdk
1IGZzk7MXpl5WBkZ3zPVaOW4E564DwzJ3,image000003.JPG,primary,Haultain Ave RTO contract,_Library/Photos/image000003.JPG,https://drive.google.com/file/d/1IGZzk7MXpl5WBkZ3zPVaOW4E564DwzJ3/view?usp=drivesdk
1vdqKQ7AdPkMfO_r7ovk67JRmjnScWhtW,image000004.JPG,primary,Haultain Ave RTO contract,_Library/Photos/image000004.JPG,https://drive.google.com/file/d/1vdqKQ7AdPkMfO_r7ovk67JRmjnScWhtW/view?usp=drivesdk
11dyPjQbjf56RMi2xpUnzsZ2pztWUq9bR,image000000.JPG,primary,Haultain Ave RTO contract,_Library/Photos/image000000.JPG,https://drive.google.com/file/d/11dyPjQbjf56RMi2xpUnzsZ2pztWUq9bR/view?usp=drivesdk
1-2yi0E4YAgztp2mTBYjMyh7cXOmyuaGt,image000001.JPG,primary,Haultain Ave RTO contract,_Library/Photos/image000001.JPG,https://drive.google.com/file/d/1-2yi0E4YAgztp2mTBYjMyh7cXOmyuaGt/view?usp=drivesdk
1w-XZRTyQPq8LdoOFnVgvFkT7qkBFn6Z3,image000002.JPG,primary,Haultain Ave RTO contract,_Library/Photos/image000002.JPG,https://drive.google.com/file/d/1w-XZRTyQPq8LdoOFnVgvFkT7qkBFn6Z3/view?usp=drivesdk
1iaU-XNETPjb02evROJBm9sUcN_-IlIBZ,image000003.JPG,primary,Haultain Ave RTO contract,_Library/Photos/image000003.JPG,https://drive.google.com/file/d/1iaU-XNETPjb02evROJBm9sUcN_-IlIBZ/view?usp=drivesdk
1Pe6NYF2XX5GHv-NxYhhX-TTYrd9vqnpz,image000000.JPG,primary,Haultain Ave RTO contract,_Library/Photos/image000000.JPG,https://drive.google.com/file/d/1Pe6NYF2XX5GHv-NxYhhX-TTYrd9vqnpz/view?usp=drivesdk
1l55N27k1w-HyV93xlQZ-u-EG9oPXwP5J,image000001.JPG,primary,Haultain Ave RTO contract,_Library/Photos/image000001.JPG,https://drive.google.com/file/d/1l55N27k1w-HyV93xlQZ-u-EG9oPXwP5J/view?usp=drivesdk
1QIzfuLftw6Uhz0bxcHmbZVt1AzAX-d-h,image000000.JPG,primary,Haultain Ave RTO contract,_Library/Photos/image000000.JPG,https://drive.google.com/file/d/1QIzfuLftw6Uhz0bxcHmbZVt1AzAX-d-h/view?usp=drivesdk
1FBOR58aIe8ZQnyrprPFEeFAIx5wk0cUT,image000000.JPG,primary,Haultain Ave RTO contract,_Library/Photos/image000000.JPG,https://drive.google.com/file/d/1FBOR58aIe8ZQnyrprPFEeFAIx5wk0cUT/view?usp=drivesdk
1X3sLO14CTaKicZOW6AKHQ2B_SNUbs_h9,image000000.JPG,primary,Haultain Ave RTO contract,_Library/Photos/image000000.JPG,https://drive.google.com/file/d/1X3sLO14CTaKicZOW6AKHQ2B_SNUbs_h9/view?usp=drivesdk
1RepJZgIv7mR4_gbyeQuk1Sjd_nuc7SBR,image000000.JPG,primary,Haultain Ave RTO contract,_Library/Photos/image000000.JPG,https://drive.google.com/file/d/1RepJZgIv7mR4_gbyeQuk1Sjd_nuc7SBR/view?usp=drivesdk
16frYm-KdMT9oiaiLVAgxI8zxC9Mbujvc,image000000.JPG,primary,Haultain Ave RTO contract,_Library/Photos/image000000.JPG,https://drive.google.com/file/d/16frYm-KdMT9oiaiLVAgxI8zxC9Mbujvc/view?usp=drivesdk
1mjHHL_-ui6XzwNJjzwPCsgwSU7ABhlys,image000000.JPG,primary,Haultain Ave RTO contract,_Library/Photos/image000000.JPG,https://drive.google.com/file/d/1mjHHL_-ui6XzwNJjzwPCsgwSU7ABhlys/view?usp=drivesdk
1gY0lfci3g39gaKvwSO3lv1_9AyjHXAY1,image000000.JPG,primary,Haultain Ave RTO contract,_Library/Photos/image000000.JPG,https://drive.google.com/file/d/1gY0lfci3g39gaKvwSO3lv1_9AyjHXAY1/view?usp=drivesdk
1pkaA2JLnbbS2k8Lk4EbbdszxUacJB0fk,image000000.JPG,primary,Haultain Ave RTO contract,_Library/Photos/image000000.JPG,https://drive.google.com/file/d/1pkaA2JLnbbS2k8Lk4EbbdszxUacJB0fk/view?usp=drivesdk
19tGLfKY6HDPY7aIx9nqEH90KmegTlZoR,image000000.JPG,primary,Heisler contract RTO,_Library/Photos/image000000.JPG,https://drive.google.com/file/d/19tGLfKY6HDPY7aIx9nqEH90KmegTlZoR/view?usp=drivesdk
15PkgK60IDPV8CRiMmTdOa64DmUTlcvIK,image000000.JPG,primary,Heisler contract RTO,_Library/Photos/image000000.JPG,https://drive.google.com/file/d/15PkgK60IDPV8CRiMmTdOa64DmUTlcvIK/view?usp=drivesdk
1EnJzwQUVMvD-WLu2pHVCfJssBoI_VZpA,image000000.JPG,primary,Heisler contract RTO,_Library/Photos/image000000.JPG,https://drive.google.com/file/d/1EnJzwQUVMvD-WLu2pHVCfJssBoI_VZpA/view?usp=drivesdk
1FMbOuw3jLTprYrddojD1vE5Ma6qysdky,image000000.JPG,primary,Heisler contract RTO,_Library/Photos/image000000.JPG,https://drive.google.com/file/d/1FMbOuw3jLTprYrddojD1vE5Ma6qysdky/view?usp=drivesdk
1ffRrE5ur33aatgb54iCvwTAxSIxwml0o,image000000.JPG,primary,Heisler contract RTO,_Library/Photos/image000000.JPG,https://drive.google.com/file/d/1ffRrE5ur33aatgb54iCvwTAxSIxwml0o/view?usp=drivesdk
10cd-vg9hu-Ro83Wd_5oJ0pyvzIkwTBNp,image000000.JPG,primary,Heisler contract RTO,_Library/Photos/image000000.JPG,https://drive.google.com/file/d/10cd-vg9hu-Ro83Wd_5oJ0pyvzIkwTBNp/view?usp=drivesdk
1l0mhp8C4z8r_rGt8wRt1eeW7HKlWOKbi,image000000.JPG,primary,Heisler contract RTO,_Library/Photos/image000000.JPG,https://drive.google.com/file/d/1l0mhp8C4z8r_rGt8wRt1eeW7HKlWOKbi/view?usp=drivesdk
12YmIcvbC7tOo4Sp6KmyxLn3HsLZ6Vebv,image000000.JPG,primary,Heisler contract RTO,_Library/Photos/image000000.JPG,https://drive.google.com/file/d/12YmIcvbC7tOo4Sp6KmyxLn3HsLZ6Vebv/view?usp=drivesdk
1kdzZweya0ingEFz3D5380jl-_f23VE8R,image000000.JPG,primary,Heisler contract RTO,_Library/Photos/image000000.JPG,https://drive.google.com/file/d/1kdzZweya0ingEFz3D5380jl-_f23VE8R/view?usp=drivesdk
1dhIMcO31vYMMxsPnZgciRSN9FmB4VzU8,image000000.JPG,primary,Heisler contract RTO,_Library/Photos/image000000.JPG,https://drive.google.com/file/d/1dhIMcO31vYMMxsPnZgciRSN9FmB4VzU8/view?usp=drivesdk
1DTow32pzADs19xoc0iiTUJ6x_FO1Bjyb,image000000.JPG,primary,Heisler contract RTO,_Library/Photos/image000000.JPG,https://drive.google.com/file/d/1DTow32pzADs19xoc0iiTUJ6x_FO1Bjyb/view?usp=drivesdk
19iqMjoQQA6AmC_PIQGoPDhrG6hbECDFW,image000000.JPG,primary,Heisler contract RTO,_Library/Photos/image000000.JPG,https://drive.google.com/file/d/19iqMjoQQA6AmC_PIQGoPDhrG6hbECDFW/view?usp=drivesdk
1okPXdzOqT_466v5tBbJluvzRqkV8Siwx,image000000.JPG,primary,Heisler contract RTO,_Library/Photos/image000000.JPG,https://drive.google.com/file/d/1okPXdzOqT_466v5tBbJluvzRqkV8Siwx/view?usp=drivesdk
1baedVTFt0_cat32tLuF6wF-J5TGJPTRi,image000000.JPG,primary,Heisler contract RTO,_Library/Photos/image000000.JPG,https://drive.google.com/file/d/1baedVTFt0_cat32tLuF6wF-J5TGJPTRi/view?usp=drivesdk
1pr0OP2Qn_O5iZ9m4hh4BfAPhiCqdxwM1,image000000.JPG,primary,Heisler contract RTO,_Library/Photos/image000000.JPG,https://drive.google.com/file/d/1pr0OP2Qn_O5iZ9m4hh4BfAPhiCqdxwM1/view?usp=drivesdk
1YtIFnUHm06MlKw2xOE-lFvVV8j7p45VM,image000000.JPG,primary,Heisler contract RTO,_Library/Photos/image000000.JPG,https://drive.google.com/file/d/1YtIFnUHm06MlKw2xOE-lFvVV8j7p45VM/view?usp=drivesdk
1asBo7Q4KaNoPkPFt60Z8xKL4-oIWMdiY,image000000.JPG,primary,Heisler contract RTO,_Library/Photos/image000000.JPG,https://drive.google.com/file/d/1asBo7Q4KaNoPkPFt60Z8xKL4-oIWMdiY/view?usp=drivesdk
1w9NdvCm-MZerWozs5KLzLzN_dZN2dq5C,992018905_49996769_0_0.pdf,duplicate,NEW Properties /Titles Pulled ,_Duplicates/Unknown/992018905_49996769_0_0.pdf,https://drive.google.com/file/d/1w9NdvCm-MZerWozs5KLzLzN_dZN2dq5C/view?usp=drivesdk
1vTHEEd0_Y8yxw3MlV-FYiyCwFJfO9mtJ,992018905_49996769_0_0.pdf,duplicate,NEW Properties /Titles Pulled ,_Duplicates/Unknown/992018905_49996769_0_0.pdf,https://drive.google.com/file/d/1vTHEEd0_Y8yxw3MlV-FYiyCwFJfO9mtJ/view?usp=drivesdk
1JC9dGVZmYQtxwTg8mKOGle7GTIhNIXAB,992018905_49996769_0_0.pdf,duplicate,NEW Properties /Titles Pulled ,_Duplicates/Unknown/992018905_49996769_0_0.pdf,https://drive.google.com/file/d/1JC9dGVZmYQtxwTg8mKOGle7GTIhNIXAB/view?usp=drivesdk
1kZcJI0AYjfLdCW23qdHxeDLLJVHJ3scV,SOA and Funds Required.pdf,primary,CORPORATION/2024 Tax Info/Sold Houses/315 Haultain Avenue ,_NeedsReview/SOA and Funds Required.pdf,https://drive.google.com/file/d/1kZcJI0AYjfLdCW23qdHxeDLLJVHJ3scV/view?usp=drivesdk
1T7SkcRTec3Bz-A98JYOahlNlhAdLlZ1Q,IMG_4300.MOV,primary,Duplex Canora (27/29),_NeedsReview/IMG_4300.MOV,https://drive.google.com/file/d/1T7SkcRTec3Bz-A98JYOahlNlhAdLlZ1Q/view?usp=drivesdk
1TETd5Ex5QJpRPIufdl-dgW8cwmWbxdxe,IMG_4293.MOV,primary,Duplex Canora (27/29),_NeedsReview/IMG_4293.MOV,https://drive.google.com/file/d/1TETd5Ex5QJpRPIufdl-dgW8cwmWbxdxe/view?usp=drivesdk
1d1F1P7HRf5qLivqbjJRL7t5RfVNT7pgu,IMG_4268.MOV,primary,Duplex Canora (27/29),_NeedsReview/IMG_4268.MOV,https://drive.google.com/file/d/1d1F1P7HRf5qLivqbjJRL7t5RfVNT7pgu/view?usp=drivesdk
1_-tEzHAD0ZUvaBmeHxgaAmpFGh7zxcI1,IMG_4310.MOV,primary,Duplex Canora (27/29),_NeedsReview/IMG_4310.MOV,https://drive.google.com/file/d/1_-tEzHAD0ZUvaBmeHxgaAmpFGh7zxcI1/view?usp=drivesdk
1VgIxdNQis4TZjTbE51GRR8_39PC186bt,IMG_4305.MOV,primary,Duplex Canora (27/29),_NeedsReview/IMG_4305.MOV,https://drive.google.com/file/d/1VgIxdNQis4TZjTbE51GRR8_39PC186bt/view?usp=drivesdk
1Rbahagy7XcXHhyk2fpnpoIS1QPS7uIw9,IMG_4306.MOV,primary,Duplex Canora (27/29),_NeedsReview/IMG_4306.MOV,https://drive.google.com/file/d/1Rbahagy7XcXHhyk2fpnpoIS1QPS7uIw9/view?usp=drivesdk
1yh7Y-WzUITIcYV6Y__bR9QZ2ADG2LaCy,IMG_4289.MOV,primary,Duplex Canora (27/29),_NeedsReview/IMG_4289.MOV,https://drive.google.com/file/d/1yh7Y-WzUITIcYV6Y__bR9QZ2ADG2LaCy/view?usp=drivesdk
1jxsjK6v35tSPP2mFgDgcgYxZjj9Z3f7U,IMG_4297.MOV,primary,Duplex Canora (27/29),_NeedsReview/IMG_4297.MOV,https://drive.google.com/file/d/1jxsjK6v35tSPP2mFgDgcgYxZjj9Z3f7U/view?usp=drivesdk
13RHsjuB-6sogTvPSLnuJbF5abH9fflYj,IMG_4296.HEIC,primary,Duplex Canora (27/29),_Library/Photos/IMG_4296.HEIC,https://drive.google.com/file/d/13RHsjuB-6sogTvPSLnuJbF5abH9fflYj/view?usp=drivesdk
1UKwrRpyC84bPwajH02_s8czgzqcQWnIs,IMG_4313.HEIC,primary,Duplex Canora (27/29),_Library/Photos/IMG_4313.HEIC,https://drive.google.com/file/d/1UKwrRpyC84bPwajH02_s8czgzqcQWnIs/view?usp=drivesdk
1t-GZP0g44RkT7seGgSJFf1zMyJnigc8m,IMG_4303.HEIC,primary,Duplex Canora (27/29),_Library/Photos/IMG_4303.HEIC,https://drive.google.com/file/d/1t-GZP0g44RkT7seGgSJFf1zMyJnigc8m/view?usp=drivesdk
15aF6VZ1LPg5W8vlz8leolk5pzaz-BgTA,IMG_4291.HEIC,primary,Duplex Canora (27/29),_Library/Photos/IMG_4291.HEIC,https://drive.google.com/file/d/15aF6VZ1LPg5W8vlz8leolk5pzaz-BgTA/view?usp=drivesdk
13iOHeMXHMqXB3Zvq-2FO2YYeOccXHw7m,IMG_4317.HEIC,primary,Duplex Canora (27/29),_Library/Photos/IMG_4317.HEIC,https://drive.google.com/file/d/13iOHeMXHMqXB3Zvq-2FO2YYeOccXHw7m/view?usp=drivesdk
16PHZ3ucwdkw6N6CYL9nmwbbg-H7mmwOF,IMG_4283.HEIC,primary,Duplex Canora (27/29),_Library/Photos/IMG_4283.HEIC,https://drive.google.com/file/d/16PHZ3ucwdkw6N6CYL9nmwbbg-H7mmwOF/view?usp=drivesdk
1K9YUJhIpgqEx2q1xhL0H5LKsjNWuTibp,IMG_4273.HEIC,primary,Duplex Canora (27/29),_Library/Photos/IMG_4273.HEIC,https://drive.google.com/file/d/1K9YUJhIpgqEx2q1xhL0H5LKsjNWuTibp/view?usp=drivesdk
1kdhCy-UtVlzF1xO_ylzaNLQMB8EdlDG4,IMG_4271.HEIC,primary,Duplex Canora (27/29),_Library/Photos/IMG_4271.HEIC,https://drive.google.com/file/d/1kdhCy-UtVlzF1xO_ylzaNLQMB8EdlDG4/view?usp=drivesdk
1Cq9OyRH3is3LBunaMfCMm7X5HGn-IdE7,IMG_4278.HEIC,primary,Duplex Canora (27/29),_Library/Photos/IMG_4278.HEIC,https://drive.google.com/file/d/1Cq9OyRH3is3LBunaMfCMm7X5HGn-IdE7/view?usp=drivesdk
1ZakeuvnCnZd8ulAESGlwBssrdNYE1R-O,IMG_4265.HEIC,primary,Duplex Canora (27/29),_Library/Photos/IMG_4265.HEIC,https://drive.google.com/file/d/1ZakeuvnCnZd8ulAESGlwBssrdNYE1R-O/view?usp=drivesdk
1fLR66t3iVzK9jxlIUM_bhyW-88DMaXbi,IMG_4258.HEIC,primary,Duplex Canora (27/29),_Library/Photos/IMG_4258.HEIC,https://drive.google.com/file/d/1fLR66t3iVzK9jxlIUM_bhyW-88DMaXbi/view?usp=drivesdk
1Z2pvKvfAwB_2G0t-cJF8dupd_cLKMrrD,IMG_4266.HEIC,primary,Duplex Canora (27/29),_Library/Photos/IMG_4266.HEIC,https://drive.google.com/file/d/1Z2pvKvfAwB_2G0t-cJF8dupd_cLKMrrD/view?usp=drivesdk
1TqNjYN_ETWv9o43YM8ZJg0JVI1C8t19H,IMG_4256.HEIC,primary,Duplex Canora (27/29),_Library/Photos/IMG_4256.HEIC,https://drive.google.com/file/d/1TqNjYN_ETWv9o43YM8ZJg0JVI1C8t19H/view?usp=drivesdk
1XSXKvyuzvoMgL5xaD4nEfNspSHqPQQWb,IMG_4259.HEIC,primary,Duplex Canora (27/29),_Library/Photos/IMG_4259.HEIC,https://drive.google.com/file/d/1XSXKvyuzvoMgL5xaD4nEfNspSHqPQQWb/view?usp=drivesdk
1l5Ser4o3YdNIdPCPNTEvmutaSnuIf91X,IMG_4260.HEIC,primary,Duplex Canora (27/29),_Library/Photos/IMG_4260.HEIC,https://drive.google.com/file/d/1l5Ser4o3YdNIdPCPNTEvmutaSnuIf91X/view?usp=drivesdk
1b8-tGK__LpG-hBfSlQqpmuMqaDHTagY_,IMG_4309.HEIC,primary,Duplex Canora (27/29),_Library/Photos/IMG_4309.HEIC,https://drive.google.com/file/d/1b8-tGK__LpG-hBfSlQqpmuMqaDHTagY_/view?usp=drivesdk
1r_ASwyak754T3G0EQVAA0jshw51WRxig,IMG_4267.HEIC,primary,Duplex Canora (27/29),_Library/Photos/IMG_4267.HEIC,https://drive.google.com/file/d/1r_ASwyak754T3G0EQVAA0jshw51WRxig/view?usp=drivesdk
1IC4tQjcfdXifrLeAyb-V4kLswRODjCf5,IMG_4280.HEIC,primary,Duplex Canora (27/29),_Library/Photos/IMG_4280.HEIC,https://drive.google.com/file/d/1IC4tQjcfdXifrLeAyb-V4kLswRODjCf5/view?usp=drivesdk
16D3mu7jo5e6YANO1BViF2b7eE9EjTce6,IMG_4283.HEIC,duplicate,Duplex Canora (27/29),_Duplicates/Unknown/IMG_4283.HEIC,https://drive.google.com/file/d/16D3mu7jo5e6YANO1BViF2b7eE9EjTce6/view?usp=drivesdk
1faSSQdOgUEnwhsvVbB2ViLH2IzWtTtDy,IMG_4270.HEIC,primary,Duplex Canora (27/29),_Library/Photos/IMG_4270.HEIC,https://drive.google.com/file/d/1faSSQdOgUEnwhsvVbB2ViLH2IzWtTtDy/view?usp=drivesdk
1achS6-vlrbKbyqXkRHGhrsqfTUB3HfbN,IMG_4279.HEIC,primary,Duplex Canora (27/29),_Library/Photos/IMG_4279.HEIC,https://drive.google.com/file/d/1achS6-vlrbKbyqXkRHGhrsqfTUB3HfbN/view?usp=drivesdk
1vHCcd2qjIE6-vWqfWcm3Sx9eG8TcX7-Y,IMG_4286.HEIC,primary,Duplex Canora (27/29),_Library/Photos/IMG_4286.HEIC,https://drive.google.com/file/d/1vHCcd2qjIE6-vWqfWcm3Sx9eG8TcX7-Y/view?usp=drivesdk
1aOKdR8gEIVDBf81uhWCOHO3fPBSjL5WP,IMG_4269.HEIC,primary,Duplex Canora (27/29),_Library/Photos/IMG_4269.HEIC,https://drive.google.com/file/d/1aOKdR8gEIVDBf81uhWCOHO3fPBSjL5WP/view?usp=drivesdk
1KK1BYxIArcaem_DFSJIgiaF54AfjvU0_,IMG_4257.HEIC,primary,Duplex Canora (27/29),_Library/Photos/IMG_4257.HEIC,https://drive.google.com/file/d/1KK1BYxIArcaem_DFSJIgiaF54AfjvU0_/view?usp=drivesdk
1AxRILHysis427TBJvL_ckQJXeMn7xNvS,IMG_4264.HEIC,primary,Duplex Canora (27/29),_Library/Photos/IMG_4264.HEIC,https://drive.google.com/file/d/1AxRILHysis427TBJvL_ckQJXeMn7xNvS/view?usp=drivesdk
1xOfshpM3lrnfrD692Bg_cVNLD_0gv2SL,IMG_4261.HEIC,primary,Duplex Canora (27/29),_Library/Photos/IMG_4261.HEIC,https://drive.google.com/file/d/1xOfshpM3lrnfrD692Bg_cVNLD_0gv2SL/view?usp=drivesdk
1vOWBqosn0tYu8GIa_0DDvbtUh2D2MmAF,IMG_4263.HEIC,primary,Duplex Canora (27/29),_Library/Photos/IMG_4263.HEIC,https://drive.google.com/file/d/1vOWBqosn0tYu8GIa_0DDvbtUh2D2MmAF/view?usp=drivesdk
1EqQiO82IX-jgvqXGXPRbrQF-AQpb2ktG,WhatsApp Image 2024-03-08 at 21.23.49_40000241.jpg,primary,Wholesale /DEALS: Under Contract ✔️/Active Deals- Files/10427/10429 155 St NW /10427/29 155 St NW Photos /Photos ,10429 155/Photos/WhatsApp Image 2024-03-08 at 21.23.49_40000241.jpg,https://drive.google.com/file/d/1EqQiO82IX-jgvqXGXPRbrQF-AQpb2ktG/view?usp=drivesdk
1JDl8pLagDJVKoZibp2Pi2GZqSuIXUgn9,WhatsApp Image 2024-03-08 at 21.23.50_fca58687.jpg,primary,Wholesale /DEALS: Under Contract ✔️/Active Deals- Files/10427/10429 155 St NW /10427/29 155 St NW Photos /Photos ,10429 155/Photos/WhatsApp Image 2024-03-08 at 21.23.50_fca58687.jpg,https://drive.google.com/file/d/1JDl8pLagDJVKoZibp2Pi2GZqSuIXUgn9/view?usp=drivesdk
1ND0cWe7rOLvZ-NtVkDEuwm82d1RDJK7L,WhatsApp Image 2024-03-08 at 21.23.50_1ebff9a0.jpg,primary,Wholesale /DEALS: Under Contract ✔️/Active Deals- Files/10427/10429 155 St NW /10427/29 155 St NW Photos /Photos ,10429 155/Photos/WhatsApp Image 2024-03-08 at 21.23.50_1ebff9a0.jpg,https://drive.google.com/file/d/1ND0cWe7rOLvZ-NtVkDEuwm82d1RDJK7L/view?usp=drivesdk
1-cnsxjkPYcUl9RLinjRKQpqhc4uGEgmq,VID-20240313-WA0005.mp4,primary,Wholesale /DEALS: Under Contract ✔️/Active Deals- Files/10427/10429 155 St NW /10427/29 155 St NW Photos /Photos ,10429 155/_NeedsReview/VID-20240313-WA0005.mp4,https://drive.google.com/file/d/1-cnsxjkPYcUl9RLinjRKQpqhc4uGEgmq/view?usp=drivesdk
1BiXb84NmcnCiEmazM7vn6cBTbkTWiq_j,IMG-20240313-WA0013.jpg,primary,Wholesale /DEALS: Under Contract ✔️/Active Deals- Files/10427/10429 155 St NW /10427/29 155 St NW Photos /Photos ,10429 155/Photos/IMG-20240313-WA0013.jpg,https://drive.google.com/file/d/1BiXb84NmcnCiEmazM7vn6cBTbkTWiq_j/view?usp=drivesdk
1jPhOnaLdXKYEcnGtJyg9PNiaVTzPiURH,IMG-20240313-WA0012.jpg,primary,Wholesale /DEALS: Under Contract ✔️/Active Deals- Files/10427/10429 155 St NW /10427/29 155 St NW Photos /Photos ,10429 155/Photos/IMG-20240313-WA0012.jpg,https://drive.google.com/file/d/1jPhOnaLdXKYEcnGtJyg9PNiaVTzPiURH/view?usp=drivesdk
1zJZc8D5nbsbV-4pIwjk56ELhSFowiwPO,IMG-20240313-WA0011.jpg,primary,Wholesale /DEALS: Under Contract ✔️/Active Deals- Files/10427/10429 155 St NW /10427/29 155 St NW Photos /Photos ,10429 155/Photos/IMG-20240313-WA0011.jpg,https://drive.google.com/file/d/1zJZc8D5nbsbV-4pIwjk56ELhSFowiwPO/view?usp=drivesdk
1HYTx-uWqYYDeqZvFXf11eGGU66Fswusr,IMG-20240313-WA0010.jpg,primary,Wholesale /DEALS: Under Contract ✔️/Active Deals- Files/10427/10429 155 St NW /10427/29 155 St NW Photos /Photos ,10429 155/Photos/IMG-20240313-WA0010.jpg,https://drive.google.com/file/d/1HYTx-uWqYYDeqZvFXf11eGGU66Fswusr/view?usp=drivesdk
1lxz7m321STKj9pZKX7Pkyj1QqVD2Td2r,VID-20240313-WA0004.mp4,primary,Wholesale /DEALS: Under Contract ✔️/Active Deals- Files/10427/10429 155 St NW /10427/29 155 St NW Photos /Photos ,10429 155/_NeedsReview/VID-20240313-WA0004.mp4,https://drive.google.com/file/d/1lxz7m321STKj9pZKX7Pkyj1QqVD2Td2r/view?usp=drivesdk
1PehoVocGN1IrzedEAeNT2YRPMFGzcqSp,IMG-20240313-WA0009.jpg,primary,Wholesale /DEALS: Under Contract ✔️/Active Deals- Files/10427/10429 155 St NW /10427/29 155 St NW Photos /Photos ,10429 155/Photos/IMG-20240313-WA0009.jpg,https://drive.google.com/file/d/1PehoVocGN1IrzedEAeNT2YRPMFGzcqSp/view?usp=drivesdk
1TYQcqrMZZwz4N0s97TEbgx5wTujl61Cp,VID-20240313-WA0001.mp4,primary,Wholesale /DEALS: Under Contract ✔️/Active Deals- Files/10427/10429 155 St NW /10427/29 155 St NW Photos /Photos ,10429 155/_NeedsReview/VID-20240313-WA0001.mp4,https://drive.google.com/file/d/1TYQcqrMZZwz4N0s97TEbgx5wTujl61Cp/view?usp=drivesdk
1C9zwCk6Am7Gao2f7dyjKGoVP-BJijASA,Investors to Organize.xlsx,primary,LEADS////SPREADSHEETS!,_NeedsReview/Investors to Organize.xlsx,https://drive.google.com/file/d/1C9zwCk6Am7Gao2f7dyjKGoVP-BJijASA/view?usp=drivesdk
1njqrIQaSseqNlAMMVM4MC04dL_1m-IVl,8810 88 Ave Amendment- Condition Removal Date change.pdf,primary,CORPORATION/2024 Tax Info/Sold Houses/Bonnie Doon 8810 88 Ave,8810 88/Contracts/8810 88 Ave Amendment- Condition Removal Date change.pdf,https://drive.google.com/file/d/1njqrIQaSseqNlAMMVM4MC04dL_1m-IVl/view?usp=drivesdk
1fOa_vRqxu7iuspmKvd5hEOJkLMF4gBlT,10401 154 St Amendment- Date change.pdf,primary,CORPORATION/2024 Tax Info/Sold Houses/10401 154 St NW- Canora ,10401 154/Contracts/10401 154 St Amendment- Date change.pdf,https://drive.google.com/file/d/1fOa_vRqxu7iuspmKvd5hEOJkLMF4gBlT/view?usp=drivesdk
1-oxTlE_IiTpbi6m04tCSaW9krWzkEoxM,PROPERTY SALE SHEET.numbers,primary,Blank Purchase Contracts ,_NeedsReview/PROPERTY SALE SHEET.numbers,https://drive.google.com/file/d/1-oxTlE_IiTpbi6m04tCSaW9krWzkEoxM/view?usp=drivesdk
1r-kfO08-_LxiEzLy_61xDe0WiWcOGNP0,Old- Residential-Purchase-Contract.pdf,primary,Blank Purchase Contracts ,_Library/Contracts/Old- Residential-Purchase-Contract.pdf,https://drive.google.com/file/d/1r-kfO08-_LxiEzLy_61xDe0WiWcOGNP0/view?usp=drivesdk
1ZNStsKzlTpsfoKpBtfcVSQ89umGLasBC,Old- Residential-Purchase-Contract.pdf,duplicate,Blank Purchase Contracts ,_Duplicates/Unknown/Old- Residential-Purchase-Contract.pdf,https://drive.google.com/file/d/1ZNStsKzlTpsfoKpBtfcVSQ89umGLasBC/view?usp=drivesdk
1lVXvkKCzd5sckRUX5NUhRnhM4Co_2Bqd,1.A-Final-ADDENDUM-with-assignment-clause-pre-written-1 (1).pdf,primary,Blank Purchase Contracts ,_Library/Contracts/1.A-Final-ADDENDUM-with-assignment-clause-pre-written-1 (1).pdf,https://drive.google.com/file/d/1lVXvkKCzd5sckRUX5NUhRnhM4Co_2Bqd/view?usp=drivesdk
1ylyLUPtTLQuM9DIjILz8TGR6FrTAVSeq,10401-154 St Condition Removal.pdf,primary,CORPORATION/2024 Tax Info/Sold Houses/10401 154 St NW- Canora ,10401 154/_NeedsReview/10401-154 St Condition Removal.pdf,https://drive.google.com/file/d/1ylyLUPtTLQuM9DIjILz8TGR6FrTAVSeq/view?usp=drivesdk
1yvjPKYFOUkxdnfTVSzVk_USTgnGEVeFB,10651 80 Ave Purchase Contract- Signed,primary,CORPORATION/2024 Tax Info/10651 80 Ave,10651 80/Contracts/10651 80 Ave Purchase Contract- Signed,https://drive.google.com/file/d/1yvjPKYFOUkxdnfTVSzVk_USTgnGEVeFB/view?usp=drivesdk
1gLHry53motiayDIjL0I2yCF_E8IBQ7Be,Purchase Contract-10427 155 St.pdf,primary,Wholesale /DEALS: Under Contract ✔️/Active Deals- Files/10427/10429 155 St NW ,10427 155/Contracts/Purchase Contract-10427 155 St.pdf,https://drive.google.com/file/d/1gLHry53motiayDIjL0I2yCF_E8IBQ7Be/view?usp=drivesdk
13NOshkRHW7MdzOHGrHvKIub1hZ7lp4zP,10651 80 Ave Carrie Assignment Contract.pdf,primary,CORPORATION/2024 Tax Info/10651 80 Ave,10651 80/Contracts/10651 80 Ave Carrie Assignment Contract.pdf,https://drive.google.com/file/d/13NOshkRHW7MdzOHGrHvKIub1hZ7lp4zP/view?usp=drivesdk
1mLdDeWRv5Jmhtw7I-1jdg6gmM5c_qa7A,Notice (For Waiver_Satisfaction of Conditions) -Signed.pdf,primary,CORPORATION/2024 Tax Info/Sold Houses/10401 154 St NW- Canora ,10401 154/_NeedsReview/Notice (For Waiver_Satisfaction of Conditions) -Signed.pdf,https://drive.google.com/file/d/1mLdDeWRv5Jmhtw7I-1jdg6gmM5c_qa7A/view?usp=drivesdk
1-iqwTOw0p64bdsOOFaSpVWLqgLBj0JFO,8810 88 Ave Purchase Contract signed.pdf,primary,CORPORATION/2024 Tax Info/Sold Houses/Bonnie Doon 8810 88 Ave,8810 88/Contracts/8810 88 Ave Purchase Contract signed.pdf,https://drive.google.com/file/d/1-iqwTOw0p64bdsOOFaSpVWLqgLBj0JFO/view?usp=drivesdk
1uLA8lct9z95g6zSGuTWZB0c_BSSEIWl4,Amendment.pdf,primary,Blank Purchase Contracts ,_Library/Contracts/Amendment.pdf,https://drive.google.com/file/d/1uLA8lct9z95g6zSGuTWZB0c_BSSEIWl4/view?usp=drivesdk
1OvdmAotpvlkIUG0cG6vEF8NzuLb1q-eM,10651 80 Ave Waiver Satisfaction of Conditions.pdf,primary,CORPORATION/2024 Tax Info/10651 80 Ave,10651 80/_NeedsReview/10651 80 Ave Waiver Satisfaction of Conditions.pdf,https://drive.google.com/file/d/1OvdmAotpvlkIUG0cG6vEF8NzuLb1q-eM/view?usp=drivesdk
1xPmOkWLGQQ7y2ineMI6_j6pWsYg7FzgCQdBMDMMGhQg,Canora ,primary,CORPORATION/2024 Tax Info/Sold Houses/10401 154 St NW- Canora ,10401 154/_NeedsReview/Canora ,https://docs.google.com/document/d/1xPmOkWLGQQ7y2ineMI6_j6pWsYg7FzgCQdBMDMMGhQg/edit?usp=drivesdk&ouid=112966636072631084810
1IhmRyp2PWnJJXDzW7SFRWbQokIHyZLy_APYU7PtYvCQ,Adress List-DFD,primary,(root),_NeedsReview/Adress List-DFD,https://docs.google.com/document/d/1IhmRyp2PWnJJXDzW7SFRWbQokIHyZLy_APYU7PtYvCQ/edit?usp=drivesdk&ouid=112966636072631084810
1JsqvySvWyp54sw3vjnru7vt9ArXsl-hL,10651 80th ave tittle.pdf,primary,CORPORATION/2024 Tax Info/10651 80 Ave,10651 80/_NeedsReview/10651 80th ave tittle.pdf,https://drive.google.com/file/d/1JsqvySvWyp54sw3vjnru7vt9ArXsl-hL/view?usp=drivesdk
1yclIBvBrZH-V73VQ-Jn9LUKKYfk8Zfji,Notice (For Waiver_Satisfaction of Conditions) - 10651 80  Ave - Signed.pdf,primary,CORPORATION/2024 Tax Info/10651 80 Ave,10651 80/_NeedsReview/Notice (For Waiver_Satisfaction of Conditions) - 10651 80  Ave - Signed.pdf,https://drive.google.com/file/d/1yclIBvBrZH-V73VQ-Jn9LUKKYfk8Zfji/view?usp=drivesdk
13yaDT3wrDBk8dFg7wlHA2AD_njbY-ddA,10651 80 Ave Seller Signed Contract.zip,primary,CORPORATION/2024 Tax Info/10651 80 Ave,10651 80/Contracts/10651 80 Ave Seller Signed Contract.zip,https://drive.google.com/file/d/13yaDT3wrDBk8dFg7wlHA2AD_njbY-ddA/view?usp=drivesdk
1oGLzgFagn-FJcn6wyDoczZFhaEbSFLT7,IMG_9377.HEIC,primary,CORPORATION/2024 Tax Info/Sold Houses/10401 154 St NW- Canora ,10401 154/Photos/IMG_9377.HEIC,https://drive.google.com/file/d/1oGLzgFagn-FJcn6wyDoczZFhaEbSFLT7/view?usp=drivesdk
1uKgLRknFGSxWw5LiZPMllLOZZDcSW9Nf,IMG_9378.HEIC,primary,CORPORATION/2024 Tax Info/Sold Houses/10401 154 St NW- Canora ,10401 154/Photos/IMG_9378.HEIC,https://drive.google.com/file/d/1uKgLRknFGSxWw5LiZPMllLOZZDcSW9Nf/view?usp=drivesdk
1ZI6ybg1RqtyRaMjX9dB3TzUJrnn3O0iN,IMG_9379.HEIC,primary,CORPORATION/2024 Tax Info/Sold Houses/10401 154 St NW- Canora ,10401 154/Photos/IMG_9379.HEIC,https://drive.google.com/file/d/1ZI6ybg1RqtyRaMjX9dB3TzUJrnn3O0iN/view?usp=drivesdk
1iwsHl8gCZHjx60pCx5QNn9Zqu38SHUNy,IMG_9380.HEIC,primary,CORPORATION/2024 Tax Info/Sold Houses/10401 154 St NW- Canora ,10401 154/Photos/IMG_9380.HEIC,https://drive.google.com/file/d/1iwsHl8gCZHjx60pCx5QNn9Zqu38SHUNy/view?usp=drivesdk
1FLbmf50NXOr00cKD3kHcAKNqezM4T4fd,IMG_9370.PNG,primary,CORPORATION/2024 Tax Info/Sold Houses/10401 154 St NW- Canora ,10401 154/Photos/IMG_9370.PNG,https://drive.google.com/file/d/1FLbmf50NXOr00cKD3kHcAKNqezM4T4fd/view?usp=drivesdk
1UupEsly8thaKRfXbJfeZCfA8rEicMcPj,IMG_9369.PNG,primary,CORPORATION/2024 Tax Info/Sold Houses/10401 154 St NW- Canora ,10401 154/Photos/IMG_9369.PNG,https://drive.google.com/file/d/1UupEsly8thaKRfXbJfeZCfA8rEicMcPj/view?usp=drivesdk
1MsDvEho6NNMHyqGfou48bCqwmSii9f80,IMG_9376.HEIC,primary,CORPORATION/2024 Tax Info/Sold Houses/10401 154 St NW- Canora ,10401 154/Photos/IMG_9376.HEIC,https://drive.google.com/file/d/1MsDvEho6NNMHyqGfou48bCqwmSii9f80/view?usp=drivesdk
1_p0LIkviH9aZEgVJzsnpRD6eSBdRWKW1,CFF_LearningYourLanguageHabits.pdf,primary,John Downloads,_NeedsReview/CFF_LearningYourLanguageHabits.pdf,https://drive.google.com/file/d/1_p0LIkviH9aZEgVJzsnpRD6eSBdRWKW1/view?usp=drivesdk
1C9uU8oUIRnOi8j32QJkdIgtRbZsyd4BIA7pVrrn5dhI,Heisler ,primary,CORPORATION/2024 Tax Info/Sold Houses/315 Haultain Avenue ,_NeedsReview/Heisler ,https://docs.google.com/document/d/1C9uU8oUIRnOi8j32QJkdIgtRbZsyd4BIA7pVrrn5dhI/edit?usp=drivesdk&ouid=112966636072631084810
1EZ9tCFoTAoFn-b-Bo5B8fuB906wp16A8,IMG_3919.HEIC,primary,8810 88AVE REPORT,_Library/Photos/IMG_3919.HEIC,https://drive.google.com/file/d/1EZ9tCFoTAoFn-b-Bo5B8fuB906wp16A8/view?usp=drivesdk
1t1HkS1vdFisByFaYwsDu_JD0P9XYl2lQ,IMG_3920.HEIC,primary,8810 88AVE REPORT,_Library/Photos/IMG_3920.HEIC,https://drive.google.com/file/d/1t1HkS1vdFisByFaYwsDu_JD0P9XYl2lQ/view?usp=drivesdk
1QIhNm8JNcxUIn-Gaulj0NH_lf_XVpnxSxJxSG8gCDVg,Seller Finance- Benefits ,primary,Blank Purchase Contracts /Seller Financing Offers ,_NeedsReview/Seller Finance- Benefits ,https://docs.google.com/document/d/1QIhNm8JNcxUIn-Gaulj0NH_lf_XVpnxSxJxSG8gCDVg/edit?usp=drivesdk&ouid=112966636072631084810
1y6g7h7nm1O83ip3utXcfr5ddPRjb1Hry_-twVy7BKHs,Best FB Groups ,primary,CORPORATION/Employee/Employees ,_NeedsReview/Best FB Groups ,https://docs.google.com/document/d/1y6g7h7nm1O83ip3utXcfr5ddPRjb1Hry_-twVy7BKHs/edit?usp=drivesdk&ouid=112966636072631084810
1SxjHdyKx1MzPtDdo-kfWrsutnw3gNJ4qAr4ZB2rwY7Q,John Course,primary,CORPORATION/Couses/Conferences,_NeedsReview/John Course,https://docs.google.com/document/d/1SxjHdyKx1MzPtDdo-kfWrsutnw3gNJ4qAr4ZB2rwY7Q/edit?usp=drivesdk&ouid=112966636072631084810
13Md5d-d3SXwkvhHtBSedEeNSfgxCvC2ubeCh4eN76OU,Business Plan ,primary,CORPORATION/Business Plan,_Library/Plans & Permits/Business Plan ,https://docs.google.com/document/d/13Md5d-d3SXwkvhHtBSedEeNSfgxCvC2ubeCh4eN76OU/edit?usp=drivesdk&ouid=112966636072631084810
1ML7nMbnZ3c12szeZWQnxU8W4vdHVyFOm6JZa44RMaMY,Commercial Buyer Questions ,primary,Buyers/ Investors ,_NeedsReview/Commercial Buyer Questions ,https://docs.google.com/document/d/1ML7nMbnZ3c12szeZWQnxU8W4vdHVyFOm6JZa44RMaMY/edit?usp=drivesdk&ouid=112966636072631084810
1D3D7YicoNl_Y2zqfKbFE3GpsO2c7TWjC,Screenshot 2024-02-25 164524.png,primary,CORPORATION/Marketing ,_Library/Photos/Screenshot 2024-02-25 164524.png,https://drive.google.com/file/d/1D3D7YicoNl_Y2zqfKbFE3GpsO2c7TWjC/view?usp=drivesdk
1bJHF1GVQ-OF2faptmJ04kC4ePYeIcbm6,IMG_9270.HEIC,primary,Wholesale /DEALS: Under Contract ✔️/Active Deals- Files/12115 59 St,12115 59/Photos/IMG_9270.HEIC,https://drive.google.com/file/d/1bJHF1GVQ-OF2faptmJ04kC4ePYeIcbm6/view?usp=drivesdk
1_Dms_T0AnbL1DHoHYZYO2dlXjCszZb7W,IMG_9268.HEIC,primary,Wholesale /DEALS: Under Contract ✔️/Active Deals- Files/12115 59 St,12115 59/Photos/IMG_9268.HEIC,https://drive.google.com/file/d/1_Dms_T0AnbL1DHoHYZYO2dlXjCszZb7W/view?usp=drivesdk
1Qzdoc8bz9Qt-AifhjIKe_4Kh8vRyTZ1P,IMG_9276.HEIC,primary,Wholesale /DEALS: Under Contract ✔️/Active Deals- Files/12115 59 St,12115 59/Photos/IMG_9276.HEIC,https://drive.google.com/file/d/1Qzdoc8bz9Qt-AifhjIKe_4Kh8vRyTZ1P/view?usp=drivesdk
1a1R144G_y0jyg5sqxZqFxhqhaRwLEdgL,IMG_9273.HEIC,primary,Wholesale /DEALS: Under Contract ✔️/Active Deals- Files/12115 59 St,12115 59/Photos/IMG_9273.HEIC,https://drive.google.com/file/d/1a1R144G_y0jyg5sqxZqFxhqhaRwLEdgL/view?usp=drivesdk
1vjqRA8blUNFWbIhDJxBXGqFi6KkAllIb,IMG_9272.HEIC,primary,Wholesale /DEALS: Under Contract ✔️/Active Deals- Files/12115 59 St,12115 59/Photos/IMG_9272.HEIC,https://drive.google.com/file/d/1vjqRA8blUNFWbIhDJxBXGqFi6KkAllIb/view?usp=drivesdk
1W0RcqV6bO67EgSpE_WVs7eNJrt1OBp16,IMG_9269.HEIC,primary,Wholesale /DEALS: Under Contract ✔️/Active Deals- Files/12115 59 St,12115 59/Photos/IMG_9269.HEIC,https://drive.google.com/file/d/1W0RcqV6bO67EgSpE_WVs7eNJrt1OBp16/view?usp=drivesdk
1a4uGeyql6yzQyDymtPspcuKztMsj7xEc,IMG_9274.HEIC,primary,Wholesale /DEALS: Under Contract ✔️/Active Deals- Files/12115 59 St,12115 59/Photos/IMG_9274.HEIC,https://drive.google.com/file/d/1a4uGeyql6yzQyDymtPspcuKztMsj7xEc/view?usp=drivesdk
1rnVFEhI2X0H5VWzMgSoviqFY-nY2wDOW,IMG_9267.HEIC,primary,Wholesale /DEALS: Under Contract ✔️/Active Deals- Files/12115 59 St,12115 59/Photos/IMG_9267.HEIC,https://drive.google.com/file/d/1rnVFEhI2X0H5VWzMgSoviqFY-nY2wDOW/view?usp=drivesdk
1SbfskkidUuDeV2lZhIHutC8gCI387xTg,IMG_9275.HEIC,primary,Wholesale /DEALS: Under Contract ✔️/Active Deals- Files/12115 59 St,12115 59/Photos/IMG_9275.HEIC,https://drive.google.com/file/d/1SbfskkidUuDeV2lZhIHutC8gCI387xTg/view?usp=drivesdk
1xQfeeJLCOeUvyvjl24nWsH99PGwa5z4s,IMG_9261.HEIC,primary,Wholesale /DEALS: Under Contract ✔️/Active Deals- Files/12115 59 St,12115 59/Photos/IMG_9261.HEIC,https://drive.google.com/file/d/1xQfeeJLCOeUvyvjl24nWsH99PGwa5z4s/view?usp=drivesdk
1F97XMd6xAy2P7MglFs6YTP-Y-sGcwmGW,IMG_9265.HEIC,primary,Wholesale /DEALS: Under Contract ✔️/Active Deals- Files/12115 59 St,12115 59/Photos/IMG_9265.HEIC,https://drive.google.com/file/d/1F97XMd6xAy2P7MglFs6YTP-Y-sGcwmGW/view?usp=drivesdk
166QGQWAyNIIgWPsdX8OyRK1qkuDRmKmp,IMG_9266.HEIC,primary,Wholesale /DEALS: Under Contract ✔️/Active Deals- Files/12115 59 St,12115 59/Photos/IMG_9266.HEIC,https://drive.google.com/file/d/166QGQWAyNIIgWPsdX8OyRK1qkuDRmKmp/view?usp=drivesdk
1lb-SEaVCZzDYNUJaGKPy9CfP9lPVqEYr,IMG_9257.HEIC,primary,Wholesale /DEALS: Under Contract ✔️/Active Deals- Files/12115 59 St,12115 59/Photos/IMG_9257.HEIC,https://drive.google.com/file/d/1lb-SEaVCZzDYNUJaGKPy9CfP9lPVqEYr/view?usp=drivesdk
1qLeaTKoluyufn68VMXpuZ3YiPm6yQz5V,IMG_9264.HEIC,primary,Wholesale /DEALS: Under Contract ✔️/Active Deals- Files/12115 59 St,12115 59/Photos/IMG_9264.HEIC,https://drive.google.com/file/d/1qLeaTKoluyufn68VMXpuZ3YiPm6yQz5V/view?usp=drivesdk
1jO1NXVErVzWxPDwyPt8gx1um6CwsURQT,IMG_9256.HEIC,primary,Wholesale /DEALS: Under Contract ✔️/Active Deals- Files/12115 59 St,12115 59/Photos/IMG_9256.HEIC,https://drive.google.com/file/d/1jO1NXVErVzWxPDwyPt8gx1um6CwsURQT/view?usp=drivesdk
1qq4vP37fCjKK1t10_beWzUsX-x_pcwe9,IMG_9263.HEIC,primary,Wholesale /DEALS: Under Contract ✔️/Active Deals- Files/12115 59 St,12115 59/Photos/IMG_9263.HEIC,https://drive.google.com/file/d/1qq4vP37fCjKK1t10_beWzUsX-x_pcwe9/view?usp=drivesdk
1vZGGglEewM4_dxYSOE82KH98gHe5_s6V,IMG_9258.HEIC,primary,Wholesale /DEALS: Under Contract ✔️/Active Deals- Files/12115 59 St,12115 59/Photos/IMG_9258.HEIC,https://drive.google.com/file/d/1vZGGglEewM4_dxYSOE82KH98gHe5_s6V/view?usp=drivesdk
1FXMdGbG4QTJMqfCxf9Uxh62eC49Qk9NK,IMG_9262.HEIC,primary,Wholesale /DEALS: Under Contract ✔️/Active Deals- Files/12115 59 St,12115 59/Photos/IMG_9262.HEIC,https://drive.google.com/file/d/1FXMdGbG4QTJMqfCxf9Uxh62eC49Qk9NK/view?usp=drivesdk
1n8-4bykemtBW4M4qvcyGLfkk4jYHulDC,IMG_9260.HEIC,primary,Wholesale /DEALS: Under Contract ✔️/Active Deals- Files/12115 59 St,12115 59/Photos/IMG_9260.HEIC,https://drive.google.com/file/d/1n8-4bykemtBW4M4qvcyGLfkk4jYHulDC/view?usp=drivesdk
1vrVOKjhdTn3Y6Rvkjs0GymBJsIjLWNsh,IMG_9259.HEIC,primary,Wholesale /DEALS: Under Contract ✔️/Active Deals- Files/12115 59 St,12115 59/Photos/IMG_9259.HEIC,https://drive.google.com/file/d/1vrVOKjhdTn3Y6Rvkjs0GymBJsIjLWNsh/view?usp=drivesdk
1z1s9nKEk0LzeX7JVbJL6AoZ6jZ7VgWCB,IMG_9246.HEIC,primary,Wholesale /DEALS: Under Contract ✔️/Active Deals- Files/12115 59 St,12115 59/Photos/IMG_9246.HEIC,https://drive.google.com/file/d/1z1s9nKEk0LzeX7JVbJL6AoZ6jZ7VgWCB/view?usp=drivesdk
1_qrgQnAaiJvK8Ay6zh3DX7gDOdm7ca19,IMG_9251.HEIC,primary,Wholesale /DEALS: Under Contract ✔️/Active Deals- Files/12115 59 St,12115 59/Photos/IMG_9251.HEIC,https://drive.google.com/file/d/1_qrgQnAaiJvK8Ay6zh3DX7gDOdm7ca19/view?usp=drivesdk
1j9-u_giohpg9oYjmmZo_nADH0FVkrX3L,IMG_9253.HEIC,primary,Wholesale /DEALS: Under Contract ✔️/Active Deals- Files/12115 59 St,12115 59/Photos/IMG_9253.HEIC,https://drive.google.com/file/d/1j9-u_giohpg9oYjmmZo_nADH0FVkrX3L/view?usp=drivesdk
1j_Zn3_6FyhaoAEHVC4oj2mH0EXimHbRv,IMG_9247.HEIC,primary,Wholesale /DEALS: Under Contract ✔️/Active Deals- Files/12115 59 St,12115 59/Photos/IMG_9247.HEIC,https://drive.google.com/file/d/1j_Zn3_6FyhaoAEHVC4oj2mH0EXimHbRv/view?usp=drivesdk
1MNliro7tq5O2Ko0AsUL8dpmkdkidthC3,IMG_9245.HEIC,primary,Wholesale /DEALS: Under Contract ✔️/Active Deals- Files/12115 59 St,12115 59/Photos/IMG_9245.HEIC,https://drive.google.com/file/d/1MNliro7tq5O2Ko0AsUL8dpmkdkidthC3/view?usp=drivesdk
11fledYEkMTdPXgnTIljFBB2Jp7o7i2vq,IMG_9249.HEIC,primary,Wholesale /DEALS: Under Contract ✔️/Active Deals- Files/12115 59 St,12115 59/Photos/IMG_9249.HEIC,https://drive.google.com/file/d/11fledYEkMTdPXgnTIljFBB2Jp7o7i2vq/view?usp=drivesdk
1zOqweRNGBOOSte7eRJ-CzGhHADrx-4ou,IMG_9250.HEIC,primary,Wholesale /DEALS: Under Contract ✔️/Active Deals- Files/12115 59 St,12115 59/Photos/IMG_9250.HEIC,https://drive.google.com/file/d/1zOqweRNGBOOSte7eRJ-CzGhHADrx-4ou/view?usp=drivesdk
14gNPC0XHCSQKP4W3LbH3RMqLjPenJBi_,IMG_9248.HEIC,primary,Wholesale /DEALS: Under Contract ✔️/Active Deals- Files/12115 59 St,12115 59/Photos/IMG_9248.HEIC,https://drive.google.com/file/d/14gNPC0XHCSQKP4W3LbH3RMqLjPenJBi_/view?usp=drivesdk
1qiqBXelFpfcBs2x5PRfsoCZITaGqRcGS,IMG_9252.HEIC,primary,Wholesale /DEALS: Under Contract ✔️/Active Deals- Files/12115 59 St,12115 59/Photos/IMG_9252.HEIC,https://drive.google.com/file/d/1qiqBXelFpfcBs2x5PRfsoCZITaGqRcGS/view?usp=drivesdk
1NUATF6V1YQZFLYAK92A0SeFH6nsi48Su,IMG_9254.HEIC,primary,Wholesale /DEALS: Under Contract ✔️/Active Deals- Files/12115 59 St,12115 59/Photos/IMG_9254.HEIC,https://drive.google.com/file/d/1NUATF6V1YQZFLYAK92A0SeFH6nsi48Su/view?usp=drivesdk
1xjL2QhoR_lG91ATz2p7tYtg6i0C-LCyC,Screenshot 2024-02-23 111250.png,primary,CORPORATION/Marketing ,_Library/Photos/Screenshot 2024-02-23 111250.png,https://drive.google.com/file/d/1xjL2QhoR_lG91ATz2p7tYtg6i0C-LCyC/view?usp=drivesdk
1ryfunNr9BKbSdFQYTJf5UE_SzDZ30ZQ8,16-DSC03295.jpg,primary,(root),_Library/Photos/16-DSC03295.jpg,https://drive.google.com/file/d/1ryfunNr9BKbSdFQYTJf5UE_SzDZ30ZQ8/view?usp=drivesdk
1fESzW61it4n5qWpaCKPGBjJWn5IgUOyy,14-DSC03258.jpg,primary,(root),_Library/Photos/14-DSC03258.jpg,https://drive.google.com/file/d/1fESzW61it4n5qWpaCKPGBjJWn5IgUOyy/view?usp=drivesdk
1CVlybuEp2ffjp4Cn7lotcSiCqpQPcVPr,15-DSC03292.jpg,primary,(root),_Library/Photos/15-DSC03292.jpg,https://drive.google.com/file/d/1CVlybuEp2ffjp4Cn7lotcSiCqpQPcVPr/view?usp=drivesdk
1FcbntAzzBhwvUvk8nxJ1yIJWVOelkPO9,08-DSC03274.jpg,primary,(root),_Library/Photos/08-DSC03274.jpg,https://drive.google.com/file/d/1FcbntAzzBhwvUvk8nxJ1yIJWVOelkPO9/view?usp=drivesdk
1k6pRMoigsal9cDgtXUYRTXzEoKj2ctGl,04-DSC03262.jpg,primary,(root),_Library/Photos/04-DSC03262.jpg,https://drive.google.com/file/d/1k6pRMoigsal9cDgtXUYRTXzEoKj2ctGl/view?usp=drivesdk
1ITHnacyCtLoPHooiUnv_kxAnxsuV4Ee6,11-DSC03283.jpg,primary,(root),_Library/Photos/11-DSC03283.jpg,https://drive.google.com/file/d/1ITHnacyCtLoPHooiUnv_kxAnxsuV4Ee6/view?usp=drivesdk
1d9TjEAgB_dFT0GSB-o3VBsNlltyu5NMH,07-DSC03271.jpg,primary,(root),_Library/Photos/07-DSC03271.jpg,https://drive.google.com/file/d/1d9TjEAgB_dFT0GSB-o3VBsNlltyu5NMH/view?usp=drivesdk
1P5GQ0Zsv7U89nw9Tid5LkKvRYVwI_CAy,13-DSC03255.jpg,primary,(root),_Library/Photos/13-DSC03255.jpg,https://drive.google.com/file/d/1P5GQ0Zsv7U89nw9Tid5LkKvRYVwI_CAy/view?usp=drivesdk
1dz-1Q0UHypgzeXxcGTzpIMNOeCz1be4Q,05-DSC03265.jpg,primary,(root),_Library/Photos/05-DSC03265.jpg,https://drive.google.com/file/d/1dz-1Q0UHypgzeXxcGTzpIMNOeCz1be4Q/view?usp=drivesdk
1Al2JczlYsdkoWZfV7EexKDdIbOTi9XWV,10-DSC03280.jpg,primary,(root),_Library/Photos/10-DSC03280.jpg,https://drive.google.com/file/d/1Al2JczlYsdkoWZfV7EexKDdIbOTi9XWV/view?usp=drivesdk
1lLSnhYZo03GXJta6knL74VE9a4_QWh8O,06-DSC03268.jpg,primary,(root),_Library/Photos/06-DSC03268.jpg,https://drive.google.com/file/d/1lLSnhYZo03GXJta6knL74VE9a4_QWh8O/view?usp=drivesdk
1VpgaE9gXN2H-B-z7LUDUkKxM-7Je3LKZ,12-DSC03286.jpg,primary,(root),_Library/Photos/12-DSC03286.jpg,https://drive.google.com/file/d/1VpgaE9gXN2H-B-z7LUDUkKxM-7Je3LKZ/view?usp=drivesdk
11bFkDbu_xvu2euTkEalg5If2Dq9LKnRd,09-DSC03277.jpg,primary,(root),_Library/Photos/09-DSC03277.jpg,https://drive.google.com/file/d/11bFkDbu_xvu2euTkEalg5If2Dq9LKnRd/view?usp=drivesdk
19IKZr0jeAfrpeHN1QryduJFCJIQg21I0,02-DSC03220.jpg,primary,(root),_Library/Photos/02-DSC03220.jpg,https://drive.google.com/file/d/19IKZr0jeAfrpeHN1QryduJFCJIQg21I0/view?usp=drivesdk
1smfxY2Yr-2CKYznvmrfGN3mzajqgU7Vp,01-DSC03219.jpg,primary,(root),_Library/Photos/01-DSC03219.jpg,https://drive.google.com/file/d/1smfxY2Yr-2CKYznvmrfGN3mzajqgU7Vp/view?usp=drivesdk
15Ka-6ztE6C-WVnNtLOk_DokV5M_9O4Lu,03-DSC03289.jpg,primary,(root),_Library/Photos/03-DSC03289.jpg,https://drive.google.com/file/d/15Ka-6ztE6C-WVnNtLOk_DokV5M_9O4Lu/view?usp=drivesdk
1FzLUBTSsXT0PpkxRakfuq72Wj4muU4hX,Arch Set - DP Submission 14 April 2023.pdf,primary,(root),_NeedsReview/Arch Set - DP Submission 14 April 2023.pdf,https://drive.google.com/file/d/1FzLUBTSsXT0PpkxRakfuq72Wj4muU4hX/view?usp=drivesdk
1ZjDCNZVBHVfI127CPi7elknyD-0oX8UmDqrzehdHqsE, RTO Client Questionnaire ,primary,(root),_NeedsReview/ RTO Client Questionnaire ,https://docs.google.com/forms/d/1ZjDCNZVBHVfI127CPi7elknyD-0oX8UmDqrzehdHqsE/edit?usp=drivesdk&ouid=112966636072631084810
1703qFXxQV1DwhuFZUtrdmaIgrsPnG2EH,IMG_3502.HEIC,primary,8810 88AVE REPORT,_Library/Photos/IMG_3502.HEIC,https://drive.google.com/file/d/1703qFXxQV1DwhuFZUtrdmaIgrsPnG2EH/view?usp=drivesdk
1lgSXPrrfbqY4jKhQPazDjWm45nSvKc4U,IMG_3509.HEIC,primary,8810 88AVE REPORT,_Library/Photos/IMG_3509.HEIC,https://drive.google.com/file/d/1lgSXPrrfbqY4jKhQPazDjWm45nSvKc4U/view?usp=drivesdk
15GLhYf4Ulflh4iBUUlxfm2rKFbyxvyam,IMG_3500.HEIC,primary,8810 88AVE REPORT,_Library/Photos/IMG_3500.HEIC,https://drive.google.com/file/d/15GLhYf4Ulflh4iBUUlxfm2rKFbyxvyam/view?usp=drivesdk
1kqE809A2kRd1Yu9xhjbFmlYiXomGLx01,IMG_3514.HEIC,primary,8810 88AVE REPORT,_Library/Photos/IMG_3514.HEIC,https://drive.google.com/file/d/1kqE809A2kRd1Yu9xhjbFmlYiXomGLx01/view?usp=drivesdk
1kOHDHmVhEsi_Wczi4U34mNKt1Ags-WmZ,IMG_3507.HEIC,primary,8810 88AVE REPORT,_Library/Photos/IMG_3507.HEIC,https://drive.google.com/file/d/1kOHDHmVhEsi_Wczi4U34mNKt1Ags-WmZ/view?usp=drivesdk
1UD2337YxHpy5RpAzZ8Tu9Lhc1W0pkZHl,IMG_3499.HEIC,primary,8810 88AVE REPORT,_Library/Photos/IMG_3499.HEIC,https://drive.google.com/file/d/1UD2337YxHpy5RpAzZ8Tu9Lhc1W0pkZHl/view?usp=drivesdk
18jUH7OpaCUD--F2kAHDXz1uByF4-LD39,IMG_3511.HEIC,primary,8810 88AVE REPORT,_Library/Photos/IMG_3511.HEIC,https://drive.google.com/file/d/18jUH7OpaCUD--F2kAHDXz1uByF4-LD39/view?usp=drivesdk
1DokBFdbcpREyV3Vz_iklAKf3HVjJnZy8,IMG_3512.HEIC,primary,8810 88AVE REPORT,_Library/Photos/IMG_3512.HEIC,https://drive.google.com/file/d/1DokBFdbcpREyV3Vz_iklAKf3HVjJnZy8/view?usp=drivesdk
1Movs5y7OY8km9-CZxlRThtwN5gG6C3vm,IMG_3501.HEIC,primary,8810 88AVE REPORT,_Library/Photos/IMG_3501.HEIC,https://drive.google.com/file/d/1Movs5y7OY8km9-CZxlRThtwN5gG6C3vm/view?usp=drivesdk
1oI2stwaSZh4w7HZB89pQWlLrOeKOlpA7,IMG_3508.HEIC,primary,8810 88AVE REPORT,_Library/Photos/IMG_3508.HEIC,https://drive.google.com/file/d/1oI2stwaSZh4w7HZB89pQWlLrOeKOlpA7/view?usp=drivesdk
134y9r3eeAUhzYE3nnMmzrMRc9uF7pLqy,IMG_3517.HEIC,primary,8810 88AVE REPORT,_Library/Photos/IMG_3517.HEIC,https://drive.google.com/file/d/134y9r3eeAUhzYE3nnMmzrMRc9uF7pLqy/view?usp=drivesdk
15WM2foaB-s-A50Re5w1b0gpnH7IICKde,IMG_3516.HEIC,primary,8810 88AVE REPORT,_Library/Photos/IMG_3516.HEIC,https://drive.google.com/file/d/15WM2foaB-s-A50Re5w1b0gpnH7IICKde/view?usp=drivesdk
1BvvpcR7ES8bovimHjHTJ3aQqt566883F,IMG_3513.HEIC,primary,8810 88AVE REPORT,_Library/Photos/IMG_3513.HEIC,https://drive.google.com/file/d/1BvvpcR7ES8bovimHjHTJ3aQqt566883F/view?usp=drivesdk
1fIUqphFN_Spo0WXnlNwqvIqs_8PL4Nps,IMG_3518.HEIC,primary,8810 88AVE REPORT,_Library/Photos/IMG_3518.HEIC,https://drive.google.com/file/d/1fIUqphFN_Spo0WXnlNwqvIqs_8PL4Nps/view?usp=drivesdk
1UewmDxXJ37qYMtu6YKbEGVTy5ru9fMEQ,IMG_3498.HEIC,primary,8810 88AVE REPORT,_Library/Photos/IMG_3498.HEIC,https://drive.google.com/file/d/1UewmDxXJ37qYMtu6YKbEGVTy5ru9fMEQ/view?usp=drivesdk
1HqxnhhFnBdoYBRj7zyiyEHfHGP85Zl5J,IMG_3515.HEIC,primary,8810 88AVE REPORT,_Library/Photos/IMG_3515.HEIC,https://drive.google.com/file/d/1HqxnhhFnBdoYBRj7zyiyEHfHGP85Zl5J/view?usp=drivesdk
1qqGEGMsI63yL051tmBymSLZ8riogSwzK,IMG_3497.HEIC,primary,8810 88AVE REPORT,_Library/Photos/IMG_3497.HEIC,https://drive.google.com/file/d/1qqGEGMsI63yL051tmBymSLZ8riogSwzK/view?usp=drivesdk
1z2kegAscYu_PrQeLbQdYPzP-WAIOcH4w,IMG_3505.HEIC,primary,8810 88AVE REPORT,_Library/Photos/IMG_3505.HEIC,https://drive.google.com/file/d/1z2kegAscYu_PrQeLbQdYPzP-WAIOcH4w/view?usp=drivesdk
16h1uolXpIQD3GER5QFHGgjuEPtEGWmQq,IMG_3506.HEIC,primary,8810 88AVE REPORT,_Library/Photos/IMG_3506.HEIC,https://drive.google.com/file/d/16h1uolXpIQD3GER5QFHGgjuEPtEGWmQq/view?usp=drivesdk
1skXD0nb--1vO55JPBlQd4jJRyuZVUUt-,IMG_3504.HEIC,primary,8810 88AVE REPORT,_Library/Photos/IMG_3504.HEIC,https://drive.google.com/file/d/1skXD0nb--1vO55JPBlQd4jJRyuZVUUt-/view?usp=drivesdk
1iQppZECXpXNnUasB3V8VPzimlw_noI0I,IMG_3503.HEIC,primary,8810 88AVE REPORT,_Library/Photos/IMG_3503.HEIC,https://drive.google.com/file/d/1iQppZECXpXNnUasB3V8VPzimlw_noI0I/view?usp=drivesdk
1R_I98DrMXSr_2scYYqIb1Ie-rA2WcPKLxr5RZeGbivk,8810 88 Ave Edmonton,primary,CORPORATION/2024 Tax Info/Sold Houses/Bonnie Doon 8810 88 Ave,8810 88/_NeedsReview/8810 88 Ave Edmonton,https://docs.google.com/document/d/1R_I98DrMXSr_2scYYqIb1Ie-rA2WcPKLxr5RZeGbivk/edit?usp=drivesdk&ouid=112966636072631084810
1k8xTHLKr8FQNxMDpgdaxchDeIs42uBHx,EA4878B7-8D5F-4ADC-9131-88899892CDB2.jpeg,primary,Blank Purchase Contracts ,_Library/Photos/EA4878B7-8D5F-4ADC-9131-88899892CDB2.jpeg,https://drive.google.com/file/d/1k8xTHLKr8FQNxMDpgdaxchDeIs42uBHx/view?usp=drivesdk
1G3QrGw2IaNHbBUSc48epztIGQzr9aWIr,IMG_3476.HEIC,primary,CORPORATION/2024 Tax Info/Sold Houses/315 Haultain Avenue ,_Library/Photos/IMG_3476.HEIC,https://drive.google.com/file/d/1G3QrGw2IaNHbBUSc48epztIGQzr9aWIr/view?usp=drivesdk
1LctG1nJC-70XXGMnJCv6rOieUVkn3HAP,IMG_3460.HEIC,primary,CORPORATION/2024 Tax Info/Sold Houses/315 Haultain Avenue ,_Library/Photos/IMG_3460.HEIC,https://drive.google.com/file/d/1LctG1nJC-70XXGMnJCv6rOieUVkn3HAP/view?usp=drivesdk
1AX7jIgPzaX-x3xa7EY6xv_aYATFEydY5,IMG_3462.HEIC,primary,CORPORATION/2024 Tax Info/Sold Houses/315 Haultain Avenue ,_Library/Photos/IMG_3462.HEIC,https://drive.google.com/file/d/1AX7jIgPzaX-x3xa7EY6xv_aYATFEydY5/view?usp=drivesdk
1oD_9Dfni1ppInUFvEQaSINnuMz76e1lu,IMG_3457.HEIC,primary,CORPORATION/2024 Tax Info/Sold Houses/315 Haultain Avenue ,_Library/Photos/IMG_3457.HEIC,https://drive.google.com/file/d/1oD_9Dfni1ppInUFvEQaSINnuMz76e1lu/view?usp=drivesdk
1h_4EDOBQE7nXFQyllCAxIvQCmgmMpoMe,IMG_3472.HEIC,primary,CORPORATION/2024 Tax Info/Sold Houses/315 Haultain Avenue ,_Library/Photos/IMG_3472.HEIC,https://drive.google.com/file/d/1h_4EDOBQE7nXFQyllCAxIvQCmgmMpoMe/view?usp=drivesdk
1loxnCbxMEMeC1mEGCvOZk8eyd5hRpadh,IMG_3452.HEIC,primary,CORPORATION/2024 Tax Info/Sold Houses/315 Haultain Avenue ,_Library/Photos/IMG_3452.HEIC,https://drive.google.com/file/d/1loxnCbxMEMeC1mEGCvOZk8eyd5hRpadh/view?usp=drivesdk
1bSiX5S5023LLOTuj8jszklivIbFw3qIA,IMG_3455.HEIC,primary,CORPORATION/2024 Tax Info/Sold Houses/315 Haultain Avenue ,_Library/Photos/IMG_3455.HEIC,https://drive.google.com/file/d/1bSiX5S5023LLOTuj8jszklivIbFw3qIA/view?usp=drivesdk
11vlVqIeIy_fuYXemiuaAU5yTUAv4LwCg,IMG_8380.HEIC,primary,CORPORATION/2024 Tax Info/Sold Houses/315 Haultain Avenue ,_Library/Photos/IMG_8380.HEIC,https://drive.google.com/file/d/11vlVqIeIy_fuYXemiuaAU5yTUAv4LwCg/view?usp=drivesdk
1Nvz3Gd8ZGdRqbhTS3GUYmnpggU6cV3eB,IMG_8389.HEIC,primary,CORPORATION/2024 Tax Info/Sold Houses/315 Haultain Avenue ,_Library/Photos/IMG_8389.HEIC,https://drive.google.com/file/d/1Nvz3Gd8ZGdRqbhTS3GUYmnpggU6cV3eB/view?usp=drivesdk
10sMYPNT2rrIiOeJSajrW-y1BaIgvVmgt,IMG_3451.HEIC,primary,CORPORATION/2024 Tax Info/Sold Houses/315 Haultain Avenue ,_Library/Photos/IMG_3451.HEIC,https://drive.google.com/file/d/10sMYPNT2rrIiOeJSajrW-y1BaIgvVmgt/view?usp=drivesdk
1fgtoM3rhr0jAJPpy3swJA0jtB6HNvNWl,IMG_8393.HEIC,primary,CORPORATION/2024 Tax Info/Sold Houses/315 Haultain Avenue ,_Library/Photos/IMG_8393.HEIC,https://drive.google.com/file/d/1fgtoM3rhr0jAJPpy3swJA0jtB6HNvNWl/view?usp=drivesdk
1Jln2SveemBF7CO795tsgoDJSArhPX9Dj,IMG_3447.HEIC,primary,CORPORATION/2024 Tax Info/Sold Houses/315 Haultain Avenue ,_Library/Photos/IMG_3447.HEIC,https://drive.google.com/file/d/1Jln2SveemBF7CO795tsgoDJSArhPX9Dj/view?usp=drivesdk
1vEkQbgXo8sc4KK-TdSceQtjKYcEytvnn,IMG_8391.HEIC,primary,CORPORATION/2024 Tax Info/Sold Houses/315 Haultain Avenue ,_Library/Photos/IMG_8391.HEIC,https://drive.google.com/file/d/1vEkQbgXo8sc4KK-TdSceQtjKYcEytvnn/view?usp=drivesdk
1_jUYQqx97185UXy95H13-t7kM1en_ijy,IMG_3448.HEIC,primary,CORPORATION/2024 Tax Info/Sold Houses/315 Haultain Avenue ,_Library/Photos/IMG_3448.HEIC,https://drive.google.com/file/d/1_jUYQqx97185UXy95H13-t7kM1en_ijy/view?usp=drivesdk
1o2O9S3VJFWgWi_ajL4ri0rCunXE-qYxp,IMG_3450.HEIC,primary,CORPORATION/2024 Tax Info/Sold Houses/315 Haultain Avenue ,_Library/Photos/IMG_3450.HEIC,https://drive.google.com/file/d/1o2O9S3VJFWgWi_ajL4ri0rCunXE-qYxp/view?usp=drivesdk
1inwSiIkb_3-dH69CUuCqxpBlbXByAMap,IMG_3449.HEIC,primary,CORPORATION/2024 Tax Info/Sold Houses/315 Haultain Avenue ,_Library/Photos/IMG_3449.HEIC,https://drive.google.com/file/d/1inwSiIkb_3-dH69CUuCqxpBlbXByAMap/view?usp=drivesdk
1tdNWHITcLBVNr_5ruUSNc6nyE4OFiYFB,IMG_8394.HEIC,primary,CORPORATION/2024 Tax Info/Sold Houses/315 Haultain Avenue ,_Library/Photos/IMG_8394.HEIC,https://drive.google.com/file/d/1tdNWHITcLBVNr_5ruUSNc6nyE4OFiYFB/view?usp=drivesdk
12YCkQ0OJMUK62tpcFU-idhB6qT7xdZBowqjvsy4cTL0,Hotel Questions ,primary,Wholesale ,_NeedsReview/Hotel Questions ,https://docs.google.com/document/d/12YCkQ0OJMUK62tpcFU-idhB6qT7xdZBowqjvsy4cTL0/edit?usp=drivesdk&ouid=112966636072631084810
1aoryYba9aOuL5k5Nn2gmB1fHBhi8f6Ho,Purchase Contract.pdf,primary,Blank Purchase Contracts ,_Library/Contracts/Purchase Contract.pdf,https://drive.google.com/file/d/1aoryYba9aOuL5k5Nn2gmB1fHBhi8f6Ho/view?usp=drivesdk
1vp1brmaGWFaz51CaUqUzHEhsCtAllcTT,IMG_8132.HEIC,primary,CORPORATION/2024 Tax Info/Sold Houses/Bonnie Doon 8810 88 Ave,8810 88/Photos/IMG_8132.HEIC,https://drive.google.com/file/d/1vp1brmaGWFaz51CaUqUzHEhsCtAllcTT/view?usp=drivesdk
1d1iUstl35j-957NE_N6U8nbMc5pARx_a,IMG_8133.HEIC,primary,CORPORATION/2024 Tax Info/Sold Houses/Bonnie Doon 8810 88 Ave,8810 88/Photos/IMG_8133.HEIC,https://drive.google.com/file/d/1d1iUstl35j-957NE_N6U8nbMc5pARx_a/view?usp=drivesdk
1baVUCZosnb3mt5eCd75K034mRR0fHWBc,IMG_8144.HEIC,primary,CORPORATION/2024 Tax Info/Sold Houses/Bonnie Doon 8810 88 Ave,8810 88/Photos/IMG_8144.HEIC,https://drive.google.com/file/d/1baVUCZosnb3mt5eCd75K034mRR0fHWBc/view?usp=drivesdk
1Xt_ZSPOeRKkGhmswjp_8e-C9Cb73ywiP,IMG_8146.HEIC,primary,CORPORATION/2024 Tax Info/Sold Houses/Bonnie Doon 8810 88 Ave,8810 88/Photos/IMG_8146.HEIC,https://drive.google.com/file/d/1Xt_ZSPOeRKkGhmswjp_8e-C9Cb73ywiP/view?usp=drivesdk
1CVNEzDWZDzpX4CUZ6orPIMGsB-uacx4S,IMG_8135.HEIC,primary,CORPORATION/2024 Tax Info/Sold Houses/Bonnie Doon 8810 88 Ave,8810 88/Photos/IMG_8135.HEIC,https://drive.google.com/file/d/1CVNEzDWZDzpX4CUZ6orPIMGsB-uacx4S/view?usp=drivesdk
1W40njdbTT2N9tGvBuO3ljvv3sWPIC-nD,IMG_8130.HEIC,primary,CORPORATION/2024 Tax Info/Sold Houses/Bonnie Doon 8810 88 Ave,8810 88/Photos/IMG_8130.HEIC,https://drive.google.com/file/d/1W40njdbTT2N9tGvBuO3ljvv3sWPIC-nD/view?usp=drivesdk
1hAiVVwtB4PoxCsT4TD07rstIfSK9FYqZ,IMG_8154.HEIC,primary,CORPORATION/2024 Tax Info/Sold Houses/Bonnie Doon 8810 88 Ave,8810 88/Photos/IMG_8154.HEIC,https://drive.google.com/file/d/1hAiVVwtB4PoxCsT4TD07rstIfSK9FYqZ/view?usp=drivesdk
138fthG9SHYQarhNz2i27oJJtZTTY8Kr9,IMG_8134.HEIC,primary,CORPORATION/2024 Tax Info/Sold Houses/Bonnie Doon 8810 88 Ave,8810 88/Photos/IMG_8134.HEIC,https://drive.google.com/file/d/138fthG9SHYQarhNz2i27oJJtZTTY8Kr9/view?usp=drivesdk
1f3ZkItVaFxv8V5Da9WXGam5iLDVLlX9W,IMG_8151.HEIC,primary,CORPORATION/2024 Tax Info/Sold Houses/Bonnie Doon 8810 88 Ave,8810 88/Photos/IMG_8151.HEIC,https://drive.google.com/file/d/1f3ZkItVaFxv8V5Da9WXGam5iLDVLlX9W/view?usp=drivesdk
1CETO91Ck6jzZI3dFVMt7f2H_TB_rbV3n,IMG_8153.HEIC,primary,CORPORATION/2024 Tax Info/Sold Houses/Bonnie Doon 8810 88 Ave,8810 88/Photos/IMG_8153.HEIC,https://drive.google.com/file/d/1CETO91Ck6jzZI3dFVMt7f2H_TB_rbV3n/view?usp=drivesdk
1sNuCK7Mk0lOxur3btLEmFZqdhAcewMpd,IMG_8140.HEIC,primary,CORPORATION/2024 Tax Info/Sold Houses/Bonnie Doon 8810 88 Ave,8810 88/Photos/IMG_8140.HEIC,https://drive.google.com/file/d/1sNuCK7Mk0lOxur3btLEmFZqdhAcewMpd/view?usp=drivesdk
1CYk7IwpZ-AsdJFn5B4ydF8yNg13jHBV3,IMG_8139.HEIC,primary,CORPORATION/2024 Tax Info/Sold Houses/Bonnie Doon 8810 88 Ave,8810 88/Photos/IMG_8139.HEIC,https://drive.google.com/file/d/1CYk7IwpZ-AsdJFn5B4ydF8yNg13jHBV3/view?usp=drivesdk
1n9pCYcd9uMr9uzhiP3jMp9sLOOaZ0K-L,IMG_8142.HEIC,primary,CORPORATION/2024 Tax Info/Sold Houses/Bonnie Doon 8810 88 Ave,8810 88/Photos/IMG_8142.HEIC,https://drive.google.com/file/d/1n9pCYcd9uMr9uzhiP3jMp9sLOOaZ0K-L/view?usp=drivesdk
12Bl_55SZW_nzao9qU4mJ0TOHKY9f7UuY,IMG_8141.HEIC,primary,CORPORATION/2024 Tax Info/Sold Houses/Bonnie Doon 8810 88 Ave,8810 88/Photos/IMG_8141.HEIC,https://drive.google.com/file/d/12Bl_55SZW_nzao9qU4mJ0TOHKY9f7UuY/view?usp=drivesdk
1l5tEeT7NIcbqQKMK5m_D8pI78rgQkORg,IMG_8147.HEIC,primary,CORPORATION/2024 Tax Info/Sold Houses/Bonnie Doon 8810 88 Ave,8810 88/Photos/IMG_8147.HEIC,https://drive.google.com/file/d/1l5tEeT7NIcbqQKMK5m_D8pI78rgQkORg/view?usp=drivesdk
1m5Bl-nDvFi_jvwDEJQ5BVMBBy_RUdxS-,IMG_8148.HEIC,primary,CORPORATION/2024 Tax Info/Sold Houses/Bonnie Doon 8810 88 Ave,8810 88/Photos/IMG_8148.HEIC,https://drive.google.com/file/d/1m5Bl-nDvFi_jvwDEJQ5BVMBBy_RUdxS-/view?usp=drivesdk
1LZY5WotTxyvgh5hiep5JY0Ew7GFuWVfB,IMG_8167.HEIC,primary,CORPORATION/2024 Tax Info/Sold Houses/Bonnie Doon 8810 88 Ave,8810 88/Photos/IMG_8167.HEIC,https://drive.google.com/file/d/1LZY5WotTxyvgh5hiep5JY0Ew7GFuWVfB/view?usp=drivesdk
1rTO-bSJIRpmnDle-gU_hYMg1dmXpXZax,IMG_8137.HEIC,primary,CORPORATION/2024 Tax Info/Sold Houses/Bonnie Doon 8810 88 Ave,8810 88/Photos/IMG_8137.HEIC,https://drive.google.com/file/d/1rTO-bSJIRpmnDle-gU_hYMg1dmXpXZax/view?usp=drivesdk
14bNqtYSxbghM7DNekQbwMzNTrpFi3J5w,IMG_8138.HEIC,primary,CORPORATION/2024 Tax Info/Sold Houses/Bonnie Doon 8810 88 Ave,8810 88/Photos/IMG_8138.HEIC,https://drive.google.com/file/d/14bNqtYSxbghM7DNekQbwMzNTrpFi3J5w/view?usp=drivesdk
1hTpZSqWpWMdhe51mPUNqfcFod2CtFs2s,IMG_8159.HEIC,primary,CORPORATION/2024 Tax Info/Sold Houses/Bonnie Doon 8810 88 Ave,8810 88/Photos/IMG_8159.HEIC,https://drive.google.com/file/d/1hTpZSqWpWMdhe51mPUNqfcFod2CtFs2s/view?usp=drivesdk
1FRWXc-3zk7d9i41cSQKDkLwJavhJgHQk,IMG_8160.HEIC,primary,CORPORATION/2024 Tax Info/Sold Houses/Bonnie Doon 8810 88 Ave,8810 88/Photos/IMG_8160.HEIC,https://drive.google.com/file/d/1FRWXc-3zk7d9i41cSQKDkLwJavhJgHQk/view?usp=drivesdk
15kmg_RXfWBPOkLAcoGPadpX33HoV4kDo,IMG_8152.HEIC,primary,CORPORATION/2024 Tax Info/Sold Houses/Bonnie Doon 8810 88 Ave,8810 88/Photos/IMG_8152.HEIC,https://drive.google.com/file/d/15kmg_RXfWBPOkLAcoGPadpX33HoV4kDo/view?usp=drivesdk
18apd3l7HIq8DGIK2jvzVt4dSA0iTU_Cq,IMG_8162.HEIC,primary,CORPORATION/2024 Tax Info/Sold Houses/Bonnie Doon 8810 88 Ave,8810 88/Photos/IMG_8162.HEIC,https://drive.google.com/file/d/18apd3l7HIq8DGIK2jvzVt4dSA0iTU_Cq/view?usp=drivesdk
1MovwqyDyEXfZ-D9JAG86DZ3g9KG-SPUJ,IMG_8158.HEIC,primary,CORPORATION/2024 Tax Info/Sold Houses/Bonnie Doon 8810 88 Ave,8810 88/Photos/IMG_8158.HEIC,https://drive.google.com/file/d/1MovwqyDyEXfZ-D9JAG86DZ3g9KG-SPUJ/view?usp=drivesdk
1VKXwNH2EkClFLc6HwCVFVEh3ryWpLAVI,IMG_8143.HEIC,primary,CORPORATION/2024 Tax Info/Sold Houses/Bonnie Doon 8810 88 Ave,8810 88/Photos/IMG_8143.HEIC,https://drive.google.com/file/d/1VKXwNH2EkClFLc6HwCVFVEh3ryWpLAVI/view?usp=drivesdk
1Q8KGU1aXs_yuZ-tbkSHhO7cTlWkxSGuG,IMG_8161.HEIC,primary,CORPORATION/2024 Tax Info/Sold Houses/Bonnie Doon 8810 88 Ave,8810 88/Photos/IMG_8161.HEIC,https://drive.google.com/file/d/1Q8KGU1aXs_yuZ-tbkSHhO7cTlWkxSGuG/view?usp=drivesdk
1Xp8P7l6Wat5VOmuUi34icJG48IHRLN8R,IMG_8131.HEIC,primary,CORPORATION/2024 Tax Info/Sold Houses/Bonnie Doon 8810 88 Ave,8810 88/Photos/IMG_8131.HEIC,https://drive.google.com/file/d/1Xp8P7l6Wat5VOmuUi34icJG48IHRLN8R/view?usp=drivesdk
1FNdmUBAsC-_zDKI_Kvyw_bzMaOvxyJhC,IMG_8166.HEIC,primary,CORPORATION/2024 Tax Info/Sold Houses/Bonnie Doon 8810 88 Ave,8810 88/Photos/IMG_8166.HEIC,https://drive.google.com/file/d/1FNdmUBAsC-_zDKI_Kvyw_bzMaOvxyJhC/view?usp=drivesdk
1sd-9hWPAOMoM8_s69i9drnA7n2bbaXEq,IMG_8156.HEIC,primary,CORPORATION/2024 Tax Info/Sold Houses/Bonnie Doon 8810 88 Ave,8810 88/Photos/IMG_8156.HEIC,https://drive.google.com/file/d/1sd-9hWPAOMoM8_s69i9drnA7n2bbaXEq/view?usp=drivesdk
1Z334w2VNIZ81prAurPL4WxUxQmWD6Els,IMG_8157.HEIC,primary,CORPORATION/2024 Tax Info/Sold Houses/Bonnie Doon 8810 88 Ave,8810 88/Photos/IMG_8157.HEIC,https://drive.google.com/file/d/1Z334w2VNIZ81prAurPL4WxUxQmWD6Els/view?usp=drivesdk
1zlXsRHm8so1LX08wdveL7A0YEGfQeCgr,IMG_8265.HEIC,primary,CORPORATION/2024 Tax Info/10651 80 Ave/10651 80 Ave Photos,10651 80/Photos/IMG_8265.HEIC,https://drive.google.com/file/d/1zlXsRHm8so1LX08wdveL7A0YEGfQeCgr/view?usp=drivesdk
1iFkf700EOOCfiamMLVkvYc1EFyQzxPHX,IMG_8267.HEIC,primary,CORPORATION/2024 Tax Info/10651 80 Ave/10651 80 Ave Photos,10651 80/Photos/IMG_8267.HEIC,https://drive.google.com/file/d/1iFkf700EOOCfiamMLVkvYc1EFyQzxPHX/view?usp=drivesdk
1tLqZz4A82ZPiEdJSI-Y8OjF8g8Un2-vS,IMG_8259.HEIC,primary,CORPORATION/2024 Tax Info/10651 80 Ave/10651 80 Ave Photos,10651 80/Photos/IMG_8259.HEIC,https://drive.google.com/file/d/1tLqZz4A82ZPiEdJSI-Y8OjF8g8Un2-vS/view?usp=drivesdk
1RpPzkGGqGRsyP2rixk7etBkFjqu0Y_Xw,IMG_8271.HEIC,primary,CORPORATION/2024 Tax Info/10651 80 Ave/10651 80 Ave Photos,10651 80/Photos/IMG_8271.HEIC,https://drive.google.com/file/d/1RpPzkGGqGRsyP2rixk7etBkFjqu0Y_Xw/view?usp=drivesdk
13c_izgFUMAHmTgiANzgDsH-6dcVO_-Zi,IMG_8268.HEIC,primary,CORPORATION/2024 Tax Info/10651 80 Ave/10651 80 Ave Photos,10651 80/Photos/IMG_8268.HEIC,https://drive.google.com/file/d/13c_izgFUMAHmTgiANzgDsH-6dcVO_-Zi/view?usp=drivesdk
1srWfRXaBHWdJpDjuLagrUxoABCm5o77m,IMG_8263.HEIC,primary,CORPORATION/2024 Tax Info/10651 80 Ave/10651 80 Ave Photos,10651 80/Photos/IMG_8263.HEIC,https://drive.google.com/file/d/1srWfRXaBHWdJpDjuLagrUxoABCm5o77m/view?usp=drivesdk
1iAJoSIb3Bp20lp4ybJQKtN3XCD1Z315G,IMG_8269.HEIC,primary,CORPORATION/2024 Tax Info/10651 80 Ave/10651 80 Ave Photos,10651 80/Photos/IMG_8269.HEIC,https://drive.google.com/file/d/1iAJoSIb3Bp20lp4ybJQKtN3XCD1Z315G/view?usp=drivesdk
1rYchBFfzDrwlV-yxam1bSUsywRw1StAd,IMG_8272.HEIC,primary,CORPORATION/2024 Tax Info/10651 80 Ave/10651 80 Ave Photos,10651 80/Photos/IMG_8272.HEIC,https://drive.google.com/file/d/1rYchBFfzDrwlV-yxam1bSUsywRw1StAd/view?usp=drivesdk
1jJxntk9fIuTZZ6hJP_gGYx3dP2_3qprR,IMG_8258.HEIC,primary,CORPORATION/2024 Tax Info/10651 80 Ave/10651 80 Ave Photos,10651 80/Photos/IMG_8258.HEIC,https://drive.google.com/file/d/1jJxntk9fIuTZZ6hJP_gGYx3dP2_3qprR/view?usp=drivesdk
1-mVYFKkXszljNcBnKZlARdjg_aevt2QW,IMG_8257.HEIC,primary,CORPORATION/2024 Tax Info/10651 80 Ave/10651 80 Ave Photos,10651 80/Photos/IMG_8257.HEIC,https://drive.google.com/file/d/1-mVYFKkXszljNcBnKZlARdjg_aevt2QW/view?usp=drivesdk
1XMTSxMRghG1N-l1a9CL14mma4JQJrenR,ZTD-Voicemail-Script.pdf,primary,CORPORATION/MAX- Sheets,_NeedsReview/ZTD-Voicemail-Script.pdf,https://drive.google.com/file/d/1XMTSxMRghG1N-l1a9CL14mma4JQJrenR/view?usp=drivesdk
1afTwUtPpLYAGllaobGAN4MNrEsBdLWOI,ZTD-Past-Client-Script.pdf,primary,CORPORATION/MAX- Sheets,_NeedsReview/ZTD-Past-Client-Script.pdf,https://drive.google.com/file/d/1afTwUtPpLYAGllaobGAN4MNrEsBdLWOI/view?usp=drivesdk
1QqMExUO7TgjtG_5pz7k4pSti0b1RpJ_l,ZTD-Internet-Lead-Script.pdf,primary,CORPORATION/MAX- Sheets,_NeedsReview/ZTD-Internet-Lead-Script.pdf,https://drive.google.com/file/d/1QqMExUO7TgjtG_5pz7k4pSti0b1RpJ_l/view?usp=drivesdk
1JqZYz7_pdSuse5s9kTSO4NBYP88xPYD2,ZTD-FSBO-Script.pdf,primary,CORPORATION/MAX- Sheets,_NeedsReview/ZTD-FSBO-Script.pdf,https://drive.google.com/file/d/1JqZYz7_pdSuse5s9kTSO4NBYP88xPYD2/view?usp=drivesdk
1oIoZHuIuvdiOcHBoy6RdY_A9x5S1nJNG,ZTD-Expired-Script.pdf,primary,CORPORATION/MAX- Sheets,_NeedsReview/ZTD-Expired-Script.pdf,https://drive.google.com/file/d/1oIoZHuIuvdiOcHBoy6RdY_A9x5S1nJNG/view?usp=drivesdk
1SiY_ttMWCrrxW_BRbX_8qRZ6CcG65C1j,ZTD-Ask-for-Referrals-Script.pdf,primary,CORPORATION/MAX- Sheets,_NeedsReview/ZTD-Ask-for-Referrals-Script.pdf,https://drive.google.com/file/d/1SiY_ttMWCrrxW_BRbX_8qRZ6CcG65C1j/view?usp=drivesdk
1hl_O_c5scDxYSv2oGXrp-JMH5nIIM_aD,ZTD circle prospecting & geo farm script.pdf,primary,CORPORATION/MAX- Sheets,_NeedsReview/ZTD circle prospecting & geo farm script.pdf,https://drive.google.com/file/d/1hl_O_c5scDxYSv2oGXrp-JMH5nIIM_aD/view?usp=drivesdk
12tdR8OPCnPqedCrHtW6AxyOo8lCnCjco,Yes masters scripts.pdf,primary,CORPORATION/MAX- Sheets,_NeedsReview/Yes masters scripts.pdf,https://drive.google.com/file/d/12tdR8OPCnPqedCrHtW6AxyOo8lCnCjco/view?usp=drivesdk
1KXb5zmFiec0E1VRV-2Ca3BRYnlxvrx3p,Yes masters listing presentation script.pdf,primary,CORPORATION/MAX- Sheets,_Library/Marketing & OM/Yes masters listing presentation script.pdf,https://drive.google.com/file/d/1KXb5zmFiec0E1VRV-2Ca3BRYnlxvrx3p/view?usp=drivesdk
1O0ad5ZBCVDLybgtm4AWy-R7vzwriDbRE,The-Reality-of-Prospecting.pdf,primary,CORPORATION/MAX- Sheets,_NeedsReview/The-Reality-of-Prospecting.pdf,https://drive.google.com/file/d/1O0ad5ZBCVDLybgtm4AWy-R7vzwriDbRE/view?usp=drivesdk
1X5gbXhPPGpqxIQwDWKqQnsB7-veIBrb8,Message about prospecting.pdf,primary,CORPORATION/MAX- Sheets,_NeedsReview/Message about prospecting.pdf,https://drive.google.com/file/d/1X5gbXhPPGpqxIQwDWKqQnsB7-veIBrb8/view?usp=drivesdk
1WxHR3Qy2EEWbOySg8KHb92rQfHZTlpfh,Agent Business Plan.pdf.pdf,primary,CORPORATION/MAX- Sheets,_Library/Plans & Permits/Agent Business Plan.pdf.pdf,https://drive.google.com/file/d/1WxHR3Qy2EEWbOySg8KHb92rQfHZTlpfh/view?usp=drivesdk
1VwhPedImhbqKWEB33fPSNr1k2q0UlGEF,Yes masters scripts.pdf,duplicate,Wholesale /Scripts: Cold Calls,_Duplicates/Unknown/Yes masters scripts.pdf,https://drive.google.com/file/d/1VwhPedImhbqKWEB33fPSNr1k2q0UlGEF/view?usp=drivesdk
1VG6MgWzygYf9ttv6-VksW_hxf0IHFs_E,Commercial Purchase Contract-BRAD.pdf,primary,Blank Purchase Contracts /Purchase Contracts- Filled out ,_Library/Contracts/Commercial Purchase Contract-BRAD.pdf,https://drive.google.com/file/d/1VG6MgWzygYf9ttv6-VksW_hxf0IHFs_E/view?usp=drivesdk
1tE1-bIjHMb7lrexH1Yb1EA67axoWMbB8,Commercial Purchase Contract 24020633.pdf,primary,Blank Purchase Contracts /Purchase Contracts- Filled out ,_Library/Contracts/Commercial Purchase Contract 24020633.pdf,https://drive.google.com/file/d/1tE1-bIjHMb7lrexH1Yb1EA67axoWMbB8/view?usp=drivesdk
1BCJrsDrOBpgZ-WBX7OtWXMYL051t_fzf,Commercial Purchase Contract #24020641.pdf,primary,Blank Purchase Contracts /Purchase Contracts- Filled out ,_Library/Contracts/Commercial Purchase Contract #24020641.pdf,https://drive.google.com/file/d/1BCJrsDrOBpgZ-WBX7OtWXMYL051t_fzf/view?usp=drivesdk
12X3oXTQUM9MSN3tLdhNgoQok5TJp7Lxt,Residential-Purchase-Contract #240206.pdf,primary,Blank Purchase Contracts /Purchase Contracts- Filled out ,_Library/Contracts/Residential-Purchase-Contract #240206.pdf,https://drive.google.com/file/d/12X3oXTQUM9MSN3tLdhNgoQok5TJp7Lxt/view?usp=drivesdk
1TziPapRWMYk4_8HrlBRaBP5PEmNpkPaJ,Residential-Purchase-Contract #240205.pdf,primary,Blank Purchase Contracts /Purchase Contracts- Filled out ,_Library/Contracts/Residential-Purchase-Contract #240205.pdf,https://drive.google.com/file/d/1TziPapRWMYk4_8HrlBRaBP5PEmNpkPaJ/view?usp=drivesdk
1JyRnBCiDUW9DZ16SVoZ7LOhfAcCS1LwB,Residential-Purchase-Contract (1).pdf,primary,Blank Purchase Contracts /Purchase Contracts- Filled out ,_Library/Contracts/Residential-Purchase-Contract (1).pdf,https://drive.google.com/file/d/1JyRnBCiDUW9DZ16SVoZ7LOhfAcCS1LwB/view?usp=drivesdk
1W4cXzztdO751m5hQ-13G5x3BM2E0UKBieTlNCSisASg,Offers Template- Parkdale,primary,Blank Purchase Contracts /Seller Financing Offers ,_NeedsReview/Offers Template- Parkdale,https://docs.google.com/document/d/1W4cXzztdO751m5hQ-13G5x3BM2E0UKBieTlNCSisASg/edit?usp=drivesdk&ouid=112966636072631084810
1sOG3MiWHMTutGqoxBRlIh_NImMn68fqf5aXE3DoNHp8,Expired Listings Sheet - Sunni - Nathan,primary,(root),_NeedsReview/Expired Listings Sheet - Sunni - Nathan,https://docs.google.com/spreadsheets/d/1sOG3MiWHMTutGqoxBRlIh_NImMn68fqf5aXE3DoNHp8/edit?usp=drivesdk&ouid=112966636072631084810
1tcy9pmAC3PCLDKlmst2LduAVb6PrVE6K,Commercial Purchase Contract #2284.pdf,primary,Blank Purchase Contracts /Purchase Contracts- Filled out ,_Library/Contracts/Commercial Purchase Contract #2284.pdf,https://drive.google.com/file/d/1tcy9pmAC3PCLDKlmst2LduAVb6PrVE6K/view?usp=drivesdk
1QLfAYH-NrqNSGEpf_8an8tIHdhbP9qBM,Commercial Purchase Contract.pdf,primary,Blank Purchase Contracts ,_Library/Contracts/Commercial Purchase Contract.pdf,https://drive.google.com/file/d/1QLfAYH-NrqNSGEpf_8an8tIHdhbP9qBM/view?usp=drivesdk
1KEui6xIuWW74EWFSem9nZgUlUsGu-Qtv0hWi6fcRI2k,SF Offer-RENOS,primary,Blank Purchase Contracts /Seller Financing Offers ,_NeedsReview/SF Offer-RENOS,https://docs.google.com/document/d/1KEui6xIuWW74EWFSem9nZgUlUsGu-Qtv0hWi6fcRI2k/edit?usp=drivesdk&ouid=112966636072631084810
13fxPa494HHK5ExI32_mVHlEiy6_HMjuf,49607021_0PEW2_527.zip,primary,NEW Properties /Titles Pulled ,_NeedsReview/49607021_0PEW2_527.zip,https://drive.google.com/file/d/13fxPa494HHK5ExI32_mVHlEiy6_HMjuf/view?usp=drivesdk
1xFd7quWwkADkZiLcmR2JGtazU9UWRJXW,192138744004_49607021_0_0.pdf,duplicate,NEW Properties /Titles Pulled ,_Duplicates/Unknown/192138744004_49607021_0_0.pdf,https://drive.google.com/file/d/1xFd7quWwkADkZiLcmR2JGtazU9UWRJXW/view?usp=drivesdk
1t8DRflf-F8p3s0y12D41tHackOqir7wl,192138744004_49607021_0_0.pdf,duplicate,NEW Properties /Titles Pulled ,_Duplicates/Unknown/192138744004_49607021_0_0.pdf,https://drive.google.com/file/d/1t8DRflf-F8p3s0y12D41tHackOqir7wl/view?usp=drivesdk
1bf-Sq49Wp_iaps_3Za26qRdIIEfQoUtm,192138744004_49607021_0_0.pdf,duplicate,NEW Properties /Titles Pulled ,_Duplicates/Unknown/192138744004_49607021_0_0.pdf,https://drive.google.com/file/d/1bf-Sq49Wp_iaps_3Za26qRdIIEfQoUtm/view?usp=drivesdk
1QyYzKADj3Pa86pr7_B6lRHLwOLcocm6x,49605321_01KU2_19.zip,primary,NEW Properties /Titles Pulled ,_NeedsReview/49605321_01KU2_19.zip,https://drive.google.com/file/d/1QyYzKADj3Pa86pr7_B6lRHLwOLcocm6x/view?usp=drivesdk
18PtCGqzU8rvyw8O6r6er6ROGvQZqa9z0,142064110001_49605321_0_0.pdf,duplicate,NEW Properties /Titles Pulled ,_Duplicates/Unknown/142064110001_49605321_0_0.pdf,https://drive.google.com/file/d/18PtCGqzU8rvyw8O6r6er6ROGvQZqa9z0/view?usp=drivesdk
1yFALfPfVf2oUn4bwZ0EROvji635w3jzx,142064110001_49605321_0_0.pdf,duplicate,NEW Properties /Titles Pulled ,_Duplicates/Unknown/142064110001_49605321_0_0.pdf,https://drive.google.com/file/d/1yFALfPfVf2oUn4bwZ0EROvji635w3jzx/view?usp=drivesdk
1SOFz2MO2DUClzsO9YofGb2p6l3Au7nbw,142064110001_49605321_0_0.pdf,duplicate,NEW Properties /Titles Pulled ,_Duplicates/Unknown/142064110001_49605321_0_0.pdf,https://drive.google.com/file/d/1SOFz2MO2DUClzsO9YofGb2p6l3Au7nbw/view?usp=drivesdk
1gxP3YlQvFrDGyZLCOOT0mVbIfXutTo3Z2RgOvdoXBJM,Offers Template ,primary,Blank Purchase Contracts /Seller Financing Offers ,_NeedsReview/Offers Template ,https://docs.google.com/document/d/1gxP3YlQvFrDGyZLCOOT0mVbIfXutTo3Z2RgOvdoXBJM/edit?usp=drivesdk&ouid=112966636072631084810
1g3GszfhGRgB6byDd71ssTRpg5QSMJC9f,Final-Option-to-Purchase-Contract2-1.pdf,primary,John Downloads,_Library/Contracts/Final-Option-to-Purchase-Contract2-1.pdf,https://drive.google.com/file/d/1g3GszfhGRgB6byDd71ssTRpg5QSMJC9f/view?usp=drivesdk
14ZEcey0HrW8yRbendMqF2_UNi2zCK2hL,Referral-agreements-and-options-when-to-use-and-examples-1.pdf,primary,John Downloads,_NeedsReview/Referral-agreements-and-options-when-to-use-and-examples-1.pdf,https://drive.google.com/file/d/14ZEcey0HrW8yRbendMqF2_UNi2zCK2hL/view?usp=drivesdk
1xZNkpAJOsZpyor59ITE3HL7Kqz0OXf8I,Referral-of-buyer-or-seller-TO-a-realtor-Blank-1.pdf,primary,John Downloads,_NeedsReview/Referral-of-buyer-or-seller-TO-a-realtor-Blank-1.pdf,https://drive.google.com/file/d/1xZNkpAJOsZpyor59ITE3HL7Kqz0OXf8I/view?usp=drivesdk
1883BQ0EQ8W2PMnrJhsFy_G6E2QGDujFu,Referral-of-buyer-to-seller-Blank-1.pdf,primary,John Downloads,_NeedsReview/Referral-of-buyer-to-seller-Blank-1.pdf,https://drive.google.com/file/d/1883BQ0EQ8W2PMnrJhsFy_G6E2QGDujFu/view?usp=drivesdk
131ZwE1QHjvOWDRXZKcAB0QsM_ox6X2n-,Learning-Your-Language-Habits-Patterns-and-Thought-Templates-1.pdf,primary,John Downloads,_NeedsReview/Learning-Your-Language-Habits-Patterns-and-Thought-Templates-1.pdf,https://drive.google.com/file/d/131ZwE1QHjvOWDRXZKcAB0QsM_ox6X2n-/view?usp=drivesdk
1qxoVeTwW3JZoOGQt3bybFbZoFkhHQQRU,Art-of-Conversation-Negotiations-and-High-Quality-Questions-Tips-and-Tricks-3.pdf,primary,John Downloads,_NeedsReview/Art-of-Conversation-Negotiations-and-High-Quality-Questions-Tips-and-Tricks-3.pdf,https://drive.google.com/file/d/1qxoVeTwW3JZoOGQt3bybFbZoFkhHQQRU/view?usp=drivesdk
1ij8qWVI-UYFdYSjUmXnkWCdO7kVPPYYzXT-8fzsA8WQ,Real Estate Agents- Sunni ,primary,(root),_NeedsReview/Real Estate Agents- Sunni ,https://docs.google.com/spreadsheets/d/1ij8qWVI-UYFdYSjUmXnkWCdO7kVPPYYzXT-8fzsA8WQ/edit?usp=drivesdk&ouid=112966636072631084810
1xb__p1q6tlEyWTLegVlnTwd0XZJetp9i,wealthcasa-centreville-homes-brochure_compressed.pdf,primary,Development Info-----Go to rize,_NeedsReview/wealthcasa-centreville-homes-brochure_compressed.pdf,https://drive.google.com/file/d/1xb__p1q6tlEyWTLegVlnTwd0XZJetp9i/view?usp=drivesdk
1lciCZr9CKJFNea96wOqC4MrV54sSWpJa,WealthCasa-Pitch-Deck-Final-1.pdf,primary,Development Info-----Go to rize,_NeedsReview/WealthCasa-Pitch-Deck-Final-1.pdf,https://drive.google.com/file/d/1lciCZr9CKJFNea96wOqC4MrV54sSWpJa/view?usp=drivesdk
17B93VJw6qylyzm8W9-CJJxe093-b6a6CjQ9lijXblYc,Serious Buyers $,primary,(root),_NeedsReview/Serious Buyers $,https://docs.google.com/spreadsheets/d/17B93VJw6qylyzm8W9-CJJxe093-b6a6CjQ9lijXblYc/edit?usp=drivesdk&ouid=112966636072631084810
1Cqh-aaMKripkRjOJAIdr2mgADhN_wru7,DONE-What-Exit-Strategy-can-you-use-to-make-it-the-best-quality-deal-for-all-parties-1-1.pdf,primary,John Downloads,_Library/Financials/DONE-What-Exit-Strategy-can-you-use-to-make-it-the-best-quality-deal-for-all-parties-1-1.pdf,https://drive.google.com/file/d/1Cqh-aaMKripkRjOJAIdr2mgADhN_wru7/view?usp=drivesdk
17x-b83oP4Yd-pPFzeVEYL8LPzXNFnUmV,How-to-do-a-low-money-down-AFS-VTB-fully-financed-purchase.pdf,primary,John Downloads,_Library/Contracts/How-to-do-a-low-money-down-AFS-VTB-fully-financed-purchase.pdf,https://drive.google.com/file/d/17x-b83oP4Yd-pPFzeVEYL8LPzXNFnUmV/view?usp=drivesdk
1mhizsb0jyUycm8jJphZtflyGehgx6mDp,Redacted-MLS-Sold-sheet-with-pics-and-description-of-house.pdf,primary,John Downloads,_Library/Marketing & OM/Redacted-MLS-Sold-sheet-with-pics-and-description-of-house.pdf,https://drive.google.com/file/d/1mhizsb0jyUycm8jJphZtflyGehgx6mDp/view?usp=drivesdk
12iB6f6ncktHBlMt_3-0SLoOtn6PO_mSF,Redacted-Lease.pdf,primary,John Downloads,_NeedsReview/Redacted-Lease.pdf,https://drive.google.com/file/d/12iB6f6ncktHBlMt_3-0SLoOtn6PO_mSF/view?usp=drivesdk
1lDrU3eIOSh8YHU2TkYm3Xy2cENRU-xCM,Redacted-Sale-agreement-between-RTO-Buyer-and-I-1.pdf,primary,John Downloads,_Library/Contracts/Redacted-Sale-agreement-between-RTO-Buyer-and-I-1.pdf,https://drive.google.com/file/d/1lDrU3eIOSh8YHU2TkYm3Xy2cENRU-xCM/view?usp=drivesdk
1vTSed3_7Zi4MbhaNDi8us4AqAit5eLgX,Covenant-to-Restore-Title-For-sellers-benefit-in-VTB-Mortgage.pdf,primary,John Downloads,_NeedsReview/Covenant-to-Restore-Title-For-sellers-benefit-in-VTB-Mortgage.pdf,https://drive.google.com/file/d/1vTSed3_7Zi4MbhaNDi8us4AqAit5eLgX/view?usp=drivesdk
13IDRln_t5XV66MeQYNA5YoWo1oBPVsZL,Tenant-Application-Form-Blank-1.pdf,primary,John Downloads,_NeedsReview/Tenant-Application-Form-Blank-1.pdf,https://drive.google.com/file/d/13IDRln_t5XV66MeQYNA5YoWo1oBPVsZL/view?usp=drivesdk
1HJ1eVjd5pH02hJCOW7bTXrK8jjjPx0Yk,New-RTO-Client-Questionnaire.pdf,primary,John Downloads,_NeedsReview/New-RTO-Client-Questionnaire.pdf,https://drive.google.com/file/d/1HJ1eVjd5pH02hJCOW7bTXrK8jjjPx0Yk/view?usp=drivesdk
1s0W3MbnXP_Is-F5bLtF3hkAGKrKwREwO,Move-In-Out-Inspection-1.pdf,primary,John Downloads,_NeedsReview/Move-In-Out-Inspection-1.pdf,https://drive.google.com/file/d/1s0W3MbnXP_Is-F5bLtF3hkAGKrKwREwO/view?usp=drivesdk
1t25hnkCYHmO0NNiSqwgCEK9-NT_rmB7N,BLANK-RESIDENTIAL-TENANCY-LEASE-AGREEMENT-general-generic-1.pdf,primary,John Downloads,_Library/Contracts/BLANK-RESIDENTIAL-TENANCY-LEASE-AGREEMENT-general-generic-1.pdf,https://drive.google.com/file/d/1t25hnkCYHmO0NNiSqwgCEK9-NT_rmB7N/view?usp=drivesdk
1kDhnH9WPf-rloMEI7f6V_oPECUtUYuU_,Tenant-Application-Form-Blank (2).pdf,primary,John Downloads,_NeedsReview/Tenant-Application-Form-Blank (2).pdf,https://drive.google.com/file/d/1kDhnH9WPf-rloMEI7f6V_oPECUtUYuU_/view?usp=drivesdk
1MJnLFwzoBMVYhsRJcTSc2WJ7BRtvgXtO,Notice-of-entry-for-tenants.pdf,primary,John Downloads,_NeedsReview/Notice-of-entry-for-tenants.pdf,https://drive.google.com/file/d/1MJnLFwzoBMVYhsRJcTSc2WJ7BRtvgXtO/view?usp=drivesdk
16gNcqPTSaTWBdeJ324sVcRfOQW4IetIh,BLANK-RESIDENTIAL-TENANCY-LEASE-AGREEMENT-general-generic (1).pdf,primary,John Downloads,_Library/Contracts/BLANK-RESIDENTIAL-TENANCY-LEASE-AGREEMENT-general-generic (1).pdf,https://drive.google.com/file/d/16gNcqPTSaTWBdeJ324sVcRfOQW4IetIh/view?usp=drivesdk
1lANh0o9hf9lLZVR1cd7wpFHk9I-zI2FL,Schedule A.pdf,primary,John Downloads,_Library/Contracts/Schedule A.pdf,https://drive.google.com/file/d/1lANh0o9hf9lLZVR1cd7wpFHk9I-zI2FL/view?usp=drivesdk
1Fb-RI119gV8aXwKBCptC7AMjnEtHoGLB,1.A-Final-ADDENDUM-with-assignment-clause-pre-written-1.pdf,primary,John Downloads,_Library/Contracts/1.A-Final-ADDENDUM-with-assignment-clause-pre-written-1.pdf,https://drive.google.com/file/d/1Fb-RI119gV8aXwKBCptC7AMjnEtHoGLB/view?usp=drivesdk
1380_-T4vqbylcklieo7sBqKu13eta5Yi,1.A-Final-ADDENDUM-with-AFS-Clauses-pre-written-Copy-1.pdf,primary,John Downloads,_Library/Contracts/1.A-Final-ADDENDUM-with-AFS-Clauses-pre-written-Copy-1.pdf,https://drive.google.com/file/d/1380_-T4vqbylcklieo7sBqKu13eta5Yi/view?usp=drivesdk
1HANvp_9maLeYi0TC9oeijwRjY9P9ANSc,DONE-Different-techniques-AFS-VTB-RTO-1.pdf,duplicate,John Downloads,_Duplicates/Unknown/DONE-Different-techniques-AFS-VTB-RTO-1.pdf,https://drive.google.com/file/d/1HANvp_9maLeYi0TC9oeijwRjY9P9ANSc/view?usp=drivesdk
1D3JvdmioVGtDhATgi_fAtUlQQVm1raP7,DONE-Definitions-and-Explanations-of-Seller-Financing-Terms-1.pdf,duplicate,John Downloads,_Duplicates/Unknown/DONE-Definitions-and-Explanations-of-Seller-Financing-Terms-1.pdf,https://drive.google.com/file/d/1D3JvdmioVGtDhATgi_fAtUlQQVm1raP7/view?usp=drivesdk
1BLsVp6a-LK8eKAqFNMVrmcEtIWE4TtTkyyq8H1GdSEo,"""Thank you, I appreciate you",primary,(root),"_NeedsReview/""Thank you, I appreciate you",https://docs.google.com/document/d/1BLsVp6a-LK8eKAqFNMVrmcEtIWE4TtTkyyq8H1GdSEo/edit?usp=drivesdk&ouid=112966636072631084810
16XwNwqKE2H8HFJxi-XD-wctn1s07PTvf,Screenshot 2024-01-22 215449.png,primary,CORPORATION/Marketing ,_Library/Photos/Screenshot 2024-01-22 215449.png,https://drive.google.com/file/d/16XwNwqKE2H8HFJxi-XD-wctn1s07PTvf/view?usp=drivesdk
1iknzgEFmIgMBGu7wRTnOlJuDv2aHlENm,John Downloads,primary,Blank Purchase Contracts /Purchase Contracts- Filled out ,_NeedsReview/John Downloads,https://drive.google.com/file/d/1iknzgEFmIgMBGu7wRTnOlJuDv2aHlENm/view?usp=drivesdk
1UDJuuhkKPmK5YVxUhK6fzDAJnHpqbxs5,CFF_FindingOffersThatMakeYouMoney.pdf,primary,John Downloads,_NeedsReview/CFF_FindingOffersThatMakeYouMoney.pdf,https://drive.google.com/file/d/1UDJuuhkKPmK5YVxUhK6fzDAJnHpqbxs5/view?usp=drivesdk
1xUD77ZrG2vATv0w7Vs0eip2AMMJXiXNE,AFS Full -11804 - 45 st - Sale to 2170666 Alberta Ltd..pdf,primary,Blank Purchase Contracts /Seller Financing Offers ,_NeedsReview/AFS Full -11804 - 45 st - Sale to 2170666 Alberta Ltd..pdf,https://drive.google.com/file/d/1xUD77ZrG2vATv0w7Vs0eip2AMMJXiXNE/view?usp=drivesdk
1zX97ZTO541JyOSBt0ISzp7IhFgFLGNHk,CFF_PurchaseContract-AgreementForSale-ScheduleA.pdf,primary,John Downloads,_Library/Contracts/CFF_PurchaseContract-AgreementForSale-ScheduleA.pdf,https://drive.google.com/file/d/1zX97ZTO541JyOSBt0ISzp7IhFgFLGNHk/view?usp=drivesdk
1WyJthnbedYx4sLc77QRDcOyfcRKkhqnn,CFF_ADDENDUM-A-AssignmentClause.pdf,primary,John Downloads,_NeedsReview/CFF_ADDENDUM-A-AssignmentClause.pdf,https://drive.google.com/file/d/1WyJthnbedYx4sLc77QRDcOyfcRKkhqnn/view?usp=drivesdk
129zc3sjLLriOfSd_eUAr2ZsJUmJAp5BY,CFF_EXAMPLE-FilledOutPurchaseContract.pdf,primary,John Downloads,_NeedsReview/CFF_EXAMPLE-FilledOutPurchaseContract.pdf,https://drive.google.com/file/d/129zc3sjLLriOfSd_eUAr2ZsJUmJAp5BY/view?usp=drivesdk
10p9Jsj9VJ-8Mdl9ZfFgUwggtvsOsel1I,CFF_HowTo-FilingOutTheContract.pdf,primary,John Downloads,_NeedsReview/CFF_HowTo-FilingOutTheContract.pdf,https://drive.google.com/file/d/10p9Jsj9VJ-8Mdl9ZfFgUwggtvsOsel1I/view?usp=drivesdk
1h7QMCc3rb7iKCJ-MzaXj8lsRXnRhrBcg,CFF_Residential-Purchase-Contract.pdf,primary,John Downloads,_Library/Contracts/CFF_Residential-Purchase-Contract.pdf,https://drive.google.com/file/d/1h7QMCc3rb7iKCJ-MzaXj8lsRXnRhrBcg/view?usp=drivesdk
1Ua0NK_rlqQ_KJ1sYvOVb1HY-EdDK2M2w,CFF-HowToMakeAnOffer-LimitedRiskandLiability.pdf,primary,John Downloads,_NeedsReview/CFF-HowToMakeAnOffer-LimitedRiskandLiability.pdf,https://drive.google.com/file/d/1Ua0NK_rlqQ_KJ1sYvOVb1HY-EdDK2M2w/view?usp=drivesdk
1QWDEIJYAf6yjg2HHCwc62ZXnseMv8IAR,CFF_SellersScript-MotivatedCASHSellers.pdf,primary,John Downloads,_NeedsReview/CFF_SellersScript-MotivatedCASHSellers.pdf,https://drive.google.com/file/d/1QWDEIJYAf6yjg2HHCwc62ZXnseMv8IAR/view?usp=drivesdk
1E-OY1Ruqac2Cw8ZQDKvMIGvwhRf1eFZn,CFF_RentToOwnProgram-SellerFinancingLeads.pdf,primary,John Downloads,_NeedsReview/CFF_RentToOwnProgram-SellerFinancingLeads.pdf,https://drive.google.com/file/d/1E-OY1Ruqac2Cw8ZQDKvMIGvwhRf1eFZn/view?usp=drivesdk
1jrtUL1uDF2zTIXf2-UZpzM1tvzYnzWFb,CFF_OtherCreativeWays-DealFlow.pdf,primary,John Downloads,_NeedsReview/CFF_OtherCreativeWays-DealFlow.pdf,https://drive.google.com/file/d/1jrtUL1uDF2zTIXf2-UZpzM1tvzYnzWFb/view?usp=drivesdk
1GfAQYVU_UYzfAQ7DggdFHZfo9ehS5BO1,CFF_LaidBackLandlordProgram-SellerFinancingLeads.pdf,primary,John Downloads,_NeedsReview/CFF_LaidBackLandlordProgram-SellerFinancingLeads.pdf,https://drive.google.com/file/d/1GfAQYVU_UYzfAQ7DggdFHZfo9ehS5BO1/view?usp=drivesdk
1VbA2iIm2nLjQmpjK8e2FUu5FQEHPhndP,CFF_CallingForRentAds-LookingForSellers.pdf,primary,John Downloads,_NeedsReview/CFF_CallingForRentAds-LookingForSellers.pdf,https://drive.google.com/file/d/1VbA2iIm2nLjQmpjK8e2FUu5FQEHPhndP/view?usp=drivesdk
1sSuxwMoV6YuojmBaBq1OriGHAF5ngLTT,CreativeFinancingFormula_Cash-Buyers-Script.pdf,primary,John Downloads,_NeedsReview/CreativeFinancingFormula_Cash-Buyers-Script.pdf,https://drive.google.com/file/d/1sSuxwMoV6YuojmBaBq1OriGHAF5ngLTT/view?usp=drivesdk
1tQEDPIi8MAGGeXXSYaM1mk8ka2iLTxCs,CFF-NetworkingScript-AfterAnEvent.pdf,primary,John Downloads,_NeedsReview/CFF-NetworkingScript-AfterAnEvent.pdf,https://drive.google.com/file/d/1tQEDPIi8MAGGeXXSYaM1mk8ka2iLTxCs/view?usp=drivesdk
1u4OcY4gekP6kC77Ux4EWIoE-aZG0ELdF,CFF_FindingBuyersandInvestorsOutsideYourNetwork.pdf,primary,John Downloads,_NeedsReview/CFF_FindingBuyersandInvestorsOutsideYourNetwork.pdf,https://drive.google.com/file/d/1u4OcY4gekP6kC77Ux4EWIoE-aZG0ELdF/view?usp=drivesdk
1QdtlhysyPAnfCV_aGUD3mGhcMfLayhkk,CreativeFinancingFormula_HowToBuildYourNetworkFast (1).pdf,primary,John Downloads,_NeedsReview/CreativeFinancingFormula_HowToBuildYourNetworkFast (1).pdf,https://drive.google.com/file/d/1QdtlhysyPAnfCV_aGUD3mGhcMfLayhkk/view?usp=drivesdk
1pR4yy6J_rvch-e8dLfzLczzCwwTpV5zh,CreativeFinancingFormula_AorBOfferTemplate (1).pdf,primary,John Downloads,_NeedsReview/CreativeFinancingFormula_AorBOfferTemplate (1).pdf,https://drive.google.com/file/d/1pR4yy6J_rvch-e8dLfzLczzCwwTpV5zh/view?usp=drivesdk
1rBCBgIOuNTzY6f-0Zbq2Zex0DyFy43kT,Home Owners New Jersey.xlsx,primary,LEADS////SPREADSHEETS!,_NeedsReview/Home Owners New Jersey.xlsx,https://drive.google.com/file/d/1rBCBgIOuNTzY6f-0Zbq2Zex0DyFy43kT/view?usp=drivesdk
1wEHIdne8ps_GZnAHs2Vrshhp_GXgRQtQ,Home Owners New Jersey.xlsx,duplicate,,_Duplicates/Unknown/Home Owners New Jersey.xlsx,https://drive.google.com/file/d/1wEHIdne8ps_GZnAHs2Vrshhp_GXgRQtQ/view?usp=drivesdk
1FwQgPCOh75vqiL1wwbonUisTfluJPJYX,Tenant-Application-Form-Blank (1).pdf,primary,,_NeedsReview/Tenant-Application-Form-Blank (1).pdf,https://drive.google.com/file/d/1FwQgPCOh75vqiL1wwbonUisTfluJPJYX/view?usp=drivesdk
19Lu-uRPC7TT7t0dlQ6ljQZ7UiJT7CdPy,Solomon Buyer's List (1).xlsx,primary,LEADS////SPREADSHEETS!,Solomon/_NeedsReview/Solomon Buyer's List (1).xlsx,https://drive.google.com/file/d/19Lu-uRPC7TT7t0dlQ6ljQZ7UiJT7CdPy/view?usp=drivesdk
1EGgKgtGwNO2dHplsWDIrMxaOgCg4gV8y,MyContacts_export_sunni@solisrealestate.ca_2023-11-18-20-24-39_raw.csv,primary,,_NeedsReview/MyContacts_export_sunni@solisrealestate.ca_2023-11-18-20-24-39_raw.csv,https://drive.google.com/file/d/1EGgKgtGwNO2dHplsWDIrMxaOgCg4gV8y/view?usp=drivesdk
1HMkyxWhJiRlt8e6MRI4LR8ajisGHj7Fh,Terra Losa House Sale Documents.pdf,primary,CORPORATION/2024 Tax Info,_NeedsReview/Terra Losa House Sale Documents.pdf,https://drive.google.com/file/d/1HMkyxWhJiRlt8e6MRI4LR8ajisGHj7Fh/view?usp=drivesdk
1GaYGlpNY_dcC7eEmJz_JV4Cufy6-zlqn,SKM_4050231108191500.pdf,primary,CORPORATION/2024 Tax Info,_NeedsReview/SKM_4050231108191500.pdf,https://drive.google.com/file/d/1GaYGlpNY_dcC7eEmJz_JV4Cufy6-zlqn/view?usp=drivesdk
1sydEfFW5NiMnKl4sYTUdP-v5dIYg_3eB,SKM_4050231030163300.pdf,primary,CORPORATION/2024 Tax Info,_NeedsReview/SKM_4050231030163300.pdf,https://drive.google.com/file/d/1sydEfFW5NiMnKl4sYTUdP-v5dIYg_3eB/view?usp=drivesdk
1_CNdEn8Ba5DEsTQOSU8RhZ3qEJpYRYLV,Alberta Real Estate- Logo.png,primary,CORPORATION/Marketing ,_Library/Photos/Alberta Real Estate- Logo.png,https://drive.google.com/file/d/1_CNdEn8Ba5DEsTQOSU8RhZ3qEJpYRYLV/view?usp=drivesdk
1pzmP11U2Q9far7xLBbdS-SuIEqpTUret,Residential Purchase Contract- 231023.pdf,primary,Blank Purchase Contracts /Purchase Contracts- Filled out ,_Library/Contracts/Residential Purchase Contract- 231023.pdf,https://drive.google.com/file/d/1pzmP11U2Q9far7xLBbdS-SuIEqpTUret/view?usp=drivesdk
1S-KEfAG1CEIQ3mp1L-pdlzB4xJZGjXQF,JVA-Full-Version-with-Schedule-B.pdf,duplicate,CORPORATION/2024 Tax Info/Sold Houses/Viking ,_Duplicates/Unknown/JVA-Full-Version-with-Schedule-B.pdf,https://drive.google.com/file/d/1S-KEfAG1CEIQ3mp1L-pdlzB4xJZGjXQF/view?usp=drivesdk
1fUkf0rpuKQUdLTR07l6iTneGev9NXziy,JVA-Full-Version-with-Schedule-B.pdf,duplicate,Blank Purchase Contracts ,_Duplicates/Unknown/JVA-Full-Version-with-Schedule-B.pdf,https://drive.google.com/file/d/1fUkf0rpuKQUdLTR07l6iTneGev9NXziy/view?usp=drivesdk
1ohcE6QieUHIlVD04ePYTOb6SZ4B3u-90,Loan Agreement.pdf,primary,Blank Purchase Contracts /Seller Financing Offers ,_Library/Contracts/Loan Agreement.pdf,https://drive.google.com/file/d/1ohcE6QieUHIlVD04ePYTOb6SZ4B3u-90/view?usp=drivesdk
1kygCMe0g9-3KC3mjyG-CWH0dJEkWzUL2,Loan Agreement.pdf,duplicate,CORPORATION/2024 Tax Info/Sold Houses/Viking ,_Duplicates/Unknown/Loan Agreement.pdf,https://drive.google.com/file/d/1kygCMe0g9-3KC3mjyG-CWH0dJEkWzUL2/view?usp=drivesdk
1oJ8QHwnVZHOFu8QF6mzL01YWEuPiN34T,Disclosure Statment.pdf,primary,Blank Purchase Contracts /Seller Financing Offers ,_NeedsReview/Disclosure Statment.pdf,https://drive.google.com/file/d/1oJ8QHwnVZHOFu8QF6mzL01YWEuPiN34T/view?usp=drivesdk
10zFiAsu0PpVDJU0lgXfzmziqqzi4MxpX,Disclosure Statment.pdf,duplicate,CORPORATION/2024 Tax Info/Sold Houses/Viking ,_Duplicates/Unknown/Disclosure Statment.pdf,https://drive.google.com/file/d/10zFiAsu0PpVDJU0lgXfzmziqqzi4MxpX/view?usp=drivesdk
17vOjjDD8zE9kfR_lXMpnpINRoiFMOsC_,Viking Residential Purchase Contract.pdf,primary,CORPORATION/2024 Tax Info/Sold Houses/Viking ,_Library/Contracts/Viking Residential Purchase Contract.pdf,https://drive.google.com/file/d/17vOjjDD8zE9kfR_lXMpnpINRoiFMOsC_/view?usp=drivesdk
1t6oqHsmeA8UyZXPMpUxcaxMXf5boXfnD,Viking Residential Purchase Contract.pdf,duplicate,Blank Purchase Contracts /Purchase Contracts- Filled out ,_Duplicates/Unknown/Viking Residential Purchase Contract.pdf,https://drive.google.com/file/d/1t6oqHsmeA8UyZXPMpUxcaxMXf5boXfnD/view?usp=drivesdk
1D0twlVJp5Uh4V0og-1ObcZx1u-LzVRDI,Offer for Viking.pdf,primary,Blank Purchase Contracts /Seller Financing Offers ,_NeedsReview/Offer for Viking.pdf,https://drive.google.com/file/d/1D0twlVJp5Uh4V0og-1ObcZx1u-LzVRDI/view?usp=drivesdk
1Ej4hCj-krcX2qZpsmk1seQSPRpROjxq7,Offer for Viking.pdf,duplicate,CORPORATION/2024 Tax Info/Sold Houses/Viking ,_Duplicates/Unknown/Offer for Viking.pdf,https://drive.google.com/file/d/1Ej4hCj-krcX2qZpsmk1seQSPRpROjxq7/view?usp=drivesdk
1gNhw444MDli7xOpVySmw-g3U07TJEgNG,Residential Purchase Contract - Paradise Valley 2715.pdf,primary,Blank Purchase Contracts /Purchase Contracts- Filled out ,_Library/Contracts/Residential Purchase Contract - Paradise Valley 2715.pdf,https://drive.google.com/file/d/1gNhw444MDli7xOpVySmw-g3U07TJEgNG/view?usp=drivesdk
1afIdaXG4JuD5H4EvHkDqajHXKqCboPOS,Financing schedule A- Blank.pdf,primary,Blank Purchase Contracts ,_Library/Contracts/Financing schedule A- Blank.pdf,https://drive.google.com/file/d/1afIdaXG4JuD5H4EvHkDqajHXKqCboPOS/view?usp=drivesdk
1wfZiUmipR9mxeWWb6mu44ZckjLZ0czNd,ADDENDUM A- 1438.pdf,primary,Blank Purchase Contracts ,_Library/Contracts/ADDENDUM A- 1438.pdf,https://drive.google.com/file/d/1wfZiUmipR9mxeWWb6mu44ZckjLZ0czNd/view?usp=drivesdk
1aqrw4IKxdfBr99yL2AGynRUqrgJd8QQy,ADDENDUM A- BLANK.pdf,primary,Blank Purchase Contracts /Purchase Contracts- Filled out ,_Library/Contracts/ADDENDUM A- BLANK.pdf,https://drive.google.com/file/d/1aqrw4IKxdfBr99yL2AGynRUqrgJd8QQy/view?usp=drivesdk
1EmST2MGuYL9JsZcNXxkN8g9TMNMqd7JS,Residential Purchase Contract- 1438.pdf,primary,Blank Purchase Contracts /Purchase Contracts- Filled out ,_Library/Contracts/Residential Purchase Contract- 1438.pdf,https://drive.google.com/file/d/1EmST2MGuYL9JsZcNXxkN8g9TMNMqd7JS/view?usp=drivesdk
11tP1ODdlRSe3Umh1__joibmAq3q5Toit,Screenshot 2023-10-09 175524.png,primary,CORPORATION/Marketing ,_Library/Photos/Screenshot 2023-10-09 175524.png,https://drive.google.com/file/d/11tP1ODdlRSe3Umh1__joibmAq3q5Toit/view?usp=drivesdk
1PhBqO8-YJZXkrDs910okSPjIytkUhXYgXlCUM440jXs,Sculpted Naturally Consent Form  (Responses),primary,(root),_NeedsReview/Sculpted Naturally Consent Form  (Responses),https://docs.google.com/spreadsheets/d/1PhBqO8-YJZXkrDs910okSPjIytkUhXYgXlCUM440jXs/edit?usp=drivesdk&ouid=112966636072631084810
1s-VYlvXY4mvYjqmWgxXotXehfutR0Wpfw3XhEqWKGN0,Phone call follow up script…,primary,(root),_NeedsReview/Phone call follow up script…,https://docs.google.com/document/d/1s-VYlvXY4mvYjqmWgxXotXehfutR0Wpfw3XhEqWKGN0/edit?usp=drivesdk&ouid=112966636072631084810
1iW0mD67UKJw8398EcEsnrvLSn7lyibow,Screenshot_20230204_120003.png,primary,CORPORATION/Marketing ,_Library/Photos/Screenshot_20230204_120003.png,https://drive.google.com/file/d/1iW0mD67UKJw8398EcEsnrvLSn7lyibow/view?usp=drivesdk
1KIuU33kpgJfchDYcJQ8D-Bb-11z13P7I,Passport Photos_page-0002.jpg,primary,CORPORATION/Marketing ,_Library/Photos/Passport Photos_page-0002.jpg,https://drive.google.com/file/d/1KIuU33kpgJfchDYcJQ8D-Bb-11z13P7I/view?usp=drivesdk
1iGLXmu6Y0IMHp-pqrIhBpsZnMFVg__Zx,CD1 - 2 - Introduction to Focus 10.flac,primary,Wave I - Discovery,_NeedsReview/CD1 - 2 - Introduction to Focus 10.flac,https://drive.google.com/file/d/1iGLXmu6Y0IMHp-pqrIhBpsZnMFVg__Zx/view?usp=drivesdk
17ykbduEHLPoaqACA9wtDO5LhIaFv0W1l,CD1 - 1 - Orientation.flac,primary,Wave I - Discovery,_NeedsReview/CD1 - 1 - Orientation.flac,https://drive.google.com/file/d/17ykbduEHLPoaqACA9wtDO5LhIaFv0W1l/view?usp=drivesdk
1SBcz1MIINI0b6T63_n9jgBgSZGRodaa7,Co-Star_ Nova Scotia (After 2014).xlsx,primary,LEADS////SPREADSHEETS!/Co star Data - CA,_NeedsReview/Co-Star_ Nova Scotia (After 2014).xlsx,https://drive.google.com/file/d/1SBcz1MIINI0b6T63_n9jgBgSZGRodaa7/view?usp=drivesdk
1irqR1YqP-mYswQQcw0Db9VR7WmduJXMr,Co-Star_ Manitoba (After 2014).xlsx,primary,LEADS////SPREADSHEETS!/Co star Data - CA,_NeedsReview/Co-Star_ Manitoba (After 2014).xlsx,https://drive.google.com/file/d/1irqR1YqP-mYswQQcw0Db9VR7WmduJXMr/view?usp=drivesdk
1D-Dtzpk0m1BjT_Ga7Flqxc2iTescjtHz,Co-Star_ Alberta (After 2014).xlsx,primary,LEADS////SPREADSHEETS!/Co star Data - CA,_NeedsReview/Co-Star_ Alberta (After 2014).xlsx,https://drive.google.com/file/d/1D-Dtzpk0m1BjT_Ga7Flqxc2iTescjtHz/view?usp=drivesdk
11_0Iz8vQN1KVOXbcSihIPN2yLbNa6_Z3,Co-Star_ Prince Edward Island (After 2014).xlsx,primary,LEADS////SPREADSHEETS!/Co star Data - CA,_NeedsReview/Co-Star_ Prince Edward Island (After 2014).xlsx,https://drive.google.com/file/d/11_0Iz8vQN1KVOXbcSihIPN2yLbNa6_Z3/view?usp=drivesdk
10xYuijqmO7spj4H1bNNl47Jx6Bk1508o,Co-Star_ BC (After 2014).xlsx,primary,LEADS////SPREADSHEETS!/Co star Data - CA,_NeedsReview/Co-Star_ BC (After 2014).xlsx,https://drive.google.com/file/d/10xYuijqmO7spj4H1bNNl47Jx6Bk1508o/view?usp=drivesdk
1-_QBog6GWBYRsiHvtPrGhtT28kkQOp1M,LINKEDIN- Co-Star_ Alberta (After 2014).xlsx,primary,LEADS////SPREADSHEETS!/Co star Data - CA,_NeedsReview/LINKEDIN- Co-Star_ Alberta (After 2014).xlsx,https://drive.google.com/file/d/1-_QBog6GWBYRsiHvtPrGhtT28kkQOp1M/view?usp=drivesdk
1wGFjlNujxgeHVXm0I5_aJjHXS6JtGsOk,Co-Star_ Newfound Land (After 2014).xlsx,primary,LEADS////SPREADSHEETS!/Co star Data - CA,_NeedsReview/Co-Star_ Newfound Land (After 2014).xlsx,https://drive.google.com/file/d/1wGFjlNujxgeHVXm0I5_aJjHXS6JtGsOk/view?usp=drivesdk
1h0egDqOMtFjkwQtq-gh1Dl1nqZbMkjJe,Co-Star_ Vancouver (After 2014).xlsx,primary,LEADS////SPREADSHEETS!/Co star Data - CA,_NeedsReview/Co-Star_ Vancouver (After 2014).xlsx,https://drive.google.com/file/d/1h0egDqOMtFjkwQtq-gh1Dl1nqZbMkjJe/view?usp=drivesdk
1-ugIWbocMfFdQTyqogaGQNd65n5ewy01,Co-Star_ New Brunswick (After 2014).xlsx,primary,LEADS////SPREADSHEETS!/Co star Data - CA,_NeedsReview/Co-Star_ New Brunswick (After 2014).xlsx,https://drive.google.com/file/d/1-ugIWbocMfFdQTyqogaGQNd65n5ewy01/view?usp=drivesdk
1KmeDi0fjSDnYhcv3J5g5ggfQbT905YWb,Co-Star_ Ontario (After 2014).xlsx,primary,LEADS////SPREADSHEETS!/Co star Data - CA,_NeedsReview/Co-Star_ Ontario (After 2014).xlsx,https://drive.google.com/file/d/1KmeDi0fjSDnYhcv3J5g5ggfQbT905YWb/view?usp=drivesdk
1FabdJEVPldCkyXe_p-YQalFi0ErOz2BL,Co-Star_ Saskatchewan(After 2014).xlsx,primary,LEADS////SPREADSHEETS!/Co star Data - CA,_NeedsReview/Co-Star_ Saskatchewan(After 2014).xlsx,https://drive.google.com/file/d/1FabdJEVPldCkyXe_p-YQalFi0ErOz2BL/view?usp=drivesdk
1mearvBf39bVNQNHkd0eHmk15Bo1wp3EL,Co-Star_ Quebec (After 2014).xlsx,primary,LEADS////SPREADSHEETS!/Co star Data - CA,_NeedsReview/Co-Star_ Quebec (After 2014).xlsx,https://drive.google.com/file/d/1mearvBf39bVNQNHkd0eHmk15Bo1wp3EL/view?usp=drivesdk
