current_path,status,project,subfolder,proposed_target,size_bytes,mtime
/Users/sunniyaremchuk/Finders Fee.docx,unique,,Financials,/Users/sunniyaremchuk/RealEstate_Organized/_Library/Financials/Finders Fee.docx,21458,1768843121
/Users/sunniyaremchuk/GST_Rebate_Agreement 9121 152 ST.pdf,primary,9121 152,,/Users/sunniyaremchuk/RealEstate_Organized/9121 152/_NeedsReview/GST_Rebate_Agreement 9121 152 ST.pdf,2816,1768877193
/Users/sunniyaremchuk/Purchase Contract (Jasper Park Purchase).pdf,unique,Jasper Park,Contracts,/Users/sunniyaremchuk/RealEstate_Organized/Jasper Park/Contracts/Purchase Contract (Jasper Park Purchase).pdf,608510,1773940684
/Users/sunniyaremchuk/edmonton_properties_enriched_batch8_redone.xlsx,unique,,,/Users/sunniyaremchuk/RealEstate_Organized/_NeedsReview/edmonton_properties_enriched_batch8_redone.xlsx,7653,1767836094
/Users/sunniyaremchuk/Marketing Brief_ The Foundation Immersion 2026.docx,unique,,Marketing & OM,/Users/sunniyaremchuk/RealEstate_Organized/_Library/Marketing & OM/Marketing Brief_ The Foundation Immersion 2026.docx,11626,1771445685
/Users/sunniyaremchuk/Personal Net Worth Statement_HSFC_2025.pdf,unique,,,/Users/sunniyaremchuk/RealEstate_Organized/_NeedsReview/Personal Net Worth Statement_HSFC_2025.pdf,384389,1767904745
/Users/sunniyaremchuk/B&H_Partnership_Agreement.pdf,unique,,,/Users/sunniyaremchuk/RealEstate_Organized/_NeedsReview/B&H_Partnership_Agreement.pdf,2185,1770851285
/Users/sunniyaremchuk/Allendale_QS_cost_log_FINAL_with_BTY.xlsx,unique,Allendale,,/Users/sunniyaremchuk/RealEstate_Organized/Allendale/_NeedsReview/Allendale_QS_cost_log_FINAL_with_BTY.xlsx,15008,1764831553
/Users/sunniyaremchuk/2026 Derelict list .numbers,unique,,,/Users/sunniyaremchuk/RealEstate_Organized/_NeedsReview/2026 Derelict list .numbers,317729,1768528936
/Users/sunniyaremchuk/Builder Agreement Jasper Park .pdf,unique,Jasper Park,Contracts,/Users/sunniyaremchuk/RealEstate_Organized/Jasper Park/Contracts/Builder Agreement Jasper Park .pdf,204244,1773432927
/Users/sunniyaremchuk/Labrie Transit Oriented Development Investment Brief (1).pdf,duplicate,,(_Duplicates),/Users/sunniyaremchuk/RealEstate_Organized/_Duplicates/Unknown/Labrie Transit Oriented Development Investment Brief (1).pdf,677541,1771530906
/Users/sunniyaremchuk/6408_wasted_costs_tracker (1).xlsx,primary,,,/Users/sunniyaremchuk/RealEstate_Organized/_NeedsReview/6408_wasted_costs_tracker (1).xlsx,8017,1768498538
/Users/sunniyaremchuk/metro_vancouver_commercial_agents_350PLUS.csv,unique,,,/Users/sunniyaremchuk/RealEstate_Organized/_NeedsReview/metro_vancouver_commercial_agents_350PLUS.csv,56055,1767828149
/Users/sunniyaremchuk/10612 - 127 STREET NW - Schedule_B - Sepcifications (2) (1).pdf,primary,10612 127 Street,Contracts,/Users/sunniyaremchuk/RealEstate_Organized/10612 127 Street/Contracts/10612 - 127 STREET NW - Schedule_B - Sepcifications (2) (1).pdf,545271,1768675403
/Users/sunniyaremchuk/NDA- Emanation Investments.pdf,unique,,Contracts,/Users/sunniyaremchuk/RealEstate_Organized/_Library/Contracts/NDA- Emanation Investments.pdf,455077,1770909997
/Users/sunniyaremchuk/edmonton_properties_enriched_batch5_verified.csv,unique,,,/Users/sunniyaremchuk/RealEstate_Organized/_NeedsReview/edmonton_properties_enriched_batch5_verified.csv,2879,1767830583
/Users/sunniyaremchuk/diversity-inclusion-framework-en (1).pdf,unique,,,/Users/sunniyaremchuk/RealEstate_Organized/_NeedsReview/diversity-inclusion-framework-en (1).pdf,3217832,1766541758
/Users/sunniyaremchuk/Lender Comparison.xlsx,unique,,,/Users/sunniyaremchuk/RealEstate_Organized/_NeedsReview/Lender Comparison.xlsx,35532,1769725472
/Users/sunniyaremchuk/Distressed_Property_Outreach.xlsx,unique,Distressed Property Outreach,,/Users/sunniyaremchuk/RealEstate_Organized/Distressed Property Outreach/_NeedsReview/Distressed_Property_Outreach.xlsx,5250,1768759653
/Users/sunniyaremchuk/24-48-Allendale 5-Plex- Arch IFBP 2025.06.11.pdf,unique,Allendale 5-Plex,,/Users/sunniyaremchuk/RealEstate_Organized/Allendale 5-Plex/_NeedsReview/24-48-Allendale 5-Plex- Arch IFBP 2025.06.11.pdf,15615221,1766948871
/Users/sunniyaremchuk/Back Driving license.jpg,unique,,Photos,/Users/sunniyaremchuk/RealEstate_Organized/_Library/Photos/Back Driving license.jpg,849878,1768679297
/Users/sunniyaremchuk/brave_screenshot_mail.google.com.png,primary,,Photos,/Users/sunniyaremchuk/RealEstate_Organized/_Library/Photos/brave_screenshot_mail.google.com.png,69493,1767737636
"/Users/sunniyaremchuk/Currumbin Alley, Gold Coast QLD_ Celebrate the joy….jpeg",unique,,Photos,"/Users/sunniyaremchuk/RealEstate_Organized/_Library/Photos/Currumbin Alley, Gold Coast QLD_ Celebrate the joy….jpeg",134278,1764304816
/Users/sunniyaremchuk/Purchase Contract- 10407 45 St.pdf,unique,10407 45,Contracts,/Users/sunniyaremchuk/RealEstate_Organized/10407 45/Contracts/Purchase Contract- 10407 45 St.pdf,434958,1768694965
/Users/sunniyaremchuk/Yeg_flip- Uploaded  - Sheet1.csv,unique,,,/Users/sunniyaremchuk/RealEstate_Organized/_NeedsReview/Yeg_flip- Uploaded  - Sheet1.csv,8753,1769654803
/Users/sunniyaremchuk/6408 106 Street Budget 5-Plex.xlsx,unique,6408 106,Financials,/Users/sunniyaremchuk/RealEstate_Organized/6408 106/Financials/6408 106 Street Budget 5-Plex.xlsx,5872,1767837229
/Users/sunniyaremchuk/10646 61 Inc. Investment Summary (1).xlsx,duplicate,10646 61,(_Duplicates),/Users/sunniyaremchuk/RealEstate_Organized/_Duplicates/10646 61/10646 61 Inc. Investment Summary (1).xlsx,4527054,1773257744
/Users/sunniyaremchuk/Schedule_C_Appliance_Schedule_Blank (1).pdf,primary,,,/Users/sunniyaremchuk/RealEstate_Organized/_NeedsReview/Schedule_C_Appliance_Schedule_Blank (1).pdf,2364,1768877202
/Users/sunniyaremchuk/10612 - 127 STREET NW- Schedule C (1).pdf,duplicate,10612 127 Street,(_Duplicates),/Users/sunniyaremchuk/RealEstate_Organized/_Duplicates/10612 127 Street/10612 - 127 STREET NW- Schedule C (1).pdf,785582,1768538392
/Users/sunniyaremchuk/First-Shareholder-Resolution.pdf,primary,,Investor Docs,/Users/sunniyaremchuk/RealEstate_Organized/_Library/Investor Docs/First-Shareholder-Resolution.pdf,36204,1767902226
/Users/sunniyaremchuk/Allendale_Merged_Equity_SoftCosts.xlsx,unique,Allendale,,/Users/sunniyaremchuk/RealEstate_Organized/Allendale/_NeedsReview/Allendale_Merged_Equity_SoftCosts.xlsx,5883,1773071321
/Users/sunniyaremchuk/BTY Proposal - 9121 152 Street - 8-Unit Multi-Plex - 2026.02.18.pdf,unique,9121 152,,/Users/sunniyaremchuk/RealEstate_Organized/9121 152/_NeedsReview/BTY Proposal - 9121 152 Street - 8-Unit Multi-Plex - 2026.02.18.pdf,1000347,1773065310
/Users/sunniyaremchuk/Purchase Contract.pdf,duplicate,,(_Duplicates),/Users/sunniyaremchuk/RealEstate_Organized/_Duplicates/Unknown/Purchase Contract.pdf,505387,1768693655
/Users/sunniyaremchuk/HS Engagement Letter - 6408 106 St. - Final - LI .pdf,unique,6408 106,,/Users/sunniyaremchuk/RealEstate_Organized/6408 106/_NeedsReview/HS Engagement Letter - 6408 106 St. - Final - LI .pdf,340592,1768239041
/Users/sunniyaremchuk/6408_106_St_Hard_Costs (1).xlsx,unique,6408 106,,/Users/sunniyaremchuk/RealEstate_Organized/6408 106/_NeedsReview/6408_106_St_Hard_Costs (1).xlsx,10415,1767818537
/Users/sunniyaremchuk/5U1A9137.jpg,unique,,Photos,/Users/sunniyaremchuk/RealEstate_Organized/_Library/Photos/5U1A9137.jpg,4065231,1767830235
/Users/sunniyaremchuk/Schedule_D_Project_Utility_Metering.pdf,unique,,,/Users/sunniyaremchuk/RealEstate_Organized/_NeedsReview/Schedule_D_Project_Utility_Metering.pdf,2263,1768675904
/Users/sunniyaremchuk/First-Director-Resolution.pdf,primary,,,/Users/sunniyaremchuk/RealEstate_Organized/_NeedsReview/First-Director-Resolution.pdf,86932,1767902255
/Users/sunniyaremchuk/5U1A9080.jpg,unique,,Photos,/Users/sunniyaremchuk/RealEstate_Organized/_Library/Photos/5U1A9080.jpg,3311089,1767830315
/Users/sunniyaremchuk/10612 - 127 STREET NW- Landridge Homes-Sales Contract (2).pdf,duplicate,10612 127 Street,(_Duplicates),/Users/sunniyaremchuk/RealEstate_Organized/_Duplicates/10612 127 Street/10612 - 127 STREET NW- Landridge Homes-Sales Contract (2).pdf,1022641,1768674378
/Users/sunniyaremchuk/B&H_Founders_Agreement.pdf,unique,,,/Users/sunniyaremchuk/RealEstate_Organized/_NeedsReview/B&H_Founders_Agreement.pdf,2452,1770851265
/Users/sunniyaremchuk/Invoice Finders Fee 10801 & 10805.pdf,unique,,Financials,/Users/sunniyaremchuk/RealEstate_Organized/_Library/Financials/Invoice Finders Fee 10801 & 10805.pdf,28310,1770228137
/Users/sunniyaremchuk/Allendale Investment_Summary.docx,duplicate,Allendale,(_Duplicates),/Users/sunniyaremchuk/RealEstate_Organized/_Duplicates/Allendale/Allendale Investment_Summary.docx,17082,1773778488
/Users/sunniyaremchuk/Schedule_G_Completion_Addendum_Q1_2027_DepositRelease (2).pdf,primary,,,/Users/sunniyaremchuk/RealEstate_Organized/_NeedsReview/Schedule_G_Completion_Addendum_Q1_2027_DepositRelease (2).pdf,5607,1768877275
/Users/sunniyaremchuk/75' Wide 3 Plex - 1298 SF - Second Floor.jpg,duplicate,,(_Duplicates),/Users/sunniyaremchuk/RealEstate_Organized/_Duplicates/Unknown/75' Wide 3 Plex - 1298 SF - Second Floor.jpg,627022,1767233906
/Users/sunniyaremchuk/B & H Partnership Agreement .pdf,unique,,Contracts,/Users/sunniyaremchuk/RealEstate_Organized/_Library/Contracts/B & H Partnership Agreement .pdf,125410,1770912617
/Users/sunniyaremchuk/5U1A9047.jpg,unique,,Photos,/Users/sunniyaremchuk/RealEstate_Organized/_Library/Photos/5U1A9047.jpg,5587093,1767830338
/Users/sunniyaremchuk/Property_Assessment_Data_(Current_Calendar_Year)_20260112.csv,unique,,,/Users/sunniyaremchuk/RealEstate_Organized/_NeedsReview/Property_Assessment_Data_(Current_Calendar_Year)_20260112.csv,68720,1768237873
/Users/sunniyaremchuk/10612 - 127 STREET NW- Landridge Homes-Sales Contract (3).pdf,primary,10612 127 Street,Contracts,/Users/sunniyaremchuk/RealEstate_Organized/10612 127 Street/Contracts/10612 - 127 STREET NW- Landridge Homes-Sales Contract (3).pdf,1022641,1769273016
/Users/sunniyaremchuk/106 Street Property - Peakhill & CMHC.pdf,unique,106 Street Property,Financials,/Users/sunniyaremchuk/RealEstate_Organized/106 Street Property/Financials/106 Street Property - Peakhill & CMHC.pdf,443432,1764812699
/Users/sunniyaremchuk/directory_harvester.zip,unique,,,/Users/sunniyaremchuk/RealEstate_Organized/_NeedsReview/directory_harvester.zip,5099,1766304781
/Users/sunniyaremchuk/SCHEDULE B – ACCREDITED INVESTOR CERTIFICATE (Individual – NI 45‑106).pdf,unique,,Contracts,/Users/sunniyaremchuk/RealEstate_Organized/_Library/Contracts/SCHEDULE B – ACCREDITED INVESTOR CERTIFICATE (Individual – NI 45‑106).pdf,143341,1764871013
/Users/sunniyaremchuk/10612 - 127 STREET NW- Schedule C.pdf,duplicate,10612 127 Street,(_Duplicates),/Users/sunniyaremchuk/RealEstate_Organized/_Duplicates/10612 127 Street/10612 - 127 STREET NW- Schedule C.pdf,785582,1767728727
/Users/sunniyaremchuk/Finders Fee Contract - Blk line.docx,unique,,Contracts,/Users/sunniyaremchuk/RealEstate_Organized/_Library/Contracts/Finders Fee Contract - Blk line.docx,19337,1768196366
/Users/sunniyaremchuk/10646 61 Ave Allendale - Front & Left (1).jpg,duplicate,Allendale,(_Duplicates),/Users/sunniyaremchuk/RealEstate_Organized/_Duplicates/Allendale/10646 61 Ave Allendale - Front & Left (1).jpg,184112,1773178584
/Users/sunniyaremchuk/10646 61 Ave Allendale - Front & Left.jpg,duplicate,Allendale,(_Duplicates),/Users/sunniyaremchuk/RealEstate_Organized/_Duplicates/Allendale/10646 61 Ave Allendale - Front & Left.jpg,184112,1772596054
/Users/sunniyaremchuk/edmonton_properties_enriched_batch2.xlsx,unique,,,/Users/sunniyaremchuk/RealEstate_Organized/_NeedsReview/edmonton_properties_enriched_batch2.xlsx,7710,1767829144
/Users/sunniyaremchuk/property_assessment_enriched_MASTER.csv,duplicate,,(_Duplicates),/Users/sunniyaremchuk/RealEstate_Organized/_Duplicates/Unknown/property_assessment_enriched_MASTER.csv,28061,1768241100
/Users/sunniyaremchuk/5U1A9191 - Copy.jpg,unique,,Photos,/Users/sunniyaremchuk/RealEstate_Organized/_Library/Photos/5U1A9191 - Copy.jpg,4219608,1767830184
/Users/sunniyaremchuk/ApplicationStatusReport (1).pdf,primary,,,/Users/sunniyaremchuk/RealEstate_Organized/_NeedsReview/ApplicationStatusReport (1).pdf,126968,1767818486
/Users/sunniyaremchuk/2025-01-09 ALLENDALE 6_PLEX - DESIGN PCKG (003).pdf,unique,Allendale,,/Users/sunniyaremchuk/RealEstate_Organized/Allendale/_NeedsReview/2025-01-09 ALLENDALE 6_PLEX - DESIGN PCKG (003).pdf,11736259,1767042475
/Users/sunniyaremchuk/Pro-forma Allendale 5 Unit  (1).xlsx,primary,Allendale,Financials,/Users/sunniyaremchuk/RealEstate_Organized/Allendale/Financials/Pro-forma Allendale 5 Unit  (1).xlsx,8888,1773944272
/Users/sunniyaremchuk/Property_Assessment_Data_(Current_Calendar_Year)_20260104 (1).csv,unique,,,/Users/sunniyaremchuk/RealEstate_Organized/_NeedsReview/Property_Assessment_Data_(Current_Calendar_Year)_20260104 (1).csv,50008,1767592755
/Users/sunniyaremchuk/HomeSchooled Deal Breakdown Calculator.xlsx,unique,,,/Users/sunniyaremchuk/RealEstate_Organized/_NeedsReview/HomeSchooled Deal Breakdown Calculator.xlsx,61360,1767813361
/Users/sunniyaremchuk/Operating online Statement 2025 03 31.pdf,unique,2025 03,,/Users/sunniyaremchuk/RealEstate_Organized/2025 03/_NeedsReview/Operating online Statement 2025 03 31.pdf,38128,1773162949
/Users/sunniyaremchuk/Sage Way Okotoks - Development Permit.pdf,duplicate,,(_Duplicates),/Users/sunniyaremchuk/RealEstate_Organized/_Duplicates/Unknown/Sage Way Okotoks - Development Permit.pdf,5560173,1768602378
/Users/sunniyaremchuk/Waterfall Family photo.jpg,unique,,Photos,/Users/sunniyaremchuk/RealEstate_Organized/_Library/Photos/Waterfall Family photo.jpg,2333918,1772569909
/Users/sunniyaremchuk/Allendale_Equity_SoftCosts_Styled (1).xlsx,unique,Allendale,,/Users/sunniyaremchuk/RealEstate_Organized/Allendale/_NeedsReview/Allendale_Equity_SoftCosts_Styled (1).xlsx,6108,1773071624
/Users/sunniyaremchuk/Landridge_8-Plex_Full_Brochure.pdf,unique,,,/Users/sunniyaremchuk/RealEstate_Organized/_NeedsReview/Landridge_8-Plex_Full_Brochure.pdf,4237695,1767831236
/Users/sunniyaremchuk/FLIP Deal Calculator .xlsx,unique,,,/Users/sunniyaremchuk/RealEstate_Organized/_NeedsReview/FLIP Deal Calculator .xlsx,61347,1767812972
/Users/sunniyaremchuk/10612 - 127 STREET NW - Schedule_B - Sepcifications (1).pdf,duplicate,10612 127 Street,(_Duplicates),/Users/sunniyaremchuk/RealEstate_Organized/_Duplicates/10612 127 Street/10612 - 127 STREET NW - Schedule_B - Sepcifications (1).pdf,545271,1768538308
/Users/sunniyaremchuk/10612 - 127 STREET NW - Schedule A - Plans (1).pdf,primary,10612 127 Street,Contracts,/Users/sunniyaremchuk/RealEstate_Organized/10612 127 Street/Contracts/10612 - 127 STREET NW - Schedule A - Plans (1).pdf,1376497,1768674341
/Users/sunniyaremchuk/10612 - 127 STREET NW- Schedule M - Project Utility Metering.pdf,duplicate,10612 127 Street,(_Duplicates),/Users/sunniyaremchuk/RealEstate_Organized/_Duplicates/10612 127 Street/10612 - 127 STREET NW- Schedule M - Project Utility Metering.pdf,214817,1767728733
/Users/sunniyaremchuk/September Retreat-Kia ora .docx,unique,,,/Users/sunniyaremchuk/RealEstate_Organized/_NeedsReview/September Retreat-Kia ora .docx,24492552,1771519384
/Users/sunniyaremchuk/Mail.pdf,unique,,,/Users/sunniyaremchuk/RealEstate_Organized/_NeedsReview/Mail.pdf,86911,1772653685
/Users/sunniyaremchuk/106 Street Property.pdf,unique,106 Street Property,,/Users/sunniyaremchuk/RealEstate_Organized/106 Street Property/_NeedsReview/106 Street Property.pdf,8033545,1766605787
/Users/sunniyaremchuk/0166867-00001_RS.PDF,unique,,,/Users/sunniyaremchuk/RealEstate_Organized/_NeedsReview/0166867-00001_RS.PDF,34871,1773623509
/Users/sunniyaremchuk/Purchase_Contract_(10315).pdf,duplicate,,(_Duplicates),/Users/sunniyaremchuk/RealEstate_Organized/_Duplicates/Unknown/Purchase_Contract_(10315).pdf,479928,1770235344
/Users/sunniyaremchuk/Schedule_G_Completion Addendum 9121 152St.pdf,unique,9121 152,Contracts,/Users/sunniyaremchuk/RealEstate_Organized/9121 152/Contracts/Schedule_G_Completion Addendum 9121 152St.pdf,5333,1768678952
/Users/sunniyaremchuk/6408_paid_to_date_costs.xlsx,unique,,,/Users/sunniyaremchuk/RealEstate_Organized/_NeedsReview/6408_paid_to_date_costs.xlsx,6646,1766519121
/Users/sunniyaremchuk/Allendale6408 106 Street NW Title (1).pdf,unique,Allendale,,/Users/sunniyaremchuk/RealEstate_Organized/Allendale/_NeedsReview/Allendale6408 106 Street NW Title (1).pdf,40975,1767818482
/Users/sunniyaremchuk/Allendale 1 Budget (1).xlsx,unique,Allendale,Financials,/Users/sunniyaremchuk/RealEstate_Organized/Allendale/Financials/Allendale 1 Budget (1).xlsx,30837,1773070695
/Users/sunniyaremchuk/Statement of Adjustments.pdf,unique,,,/Users/sunniyaremchuk/RealEstate_Organized/_NeedsReview/Statement of Adjustments.pdf,89152,1773413609
/Users/sunniyaremchuk/Building Permit 564496862-006 (1).pdf,duplicate,,(_Duplicates),/Users/sunniyaremchuk/RealEstate_Organized/_Duplicates/Unknown/Building Permit 564496862-006 (1).pdf,203442,1766771875
"/Users/sunniyaremchuk/LOI - 15981 110B Ave, Edmonton.pdf",unique,15981 110B Ave,,"/Users/sunniyaremchuk/RealEstate_Organized/15981 110B Ave/_NeedsReview/LOI - 15981 110B Ave, Edmonton.pdf",284066,1769123914
/Users/sunniyaremchuk/Allendale_QS.xlsx,unique,Allendale,,/Users/sunniyaremchuk/RealEstate_Organized/Allendale/_NeedsReview/Allendale_QS.xlsx,6675,1764826595
/Users/sunniyaremchuk/Grants (1).docx,primary,,,/Users/sunniyaremchuk/RealEstate_Organized/_NeedsReview/Grants (1).docx,296414,1771363264
/Users/sunniyaremchuk/Mayfield_110_Cost_Breakdown_updated_to_2_5M.xlsx,unique,Mayfield 110,,/Users/sunniyaremchuk/RealEstate_Organized/Mayfield 110/_NeedsReview/Mayfield_110_Cost_Breakdown_updated_to_2_5M.xlsx,4597693,1767913637
/Users/sunniyaremchuk/PNW Statement (1).xlsx,unique,,Investor Docs,/Users/sunniyaremchuk/RealEstate_Organized/_Library/Investor Docs/PNW Statement (1).xlsx,20354,1769528128
/Users/sunniyaremchuk/Purchase_Contract_(10315)_(1).pdf,unique,,,/Users/sunniyaremchuk/RealEstate_Organized/_NeedsReview/Purchase_Contract_(10315)_(1).pdf,494377,1770690225
/Users/sunniyaremchuk/10612 - 127 STREET NW- Landridge Homes-Sales Contract.pdf,duplicate,10612 127 Street,(_Duplicates),/Users/sunniyaremchuk/RealEstate_Organized/_Duplicates/10612 127 Street/10612 - 127 STREET NW- Landridge Homes-Sales Contract.pdf,1022641,1767728714
/Users/sunniyaremchuk/Property_Assessment_Data_(Current_Calendar_Year)_20260104.csv,unique,,,/Users/sunniyaremchuk/RealEstate_Organized/_NeedsReview/Property_Assessment_Data_(Current_Calendar_Year)_20260104.csv,90168249,1767592637
/Users/sunniyaremchuk/Homeowner Outreach.pdf,unique,,,/Users/sunniyaremchuk/RealEstate_Organized/_NeedsReview/Homeowner Outreach.pdf,92660,1768758190
/Users/sunniyaremchuk/Experience the thrill of surfing in Hawaii with….jpeg,unique,,Photos,/Users/sunniyaremchuk/RealEstate_Organized/_Library/Photos/Experience the thrill of surfing in Hawaii with….jpeg,117770,1766943798
/Users/sunniyaremchuk/10612 - 127 STREET NW- Addendum (2).pdf,primary,10612 127 Street,Contracts,/Users/sunniyaremchuk/RealEstate_Organized/10612 127 Street/Contracts/10612 - 127 STREET NW- Addendum (2).pdf,303223,1768674370
/Users/sunniyaremchuk/15313 6-Unit Complex 10646 61 Ave Allendale DRAFT.pdf,unique,Allendale,,/Users/sunniyaremchuk/RealEstate_Organized/Allendale/_NeedsReview/15313 6-Unit Complex 10646 61 Ave Allendale DRAFT.pdf,5839714,1773953294
/Users/sunniyaremchuk/cleaned_contacts.xlsx,unique,,,/Users/sunniyaremchuk/RealEstate_Organized/_NeedsReview/cleaned_contacts.xlsx,10768,1768587682
/Users/sunniyaremchuk/Subscription-For-Shares.pdf,unique,,,/Users/sunniyaremchuk/RealEstate_Organized/_NeedsReview/Subscription-For-Shares.pdf,29121,1767902304
/Users/sunniyaremchuk/Jasper Place 9121 152 St  LOI - Revised - February 4 2026 (2).pdf,duplicate,9121 152,(_Duplicates),/Users/sunniyaremchuk/RealEstate_Organized/_Duplicates/9121 152/Jasper Place 9121 152 St  LOI - Revised - February 4 2026 (2).pdf,289580,1772635598
/Users/sunniyaremchuk/edmonton_properties_enriched_sample.csv,unique,,,/Users/sunniyaremchuk/RealEstate_Organized/_NeedsReview/edmonton_properties_enriched_sample.csv,3123,1767828663
/Users/sunniyaremchuk/edmonton_properties_enriched_batch6.csv,unique,,,/Users/sunniyaremchuk/RealEstate_Organized/_NeedsReview/edmonton_properties_enriched_batch6.csv,3546,1767830968
/Users/sunniyaremchuk/vancouver_commercial_agents_rolling.csv,unique,,,/Users/sunniyaremchuk/RealEstate_Organized/_NeedsReview/vancouver_commercial_agents_rolling.csv,20518,1767827201
/Users/sunniyaremchuk/Labrie Transit Oriented Development Investment Brief.pdf,duplicate,,(_Duplicates),/Users/sunniyaremchuk/RealEstate_Organized/_Duplicates/Unknown/Labrie Transit Oriented Development Investment Brief.pdf,677541,1770651117
/Users/sunniyaremchuk/Allendale_Partner_Meeting_Pack_FINAL.docx,unique,Allendale,,/Users/sunniyaremchuk/RealEstate_Organized/Allendale/_NeedsReview/Allendale_Partner_Meeting_Pack_FINAL.docx,42303,1767765079
/Users/sunniyaremchuk/10612 - 127 STREET NW- Schedule C (2) (1).pdf,primary,10612 127 Street,Contracts,/Users/sunniyaremchuk/RealEstate_Organized/10612 127 Street/Contracts/10612 - 127 STREET NW- Schedule C (2) (1).pdf,785582,1768675425
/Users/sunniyaremchuk/Commercial Purchase Contract (1) (2) (2).pdf,primary,,Contracts,/Users/sunniyaremchuk/RealEstate_Organized/_Library/Contracts/Commercial Purchase Contract (1) (2) (2).pdf,161272,1768877181
/Users/sunniyaremchuk/enrichment_addon.zip,unique,,,/Users/sunniyaremchuk/RealEstate_Organized/_NeedsReview/enrichment_addon.zip,1347,1766279553
/Users/sunniyaremchuk/New Intake Life transforming Session 2026.pdf,unique,,,/Users/sunniyaremchuk/RealEstate_Organized/_NeedsReview/New Intake Life transforming Session 2026.pdf,1036883,1770847340
/Users/sunniyaremchuk/Appendale Letter of Reliance Appraisal.pdf,unique,,Reports,/Users/sunniyaremchuk/RealEstate_Organized/_Library/Reports/Appendale Letter of Reliance Appraisal.pdf,246116,1764812852
/Users/sunniyaremchuk/Lender Comparison (1).xlsx,unique,,,/Users/sunniyaremchuk/RealEstate_Organized/_NeedsReview/Lender Comparison (1).xlsx,36308,1770470512
/Users/sunniyaremchuk/9121 152 ST PV.1.pdf,unique,9121 152,,/Users/sunniyaremchuk/RealEstate_Organized/9121 152/_NeedsReview/9121 152 ST PV.1.pdf,684242,1769460253
/Users/sunniyaremchuk/Allendale_Equity_SoftCosts_Model.xlsx,unique,Allendale,,/Users/sunniyaremchuk/RealEstate_Organized/Allendale/_NeedsReview/Allendale_Equity_SoftCosts_Model.xlsx,7039,1773071215
/Users/sunniyaremchuk/Multifamily Development INquired Cleints .xlsx,unique,,,/Users/sunniyaremchuk/RealEstate_Organized/_NeedsReview/Multifamily Development INquired Cleints .xlsx,33612,1773426485
/Users/sunniyaremchuk/2024-12-11 CTC Final Report encl.pdf,unique,,,/Users/sunniyaremchuk/RealEstate_Organized/_NeedsReview/2024-12-11 CTC Final Report encl.pdf,3362791,1773080452
/Users/sunniyaremchuk/Schedule_F_GST_Rebate_Agreement_2289k.pdf,unique,,,/Users/sunniyaremchuk/RealEstate_Organized/_NeedsReview/Schedule_F_GST_Rebate_Agreement_2289k.pdf,4334,1768677288
/Users/sunniyaremchuk/Invoice (1).pdf,unique,,Financials,/Users/sunniyaremchuk/RealEstate_Organized/_Library/Financials/Invoice (1).pdf,208368,1773941165
/Users/sunniyaremchuk/Allendale_Summary 10646 61 Ave.docx,unique,Allendale,,/Users/sunniyaremchuk/RealEstate_Organized/Allendale/_NeedsReview/Allendale_Summary 10646 61 Ave.docx,31432,1767812036
/Users/sunniyaremchuk/75' Wide 3 Plex - 1298 SF - Front Elevation (1).jpg,primary,,Photos,/Users/sunniyaremchuk/RealEstate_Organized/_Library/Photos/75' Wide 3 Plex - 1298 SF - Front Elevation (1).jpg,847870,1767765029
/Users/sunniyaremchuk/Development Decision 564496862-002.pdf,duplicate,,(_Duplicates),/Users/sunniyaremchuk/RealEstate_Organized/_Duplicates/Unknown/Development Decision 564496862-002.pdf,317491,1766530217
/Users/sunniyaremchuk/5U1A9023.jpg,unique,,Photos,/Users/sunniyaremchuk/RealEstate_Organized/_Library/Photos/5U1A9023.jpg,4244238,1767830365
/Users/sunniyaremchuk/Information returns notice of (re)assessment.pdf,unique,,,/Users/sunniyaremchuk/RealEstate_Organized/_NeedsReview/Information returns notice of (re)assessment.pdf,73908,1772653724
/Users/sunniyaremchuk/Landridge_8-Plex_Premium_Brochure.pdf,unique,,,/Users/sunniyaremchuk/RealEstate_Organized/_NeedsReview/Landridge_8-Plex_Premium_Brochure.pdf,4238342,1767831346
/Users/sunniyaremchuk/Invoice Assignment Fee 10612 127 St  (1).pdf,duplicate,10612 127,(_Duplicates),/Users/sunniyaremchuk/RealEstate_Organized/_Duplicates/10612 127/Invoice Assignment Fee 10612 127 St  (1).pdf,27884,1770228367
/Users/sunniyaremchuk/edmonton_properties_enriched_batch7.csv,unique,,,/Users/sunniyaremchuk/RealEstate_Organized/_NeedsReview/edmonton_properties_enriched_batch7.csv,3006,1767831626
/Users/sunniyaremchuk/HS Engagement Letter - 6408 106 St. - Final -.pdf,unique,6408 106,,/Users/sunniyaremchuk/RealEstate_Organized/6408 106/_NeedsReview/HS Engagement Letter - 6408 106 St. - Final -.pdf,330724,1767890895
/Users/sunniyaremchuk/Waterfall Photo .jpg,unique,,Photos,/Users/sunniyaremchuk/RealEstate_Organized/_Library/Photos/Waterfall Photo .jpg,3615425,1772569874
/Users/sunniyaremchuk/tropical-paradise-miami-beach-florida-palm-22606996.webp,unique,,Photos,/Users/sunniyaremchuk/RealEstate_Organized/_Library/Photos/tropical-paradise-miami-beach-florida-palm-22606996.webp,28660,1764305363
/Users/sunniyaremchuk/Invoice 10612 127 ST NW.pdf,unique,10612 127,Financials,/Users/sunniyaremchuk/RealEstate_Organized/10612 127/Financials/Invoice 10612 127 ST NW.pdf,27883,1770227702
/Users/sunniyaremchuk/6408_106_St_TRUE_Soft_Costs_Only (1).xlsx,primary,6408 106,,/Users/sunniyaremchuk/RealEstate_Organized/6408 106/_NeedsReview/6408_106_St_TRUE_Soft_Costs_Only (1).xlsx,5696,1767818534
/Users/sunniyaremchuk/Ab buyer - Uploaded  - Sheet1.csv,unique,,,/Users/sunniyaremchuk/RealEstate_Organized/_NeedsReview/Ab buyer - Uploaded  - Sheet1.csv,57876,1769655658
/Users/sunniyaremchuk/Schedule_G_Completion_Purchase_Addendum_NoAssign_NoPM_2337k.pdf,unique,,,/Users/sunniyaremchuk/RealEstate_Organized/_NeedsReview/Schedule_G_Completion_Purchase_Addendum_NoAssign_NoPM_2337k.pdf,5881,1768678711
/Users/sunniyaremchuk/Schedule_D_Project_Utility_Metering (2).pdf,primary,,,/Users/sunniyaremchuk/RealEstate_Organized/_NeedsReview/Schedule_D_Project_Utility_Metering (2).pdf,8027,1768877213
/Users/sunniyaremchuk/Assignment Agreement- Jasper Park.pdf,unique,Jasper Park,Contracts,/Users/sunniyaremchuk/RealEstate_Organized/Jasper Park/Contracts/Assignment Agreement- Jasper Park.pdf,298668,1773940703
/Users/sunniyaremchuk/Cold_Call_Script_Direct_Sale.pdf,unique,,,/Users/sunniyaremchuk/RealEstate_Organized/_NeedsReview/Cold_Call_Script_Direct_Sale.pdf,6267,1773112391
/Users/sunniyaremchuk/2026 Derelict List Final .xlsx,unique,,,/Users/sunniyaremchuk/RealEstate_Organized/_NeedsReview/2026 Derelict List Final .xlsx,54473,1768786799
/Users/sunniyaremchuk/edmonton_properties_enriched_batch9.xlsx,unique,,,/Users/sunniyaremchuk/RealEstate_Organized/_NeedsReview/edmonton_properties_enriched_batch9.xlsx,7675,1767836470
/Users/sunniyaremchuk/75' Wide 3 Plex - 1298 SF - Front Elevation.jpg,duplicate,,(_Duplicates),/Users/sunniyaremchuk/RealEstate_Organized/_Duplicates/Unknown/75' Wide 3 Plex - 1298 SF - Front Elevation.jpg,847870,1767233913
/Users/sunniyaremchuk/Credit Facility and Promissory Note - (CMI)May2024.pdf.pdf,unique,,,/Users/sunniyaremchuk/RealEstate_Organized/_NeedsReview/Credit Facility and Promissory Note - (CMI)May2024.pdf.pdf,201576,1767652137
/Users/sunniyaremchuk/Building Permit 564496862-006.pdf,duplicate,,(_Duplicates),/Users/sunniyaremchuk/RealEstate_Organized/_Duplicates/Unknown/Building Permit 564496862-006.pdf,203442,1766529993
/Users/sunniyaremchuk/property_assessment_lookup_queue.csv,unique,,,/Users/sunniyaremchuk/RealEstate_Organized/_NeedsReview/property_assessment_lookup_queue.csv,22623,1768248129
/Users/sunniyaremchuk/Ltr -Contract termination Allendale 5plex.pdf,duplicate,Allendale,(_Duplicates),/Users/sunniyaremchuk/RealEstate_Organized/_Duplicates/Allendale/Ltr -Contract termination Allendale 5plex.pdf,219458,1767737000
/Users/sunniyaremchuk/6408_wasted_costs_tracker.xlsx,duplicate,,(_Duplicates),/Users/sunniyaremchuk/RealEstate_Organized/_Duplicates/Unknown/6408_wasted_costs_tracker.xlsx,8017,1768498215
/Users/sunniyaremchuk/vancouver_multifamily_agents_full.csv,unique,,,/Users/sunniyaremchuk/RealEstate_Organized/_NeedsReview/vancouver_multifamily_agents_full.csv,13768,1767827082
/Users/sunniyaremchuk/Commercial Purchase Contract (1) (2).pdf,duplicate,,(_Duplicates),/Users/sunniyaremchuk/RealEstate_Organized/_Duplicates/Unknown/Commercial Purchase Contract (1) (2).pdf,161272,1768681389
/Users/sunniyaremchuk/9-Plex Foundation Stage Cost Breakdown.xlsx,unique,,Financials,/Users/sunniyaremchuk/RealEstate_Organized/_Library/Financials/9-Plex Foundation Stage Cost Breakdown.xlsx,11185,1767811099
/Users/sunniyaremchuk/Allendale 61 INC. GSA .pdf,unique,Allendale,,/Users/sunniyaremchuk/RealEstate_Organized/Allendale/_NeedsReview/Allendale 61 INC. GSA .pdf,111906,1764870950
/Users/sunniyaremchuk/brave_screenshot_mail.google.com (1).png,unique,,Photos,/Users/sunniyaremchuk/RealEstate_Organized/_Library/Photos/brave_screenshot_mail.google.com (1).png,112008,1772598016
/Users/sunniyaremchuk/Allendale_Equity_SoftCosts_Styled (2).xlsx,unique,Allendale,,/Users/sunniyaremchuk/RealEstate_Organized/Allendale/_NeedsReview/Allendale_Equity_SoftCosts_Styled (2).xlsx,10213,1773084360
/Users/sunniyaremchuk/RT Registration.pdf,unique,,,/Users/sunniyaremchuk/RealEstate_Organized/_NeedsReview/RT Registration.pdf,50051,1774215964
/Users/sunniyaremchuk/Spec Design Concept for Drawings (2).pdf,unique,,,/Users/sunniyaremchuk/RealEstate_Organized/_NeedsReview/Spec Design Concept for Drawings (2).pdf,3790569,1773155330
/Users/sunniyaremchuk/affordable-housing-fund-highlight-sheet-rapid-housing-en.pdf,unique,,,/Users/sunniyaremchuk/RealEstate_Organized/_NeedsReview/affordable-housing-fund-highlight-sheet-rapid-housing-en.pdf,577296,1766541764
/Users/sunniyaremchuk/Schedule_F_GST_Rebate_Agreement_Simple.pdf,duplicate,,(_Duplicates),/Users/sunniyaremchuk/RealEstate_Organized/_Duplicates/Unknown/Schedule_F_GST_Rebate_Agreement_Simple.pdf,2816,1768677526
/Users/sunniyaremchuk/3-13862-16645.pdf,primary,,,/Users/sunniyaremchuk/RealEstate_Organized/_NeedsReview/3-13862-16645.pdf,61223,1773079218
/Users/sunniyaremchuk/Melodia Yaremchuk x TrustWorks NDA.pdf,unique,,Contracts,/Users/sunniyaremchuk/RealEstate_Organized/_Library/Contracts/Melodia Yaremchuk x TrustWorks NDA.pdf,84725,1766769850
/Users/sunniyaremchuk/Investor-Capital Sheets #2 FB Leads .xlsx,unique,,Investor Docs,/Users/sunniyaremchuk/RealEstate_Organized/_Library/Investor Docs/Investor-Capital Sheets #2 FB Leads .xlsx,69470,1771525719
/Users/sunniyaremchuk/10612 - 127 STREET NW- Addendum.pdf,duplicate,10612 127 Street,(_Duplicates),/Users/sunniyaremchuk/RealEstate_Organized/_Duplicates/10612 127 Street/10612 - 127 STREET NW- Addendum.pdf,303223,1767728705
/Users/sunniyaremchuk/Jasper Park Budget v3.xlsx,duplicate,Jasper Park,(_Duplicates),/Users/sunniyaremchuk/RealEstate_Organized/_Duplicates/Jasper Park/Jasper Park Budget v3.xlsx,36040,1773156146
/Users/sunniyaremchuk/Uvita-Nomad Resport .pdf,unique,,,/Users/sunniyaremchuk/RealEstate_Organized/_NeedsReview/Uvita-Nomad Resport .pdf,1676341,1771622660
/Users/sunniyaremchuk/drive-download-20260309T165333Z-1-001.zip,unique,,,/Users/sunniyaremchuk/RealEstate_Organized/_NeedsReview/drive-download-20260309T165333Z-1-001.zip,11962297,1773075221
/Users/sunniyaremchuk/Development Pro Forma - Sage Way Okotoks Jan 2026.xlsx,duplicate,,(_Duplicates),/Users/sunniyaremchuk/RealEstate_Organized/_Duplicates/Unknown/Development Pro Forma - Sage Way Okotoks Jan 2026.xlsx,89841,1769022973
/Users/sunniyaremchuk/Mayfield_110_Cost_Breakdown_with_PaidToDate.xlsx,unique,Mayfield 110,,/Users/sunniyaremchuk/RealEstate_Organized/Mayfield 110/_NeedsReview/Mayfield_110_Cost_Breakdown_with_PaidToDate.xlsx,4335173,1767998481
/Users/sunniyaremchuk/CCDC2 BLANK (1) (1).pdf,primary,,,/Users/sunniyaremchuk/RealEstate_Organized/_NeedsReview/CCDC2 BLANK (1) (1).pdf,706133,1766527772
/Users/sunniyaremchuk/I made this on Canva _).jpeg,unique,,Photos,/Users/sunniyaremchuk/RealEstate_Organized/_Library/Photos/I made this on Canva _).jpeg,160019,1766943881
/Users/sunniyaremchuk/PNW_Statement_Loren_ready_to_fill.xlsx,duplicate,,(_Duplicates),/Users/sunniyaremchuk/RealEstate_Organized/_Duplicates/Unknown/PNW_Statement_Loren_ready_to_fill.xlsx,57787,1767907453
/Users/sunniyaremchuk/CCDC2 BLANK (1).pdf,duplicate,,(_Duplicates),/Users/sunniyaremchuk/RealEstate_Organized/_Duplicates/Unknown/CCDC2 BLANK (1).pdf,706133,1766527731
/Users/sunniyaremchuk/75' Wide 3 Plex - 1298 SF - Main Floor (1).jpg,primary,,Photos,/Users/sunniyaremchuk/RealEstate_Organized/_Library/Photos/75' Wide 3 Plex - 1298 SF - Main Floor (1).jpg,664724,1767765020
/Users/sunniyaremchuk/Complete_with_Docusign_Construction_Agreemen.pdf,unique,,,/Users/sunniyaremchuk/RealEstate_Organized/_NeedsReview/Complete_with_Docusign_Construction_Agreemen.pdf,243194,1773094328
/Users/sunniyaremchuk/Copy of First Deal Rental Property Underwriting Tool.xlsx,unique,,Financials,/Users/sunniyaremchuk/RealEstate_Organized/_Library/Financials/Copy of First Deal Rental Property Underwriting Tool.xlsx,432421,1767813203
/Users/sunniyaremchuk/10612 - 127 STREET NW- Schedule M - Project Utility Metering (2).pdf,primary,10612 127 Street,Contracts,/Users/sunniyaremchuk/RealEstate_Organized/10612 127 Street/Contracts/10612 - 127 STREET NW- Schedule M - Project Utility Metering (2).pdf,214817,1768674399
/Users/sunniyaremchuk/edmonton_properties_enriched_batch3.csv,unique,,,/Users/sunniyaremchuk/RealEstate_Organized/_NeedsReview/edmonton_properties_enriched_batch3.csv,2818,1767829162
/Users/sunniyaremchuk/property_lot_sold_sample_10.csv,unique,,,/Users/sunniyaremchuk/RealEstate_Organized/_NeedsReview/property_lot_sold_sample_10.csv,3477,1767593745
/Users/sunniyaremchuk/2441288-SurveyPlan Allendale 6408 Survey.pdf,unique,Allendale,Plans & Permits,/Users/sunniyaremchuk/RealEstate_Organized/Allendale/Plans & Permits/2441288-SurveyPlan Allendale 6408 Survey.pdf,455721,1766605798
/Users/sunniyaremchuk/Jasper Place 9121 152 St  LOI - Revised - February 4 2026 (1) (1).pdf,primary,9121 152,,/Users/sunniyaremchuk/RealEstate_Organized/9121 152/_NeedsReview/Jasper Place 9121 152 St  LOI - Revised - February 4 2026 (1) (1).pdf,410496,1773094965
/Users/sunniyaremchuk/I make $100k Per month.pdf,unique,,,/Users/sunniyaremchuk/RealEstate_Organized/_NeedsReview/I make $100k Per month.pdf,100654126,1766956378
/Users/sunniyaremchuk/10612 - 127 STREET NW- Rebate Agreement (2).pdf,primary,10612 127 Street,Contracts,/Users/sunniyaremchuk/RealEstate_Organized/10612 127 Street/Contracts/10612 - 127 STREET NW- Rebate Agreement (2).pdf,364541,1768674385
/Users/sunniyaremchuk/INDEPENDENT CONTRACTOR AGREEMENT .pdf,unique,,Contracts,/Users/sunniyaremchuk/RealEstate_Organized/_Library/Contracts/INDEPENDENT CONTRACTOR AGREEMENT .pdf,78679,1768760968
/Users/sunniyaremchuk/Shareholder-Resolution-Dispensing-with-Auditor.pdf,primary,,Investor Docs,/Users/sunniyaremchuk/RealEstate_Organized/_Library/Investor Docs/Shareholder-Resolution-Dispensing-with-Auditor.pdf,34852,1767902230
/Users/sunniyaremchuk/TEMPLATE - PNW Statement - Loren .xlsx,unique,,Investor Docs,/Users/sunniyaremchuk/RealEstate_Organized/_Library/Investor Docs/TEMPLATE - PNW Statement - Loren .xlsx,24691,1767904834
/Users/sunniyaremchuk/10646 61 Ave Allendale Cashflow .xlsx,unique,Allendale,Financials,/Users/sunniyaremchuk/RealEstate_Organized/Allendale/Financials/10646 61 Ave Allendale Cashflow .xlsx,8800,1767766266
/Users/sunniyaremchuk/Screenshot 2025-12-19 at 15.52.28.png,unique,,Photos,/Users/sunniyaremchuk/RealEstate_Organized/_Library/Photos/Screenshot 2025-12-19 at 15.52.28.png,750603,1767737591
"/Users/sunniyaremchuk/_Vancouver. zco-star, Buyer, all, MF- Upload to GHL - Sheet1.csv",unique,,,"/Users/sunniyaremchuk/RealEstate_Organized/_NeedsReview/_Vancouver. zco-star, Buyer, all, MF- Upload to GHL - Sheet1.csv",10271,1766878212
/Users/sunniyaremchuk/5U1A9191.jpg,unique,,Photos,/Users/sunniyaremchuk/RealEstate_Organized/_Library/Photos/5U1A9191.jpg,6329324,1767830174
/Users/sunniyaremchuk/75' Wide 3 Plex - 1298 SF - Main Floor.jpg,duplicate,,(_Duplicates),/Users/sunniyaremchuk/RealEstate_Organized/_Duplicates/Unknown/75' Wide 3 Plex - 1298 SF - Main Floor.jpg,664724,1767233902
"/Users/sunniyaremchuk/Land Sellers, Alberta  - Sheet1.csv",unique,,,"/Users/sunniyaremchuk/RealEstate_Organized/_NeedsReview/Land Sellers, Alberta  - Sheet1.csv",128775,1766878950
/Users/sunniyaremchuk/brave_screenshot_console.twilio.com.png,unique,,Photos,/Users/sunniyaremchuk/RealEstate_Organized/_Library/Photos/brave_screenshot_console.twilio.com.png,107636,1767990185
/Users/sunniyaremchuk/5U1A9026.jpg,unique,,Photos,/Users/sunniyaremchuk/RealEstate_Organized/_Library/Photos/5U1A9026.jpg,5027760,1767830361
/Users/sunniyaremchuk/Schedule_G_Completion_Addendum_Q1_2027_DepositRelease.pdf,duplicate,,(_Duplicates),/Users/sunniyaremchuk/RealEstate_Organized/_Duplicates/Unknown/Schedule_G_Completion_Addendum_Q1_2027_DepositRelease.pdf,5607,1768680490
/Users/sunniyaremchuk/edmonton_properties_enriched_batch2.csv,unique,,,/Users/sunniyaremchuk/RealEstate_Organized/_NeedsReview/edmonton_properties_enriched_batch2.csv,3009,1767829156
/Users/sunniyaremchuk/Letter of Good Standing.pdf,unique,,,/Users/sunniyaremchuk/RealEstate_Organized/_NeedsReview/Letter of Good Standing.pdf,159618,1767910919
/Users/sunniyaremchuk/DSC00372.jpg,unique,,Photos,/Users/sunniyaremchuk/RealEstate_Organized/_Library/Photos/DSC00372.jpg,829462,1769014855
/Users/sunniyaremchuk/Jasper Place 9121 152 St  LOI - Revised - February 4 2026 (3).pdf,primary,9121 152,,/Users/sunniyaremchuk/RealEstate_Organized/9121 152/_NeedsReview/Jasper Place 9121 152 St  LOI - Revised - February 4 2026 (3).pdf,289580,1773156672
/Users/sunniyaremchuk/10646 61 Ave Allendale Cashflow  (1).xlsx,unique,Allendale,Financials,/Users/sunniyaremchuk/RealEstate_Organized/Allendale/Financials/10646 61 Ave Allendale Cashflow  (1).xlsx,9217,1768882032
/Users/sunniyaremchuk/Personalfinancialstatement'12.pdf,unique,,,/Users/sunniyaremchuk/RealEstate_Organized/_NeedsReview/Personalfinancialstatement'12.pdf,196328,1771257368
/Users/sunniyaremchuk/10612 - 127 STREET NW- Schedule M - Project Utility Metering (1).pdf,duplicate,10612 127 Street,(_Duplicates),/Users/sunniyaremchuk/RealEstate_Organized/_Duplicates/10612 127 Street/10612 - 127 STREET NW- Schedule M - Project Utility Metering (1).pdf,214817,1768538415
/Users/sunniyaremchuk/106 Street Property - CMLS.pdf,unique,106 Street Property,Marketing & OM,/Users/sunniyaremchuk/RealEstate_Organized/106 Street Property/Marketing & OM/106 Street Property - CMLS.pdf,509780,1766605775
/Users/sunniyaremchuk/Property_Assessment_Data_(Current_Calendar_Year)_20260112 (1).csv,unique,,,/Users/sunniyaremchuk/RealEstate_Organized/_NeedsReview/Property_Assessment_Data_(Current_Calendar_Year)_20260112 (1).csv,68723,1768237963
/Users/sunniyaremchuk/Untitled spreadsheet.xlsx,unique,,,/Users/sunniyaremchuk/RealEstate_Organized/_NeedsReview/Untitled spreadsheet.xlsx,5997,1773070777
/Users/sunniyaremchuk/Information Statement.pdf,unique,,,/Users/sunniyaremchuk/RealEstate_Organized/_NeedsReview/Information Statement.pdf,230366,1767910916
/Users/sunniyaremchuk/Statements (1).pdf,unique,,,/Users/sunniyaremchuk/RealEstate_Organized/_NeedsReview/Statements (1).pdf,198071,1773941156
/Users/sunniyaremchuk/10612 - 127 STREET NW- Rebate Agreement (1).pdf,duplicate,10612 127 Street,(_Duplicates),/Users/sunniyaremchuk/RealEstate_Organized/_Duplicates/10612 127 Street/10612 - 127 STREET NW- Rebate Agreement (1).pdf,364541,1768538367
/Users/sunniyaremchuk/E2025-07-CI-001 Allendale Billing #1 - 26_08_2025.pdf,primary,Allendale,,/Users/sunniyaremchuk/RealEstate_Organized/Allendale/_NeedsReview/E2025-07-CI-001 Allendale Billing #1 - 26_08_2025.pdf,98490,1767737396
/Users/sunniyaremchuk/Invoice.pdf,unique,,Financials,/Users/sunniyaremchuk/RealEstate_Organized/_Library/Financials/Invoice.pdf,208912,1773941113
/Users/sunniyaremchuk/FIre Plan .pdf,unique,,Plans & Permits,/Users/sunniyaremchuk/RealEstate_Organized/_Library/Plans & Permits/FIre Plan .pdf,354529,1769567851
/Users/sunniyaremchuk/GSA (2).pdf,unique,,,/Users/sunniyaremchuk/RealEstate_Organized/_NeedsReview/GSA (2).pdf,112381,1767652215
/Users/sunniyaremchuk/Purchase_Contract_(10315) (1) (1).pdf,unique,,,/Users/sunniyaremchuk/RealEstate_Organized/_NeedsReview/Purchase_Contract_(10315) (1) (1).pdf,488660,1770666128
"/Users/sunniyaremchuk/BC, Co-Star, Buyers, All, After 2014.xlsx - export.csv",unique,,,"/Users/sunniyaremchuk/RealEstate_Organized/_NeedsReview/BC, Co-Star, Buyers, All, After 2014.xlsx - export.csv",196884,1769656796
/Users/sunniyaremchuk/Modern and Elegant Real Estate Flyer Template.pdf,unique,,,/Users/sunniyaremchuk/RealEstate_Organized/_NeedsReview/Modern and Elegant Real Estate Flyer Template.pdf,2393245,1767832584
/Users/sunniyaremchuk/Go High Level All Contacts.csv,unique,,,/Users/sunniyaremchuk/RealEstate_Organized/_NeedsReview/Go High Level All Contacts.csv,742641,1768945121
/Users/sunniyaremchuk/10612 - 127 STREET NW - Schedule A - Plans.pdf,duplicate,10612 127 Street,(_Duplicates),/Users/sunniyaremchuk/RealEstate_Organized/_Duplicates/10612 127 Street/10612 - 127 STREET NW - Schedule A - Plans.pdf,1376497,1767728677
/Users/sunniyaremchuk/Schedule_F_GST_Rebate_Agreement_Simple (1).pdf,duplicate,,(_Duplicates),/Users/sunniyaremchuk/RealEstate_Organized/_Duplicates/Unknown/Schedule_F_GST_Rebate_Agreement_Simple (1).pdf,2816,1768677668
/Users/sunniyaremchuk/5U1A9176.jpg,unique,,Photos,/Users/sunniyaremchuk/RealEstate_Organized/_Library/Photos/5U1A9176.jpg,5569803,1767830198
/Users/sunniyaremchuk/Schedule_G_Completion_Purchase_Addendum.pdf,unique,,,/Users/sunniyaremchuk/RealEstate_Organized/_NeedsReview/Schedule_G_Completion_Purchase_Addendum.pdf,6657,1768677917
/Users/sunniyaremchuk/Term Sheet 6408 106 St.pdf,primary,6408 106,,/Users/sunniyaremchuk/RealEstate_Organized/6408 106/_NeedsReview/Term Sheet 6408 106 St.pdf,1028828,1767737402
/Users/sunniyaremchuk/Peakhill Commitment Letter 6408 106 St (1).pdf,primary,6408 106,,/Users/sunniyaremchuk/RealEstate_Organized/6408 106/_NeedsReview/Peakhill Commitment Letter 6408 106 St (1).pdf,465100,1767842796
/Users/sunniyaremchuk/High Park 9-Plex Budget.xlsx,unique,High Park,Financials,/Users/sunniyaremchuk/RealEstate_Organized/High Park/Financials/High Park 9-Plex Budget.xlsx,33528,1767914159
/Users/sunniyaremchuk/Realtor - Uploaded  - Sheet1.csv,unique,,,/Users/sunniyaremchuk/RealEstate_Organized/_NeedsReview/Realtor - Uploaded  - Sheet1.csv,3381,1769654525
/Users/sunniyaremchuk/Schedule_F_GST_Rebate_Agreement_Simple_Filled_2337k (1).pdf,primary,,,/Users/sunniyaremchuk/RealEstate_Organized/_NeedsReview/Schedule_F_GST_Rebate_Agreement_Simple_Filled_2337k (1).pdf,2860,1768877254
/Users/sunniyaremchuk/B & H; INTELLECTUAL PROPERTY ASSIGNMENT AGREEMENT.pdf,unique,,Contracts,/Users/sunniyaremchuk/RealEstate_Organized/_Library/Contracts/B & H; INTELLECTUAL PROPERTY ASSIGNMENT AGREEMENT.pdf,84446,1770915243
/Users/sunniyaremchuk/Whale .jpg,unique,,Photos,/Users/sunniyaremchuk/RealEstate_Organized/_Library/Photos/Whale .jpg,53632,1771441699
/Users/sunniyaremchuk/Builders_Developers INFO (email_numbers) .xlsx - Sheet1.csv,unique,,,/Users/sunniyaremchuk/RealEstate_Organized/_NeedsReview/Builders_Developers INFO (email_numbers) .xlsx - Sheet1.csv,17003,1769657093
/Users/sunniyaremchuk/Subject_Quick_Valuation_Model.xlsx,unique,,,/Users/sunniyaremchuk/RealEstate_Organized/_NeedsReview/Subject_Quick_Valuation_Model.xlsx,5575,1772644143
/Users/sunniyaremchuk/Commercial Purchase Contract (1) (1).pdf,unique,,Contracts,/Users/sunniyaremchuk/RealEstate_Organized/_Library/Contracts/Commercial Purchase Contract (1) (1).pdf,159970,1768681079
/Users/sunniyaremchuk/land buyers_developers - Uploaded  - Sheet1.csv,unique,,,/Users/sunniyaremchuk/RealEstate_Organized/_NeedsReview/land buyers_developers - Uploaded  - Sheet1.csv,8013,1769655069
/Users/sunniyaremchuk/9121 152 ST WDV.4.pdf,duplicate,9121 152,(_Duplicates),/Users/sunniyaremchuk/RealEstate_Organized/_Duplicates/9121 152/9121 152 ST WDV.4.pdf,2004510,1769460262
/Users/sunniyaremchuk/Schedule_F_GST_Rebate_Agreement_Simple_Filled_2337k.pdf,duplicate,,(_Duplicates),/Users/sunniyaremchuk/RealEstate_Organized/_Duplicates/Unknown/Schedule_F_GST_Rebate_Agreement_Simple_Filled_2337k.pdf,2860,1768678705
/Users/sunniyaremchuk/calc_dictionary.md,unique,,,/Users/sunniyaremchuk/RealEstate_Organized/_NeedsReview/calc_dictionary.md,8116,1767813724
/Users/sunniyaremchuk/Property Analyzer - MLI Select (8-plex).xlsx,unique,,,/Users/sunniyaremchuk/RealEstate_Organized/_NeedsReview/Property Analyzer - MLI Select (8-plex).xlsx,43128,1767813137
/Users/sunniyaremchuk/B &H_ PARTNERSHIP AGREEMENT.pdf,unique,,Contracts,/Users/sunniyaremchuk/RealEstate_Organized/_Library/Contracts/B &H_ PARTNERSHIP AGREEMENT.pdf,125524,1770914861
/Users/sunniyaremchuk/Sage Way Okotoks - Development Permit (1).pdf,primary,,Plans & Permits,/Users/sunniyaremchuk/RealEstate_Organized/_Library/Plans & Permits/Sage Way Okotoks - Development Permit (1).pdf,5560173,1771531415
/Users/sunniyaremchuk/6408_budget_summary_for_lender.xlsx,unique,,,/Users/sunniyaremchuk/RealEstate_Organized/_NeedsReview/6408_budget_summary_for_lender.xlsx,8185,1767837310
/Users/sunniyaremchuk/image001.png,primary,,Photos,/Users/sunniyaremchuk/RealEstate_Organized/_Library/Photos/image001.png,22242,1767817995
"/Users/sunniyaremchuk/Co-Star, Multifamily Sellers, 2014-2022, 1-4 stars.xlsx - export.csv",unique,,,"/Users/sunniyaremchuk/RealEstate_Organized/_NeedsReview/Co-Star, Multifamily Sellers, 2014-2022, 1-4 stars.xlsx - export.csv",21030,1769660965
/Users/sunniyaremchuk/B&H Co-Founder Agreement - 2026-01-19.pdf,unique,,Contracts,/Users/sunniyaremchuk/RealEstate_Organized/_Library/Contracts/B&H Co-Founder Agreement - 2026-01-19.pdf,5975,1768882191
/Users/sunniyaremchuk/HSFC_PNW_filled_Loren.pdf.pdf,unique,,,/Users/sunniyaremchuk/RealEstate_Organized/_NeedsReview/HSFC_PNW_filled_Loren.pdf.pdf,645719,1767985265
/Users/sunniyaremchuk/6408 106 St Allendale - 003.pdf,primary,Allendale,,/Users/sunniyaremchuk/RealEstate_Organized/Allendale/_NeedsReview/6408 106 St Allendale - 003.pdf,416008,1774234640
/Users/sunniyaremchuk/Real Estate Portfolio - Sundia Inc.xlsx,unique,,,/Users/sunniyaremchuk/RealEstate_Organized/_NeedsReview/Real Estate Portfolio - Sundia Inc.xlsx,151675,1766773420
/Users/sunniyaremchuk/Jasper Place 9121 152 St  LOI - Revised - February 4 2026.pdf,duplicate,9121 152,(_Duplicates),/Users/sunniyaremchuk/RealEstate_Organized/_Duplicates/9121 152/Jasper Place 9121 152 St  LOI - Revised - February 4 2026.pdf,289580,1770748921
/Users/sunniyaremchuk/Jasper_Park-Overview .xlsx,unique,Jasper Park,,/Users/sunniyaremchuk/RealEstate_Organized/Jasper Park/_NeedsReview/Jasper_Park-Overview .xlsx,30358,1773168134
/Users/sunniyaremchuk/Schedule_M_Project_Utility_Metering.pdf,unique,,,/Users/sunniyaremchuk/RealEstate_Organized/_NeedsReview/Schedule_M_Project_Utility_Metering.pdf,2570,1768675813
/Users/sunniyaremchuk/15014 5-Unit Complex 6408 106 St Allendale DRAFT.pdf,primary,Allendale,,/Users/sunniyaremchuk/RealEstate_Organized/Allendale/_NeedsReview/15014 5-Unit Complex 6408 106 St Allendale DRAFT.pdf,4811156,1773953481
/Users/sunniyaremchuk/Development Pro Forma - Sage Way Okotoks Jan 2026 (1).xlsx,primary,,Financials,/Users/sunniyaremchuk/RealEstate_Organized/_Library/Financials/Development Pro Forma - Sage Way Okotoks Jan 2026 (1).xlsx,89841,1769402827
/Users/sunniyaremchuk/BillStatement_342097.pdf,duplicate,,(_Duplicates),/Users/sunniyaremchuk/RealEstate_Organized/_Duplicates/Unknown/BillStatement_342097.pdf,102953,1768509712
/Users/sunniyaremchuk/5U1A9029.jpg,unique,,Photos,/Users/sunniyaremchuk/RealEstate_Organized/_Library/Photos/5U1A9029.jpg,5687758,1767830354
/Users/sunniyaremchuk/PNW_Statement_Loren_ready_to_fill (1).xlsx,primary,,,/Users/sunniyaremchuk/RealEstate_Organized/_NeedsReview/PNW_Statement_Loren_ready_to_fill (1).xlsx,57787,1767907469
/Users/sunniyaremchuk/CMLS Invoice - COI Placement Fee.pdf,primary,,Financials,/Users/sunniyaremchuk/RealEstate_Organized/_Library/Financials/CMLS Invoice - COI Placement Fee.pdf,487429,1767842799
/Users/sunniyaremchuk/B & H_ FOUNDERS’ AGREEMENT.pdf,unique,,Contracts,/Users/sunniyaremchuk/RealEstate_Organized/_Library/Contracts/B & H_ FOUNDERS’ AGREEMENT.pdf,100031,1770913502
/Users/sunniyaremchuk/The Landridge 8-Plex Advantage - Final.pdf,unique,,,/Users/sunniyaremchuk/RealEstate_Organized/_NeedsReview/The Landridge 8-Plex Advantage - Final.pdf,4799720,1768418325
/Users/sunniyaremchuk/metro_vancouver_commercial_agents_200PLUS.csv,unique,,,/Users/sunniyaremchuk/RealEstate_Organized/_NeedsReview/metro_vancouver_commercial_agents_200PLUS.csv,46342,1767827858
/Users/sunniyaremchuk/75' Wide 3 Plex - 1298 SF - Second Floor (1).jpg,primary,,Photos,/Users/sunniyaremchuk/RealEstate_Organized/_Library/Photos/75' Wide 3 Plex - 1298 SF - Second Floor (1).jpg,627022,1767765022
/Users/sunniyaremchuk/Allendale_QS_cost_log_FINAL_for_QS.xlsx,unique,Allendale,,/Users/sunniyaremchuk/RealEstate_Organized/Allendale/_NeedsReview/Allendale_QS_cost_log_FINAL_for_QS.xlsx,14826,1764831604
/Users/sunniyaremchuk/Purchase Contract (9724 82 Ave).pdf,unique,9724 82,Contracts,/Users/sunniyaremchuk/RealEstate_Organized/9724 82/Contracts/Purchase Contract (9724 82 Ave).pdf,372170,1770999269
/Users/sunniyaremchuk/Edmonton Co-Start List 2  - Sheet1.csv,unique,,,/Users/sunniyaremchuk/RealEstate_Organized/_NeedsReview/Edmonton Co-Start List 2  - Sheet1.csv,48840,1769653353
/Users/sunniyaremchuk/Distressed Property Outreach .pdf,unique,Distressed Property Outreach,,/Users/sunniyaremchuk/RealEstate_Organized/Distressed Property Outreach/_NeedsReview/Distressed Property Outreach .pdf,89963,1768760033
/Users/sunniyaremchuk/Hard Cost- Evara Lofts.xlsx,unique,,Financials,/Users/sunniyaremchuk/RealEstate_Organized/_Library/Financials/Hard Cost- Evara Lofts.xlsx,22306,1773673713
/Users/sunniyaremchuk/75' Wide 3 Plex - 1298 SF - BDP.jpg,duplicate,,(_Duplicates),/Users/sunniyaremchuk/RealEstate_Organized/_Duplicates/Unknown/75' Wide 3 Plex - 1298 SF - BDP.jpg,619715,1767233909
/Users/sunniyaremchuk/Commercial Purchase Contract.pdf,duplicate,,(_Duplicates),/Users/sunniyaremchuk/RealEstate_Organized/_Duplicates/Unknown/Commercial Purchase Contract.pdf,156877,1768538772
/Users/sunniyaremchuk/Whyte_Avenue_Investment_Summary.pdf,unique,,,/Users/sunniyaremchuk/RealEstate_Organized/_NeedsReview/Whyte_Avenue_Investment_Summary.pdf,4074,1770656892
/Users/sunniyaremchuk/edmonton_properties_enriched_MASTER.csv,unique,,,/Users/sunniyaremchuk/RealEstate_Organized/_NeedsReview/edmonton_properties_enriched_MASTER.csv,30148,1767851631
/Users/sunniyaremchuk/Schedule_D_Project_Utility_Metering (1).pdf,duplicate,,(_Duplicates),/Users/sunniyaremchuk/RealEstate_Organized/_Duplicates/Unknown/Schedule_D_Project_Utility_Metering (1).pdf,8027,1768676064
/Users/sunniyaremchuk/Flip Analyzer.xlsx,unique,,,/Users/sunniyaremchuk/RealEstate_Organized/_NeedsReview/Flip Analyzer.xlsx,200749,1767813258
/Users/sunniyaremchuk/2026 Derilect .xlsx,unique,,,/Users/sunniyaremchuk/RealEstate_Organized/_NeedsReview/2026 Derilect .xlsx,14144,1770237721
/Users/sunniyaremchuk/24-48 Fee-Invoice status as of 25-09-15.pdf,primary,,Financials,/Users/sunniyaremchuk/RealEstate_Organized/_Library/Financials/24-48 Fee-Invoice status as of 25-09-15.pdf,51070,1767737540
/Users/sunniyaremchuk/HSFC_PNW_filled_Loren.pdf,unique,,,/Users/sunniyaremchuk/RealEstate_Organized/_NeedsReview/HSFC_PNW_filled_Loren.pdf,740054,1767909471
/Users/sunniyaremchuk/Invoice Assignment Fee 10612 127 St .pdf,duplicate,10612 127,(_Duplicates),/Users/sunniyaremchuk/RealEstate_Organized/_Duplicates/10612 127/Invoice Assignment Fee 10612 127 St .pdf,27884,1770227778
/Users/sunniyaremchuk/unnamed.jpg,unique,,Photos,/Users/sunniyaremchuk/RealEstate_Organized/_Library/Photos/unnamed.jpg,630805,1769194497
/Users/sunniyaremchuk/Edmonton_Properties_HonestDoor_Enrichment_Template.xlsx,unique,,,/Users/sunniyaremchuk/RealEstate_Organized/_NeedsReview/Edmonton_Properties_HonestDoor_Enrichment_Template.xlsx,24571,1767890525
/Users/sunniyaremchuk/5U1A9170.jpg,unique,,Photos,/Users/sunniyaremchuk/RealEstate_Organized/_Library/Photos/5U1A9170.jpg,4694829,1767830212
/Users/sunniyaremchuk/vancouver_multifamily_agents_batch1.csv,unique,,,/Users/sunniyaremchuk/RealEstate_Organized/_NeedsReview/vancouver_multifamily_agents_batch1.csv,6578,1767826953
/Users/sunniyaremchuk/Allendale_Partner_Meeting_Pack.docx,unique,Allendale,,/Users/sunniyaremchuk/RealEstate_Organized/Allendale/_NeedsReview/Allendale_Partner_Meeting_Pack.docx,41319,1767728806
/Users/sunniyaremchuk/Personalfinancialstatement12.pdf,unique,,,/Users/sunniyaremchuk/RealEstate_Organized/_NeedsReview/Personalfinancialstatement12.pdf,168652,1771257466
/Users/sunniyaremchuk/Meta Proforma Sheet.pdf,primary,,Financials,/Users/sunniyaremchuk/RealEstate_Organized/_Library/Financials/Meta Proforma Sheet.pdf,486281,1767829888
/Users/sunniyaremchuk/10612 - 127 STREET NW - Schedule_B - Sepcifications.pdf,duplicate,10612 127 Street,(_Duplicates),/Users/sunniyaremchuk/RealEstate_Organized/_Duplicates/10612 127 Street/10612 - 127 STREET NW - Schedule_B - Sepcifications.pdf,545271,1767728698
/Users/sunniyaremchuk/Jasper Place 9121 152 St  LOI - Revised - February 4 2026 (1).pdf,duplicate,9121 152,(_Duplicates),/Users/sunniyaremchuk/RealEstate_Organized/_Duplicates/9121 152/Jasper Place 9121 152 St  LOI - Revised - February 4 2026 (1).pdf,410496,1771082777
/Users/sunniyaremchuk/Allendale 61 INC. Credit Facility and Promissory Note - (CMI)May2024.pdf.pdf,unique,Allendale,,/Users/sunniyaremchuk/RealEstate_Organized/Allendale/_NeedsReview/Allendale 61 INC. Credit Facility and Promissory Note - (CMI)May2024.pdf.pdf,200046,1764870808
/Users/sunniyaremchuk/7 ave - 19 big family units.pdf,unique,,,/Users/sunniyaremchuk/RealEstate_Organized/_NeedsReview/7 ave - 19 big family units.pdf,702606,1766541694
/Users/sunniyaremchuk/Allendale_QS_cost_log_v4.xlsx,unique,Allendale,,/Users/sunniyaremchuk/RealEstate_Organized/Allendale/_NeedsReview/Allendale_QS_cost_log_v4.xlsx,19202,1764831607
/Users/sunniyaremchuk/Hard Cost- Evara Lofts (1).xlsx,unique,,Financials,/Users/sunniyaremchuk/RealEstate_Organized/_Library/Financials/Hard Cost- Evara Lofts (1).xlsx,17061,1773944268
/Users/sunniyaremchuk/properties_with_honestdoor_links_and_sample_data.csv,unique,,,/Users/sunniyaremchuk/RealEstate_Organized/_NeedsReview/properties_with_honestdoor_links_and_sample_data.csv,65035,1767593701
"/Users/sunniyaremchuk/Strathcona  Whyte _ U of A, but much more defensible.docx",unique,,,"/Users/sunniyaremchuk/RealEstate_Organized/_NeedsReview/Strathcona  Whyte _ U of A, but much more defensible.docx",1008949,1773111392
/Users/sunniyaremchuk/Commercial Purchase Contract (1) (2) (1).pdf,duplicate,,(_Duplicates),/Users/sunniyaremchuk/RealEstate_Organized/_Duplicates/Unknown/Commercial Purchase Contract (1) (2) (1).pdf,161272,1768849850
/Users/sunniyaremchuk/10848 153 ST Edmonton- Purchase.pdf,unique,10848 153 St,Contracts,/Users/sunniyaremchuk/RealEstate_Organized/10848 153 St/Contracts/10848 153 ST Edmonton- Purchase.pdf,1399370,1773940946
"/Users/sunniyaremchuk/E-TFR - $10,000- 10636 127 NW.pdf",unique,10636 127,,"/Users/sunniyaremchuk/RealEstate_Organized/10636 127/_NeedsReview/E-TFR - $10,000- 10636 127 NW.pdf",71683,1773783722
/Users/sunniyaremchuk/Jasper Park Budget v3 (1).xlsx,primary,Jasper Park,Financials,/Users/sunniyaremchuk/RealEstate_Organized/Jasper Park/Financials/Jasper Park Budget v3 (1).xlsx,36040,1773432579
/Users/sunniyaremchuk/139 20th Ave NE - Design Draft - Floor Plans[14].pdf,unique,,Plans & Permits,/Users/sunniyaremchuk/RealEstate_Organized/_Library/Plans & Permits/139 20th Ave NE - Design Draft - Floor Plans[14].pdf,1401977,1768941575
/Users/sunniyaremchuk/Allendale 1 Budget.xlsx,unique,Allendale,Financials,/Users/sunniyaremchuk/RealEstate_Organized/Allendale/Financials/Allendale 1 Budget.xlsx,28607,1773067226
/Users/sunniyaremchuk/E2025-07-CI-001 Allendale Billing #1 26_08_2025.pdf,unique,Allendale,,/Users/sunniyaremchuk/RealEstate_Organized/Allendale/_NeedsReview/E2025-07-CI-001 Allendale Billing #1 26_08_2025.pdf,98490,1773079207
/Users/sunniyaremchuk/5U1A9173.jpg,unique,,Photos,/Users/sunniyaremchuk/RealEstate_Organized/_Library/Photos/5U1A9173.jpg,6450555,1767830206
/Users/sunniyaremchuk/Landridge_8-Plex_Broker_Brochure.pdf,unique,,,/Users/sunniyaremchuk/RealEstate_Organized/_NeedsReview/Landridge_8-Plex_Broker_Brochure.pdf,4211883,1767830907
/Users/sunniyaremchuk/Schedule_C_Appliance_Schedule_Blank.pdf,duplicate,,(_Duplicates),/Users/sunniyaremchuk/RealEstate_Organized/_Duplicates/Unknown/Schedule_C_Appliance_Schedule_Blank.pdf,2364,1768676230
/Users/sunniyaremchuk/metro_vancouver_commercial_agents_UPDATED.csv,unique,,,/Users/sunniyaremchuk/RealEstate_Organized/_NeedsReview/metro_vancouver_commercial_agents_UPDATED.csv,27096,1767827346
/Users/sunniyaremchuk/Cold Call Script .docx,unique,,,/Users/sunniyaremchuk/RealEstate_Organized/_NeedsReview/Cold Call Script .docx,9938,1773112481
/Users/sunniyaremchuk/Diamante SHAREHOLDERS.pdf,unique,,,/Users/sunniyaremchuk/RealEstate_Organized/_NeedsReview/Diamante SHAREHOLDERS.pdf,104371,1774019640
"/Users/sunniyaremchuk/sunset, wallpaper, beach, intercoastal, west palm….jpeg",unique,,Photos,"/Users/sunniyaremchuk/RealEstate_Organized/_Library/Photos/sunset, wallpaper, beach, intercoastal, west palm….jpeg",83922,1764304046
/Users/sunniyaremchuk/Invoice Assignment Fee 10612 127 St  (2).pdf,primary,10612 127,Contracts,/Users/sunniyaremchuk/RealEstate_Organized/10612 127/Contracts/Invoice Assignment Fee 10612 127 St  (2).pdf,27884,1771254271
/Users/sunniyaremchuk/Peakhill Commitment Letter 6408 106 St.pdf,duplicate,6408 106,(_Duplicates),/Users/sunniyaremchuk/RealEstate_Organized/_Duplicates/6408 106/Peakhill Commitment Letter 6408 106 St.pdf,465100,1767762382
/Users/sunniyaremchuk/15981 110B Ave NW Term Sheet.pdf,duplicate,15981 110B Ave,(_Duplicates),/Users/sunniyaremchuk/RealEstate_Organized/_Duplicates/15981 110B Ave/15981 110B Ave NW Term Sheet.pdf,3542423,1768849462
/Users/sunniyaremchuk/10612 - 127 STREET NW- Rebate Agreement.pdf,duplicate,10612 127 Street,(_Duplicates),/Users/sunniyaremchuk/RealEstate_Organized/_Duplicates/10612 127 Street/10612 - 127 STREET NW- Rebate Agreement.pdf,364541,1767728720
/Users/sunniyaremchuk/10612 - 127 STREET NW - Schedule_B - Sepcifications (2).pdf,duplicate,10612 127 Street,(_Duplicates),/Users/sunniyaremchuk/RealEstate_Organized/_Duplicates/10612 127 Street/10612 - 127 STREET NW - Schedule_B - Sepcifications (2).pdf,545271,1768674360
/Users/sunniyaremchuk/E2025-07-CI-003 Allendale Claim 2 24_11_2025.pdf,primary,Allendale,,/Users/sunniyaremchuk/RealEstate_Organized/Allendale/_NeedsReview/E2025-07-CI-003 Allendale Claim 2 24_11_2025.pdf,101918,1767737422
/Users/sunniyaremchuk/edmonton_properties_enriched_batch10.xlsx,unique,,,/Users/sunniyaremchuk/RealEstate_Organized/_NeedsReview/edmonton_properties_enriched_batch10.xlsx,7741,1767842087
/Users/sunniyaremchuk/5U1A9074.jpg,unique,,Photos,/Users/sunniyaremchuk/RealEstate_Organized/_Library/Photos/5U1A9074.jpg,4450988,1767830305
/Users/sunniyaremchuk/INVOICE_1819_from_Alberta Geomatics Inc_                                           (Operating as Arc Surveys Edmonton).pdf,unique,,,/Users/sunniyaremchuk/RealEstate_Organized/_NeedsReview/INVOICE_1819_from_Alberta Geomatics Inc_                                           (Operating as Arc Surveys Edmonton).pdf,47337,1767905542
/Users/sunniyaremchuk/Ltr -Contract termination Allendale 5plex (1).pdf,primary,Allendale,Contracts,/Users/sunniyaremchuk/RealEstate_Organized/Allendale/Contracts/Ltr -Contract termination Allendale 5plex (1).pdf,219458,1767737407
/Users/sunniyaremchuk/CCDC Allendale Evara Project 6408 106 St.pdf,primary,Allendale,,/Users/sunniyaremchuk/RealEstate_Organized/Allendale/_NeedsReview/CCDC Allendale Evara Project 6408 106 St.pdf,618922,1767737418
/Users/sunniyaremchuk/Dragon-.jpg,unique,,Photos,/Users/sunniyaremchuk/RealEstate_Organized/_Library/Photos/Dragon-.jpg,86627,1771441484
/Users/sunniyaremchuk/Purchase Contract (1).pdf,primary,,Contracts,/Users/sunniyaremchuk/RealEstate_Organized/_Library/Contracts/Purchase Contract (1).pdf,505387,1770170413
/Users/sunniyaremchuk/Mayfield 110_ Cost Breakdown old.xlsx,unique,Mayfield 110,Financials,/Users/sunniyaremchuk/RealEstate_Organized/Mayfield 110/Financials/Mayfield 110_ Cost Breakdown old.xlsx,4413601,1767912706
/Users/sunniyaremchuk/10612 - 127 STREET NW - Schedule R - Rental Guarantee Acknowledgment.pdf,duplicate,10612 127 Street,(_Duplicates),/Users/sunniyaremchuk/RealEstate_Organized/_Duplicates/10612 127 Street/10612 - 127 STREET NW - Schedule R - Rental Guarantee Acknowledgment.pdf,208861,1767728690
/Users/sunniyaremchuk/Purchase_Contract_10407_45_St.pdf,unique,,,/Users/sunniyaremchuk/RealEstate_Organized/_NeedsReview/Purchase_Contract_10407_45_St.pdf,470195,1768695144
/Users/sunniyaremchuk/Founders of Retreat at kia Ora.pdf,unique,,,/Users/sunniyaremchuk/RealEstate_Organized/_NeedsReview/Founders of Retreat at kia Ora.pdf,90660,1771342100
/Users/sunniyaremchuk/Development Decision 564496862-002 (1).pdf,primary,,,/Users/sunniyaremchuk/RealEstate_Organized/_NeedsReview/Development Decision 564496862-002 (1).pdf,317491,1766771866
/Users/sunniyaremchuk/PNW Statement.xlsx,unique,,Investor Docs,/Users/sunniyaremchuk/RealEstate_Organized/_Library/Investor Docs/PNW Statement.xlsx,52721,1767904436
/Users/sunniyaremchuk/HS Loren PNW 1.png,unique,,Photos,/Users/sunniyaremchuk/RealEstate_Organized/_Library/Photos/HS Loren PNW 1.png,235376,1767941000
/Users/sunniyaremchuk/Jasper Park Budget.xlsx,unique,Jasper Park,Financials,/Users/sunniyaremchuk/RealEstate_Organized/Jasper Park/Financials/Jasper Park Budget.xlsx,36097,1767914122
/Users/sunniyaremchuk/Purchase_Contract_(10315) (1).pdf,primary,,,/Users/sunniyaremchuk/RealEstate_Organized/_NeedsReview/Purchase_Contract_(10315) (1).pdf,479928,1770665573
/Users/sunniyaremchuk/Complete_with_Docusign_Construction_Agreement (3).pdf,unique,,,/Users/sunniyaremchuk/RealEstate_Organized/_NeedsReview/Complete_with_Docusign_Construction_Agreement (3).pdf,237106,1773425041
/Users/sunniyaremchuk/Invoice 10801.png,unique,,Photos,/Users/sunniyaremchuk/RealEstate_Organized/_Library/Photos/Invoice 10801.png,120017,1774017698
/Users/sunniyaremchuk/10646 61 Ave Allendale 6 Plex - 003.pdf,duplicate,Allendale,(_Duplicates),/Users/sunniyaremchuk/RealEstate_Organized/_Duplicates/Allendale/10646 61 Ave Allendale 6 Plex - 003.pdf,425551,1772595750
/Users/sunniyaremchuk/Jasper Park Budget .xlsx,duplicate,Jasper Park,(_Duplicates),/Users/sunniyaremchuk/RealEstate_Organized/_Duplicates/Jasper Park/Jasper Park Budget .xlsx,36040,1773156194
/Users/sunniyaremchuk/Building Permit 564496862-006 (2).pdf,primary,,Plans & Permits,/Users/sunniyaremchuk/RealEstate_Organized/_Library/Plans & Permits/Building Permit 564496862-006 (2).pdf,203442,1767561821
/Users/sunniyaremchuk/ArchitecturalWindsor Central - FullSet 20250108.pdf,unique,,,/Users/sunniyaremchuk/RealEstate_Organized/_NeedsReview/ArchitecturalWindsor Central - FullSet 20250108.pdf,24813361,1770586075
/Users/sunniyaremchuk/alberta_permits_starter.zip,primary,,,/Users/sunniyaremchuk/RealEstate_Organized/_NeedsReview/alberta_permits_starter.zip,9845,1766277782
/Users/sunniyaremchuk/9121 152 ST NW Plans (1).pdf,unique,9121 152,Plans & Permits,/Users/sunniyaremchuk/RealEstate_Organized/9121 152/Plans & Permits/9121 152 ST NW Plans (1).pdf,1963429,1768675384
/Users/sunniyaremchuk/10612 - 127 STREET NW- Addendum (1).pdf,duplicate,10612 127 Street,(_Duplicates),/Users/sunniyaremchuk/RealEstate_Organized/_Duplicates/10612 127 Street/10612 - 127 STREET NW- Addendum (1).pdf,303223,1768538331
/Users/sunniyaremchuk/Property_Assessment_Data_(Current_Calendar_Year)_20260112.numbers,unique,,,/Users/sunniyaremchuk/RealEstate_Organized/_NeedsReview/Property_Assessment_Data_(Current_Calendar_Year)_20260112.numbers,238968,1768238875
/Users/sunniyaremchuk/GSA.pdf,unique,,,/Users/sunniyaremchuk/RealEstate_Organized/_NeedsReview/GSA.pdf,111422,1764810132
/Users/sunniyaremchuk/CCDC2 BLANK (EVARA Lofts).pdf,unique,,,/Users/sunniyaremchuk/RealEstate_Organized/_NeedsReview/CCDC2 BLANK (EVARA Lofts).pdf,719086,1768000686
/Users/sunniyaremchuk/Gemini_Generated_Image_sgjqbnsgjqbnsgjq.png,unique,,Photos,/Users/sunniyaremchuk/RealEstate_Organized/_Library/Photos/Gemini_Generated_Image_sgjqbnsgjqbnsgjq.png,2417143,1771617788
/Users/sunniyaremchuk/Ontario_Naturopathic_Clinics_Directory.xlsx,unique,,,/Users/sunniyaremchuk/RealEstate_Organized/_NeedsReview/Ontario_Naturopathic_Clinics_Directory.xlsx,16222,1778188872
/Users/sunniyaremchuk/Driver's License Ana.jpg,primary,,Photos,/Users/sunniyaremchuk/RealEstate_Organized/_Library/Photos/Driver's License Ana.jpg,874946,1768679279
/Users/sunniyaremchuk/d541659b-923a-41d9-ade5-54289851d0a4-CRA-GRID.pdf,unique,,,/Users/sunniyaremchuk/RealEstate_Organized/_NeedsReview/d541659b-923a-41d9-ade5-54289851d0a4-CRA-GRID.pdf,83923,1769192027
/Users/sunniyaremchuk/Allendale_Development_Capital_Stack.xlsx,unique,Allendale,,/Users/sunniyaremchuk/RealEstate_Organized/Allendale/_NeedsReview/Allendale_Development_Capital_Stack.xlsx,5541,1772637743
/Users/sunniyaremchuk/CMHC presentation draft 1-2.pdf,primary,,Financials,/Users/sunniyaremchuk/RealEstate_Organized/_Library/Financials/CMHC presentation draft 1-2.pdf,18815556,1766541889
/Users/sunniyaremchuk/Purchase Contract (10315).pdf,unique,,Contracts,/Users/sunniyaremchuk/RealEstate_Organized/_Library/Contracts/Purchase Contract (10315).pdf,370765,1770228921
/Users/sunniyaremchuk/HS Loren PNW 2.png,unique,,Photos,/Users/sunniyaremchuk/RealEstate_Organized/_Library/Photos/HS Loren PNW 2.png,127276,1767941019
/Users/sunniyaremchuk/Builder Agreement Jasper Park  (1).pdf,unique,Jasper Park,Contracts,/Users/sunniyaremchuk/RealEstate_Organized/Jasper Park/Contracts/Builder Agreement Jasper Park  (1).pdf,345442,1773775483
/Users/sunniyaremchuk/Allendale cost breakdown .png,unique,Allendale,Photos,/Users/sunniyaremchuk/RealEstate_Organized/Allendale/Photos/Allendale cost breakdown .png,511155,1772636005
/Users/sunniyaremchuk/10612 - 127 STREET NW - Schedule R - Rental Guarantee Acknowledgment (1).pdf,primary,10612 127 Street,Contracts,/Users/sunniyaremchuk/RealEstate_Organized/10612 127 Street/Contracts/10612 - 127 STREET NW - Schedule R - Rental Guarantee Acknowledgment (1).pdf,208861,1768674346
/Users/sunniyaremchuk/Purchase Contract- 10407 45 St (1).pdf,unique,10407 45,Contracts,/Users/sunniyaremchuk/RealEstate_Organized/10407 45/Contracts/Purchase Contract- 10407 45 St (1).pdf,347638,1769132953
/Users/sunniyaremchuk/9121 152 ST NW Plans.pdf,unique,9121 152,Plans & Permits,/Users/sunniyaremchuk/RealEstate_Organized/9121 152/Plans & Permits/9121 152 ST NW Plans.pdf,1985223,1768675161
/Users/sunniyaremchuk/10646 61 Ave Allendale - Front & Left (2).jpg,duplicate,Allendale,(_Duplicates),/Users/sunniyaremchuk/RealEstate_Organized/_Duplicates/Allendale/10646 61 Ave Allendale - Front & Left (2).jpg,184112,1773193405
/Users/sunniyaremchuk/Allendale_5Plex_Updated_Hard_Costs.xlsx,unique,Allendale,,/Users/sunniyaremchuk/RealEstate_Organized/Allendale/_NeedsReview/Allendale_5Plex_Updated_Hard_Costs.xlsx,10720,1773070990
/Users/sunniyaremchuk/HSFC_PNW_filled_Loren (1) (1).pdf,duplicate,,(_Duplicates),/Users/sunniyaremchuk/RealEstate_Organized/_Duplicates/Unknown/HSFC_PNW_filled_Loren (1) (1).pdf,458568,1767910243
/Users/sunniyaremchuk/15981 110B Ave NW Term Sheet (1).pdf,primary,15981 110B Ave,,/Users/sunniyaremchuk/RealEstate_Organized/15981 110B Ave/_NeedsReview/15981 110B Ave NW Term Sheet (1).pdf,3542423,1769123901
/Users/sunniyaremchuk/Kia Ora Reatret .pdf,unique,,,/Users/sunniyaremchuk/RealEstate_Organized/_NeedsReview/Kia Ora Reatret .pdf,529736,1771342123
/Users/sunniyaremchuk/property_assessment_enriched_MASTER_v1_1.csv,primary,,,/Users/sunniyaremchuk/RealEstate_Organized/_NeedsReview/property_assessment_enriched_MASTER_v1_1.csv,28061,1768248133
/Users/sunniyaremchuk/5U1A9116.jpg,unique,,Photos,/Users/sunniyaremchuk/RealEstate_Organized/_Library/Photos/5U1A9116.jpg,5467999,1767830247
/Users/sunniyaremchuk/Statements.pdf,unique,,,/Users/sunniyaremchuk/RealEstate_Organized/_NeedsReview/Statements.pdf,197048,1773941105
/Users/sunniyaremchuk/Allendale_Complete_Model.xlsx,unique,Allendale,,/Users/sunniyaremchuk/RealEstate_Organized/Allendale/_NeedsReview/Allendale_Complete_Model.xlsx,7185,1772641725
/Users/sunniyaremchuk/INDEPENDENT_CONTRACTOR_AGREEMENT_.pdf,unique,,,/Users/sunniyaremchuk/RealEstate_Organized/_NeedsReview/INDEPENDENT_CONTRACTOR_AGREEMENT_.pdf,164943,1768761358
"/Users/sunniyaremchuk/Co-Star, Multifamily Buyers, 2014-2022, 1-4 stars.xlsx - export.csv",unique,,,"/Users/sunniyaremchuk/RealEstate_Organized/_NeedsReview/Co-Star, Multifamily Buyers, 2014-2022, 1-4 stars.xlsx - export.csv",18089,1769660834
/Users/sunniyaremchuk/Grants.docx,duplicate,,(_Duplicates),/Users/sunniyaremchuk/RealEstate_Organized/_Duplicates/Unknown/Grants.docx,296414,1771352370
/Users/sunniyaremchuk/lender_underwriting_budget_v2.xlsx,unique,,,/Users/sunniyaremchuk/RealEstate_Organized/_NeedsReview/lender_underwriting_budget_v2.xlsx,10070,1767903162
/Users/sunniyaremchuk/Invoice_154.pdf,unique,,,/Users/sunniyaremchuk/RealEstate_Organized/_NeedsReview/Invoice_154.pdf,38906,1773079852
/Users/sunniyaremchuk/property_assessment_enriched_batch1.csv,unique,,,/Users/sunniyaremchuk/RealEstate_Organized/_NeedsReview/property_assessment_enriched_batch1.csv,2444,1768239727
/Users/sunniyaremchuk/4 plex s - Uploaded  - Sheet1.csv,unique,,,/Users/sunniyaremchuk/RealEstate_Organized/_NeedsReview/4 plex s - Uploaded  - Sheet1.csv,2669,1769655429
/Users/sunniyaremchuk/Agent-for-Service-Consent.pdf,unique,,,/Users/sunniyaremchuk/RealEstate_Organized/_NeedsReview/Agent-for-Service-Consent.pdf,47121,1767902325
/Users/sunniyaremchuk/10612 - 127 STREET NW- Schedule C (2).pdf,duplicate,10612 127 Street,(_Duplicates),/Users/sunniyaremchuk/RealEstate_Organized/_Duplicates/10612 127 Street/10612 - 127 STREET NW- Schedule C (2).pdf,785582,1768674392
/Users/sunniyaremchuk/HSFC_PNW_filled_Loren (1) (1) (1).pdf,primary,,,/Users/sunniyaremchuk/RealEstate_Organized/_NeedsReview/HSFC_PNW_filled_Loren (1) (1) (1).pdf,458568,1767984333
/Users/sunniyaremchuk/Allendale_ Cost Breakdown.xlsx,unique,Allendale,Financials,/Users/sunniyaremchuk/RealEstate_Organized/Allendale/Financials/Allendale_ Cost Breakdown.xlsx,4413826,1773086105
/Users/sunniyaremchuk/Here_is_your_signed_document_Melodia_Yaremch.pdf,unique,,,/Users/sunniyaremchuk/RealEstate_Organized/_NeedsReview/Here_is_your_signed_document_Melodia_Yaremch.pdf,205526,1766770083
/Users/sunniyaremchuk/10646 61 Ave Allendale - Front & Left (3).jpg,duplicate,Allendale,(_Duplicates),/Users/sunniyaremchuk/RealEstate_Organized/_Duplicates/Allendale/10646 61 Ave Allendale - Front & Left (3).jpg,184112,1773243344
/Users/sunniyaremchuk/Allendale_Equity_SoftCosts_Styled.xlsx,unique,Allendale,,/Users/sunniyaremchuk/RealEstate_Organized/Allendale/_NeedsReview/Allendale_Equity_SoftCosts_Styled.xlsx,10235,1773084356
/Users/sunniyaremchuk/Schedule_G_Completion_Purchase_Addendum_NoAssign_NoPM.pdf,unique,,,/Users/sunniyaremchuk/RealEstate_Organized/_NeedsReview/Schedule_G_Completion_Purchase_Addendum_NoAssign_NoPM.pdf,5881,1768678483
/Users/sunniyaremchuk/Allendale_Investment_Proposal_.docx,primary,Allendale,,/Users/sunniyaremchuk/RealEstate_Organized/Allendale/_NeedsReview/Allendale_Investment_Proposal_.docx,31637,1768322094
/Users/sunniyaremchuk/CCDC Allendale Evara Project 6408 106 St (1).pdf,unique,Allendale,,/Users/sunniyaremchuk/RealEstate_Organized/Allendale/_NeedsReview/CCDC Allendale Evara Project 6408 106 St (1).pdf,626016,1768500033
/Users/sunniyaremchuk/252295916_56441897_0_0.pdf,duplicate,,(_Duplicates),/Users/sunniyaremchuk/RealEstate_Organized/_Duplicates/Unknown/252295916_56441897_0_0.pdf,41003,1773413516
/Users/sunniyaremchuk/Allendale_Cost To Date Summary.xlsx,unique,Allendale,Financials,/Users/sunniyaremchuk/RealEstate_Organized/Allendale/Financials/Allendale_Cost To Date Summary.xlsx,14811,1764831365
/Users/sunniyaremchuk/5U1A9107.jpg,unique,,Photos,/Users/sunniyaremchuk/RealEstate_Organized/_Library/Photos/5U1A9107.jpg,6359073,1767830260
/Users/sunniyaremchuk/Director-Consent.pdf,primary,,,/Users/sunniyaremchuk/RealEstate_Organized/_NeedsReview/Director-Consent.pdf,53096,1767902234
/Users/sunniyaremchuk/10612 - 127 STREET NW- Landridge Homes-Sales Contract (1).pdf,duplicate,10612 127 Street,(_Duplicates),/Users/sunniyaremchuk/RealEstate_Organized/_Duplicates/10612 127 Street/10612 - 127 STREET NW- Landridge Homes-Sales Contract (1).pdf,1022641,1768538349
/Users/sunniyaremchuk/Alberta August 2023-2024 Sellers.xlsx - export.csv,unique,,,/Users/sunniyaremchuk/RealEstate_Organized/_NeedsReview/Alberta August 2023-2024 Sellers.xlsx - export.csv,114340,1769655905
/Users/sunniyaremchuk/WhatsApp Image 2025-11-19 at 3.16.30 PM.jpeg,unique,,Photos,/Users/sunniyaremchuk/RealEstate_Organized/_Library/Photos/WhatsApp Image 2025-11-19 at 3.16.30 PM.jpeg,200680,1768331876
/Users/sunniyaremchuk/5051 5th ave full application (1).pdf,unique,,,/Users/sunniyaremchuk/RealEstate_Organized/_NeedsReview/5051 5th ave full application (1).pdf,769814,1766541703
/Users/sunniyaremchuk/BillStatement_342097 (1).pdf,primary,,,/Users/sunniyaremchuk/RealEstate_Organized/_NeedsReview/BillStatement_342097 (1).pdf,102953,1768785832
/Users/sunniyaremchuk/Schedule_G_Completion_Addendum_Q1_2027_DepositRelease (1).pdf,duplicate,,(_Duplicates),/Users/sunniyaremchuk/RealEstate_Organized/_Duplicates/Unknown/Schedule_G_Completion_Addendum_Q1_2027_DepositRelease (1).pdf,5607,1768877263
/Users/sunniyaremchuk/Blueprints-Fourplex Back to Back .pdf,duplicate,,(_Duplicates),/Users/sunniyaremchuk/RealEstate_Organized/_Duplicates/Unknown/Blueprints-Fourplex Back to Back .pdf,3251214,1767829846
/Users/sunniyaremchuk/HSFC_PNW_filled_Loren (1).pdf,duplicate,,(_Duplicates),/Users/sunniyaremchuk/RealEstate_Organized/_Duplicates/Unknown/HSFC_PNW_filled_Loren (1).pdf,458568,1767909649
"/Users/sunniyaremchuk/Strathcona  Whyte _ U of A, but much more defensible (1).docx",unique,,,"/Users/sunniyaremchuk/RealEstate_Organized/_NeedsReview/Strathcona  Whyte _ U of A, but much more defensible (1).docx",1008949,1773112117
/Users/sunniyaremchuk/unnamed (1).jpg,unique,,Photos,/Users/sunniyaremchuk/RealEstate_Organized/_Library/Photos/unnamed (1).jpg,454955,1769194503
"/Users/sunniyaremchuk/14858, 8 Unit Complex, Sunrize Investments, 9121 152 Street, Jasper Park, FINAL (1).pdf",primary,Jasper Park,,"/Users/sunniyaremchuk/RealEstate_Organized/Jasper Park/_NeedsReview/14858, 8 Unit Complex, Sunrize Investments, 9121 152 Street, Jasper Park, FINAL (1).pdf",5576342,1770848269
/Users/sunniyaremchuk/Assignment Agreement- High Park.pdf,unique,High Park,Contracts,/Users/sunniyaremchuk/RealEstate_Organized/High Park/Contracts/Assignment Agreement- High Park.pdf,399839,1773940951
/Users/sunniyaremchuk/lender_underwriting_budget.xlsx,unique,,,/Users/sunniyaremchuk/RealEstate_Organized/_NeedsReview/lender_underwriting_budget.xlsx,9685,1767902124
/Users/sunniyaremchuk/Allendale_Master_Budget_Sources_Uses.xlsx,unique,Allendale,,/Users/sunniyaremchuk/RealEstate_Organized/Allendale/_NeedsReview/Allendale_Master_Budget_Sources_Uses.xlsx,6184,1772641902
/Users/sunniyaremchuk/Front.jpg,duplicate,,(_Duplicates),/Users/sunniyaremchuk/RealEstate_Organized/_Duplicates/Unknown/Front.jpg,874946,1768676435
/Users/sunniyaremchuk/image.jpg,unique,,Photos,/Users/sunniyaremchuk/RealEstate_Organized/_Library/Photos/image.jpg,151503,1770653927
/Users/sunniyaremchuk/Kia Ora Health Allignment Institute .pdf,unique,,,/Users/sunniyaremchuk/RealEstate_Organized/_NeedsReview/Kia Ora Health Allignment Institute .pdf,79057,1771349813
/Users/sunniyaremchuk/Amendment_-_Purchase_Contract (1) (1).pdf,unique,,,/Users/sunniyaremchuk/RealEstate_Organized/_NeedsReview/Amendment_-_Purchase_Contract (1) (1).pdf,274599,1773413668
"/Users/sunniyaremchuk/14858, 8 Unit Complex, Sunrize Investments, 9121 152 Street, Jasper Park, FINAL.pdf",duplicate,Jasper Park,(_Duplicates),"/Users/sunniyaremchuk/RealEstate_Organized/_Duplicates/Jasper Park/14858, 8 Unit Complex, Sunrize Investments, 9121 152 Street, Jasper Park, FINAL.pdf",5576342,1770751728
/Users/sunniyaremchuk/edmonton_properties_enriched_batch11.csv,unique,,,/Users/sunniyaremchuk/RealEstate_Organized/_NeedsReview/edmonton_properties_enriched_batch11.csv,3356,1767844085
/Users/sunniyaremchuk/Articles-of-Incorporation- 2652708 ALBERTA INC. (1).pdf,unique,,,/Users/sunniyaremchuk/RealEstate_Organized/_NeedsReview/Articles-of-Incorporation- 2652708 ALBERTA INC. (1).pdf,140447,1773943907
/Users/sunniyaremchuk/Labrie Transit Oriented Development Investment Brief (2).pdf,primary,,,/Users/sunniyaremchuk/RealEstate_Organized/_NeedsReview/Labrie Transit Oriented Development Investment Brief (2).pdf,677541,1773113128
/Users/sunniyaremchuk/ApplicationStatusReport.pdf,duplicate,,(_Duplicates),/Users/sunniyaremchuk/RealEstate_Organized/_Duplicates/Unknown/ApplicationStatusReport.pdf,126968,1766530003
/Users/sunniyaremchuk/Allendale_Investment_Proposal_50-50_JV.docx,duplicate,Allendale,(_Duplicates),/Users/sunniyaremchuk/RealEstate_Organized/_Duplicates/Allendale/Allendale_Investment_Proposal_50-50_JV.docx,31637,1767814234
/Users/sunniyaremchuk/Survey Plan - 495556545-002.pdf,unique,,Plans & Permits,/Users/sunniyaremchuk/RealEstate_Organized/_Library/Plans & Permits/Survey Plan - 495556545-002.pdf,125455,1767042778
/Users/sunniyaremchuk/wave-and-boat-on-the-beach-as-background-beautiful-nature-illustration-ai-generative-free-photo.webp,unique,,Photos,/Users/sunniyaremchuk/RealEstate_Organized/_Library/Photos/wave-and-boat-on-the-beach-as-background-beautiful-nature-illustration-ai-generative-free-photo.webp,31544,1764304592
/Users/sunniyaremchuk/Commercial Purchase Contract (1).pdf,primary,,Contracts,/Users/sunniyaremchuk/RealEstate_Organized/_Library/Contracts/Commercial Purchase Contract (1).pdf,156877,1768674144
/Users/sunniyaremchuk/Approved Rental Use Designation.pdf,unique,,,/Users/sunniyaremchuk/RealEstate_Organized/_NeedsReview/Approved Rental Use Designation.pdf,252451,1773072592
/Users/sunniyaremchuk/Allendale_Master_Budget_Sources_Uses_UPDATED.xlsx,unique,Allendale,,/Users/sunniyaremchuk/RealEstate_Organized/Allendale/_NeedsReview/Allendale_Master_Budget_Sources_Uses_UPDATED.xlsx,6386,1772642222
/Users/sunniyaremchuk/Jasper_Park_Project_Budget_v3.xlsx,unique,Jasper Park,,/Users/sunniyaremchuk/RealEstate_Organized/Jasper Park/_NeedsReview/Jasper_Park_Project_Budget_v3.xlsx,30390,1773164488
/Users/sunniyaremchuk/Mayfield 110B.xlsx,unique,Mayfield 110,,/Users/sunniyaremchuk/RealEstate_Organized/Mayfield 110/_NeedsReview/Mayfield 110B.xlsx,21118,1767998461
/Users/sunniyaremchuk/Pro-forma Allendale 5 Unit .xlsx,duplicate,Allendale,(_Duplicates),/Users/sunniyaremchuk/RealEstate_Organized/_Duplicates/Allendale/Pro-forma Allendale 5 Unit .xlsx,8888,1773673942
/Users/sunniyaremchuk/Buyers_Realtor_1757725372.xlsx - buyers.csv,unique,,,/Users/sunniyaremchuk/RealEstate_Organized/_NeedsReview/Buyers_Realtor_1757725372.xlsx - buyers.csv,5982,1769656291
/Users/sunniyaremchuk/Allendale Investment_Summary (1).docx,primary,Allendale,,/Users/sunniyaremchuk/RealEstate_Organized/Allendale/_NeedsReview/Allendale Investment_Summary (1).docx,17082,1773778537
/Users/sunniyaremchuk/lender_underwriting_budget_v4_devfee125_interest0.xlsx,unique,,,/Users/sunniyaremchuk/RealEstate_Organized/_NeedsReview/lender_underwriting_budget_v4_devfee125_interest0.xlsx,19248,1767998471
/Users/sunniyaremchuk/Purchase Contract 10407 45 St.pdf,unique,10407 45,Contracts,/Users/sunniyaremchuk/RealEstate_Organized/10407 45/Contracts/Purchase Contract 10407 45 St.pdf,436217,1768694718
/Users/sunniyaremchuk/75' Wide 3 Plex - 1298 SF - BDP (1).jpg,primary,,Photos,/Users/sunniyaremchuk/RealEstate_Organized/_Library/Photos/75' Wide 3 Plex - 1298 SF - BDP (1).jpg,619715,1767765026
/Users/sunniyaremchuk/B&H_IP_Assignment_Agreement.pdf,unique,,,/Users/sunniyaremchuk/RealEstate_Organized/_NeedsReview/B&H_IP_Assignment_Agreement.pdf,2250,1770851304
/Users/sunniyaremchuk/Qualis Transaction list 20250808.pdf,primary,,,/Users/sunniyaremchuk/RealEstate_Organized/_NeedsReview/Qualis Transaction list 20250808.pdf,59830,1767737399
/Users/sunniyaremchuk/directory_harvester/requirements.txt,unique,,,/Users/sunniyaremchuk/RealEstate_Organized/_NeedsReview/requirements.txt,98,1766329870
/Users/sunniyaremchuk/directory_harvester/README.md,unique,,,/Users/sunniyaremchuk/RealEstate_Organized/_NeedsReview/README.md,93,1766329870
/Users/sunniyaremchuk/Pictures/Photo Booth Library/Pictures/Photo on 2026-04-17 at 21.29 #2.jpg,unique,,Photos,/Users/sunniyaremchuk/RealEstate_Organized/_Library/Photos/Photo on 2026-04-17 at 21.29 #2.jpg,147266,1776482965
/Users/sunniyaremchuk/Pictures/Photo Booth Library/Pictures/Photo on 2026-04-17 at 21.29.jpg,unique,,Photos,/Users/sunniyaremchuk/RealEstate_Organized/_Library/Photos/Photo on 2026-04-17 at 21.29.jpg,162842,1776482959
/Users/sunniyaremchuk/Pictures/Photo Booth Library/Pictures/Photo on 2026-04-17 at 19.09.jpg,unique,,Photos,/Users/sunniyaremchuk/RealEstate_Organized/_Library/Photos/Photo on 2026-04-17 at 19.09.jpg,370637,1776474568
/Users/sunniyaremchuk/Desktop/organized_contacts.csv,unique,,,/Users/sunniyaremchuk/RealEstate_Organized/_NeedsReview/organized_contacts.csv,5002508,1780030100
/Users/sunniyaremchuk/Desktop/Export_Contacts_undefined_May_2026_10_54_PM.numbers,unique,,,/Users/sunniyaremchuk/RealEstate_Organized/_NeedsReview/Export_Contacts_undefined_May_2026_10_54_PM.numbers,3713465,1780030192
/Users/sunniyaremchuk/Desktop/organized_contacts.numbers,unique,,,/Users/sunniyaremchuk/RealEstate_Organized/_NeedsReview/organized_contacts.numbers,8617106,1780030055
/Users/sunniyaremchuk/flip-analyzer/contacts.csv,unique,,,/Users/sunniyaremchuk/RealEstate_Organized/_NeedsReview/contacts.csv,694892,1780021769
/Users/sunniyaremchuk/flip-analyzer/organized_contacts.csv,unique,,,/Users/sunniyaremchuk/RealEstate_Organized/_NeedsReview/organized_contacts.csv,5002988,1780024423
/Users/sunniyaremchuk/flip-analyzer/README.md,unique,,,/Users/sunniyaremchuk/RealEstate_Organized/_NeedsReview/README.md,1157,1773004665
/Users/sunniyaremchuk/flip-analyzer/companies_phones.csv,unique,,,/Users/sunniyaremchuk/RealEstate_Organized/_NeedsReview/companies_phones.csv,3094364,1780023432
/Users/sunniyaremchuk/flip-analyzer/dist/vite.svg,primary,,Photos,/Users/sunniyaremchuk/RealEstate_Organized/_Library/Photos/vite.svg,1497,1778621488
/Users/sunniyaremchuk/flip-analyzer/public/vite.svg,duplicate,,(_Duplicates),/Users/sunniyaremchuk/RealEstate_Organized/_Duplicates/Unknown/vite.svg,1497,1773004665
/Users/sunniyaremchuk/flip-analyzer/src/assets/react.svg,unique,,Photos,/Users/sunniyaremchuk/RealEstate_Organized/_Library/Photos/react.svg,4126,1773004666
/Users/sunniyaremchuk/Documents/PRO_600 Drury Street.pdf,unique,,,/Users/sunniyaremchuk/RealEstate_Organized/_NeedsReview/PRO_600 Drury Street.pdf,735935,1766083857
/Users/sunniyaremchuk/Documents/Personal Net Worth Statement_HSFC_2025.pdf,unique,,,/Users/sunniyaremchuk/RealEstate_Organized/_NeedsReview/Personal Net Worth Statement_HSFC_2025.pdf,845330,1766096378
/Users/sunniyaremchuk/Documents/24-48 Fee-Invoice status as of 25-09-15 (004) (1).pdf,duplicate,,(_Duplicates),/Users/sunniyaremchuk/RealEstate_Organized/_Duplicates/Unknown/24-48 Fee-Invoice status as of 25-09-15 (004) (1).pdf,51070,1766162834
/Users/sunniyaremchuk/Documents/24-48 Fee-Invoice status as of 25-09-15 (004) (2) (1).pdf,duplicate,,(_Duplicates),/Users/sunniyaremchuk/RealEstate_Organized/_Duplicates/Unknown/24-48 Fee-Invoice status as of 25-09-15 (004) (2) (1).pdf,51070,1766177092
/Users/sunniyaremchuk/Documents/24-48 Fee-Invoice status as of 25-09-15 (3) (1).pdf,duplicate,,(_Duplicates),/Users/sunniyaremchuk/RealEstate_Organized/_Duplicates/Unknown/24-48 Fee-Invoice status as of 25-09-15 (3) (1).pdf,51070,1766177113
/Users/sunniyaremchuk/Documents/Sunrize_Investments_NDA_John_Wade_SIGNED_BOXED.pdf,unique,,,/Users/sunniyaremchuk/RealEstate_Organized/_NeedsReview/Sunrize_Investments_NDA_John_Wade_SIGNED_BOXED.pdf,5938,1766258086
/Users/sunniyaremchuk/Documents/E2025-07-CI-001 Allendale Billing #1 - 26_08_2025 (2) (2).pdf,duplicate,Allendale,(_Duplicates),/Users/sunniyaremchuk/RealEstate_Organized/_Duplicates/Allendale/E2025-07-CI-001 Allendale Billing #1 - 26_08_2025 (2) (2).pdf,98490,1766177179
/Users/sunniyaremchuk/Documents/brave_screenshot_mail.google.com.png,duplicate,,(_Duplicates),/Users/sunniyaremchuk/RealEstate_Organized/_Duplicates/Unknown/brave_screenshot_mail.google.com.png,69493,1766177024
/Users/sunniyaremchuk/Documents/6408_106_St_Soft_Costs_Equity_Injected.xlsx,duplicate,6408 106,(_Duplicates),/Users/sunniyaremchuk/RealEstate_Organized/_Duplicates/6408 106/6408_106_St_Soft_Costs_Equity_Injected.xlsx,5927,1766186608
/Users/sunniyaremchuk/Documents/First-Shareholder-Resolution.pdf,duplicate,,(_Duplicates),/Users/sunniyaremchuk/RealEstate_Organized/_Duplicates/Unknown/First-Shareholder-Resolution.pdf,36204,1766470880
/Users/sunniyaremchuk/Documents/Purchase Contract.pdf,duplicate,,(_Duplicates),/Users/sunniyaremchuk/RealEstate_Organized/_Duplicates/Unknown/Purchase Contract.pdf,505387,1766005810
/Users/sunniyaremchuk/Documents/First-Director-Resolution.pdf,duplicate,,(_Duplicates),/Users/sunniyaremchuk/RealEstate_Organized/_Duplicates/Unknown/First-Director-Resolution.pdf,86932,1766470911
"/Users/sunniyaremchuk/Documents/Land deposit-$25,000-10612 127 ST.pdf",unique,10612 127,,"/Users/sunniyaremchuk/RealEstate_Organized/10612 127/_NeedsReview/Land deposit-$25,000-10612 127 ST.pdf",732902,1766014523
/Users/sunniyaremchuk/Documents/24-48 Fee-Invoice status as of 25-09-15 (1).pdf,duplicate,,(_Duplicates),/Users/sunniyaremchuk/RealEstate_Organized/_Duplicates/Unknown/24-48 Fee-Invoice status as of 25-09-15 (1).pdf,51070,1766162918
/Users/sunniyaremchuk/Documents/Calgary_Builders_List.csv,unique,,,/Users/sunniyaremchuk/RealEstate_Organized/_NeedsReview/Calgary_Builders_List.csv,3791,1766097732
/Users/sunniyaremchuk/Documents/Purchase Contract (10801_10805) (1).pdf,primary,,Contracts,/Users/sunniyaremchuk/RealEstate_Organized/_Library/Contracts/Purchase Contract (10801_10805) (1).pdf,383165,1766009989
/Users/sunniyaremchuk/Documents/6408_106_St_TRUE_Soft_Costs_Only.xlsx,duplicate,6408 106,(_Duplicates),/Users/sunniyaremchuk/RealEstate_Organized/_Duplicates/6408 106/6408_106_St_TRUE_Soft_Costs_Only.xlsx,5696,1766186714
/Users/sunniyaremchuk/Documents/fire_protection_contacts_starter.csv,unique,,,/Users/sunniyaremchuk/RealEstate_Organized/_NeedsReview/fire_protection_contacts_starter.csv,1618,1766475990
"/Users/sunniyaremchuk/Documents/24-48-Allendale Five-Plex- Progress April 14, 2025.pdf",unique,Allendale,,"/Users/sunniyaremchuk/RealEstate_Organized/Allendale/_NeedsReview/24-48-Allendale Five-Plex- Progress April 14, 2025.pdf",6527652,1766017922
/Users/sunniyaremchuk/Documents/Sunrize_Investments_NDA_John_Wade_SIGNED_BOXED (1).pdf,unique,,,/Users/sunniyaremchuk/RealEstate_Organized/_NeedsReview/Sunrize_Investments_NDA_John_Wade_SIGNED_BOXED (1).pdf,114297,1766258177
/Users/sunniyaremchuk/Documents/Engagement Letter - 9121 - 152 Street (2).pdf,unique,9121 152,,/Users/sunniyaremchuk/RealEstate_Organized/9121 152/_NeedsReview/Engagement Letter - 9121 - 152 Street (2).pdf,438591,1766183381
/Users/sunniyaremchuk/Documents/24-48 Fee-Invoice status as of 25-09-15 (004).pdf,duplicate,,(_Duplicates),/Users/sunniyaremchuk/RealEstate_Organized/_Duplicates/Unknown/24-48 Fee-Invoice status as of 25-09-15 (004).pdf,51070,1766035463
/Users/sunniyaremchuk/Documents/E2025-07-CI-003 Allendale Claim 2 24_11_2025 (1).pdf,duplicate,Allendale,(_Duplicates),/Users/sunniyaremchuk/RealEstate_Organized/_Duplicates/Allendale/E2025-07-CI-003 Allendale Claim 2 24_11_2025 (1).pdf,101918,1766162909
/Users/sunniyaremchuk/Documents/15981 110B Ave Contract.docx.pdf,unique,15981 110B Ave,Contracts,/Users/sunniyaremchuk/RealEstate_Organized/15981 110B Ave/Contracts/15981 110B Ave Contract.docx.pdf,328396,1766512209
/Users/sunniyaremchuk/Documents/Contract_Release_Fee.pdf,duplicate,,(_Duplicates),/Users/sunniyaremchuk/RealEstate_Organized/_Duplicates/Unknown/Contract_Release_Fee.pdf,173406,1766446518
/Users/sunniyaremchuk/Documents/E2025-07-CI-001 Allendale Billing #1 - 26_08_2025 (1).pdf,duplicate,Allendale,(_Duplicates),/Users/sunniyaremchuk/RealEstate_Organized/_Duplicates/Allendale/E2025-07-CI-001 Allendale Billing #1 - 26_08_2025 (1).pdf,98490,1766162899
/Users/sunniyaremchuk/Documents/Purchase Contract (10801:10805).pdf,unique,,Contracts,/Users/sunniyaremchuk/RealEstate_Organized/_Library/Contracts/Purchase Contract (10801:10805).pdf,357295,1766007273
/Users/sunniyaremchuk/Documents/Development Decision 564496862-002.pdf,duplicate,,(_Duplicates),/Users/sunniyaremchuk/RealEstate_Organized/_Duplicates/Unknown/Development Decision 564496862-002.pdf,317491,1766017884
/Users/sunniyaremchuk/Documents/6408_106_St_TRUE_Soft_Costs_Only (1).xlsx,unique,6408 106,,/Users/sunniyaremchuk/RealEstate_Organized/6408 106/_NeedsReview/6408_106_St_TRUE_Soft_Costs_Only (1).xlsx,9927,1766188296
/Users/sunniyaremchuk/Documents/Jasmmine Credit Card .png,unique,,Photos,/Users/sunniyaremchuk/RealEstate_Organized/_Library/Photos/Jasmmine Credit Card .png,1188955,1779824741
/Users/sunniyaremchuk/Documents/library_contacts_Upload YYYC Infill .csv,unique,,,/Users/sunniyaremchuk/RealEstate_Organized/_NeedsReview/library_contacts_Upload YYYC Infill .csv,34463,1766362100
/Users/sunniyaremchuk/Documents/E2025-07-CI-003 Allendale Claim 2 24_11_2025 (2) (1).pdf,duplicate,Allendale,(_Duplicates),/Users/sunniyaremchuk/RealEstate_Organized/_Duplicates/Allendale/E2025-07-CI-003 Allendale Claim 2 24_11_2025 (2) (1).pdf,101918,1766177101
/Users/sunniyaremchuk/Documents/Engagement Letter - 9121 - 152 Street.pdf,duplicate,9121 152,(_Duplicates),/Users/sunniyaremchuk/RealEstate_Organized/_Duplicates/9121 152/Engagement Letter - 9121 - 152 Street.pdf,334676,1766018915
/Users/sunniyaremchuk/Documents/CCDC2 BLANK.pdf,unique,,,/Users/sunniyaremchuk/RealEstate_Organized/_NeedsReview/CCDC2 BLANK.pdf,620827,1766515314
"/Users/sunniyaremchuk/Documents/13799, Sundia Inc, 15981 110B Avenue, Mayfield 9-Unit Multi-Family Complex.pdf",unique,Mayfield,,"/Users/sunniyaremchuk/RealEstate_Organized/Mayfield/_NeedsReview/13799, Sundia Inc, 15981 110B Avenue, Mayfield 9-Unit Multi-Family Complex.pdf",9122110,1766205966
/Users/sunniyaremchuk/Documents/Shareholder-Resolution-Dispensing-with-Auditor.pdf,duplicate,,(_Duplicates),/Users/sunniyaremchuk/RealEstate_Organized/_Duplicates/Unknown/Shareholder-Resolution-Dispensing-with-Auditor.pdf,34852,1766470889
/Users/sunniyaremchuk/Documents/edmonton_properties_enriched_MASTER.numbers,unique,,,/Users/sunniyaremchuk/RealEstate_Organized/_NeedsReview/edmonton_properties_enriched_MASTER.numbers,314460,1767899858
/Users/sunniyaremchuk/Documents/Testpitting 600 Drury St (1).pdf,unique,,,/Users/sunniyaremchuk/RealEstate_Organized/_NeedsReview/Testpitting 600 Drury St (1).pdf,1003467,1766083861
/Users/sunniyaremchuk/Documents/Contract_Release_Fee (1).pdf,primary,,,/Users/sunniyaremchuk/RealEstate_Organized/_NeedsReview/Contract_Release_Fee (1).pdf,173406,1766446538
/Users/sunniyaremchuk/Documents/15981 110b Ave NW WDV.1 (GARAGE).pdf,unique,15981 110B Ave,,/Users/sunniyaremchuk/RealEstate_Organized/15981 110B Ave/_NeedsReview/15981 110b Ave NW WDV.1 (GARAGE).pdf,525024,1766512341
/Users/sunniyaremchuk/Documents/Building Permit 564496862-028.pdf,unique,,Plans & Permits,/Users/sunniyaremchuk/RealEstate_Organized/_Library/Plans & Permits/Building Permit 564496862-028.pdf,168424,1766017859
/Users/sunniyaremchuk/Documents/Allendale_Soft_Cost 6408 106 St.xlsx,duplicate,Allendale,(_Duplicates),/Users/sunniyaremchuk/RealEstate_Organized/_Duplicates/Allendale/Allendale_Soft_Cost 6408 106 St.xlsx,5809,1766018691
/Users/sunniyaremchuk/Documents/Personal_Net_Worth_Statement_HSFC_2025.pdf,unique,,,/Users/sunniyaremchuk/RealEstate_Organized/_NeedsReview/Personal_Net_Worth_Statement_HSFC_2025.pdf,484921,1766096514
/Users/sunniyaremchuk/Documents/600 Drury full package.pdf,unique,,,/Users/sunniyaremchuk/RealEstate_Organized/_NeedsReview/600 Drury full package.pdf,1225686,1766083852
/Users/sunniyaremchuk/Documents/E2025-07-CI-001 Allendale Billing #1 - 26_08_2025.pdf,duplicate,Allendale,(_Duplicates),/Users/sunniyaremchuk/RealEstate_Organized/_Duplicates/Allendale/E2025-07-CI-001 Allendale Billing #1 - 26_08_2025.pdf,98490,1766035480
/Users/sunniyaremchuk/Documents/Allendale_Soft_Cost 6408 106 St (1).xlsx,primary,Allendale,,/Users/sunniyaremchuk/RealEstate_Organized/Allendale/_NeedsReview/Allendale_Soft_Cost 6408 106 St (1).xlsx,5809,1766018881
/Users/sunniyaremchuk/Documents/metro_vancouver_commercial_agents_UPDATED.numbers,unique,,,/Users/sunniyaremchuk/RealEstate_Organized/_NeedsReview/metro_vancouver_commercial_agents_UPDATED.numbers,352092,1767827362
/Users/sunniyaremchuk/Documents/Allendale_Soft Cost 6408 106 ST.xlsx,duplicate,Allendale,(_Duplicates),/Users/sunniyaremchuk/RealEstate_Organized/_Duplicates/Allendale/Allendale_Soft Cost 6408 106 ST.xlsx,5809,1766018690
/Users/sunniyaremchuk/Documents/fire_protection_contacts_global_v1.csv,unique,,,/Users/sunniyaremchuk/RealEstate_Organized/_NeedsReview/fire_protection_contacts_global_v1.csv,7857,1766476467
/Users/sunniyaremchuk/Documents/Meta_Proforma_Excel.xlsx,unique,,,/Users/sunniyaremchuk/RealEstate_Organized/_NeedsReview/Meta_Proforma_Excel.xlsx,17227,1765995189
/Users/sunniyaremchuk/Documents/15981 110b Ave NW WDV.3.pdf,unique,15981 110B Ave,,/Users/sunniyaremchuk/RealEstate_Organized/15981 110B Ave/_NeedsReview/15981 110b Ave NW WDV.3.pdf,2440280,1766512320
/Users/sunniyaremchuk/Documents/CCDC2_MAYFIELD_110.pdf,unique,Mayfield 110,,/Users/sunniyaremchuk/RealEstate_Organized/Mayfield 110/_NeedsReview/CCDC2_MAYFIELD_110.pdf,711280,1766512159
/Users/sunniyaremchuk/Documents/image001.png,duplicate,,(_Duplicates),/Users/sunniyaremchuk/RealEstate_Organized/_Duplicates/Unknown/image001.png,22242,1766472248
/Users/sunniyaremchuk/Documents/E2025-07-CI-003 Allendale Claim 2 24_11_2025 (2) (2).pdf,duplicate,Allendale,(_Duplicates),/Users/sunniyaremchuk/RealEstate_Organized/_Duplicates/Allendale/E2025-07-CI-003 Allendale Claim 2 24_11_2025 (2) (2).pdf,101918,1766177265
/Users/sunniyaremchuk/Documents/E2025-07-CI-003 Allendale Claim 2 24_11_2025 (4).pdf,unique,Allendale,,/Users/sunniyaremchuk/RealEstate_Organized/Allendale/_NeedsReview/E2025-07-CI-003 Allendale Claim 2 24_11_2025 (4).pdf,101638,1766177254
/Users/sunniyaremchuk/Documents/Complete_with_Docusign_Residential_Real_Esta (1).pdf,unique,,,/Users/sunniyaremchuk/RealEstate_Organized/_NeedsReview/Complete_with_Docusign_Residential_Real_Esta (1).pdf,294714,1766009271
/Users/sunniyaremchuk/Documents/Sunrize_Investments_NDA_John_Wade_FINAL.pdf,unique,,,/Users/sunniyaremchuk/RealEstate_Organized/_NeedsReview/Sunrize_Investments_NDA_John_Wade_FINAL.pdf,2871,1766256984
/Users/sunniyaremchuk/Documents/24-48 Fee-Invoice status as of 25-09-15.pdf,duplicate,,(_Duplicates),/Users/sunniyaremchuk/RealEstate_Organized/_Duplicates/Unknown/24-48 Fee-Invoice status as of 25-09-15.pdf,51070,1766035488
/Users/sunniyaremchuk/Documents/Purchase Contract (10801  10805 revised).pdf,unique,,Contracts,/Users/sunniyaremchuk/RealEstate_Organized/_Library/Contracts/Purchase Contract (10801  10805 revised).pdf,341060,1766097539
/Users/sunniyaremchuk/Documents/ALLENDALE PRIVATE FINANCING 5 PLEX BUDGET.pdf,unique,Allendale,Financials,/Users/sunniyaremchuk/RealEstate_Organized/Allendale/Financials/ALLENDALE PRIVATE FINANCING 5 PLEX BUDGET.pdf,62569,1766035455
/Users/sunniyaremchuk/Documents/E2025-07-CI-001 Allendale Billing #1 - 26_08_2025 (2).pdf,duplicate,Allendale,(_Duplicates),/Users/sunniyaremchuk/RealEstate_Organized/_Duplicates/Allendale/E2025-07-CI-001 Allendale Billing #1 - 26_08_2025 (2).pdf,98490,1766176894
"/Users/sunniyaremchuk/Documents/YAREMCHUK, SUNNI 2024.pdf",unique,,,"/Users/sunniyaremchuk/RealEstate_Organized/_NeedsReview/YAREMCHUK, SUNNI 2024.pdf",9226968,1765533621
/Users/sunniyaremchuk/Documents/Purchase Contract (10801 & 10805) (1).pdf,primary,,Contracts,/Users/sunniyaremchuk/RealEstate_Organized/_Library/Contracts/Purchase Contract (10801 & 10805) (1).pdf,359676,1766014709
/Users/sunniyaremchuk/Documents/6-Units Allendale Cost Breakdown.xlsx,unique,Allendale,Financials,/Users/sunniyaremchuk/RealEstate_Organized/Allendale/Financials/6-Units Allendale Cost Breakdown.xlsx,9515,1766184410
/Users/sunniyaremchuk/Documents/E2025-07-CI-003 Allendale Claim 2 24_11_2025.pdf,duplicate,Allendale,(_Duplicates),/Users/sunniyaremchuk/RealEstate_Organized/_Duplicates/Allendale/E2025-07-CI-003 Allendale Claim 2 24_11_2025.pdf,101918,1766035492
/Users/sunniyaremchuk/Documents/CCDC Allendale Evara Project 6408 106 St.pdf,duplicate,Allendale,(_Duplicates),/Users/sunniyaremchuk/RealEstate_Organized/_Duplicates/Allendale/CCDC Allendale Evara Project 6408 106 St.pdf,618922,1766034898
/Users/sunniyaremchuk/Documents/Purchase Contract (10801_10805).pdf,duplicate,,(_Duplicates),/Users/sunniyaremchuk/RealEstate_Organized/_Duplicates/Unknown/Purchase Contract (10801_10805).pdf,383165,1766009952
/Users/sunniyaremchuk/Documents/Engagement Letter - 9121 - 152 Street (1).pdf,primary,9121 152,,/Users/sunniyaremchuk/RealEstate_Organized/9121 152/_NeedsReview/Engagement Letter - 9121 - 152 Street (1).pdf,334676,1766035518
/Users/sunniyaremchuk/Documents/Emanation_Investments_Invoice_Landridge.pdf,unique,,,/Users/sunniyaremchuk/RealEstate_Organized/_NeedsReview/Emanation_Investments_Invoice_Landridge.pdf,2282,1766183189
/Users/sunniyaremchuk/Documents/alberta_permits_starter.zip,duplicate,,(_Duplicates),/Users/sunniyaremchuk/RealEstate_Organized/_Duplicates/Unknown/alberta_permits_starter.zip,9845,1766277688
/Users/sunniyaremchuk/Documents/24-48 Fee-Invoice status as of 25-09-15 (004) (2) (3).pdf,duplicate,,(_Duplicates),/Users/sunniyaremchuk/RealEstate_Organized/_Duplicates/Unknown/24-48 Fee-Invoice status as of 25-09-15 (004) (2) (3).pdf,51070,1766177170
/Users/sunniyaremchuk/Documents/E2025-07-CI-003 Allendale Claim 2 24_11_2025 (2).pdf,duplicate,Allendale,(_Duplicates),/Users/sunniyaremchuk/RealEstate_Organized/_Duplicates/Allendale/E2025-07-CI-003 Allendale Claim 2 24_11_2025 (2).pdf,101918,1766176921
/Users/sunniyaremchuk/Documents/Qualis Transaction list 20250808 (1).pdf,duplicate,,(_Duplicates),/Users/sunniyaremchuk/RealEstate_Organized/_Duplicates/Unknown/Qualis Transaction list 20250808 (1).pdf,59830,1766162844
/Users/sunniyaremchuk/Documents/Calgary_Builders_List.xlsx,unique,,,/Users/sunniyaremchuk/RealEstate_Organized/_NeedsReview/Calgary_Builders_List.xlsx,6921,1766097570
/Users/sunniyaremchuk/Documents/24-48 Fee-Invoice status as of 25-09-15 (2).pdf,duplicate,,(_Duplicates),/Users/sunniyaremchuk/RealEstate_Organized/_Duplicates/Unknown/24-48 Fee-Invoice status as of 25-09-15 (2).pdf,51070,1766162950
/Users/sunniyaremchuk/Documents/CMHC presentation draft 1-2.pdf,duplicate,,(_Duplicates),/Users/sunniyaremchuk/RealEstate_Organized/_Duplicates/Unknown/CMHC presentation draft 1-2.pdf,18815556,1766083822
/Users/sunniyaremchuk/Documents/2025 Tax Info .xlsx,unique,,Financials,/Users/sunniyaremchuk/RealEstate_Organized/_Library/Financials/2025 Tax Info .xlsx,9196,1764956988
/Users/sunniyaremchuk/Documents/Purchase Contract (10801 & 10805).pdf,duplicate,,(_Duplicates),/Users/sunniyaremchuk/RealEstate_Organized/_Duplicates/Unknown/Purchase Contract (10801 & 10805).pdf,359676,1766010659
/Users/sunniyaremchuk/Documents/Director-Consent.pdf,duplicate,,(_Duplicates),/Users/sunniyaremchuk/RealEstate_Organized/_Duplicates/Unknown/Director-Consent.pdf,53096,1766470896
/Users/sunniyaremchuk/Documents/24-48 Fee-Invoice status as of 25-09-15 (3).pdf,duplicate,,(_Duplicates),/Users/sunniyaremchuk/RealEstate_Organized/_Duplicates/Unknown/24-48 Fee-Invoice status as of 25-09-15 (3).pdf,51070,1766176914
/Users/sunniyaremchuk/Documents/E2025-07-CI-003 Allendale Claim 2 24_11_2025 (3).pdf,duplicate,Allendale,(_Duplicates),/Users/sunniyaremchuk/RealEstate_Organized/_Duplicates/Allendale/E2025-07-CI-003 Allendale Claim 2 24_11_2025 (3).pdf,101918,1766176928
/Users/sunniyaremchuk/Documents/24-48 Fee-Invoice status as of 25-09-15 (004) (2).pdf,duplicate,,(_Duplicates),/Users/sunniyaremchuk/RealEstate_Organized/_Duplicates/Unknown/24-48 Fee-Invoice status as of 25-09-15 (004) (2).pdf,51070,1766176951
/Users/sunniyaremchuk/Documents/6408_106_St_Soft_Costs_Equity_Injected (1).xlsx,primary,6408 106,,/Users/sunniyaremchuk/RealEstate_Organized/6408 106/_NeedsReview/6408_106_St_Soft_Costs_Equity_Injected (1).xlsx,5927,1766186624
/Users/sunniyaremchuk/Documents/24-48 Fee-Invoice status as of 25-09-15 (004) (2) (2).pdf,duplicate,,(_Duplicates),/Users/sunniyaremchuk/RealEstate_Organized/_Duplicates/Unknown/24-48 Fee-Invoice status as of 25-09-15 (004) (2) (2).pdf,51070,1766177148
/Users/sunniyaremchuk/Documents/CCDC2 MAYFIELD 110.pdf,unique,Mayfield 110,,/Users/sunniyaremchuk/RealEstate_Organized/Mayfield 110/_NeedsReview/CCDC2 MAYFIELD 110.pdf,625811,1766516139
/Users/sunniyaremchuk/Documents/E2025-07-CI-001 Allendale Billing #1 - 26_08_2025 (2) (1).pdf,duplicate,Allendale,(_Duplicates),/Users/sunniyaremchuk/RealEstate_Organized/_Duplicates/Allendale/E2025-07-CI-001 Allendale Billing #1 - 26_08_2025 (2) (1).pdf,98490,1766177159
/Users/sunniyaremchuk/Documents/Qualis Transaction list 20250808.pdf,duplicate,,(_Duplicates),/Users/sunniyaremchuk/RealEstate_Organized/_Duplicates/Unknown/Qualis Transaction list 20250808.pdf,59830,1766035471
/Users/sunniyaremchuk/Documents/alberta_permits_starter/requirements.txt,unique,,,/Users/sunniyaremchuk/RealEstate_Organized/_NeedsReview/requirements.txt,60,1766292374
/Users/sunniyaremchuk/Documents/alberta_permits_starter/README.md,unique,,,/Users/sunniyaremchuk/RealEstate_Organized/_NeedsReview/README.md,3366,1766292374
/Users/sunniyaremchuk/Documents/alberta_permits_starter/src/utilities/casl_checklist.md,unique,,,/Users/sunniyaremchuk/RealEstate_Organized/_NeedsReview/casl_checklist.md,1334,1766292374
/Users/sunniyaremchuk/Documents/Claude/Projects/Allendale 1/CMHC Submission Package/Allendale 6408 Cost Overview - CLEAN.xlsx,unique,Allendale,,/Users/sunniyaremchuk/RealEstate_Organized/Allendale/_NeedsReview/Allendale 6408 Cost Overview - CLEAN.xlsx,21497,1779657706
/Users/sunniyaremchuk/Documents/Claude/Projects/Allendale 1/CMHC Submission Package/Allendale 6408 Cost Overview - FINAL.xlsx,unique,Allendale,,/Users/sunniyaremchuk/RealEstate_Organized/Allendale/_NeedsReview/Allendale 6408 Cost Overview - FINAL.xlsx,39366,1779660361
/Users/sunniyaremchuk/Documents/Claude/Projects/Allendale 1/CMHC Submission Package/Allendale_6408_Cost-to-Date.xlsx,unique,Allendale,,/Users/sunniyaremchuk/RealEstate_Organized/Allendale/_NeedsReview/Allendale_6408_Cost-to-Date.xlsx,21323,1779590026
/Users/sunniyaremchuk/Documents/Claude/Projects/Allendale 1/CMHC Submission Package/Allendale_6408_5-Plex_BTY_Draft.xlsx,unique,Allendale,,/Users/sunniyaremchuk/RealEstate_Organized/Allendale/_NeedsReview/Allendale_6408_5-Plex_BTY_Draft.xlsx,28726,1779652601
/Users/sunniyaremchuk/Documents/Claude/Projects/Allendale 1/CMHC Submission Package/Allendale_6408_CMHC_Budget_$1.7M.xlsx,unique,Allendale,,/Users/sunniyaremchuk/RealEstate_Organized/Allendale/_NeedsReview/Allendale_6408_CMHC_Budget_$1.7M.xlsx,19968,1779590216
/Users/sunniyaremchuk/Documents/Claude/Projects/Allendale 1/CMHC Submission Package/Allendale_6408_CMHC_Cover_Memo.docx,unique,Allendale,,/Users/sunniyaremchuk/RealEstate_Organized/Allendale/_NeedsReview/Allendale_6408_CMHC_Cover_Memo.docx,17131,1779590343
/Users/sunniyaremchuk/Documents/Claude/Projects/Allendale 1/CMHC Submission Package/Allendale_6408_CMHC_Document_Index.docx,unique,Allendale,,/Users/sunniyaremchuk/RealEstate_Organized/Allendale/_NeedsReview/Allendale_6408_CMHC_Document_Index.docx,24961,1779590386
/Users/sunniyaremchuk/Downloads/Personal_Sunni_Larissa_Data (1).xlsx,primary,,,/Users/sunniyaremchuk/RealEstate_Organized/_NeedsReview/Personal_Sunni_Larissa_Data (1).xlsx,10627,1775014223
/Users/sunniyaremchuk/Downloads/10646_Exit.xlsx,unique,,,/Users/sunniyaremchuk/RealEstate_Organized/_NeedsReview/10646_Exit.xlsx,9707,1779297988
/Users/sunniyaremchuk/Downloads/miller-meadows-area-structure-plan-amendment-2023-15.pdf,unique,,Contracts,/Users/sunniyaremchuk/RealEstate_Organized/_Library/Contracts/miller-meadows-area-structure-plan-amendment-2023-15.pdf,1125235,1779407357
/Users/sunniyaremchuk/Downloads/Allendale_Sources_Uses_1.xlsx,unique,Allendale,,/Users/sunniyaremchuk/RealEstate_Organized/Allendale/_NeedsReview/Allendale_Sources_Uses_1.xlsx,10286,1779287686
/Users/sunniyaremchuk/Downloads/Sunrize_Network_Outreach_Guide_1.pdf,duplicate,,(_Duplicates),/Users/sunniyaremchuk/RealEstate_Organized/_Duplicates/Unknown/Sunrize_Network_Outreach_Guide_1.pdf,17832,1775838515
"/Users/sunniyaremchuk/Downloads/March 28, 2026.pdf",primary,,,"/Users/sunniyaremchuk/RealEstate_Organized/_NeedsReview/March 28, 2026.pdf",133716,1779048638
/Users/sunniyaremchuk/Downloads/Invoice - 0005.pdf,unique,,Financials,/Users/sunniyaremchuk/RealEstate_Organized/_Library/Financials/Invoice - 0005.pdf,44515,1777053316
"/Users/sunniyaremchuk/Downloads/March 28, 2027.pdf",duplicate,,(_Duplicates),"/Users/sunniyaremchuk/RealEstate_Organized/_Duplicates/Unknown/March 28, 2027.pdf",133716,1779048638
/Users/sunniyaremchuk/Downloads/Sunrize_Deal_Overview_For_Chris.docx,unique,,,/Users/sunniyaremchuk/RealEstate_Organized/_NeedsReview/Sunrize_Deal_Overview_For_Chris.docx,17915,1775762385
/Users/sunniyaremchuk/Downloads/Sunrize_Contractor_Onboarding_Checklist.pdf,unique,,,/Users/sunniyaremchuk/RealEstate_Organized/_NeedsReview/Sunrize_Contractor_Onboarding_Checklist.pdf,7071,1775845168
/Users/sunniyaremchuk/Downloads/10646_Pro_Forma_Clean.xlsx,unique,,,/Users/sunniyaremchuk/RealEstate_Organized/_NeedsReview/10646_Pro_Forma_Clean.xlsx,10675,1779241691
/Users/sunniyaremchuk/Downloads/Allendale_Partner_Steps.xlsx,unique,Allendale,,/Users/sunniyaremchuk/RealEstate_Organized/Allendale/_NeedsReview/Allendale_Partner_Steps.xlsx,8653,1779577526
/Users/sunniyaremchuk/Downloads/Allendale_6408_Cost_Overview_-_CLEAN.xlsx,unique,Allendale,,/Users/sunniyaremchuk/RealEstate_Organized/Allendale/_NeedsReview/Allendale_6408_Cost_Overview_-_CLEAN.xlsx,31935,1779658692
/Users/sunniyaremchuk/Downloads/Sunni_Personal_Net_Worth_Mar2026 (1).xlsx,unique,,,/Users/sunniyaremchuk/RealEstate_Organized/_NeedsReview/Sunni_Personal_Net_Worth_Mar2026 (1).xlsx,9497,1775011308
/Users/sunniyaremchuk/Downloads/Allendale_Lender_Final.xlsx,unique,Allendale,,/Users/sunniyaremchuk/RealEstate_Organized/Allendale/_NeedsReview/Allendale_Lender_Final.xlsx,20800,1778083148
/Users/sunniyaremchuk/Downloads/Sunrize_NDA_Editable.docx,primary,,,/Users/sunniyaremchuk/RealEstate_Organized/_NeedsReview/Sunrize_NDA_Editable.docx,10156,1775764964
/Users/sunniyaremchuk/Downloads/Allendale_Deal_Summary.xlsx,unique,Allendale,,/Users/sunniyaremchuk/RealEstate_Organized/Allendale/_NeedsReview/Allendale_Deal_Summary.xlsx,10147,1779284546
/Users/sunniyaremchuk/Downloads/Export_Contacts_undefined_May_2026_10_54_PM.csv,unique,,,/Users/sunniyaremchuk/RealEstate_Organized/_NeedsReview/Export_Contacts_undefined_May_2026_10_54_PM.csv,1513594,1778189879
/Users/sunniyaremchuk/Downloads/1_Cold_Caller_Script.docx,unique,,,/Users/sunniyaremchuk/RealEstate_Organized/_NeedsReview/1_Cold_Caller_Script.docx,17913,1775769837
/Users/sunniyaremchuk/Downloads/Lake_Ridge_Builder_Emails.xlsx,unique,Lake Ridge,,/Users/sunniyaremchuk/RealEstate_Organized/Lake Ridge/_NeedsReview/Lake_Ridge_Builder_Emails.xlsx,11548,1777481431
/Users/sunniyaremchuk/Downloads/20_Properties_Buyer_Pipeline_Plan.pdf,duplicate,,(_Duplicates),/Users/sunniyaremchuk/RealEstate_Organized/_Duplicates/Unknown/20_Properties_Buyer_Pipeline_Plan.pdf,11463,1778084873
/Users/sunniyaremchuk/Downloads/20_Properties_Buyer_Pipeline_Plan_1.pdf,primary,,,/Users/sunniyaremchuk/RealEstate_Organized/_NeedsReview/20_Properties_Buyer_Pipeline_Plan_1.pdf,11463,1778084894
/Users/sunniyaremchuk/Downloads/Allendale_Deal_Summary_2.xlsx,unique,Allendale,,/Users/sunniyaremchuk/RealEstate_Organized/Allendale/_NeedsReview/Allendale_Deal_Summary_2.xlsx,11430,1779287537
/Users/sunniyaremchuk/Downloads/Lake_Ridge_Builder_Outreach_v2.xlsx,unique,Lake Ridge,,/Users/sunniyaremchuk/RealEstate_Organized/Lake Ridge/_NeedsReview/Lake_Ridge_Builder_Outreach_v2.xlsx,15841,1777481025
/Users/sunniyaremchuk/Downloads/Allendale_Investor_Report_1.xlsx,unique,Allendale,,/Users/sunniyaremchuk/RealEstate_Organized/Allendale/_NeedsReview/Allendale_Investor_Report_1.xlsx,20027,1779287575
/Users/sunniyaremchuk/Downloads/Sunrize_Network_Outreach_Guide.pdf,unique,,,/Users/sunniyaremchuk/RealEstate_Organized/_NeedsReview/Sunrize_Network_Outreach_Guide.pdf,15901,1775770099
/Users/sunniyaremchuk/Downloads/Allendale_Build_Cost_Summary.xlsx,primary,Allendale,,/Users/sunniyaremchuk/RealEstate_Organized/Allendale/_NeedsReview/Allendale_Build_Cost_Summary.xlsx,11693,1779290502
/Users/sunniyaremchuk/Downloads/Allendale_Build_Cost_Summary_1.xlsx,duplicate,Allendale,(_Duplicates),/Users/sunniyaremchuk/RealEstate_Organized/_Duplicates/Allendale/Allendale_Build_Cost_Summary_1.xlsx,11693,1779290222
/Users/sunniyaremchuk/Downloads/Allendale_Cost_Summary_Simple.xlsx,unique,Allendale,,/Users/sunniyaremchuk/RealEstate_Organized/Allendale/_NeedsReview/Allendale_Cost_Summary_Simple.xlsx,8507,1779290746
/Users/sunniyaremchuk/Downloads/Lake_Ridge_Estates_Price_List.xlsx,unique,Lake Ridge,,/Users/sunniyaremchuk/RealEstate_Organized/Lake Ridge/_NeedsReview/Lake_Ridge_Estates_Price_List.xlsx,10811,1777481170
/Users/sunniyaremchuk/Downloads/Sunni_Personal_Net_Worth_Apr2026.xlsx,unique,,,/Users/sunniyaremchuk/RealEstate_Organized/_NeedsReview/Sunni_Personal_Net_Worth_Apr2026.xlsx,9453,1776869786
/Users/sunniyaremchuk/Downloads/Bookkeeping_Workbook.xlsx,unique,,,/Users/sunniyaremchuk/RealEstate_Organized/_NeedsReview/Bookkeeping_Workbook.xlsx,76171,1775019551
/Users/sunniyaremchuk/Downloads/Manhattan Henock .xlsx,unique,Manhattan,,/Users/sunniyaremchuk/RealEstate_Organized/Manhattan/_NeedsReview/Manhattan Henock .xlsx,35506,1778620042
/Users/sunniyaremchuk/Downloads/CA_Multifamily_3_Properties.pdf,duplicate,,(_Duplicates),/Users/sunniyaremchuk/RealEstate_Organized/_Duplicates/Unknown/CA_Multifamily_3_Properties.pdf,8419,1777939866
/Users/sunniyaremchuk/Downloads/Allendale_Deal_Summary_1.xlsx,unique,Allendale,,/Users/sunniyaremchuk/RealEstate_Organized/Allendale/_NeedsReview/Allendale_Deal_Summary_1.xlsx,11710,1779285211
/Users/sunniyaremchuk/Downloads/Allendale_Investor_Report_2.xlsx,unique,Allendale,,/Users/sunniyaremchuk/RealEstate_Organized/Allendale/_NeedsReview/Allendale_Investor_Report_2.xlsx,21444,1779287961
/Users/sunniyaremchuk/Downloads/Allendale_Investor_Report_3.xlsx,unique,Allendale,,/Users/sunniyaremchuk/RealEstate_Organized/Allendale/_NeedsReview/Allendale_Investor_Report_3.xlsx,23327,1779293367
/Users/sunniyaremchuk/Downloads/Allendale_Summary.xlsx,duplicate,Allendale,(_Duplicates),/Users/sunniyaremchuk/RealEstate_Organized/_Duplicates/Allendale/Allendale_Summary.xlsx,11693,1779290176
/Users/sunniyaremchuk/Downloads/Co-Star_  New York (After 2014).xlsx,unique,,,/Users/sunniyaremchuk/RealEstate_Organized/_NeedsReview/Co-Star_  New York (After 2014).xlsx,1638050,1778514544
/Users/sunniyaremchuk/Downloads/Sunni Yaremchuk NDA.docx,unique,,Contracts,/Users/sunniyaremchuk/RealEstate_Organized/_Library/Contracts/Sunni Yaremchuk NDA.docx,16547,1775765190
/Users/sunniyaremchuk/Downloads/WhatsApp Image 2026-03-31 at 23.27.29 (1).jpeg,duplicate,,(_Duplicates),/Users/sunniyaremchuk/RealEstate_Organized/_Duplicates/Unknown/WhatsApp Image 2026-03-31 at 23.27.29 (1).jpeg,134867,1775021290
"/Users/sunniyaremchuk/Downloads/April 28, 2026.pdf",unique,,,"/Users/sunniyaremchuk/RealEstate_Organized/_NeedsReview/April 28, 2026.pdf",129203,1779048601
/Users/sunniyaremchuk/Downloads/WhatsApp Image 2026-03-31 at 23.27.29.jpeg,duplicate,,(_Duplicates),/Users/sunniyaremchuk/RealEstate_Organized/_Duplicates/Unknown/WhatsApp Image 2026-03-31 at 23.27.29.jpeg,111173,1775021283
/Users/sunniyaremchuk/Downloads/Allendale_Sources_Uses.xlsx,unique,Allendale,,/Users/sunniyaremchuk/RealEstate_Organized/Allendale/_NeedsReview/Allendale_Sources_Uses.xlsx,10036,1779287567
/Users/sunniyaremchuk/Downloads/Allendale_Investor_Report.xlsx,unique,Allendale,,/Users/sunniyaremchuk/RealEstate_Organized/Allendale/_NeedsReview/Allendale_Investor_Report.xlsx,19890,1779241027
/Users/sunniyaremchuk/Downloads/WhatsApp Image 2026-03-31 at 23.15.11.jpeg,duplicate,,(_Duplicates),/Users/sunniyaremchuk/RealEstate_Organized/_Duplicates/Unknown/WhatsApp Image 2026-03-31 at 23.15.11.jpeg,134867,1775231685
/Users/sunniyaremchuk/Downloads/vancouver_commercial_agents_rolling.xlsx,unique,,,/Users/sunniyaremchuk/RealEstate_Organized/_NeedsReview/vancouver_commercial_agents_rolling.xlsx,16769,1776879004
/Users/sunniyaremchuk/Downloads/Allendale 5 Unit Budget .xlsx,unique,Allendale,Financials,/Users/sunniyaremchuk/RealEstate_Organized/Allendale/Financials/Allendale 5 Unit Budget .xlsx,97297,1779660839
/Users/sunniyaremchuk/Downloads/Allendale_CMHC_Budget.xlsx,unique,Allendale,,/Users/sunniyaremchuk/RealEstate_Organized/Allendale/_NeedsReview/Allendale_CMHC_Budget.xlsx,20440,1779739412
/Users/sunniyaremchuk/Downloads/Sunrize NDA.docx,unique,,Contracts,/Users/sunniyaremchuk/RealEstate_Organized/_Library/Contracts/Sunrize NDA.docx,10179,1775760720
/Users/sunniyaremchuk/Downloads/Lake_Ridge_Builder_Outreach_List.xlsx,unique,Lake Ridge,,/Users/sunniyaremchuk/RealEstate_Organized/Lake Ridge/_NeedsReview/Lake_Ridge_Builder_Outreach_List.xlsx,12518,1777480422
/Users/sunniyaremchuk/Downloads/Allendale 6 Unit .xlsx,unique,Allendale,,/Users/sunniyaremchuk/RealEstate_Organized/Allendale/_NeedsReview/Allendale 6 Unit .xlsx,22454,1779295527
/Users/sunniyaremchuk/Downloads/commitmentletter6408106st 2/Peakhill Wire EFT Instructions.pdf,duplicate,,(_Duplicates),/Users/sunniyaremchuk/RealEstate_Organized/_Duplicates/Unknown/Peakhill Wire EFT Instructions.pdf,116751,1765231810
/Users/sunniyaremchuk/Downloads/commitmentletter6408106st 2/CMLS Broker Disclosure Form.pdf,duplicate,,(_Duplicates),/Users/sunniyaremchuk/RealEstate_Organized/_Duplicates/Unknown/CMLS Broker Disclosure Form.pdf,121067,1765231810
/Users/sunniyaremchuk/Downloads/commitmentletter6408106st 2/CMLS Invoice - COI Placement Fee.pdf,duplicate,,(_Duplicates),/Users/sunniyaremchuk/RealEstate_Organized/_Duplicates/Unknown/CMLS Invoice - COI Placement Fee.pdf,487429,1765231810
/Users/sunniyaremchuk/Downloads/commitmentletter6408106st 2/Peakhill Commitment Letter 6408 106 St.pdf,duplicate,6408 106,(_Duplicates),/Users/sunniyaremchuk/RealEstate_Organized/_Duplicates/6408 106/Peakhill Commitment Letter 6408 106 St.pdf,465100,1765231810
/Users/sunniyaremchuk/Downloads/Rize Dev Site /IMG_8369.PNG,unique,,Photos,/Users/sunniyaremchuk/RealEstate_Organized/_Library/Photos/IMG_8369.PNG,2686843,1757724370
/Users/sunniyaremchuk/Downloads/realdeal/Multifamily_Deal_Submission_Template.xlsx,unique,,,/Users/sunniyaremchuk/RealEstate_Organized/_NeedsReview/Multifamily_Deal_Submission_Template.xlsx,27026,1776556969
/Users/sunniyaremchuk/Downloads/realdeal/realdeal-package.zip,unique,,,/Users/sunniyaremchuk/RealEstate_Organized/_NeedsReview/realdeal-package.zip,27154,1774753388
/Users/sunniyaremchuk/Downloads/realdeal/README.md,unique,,,/Users/sunniyaremchuk/RealEstate_Organized/_NeedsReview/README.md,2875,1774659323
/Users/sunniyaremchuk/Downloads/realdeal/Commercial Underwriting Model.xlsx,unique,,Financials,/Users/sunniyaremchuk/RealEstate_Organized/_Library/Financials/Commercial Underwriting Model.xlsx,27237,1778276629
/Users/sunniyaremchuk/Downloads/Sundia Wellness/Fenugreek Plan Overview.pdf,unique,,Plans & Permits,/Users/sunniyaremchuk/RealEstate_Organized/_Library/Plans & Permits/Fenugreek Plan Overview.pdf,5391,1764399476
/Users/sunniyaremchuk/Downloads/Sundia Wellness/Hormone Enhancer .pdf,unique,,,/Users/sunniyaremchuk/RealEstate_Organized/_NeedsReview/Hormone Enhancer .pdf,5222,1764398693
/Users/sunniyaremchuk/Downloads/Sundia Wellness/Fenugreek Go to Market .pdf,unique,,,/Users/sunniyaremchuk/RealEstate_Organized/_NeedsReview/Fenugreek Go to Market .pdf,6492,1764398997
/Users/sunniyaremchuk/Downloads/Post/IMG_8099 2.jpg,unique,,Photos,/Users/sunniyaremchuk/RealEstate_Organized/_Library/Photos/IMG_8099 2.jpg,7078011,1764117918
/Users/sunniyaremchuk/Downloads/Post/WhatsApp Image 2026-04-15 at 21.14.19.jpeg,duplicate,,(_Duplicates),/Users/sunniyaremchuk/RealEstate_Organized/_Duplicates/Unknown/WhatsApp Image 2026-04-15 at 21.14.19.jpeg,317432,1776305663
/Users/sunniyaremchuk/Downloads/Post/WhatsApp Image 2026-04-15 at 17.14.48.jpeg,primary,,Photos,/Users/sunniyaremchuk/RealEstate_Organized/_Library/Photos/WhatsApp Image 2026-04-15 at 17.14.48.jpeg,317432,1776311240
/Users/sunniyaremchuk/Downloads/Post/WhatsApp Image 2026-04-15 at 21.14.19 (1).jpeg,unique,,Photos,/Users/sunniyaremchuk/RealEstate_Organized/_Library/Photos/WhatsApp Image 2026-04-15 at 21.14.19 (1).jpeg,326165,1776305663
/Users/sunniyaremchuk/Downloads/Post/WhatsApp Image 2026-04-15 at 21.14.19 (2).jpeg,unique,,Photos,/Users/sunniyaremchuk/RealEstate_Organized/_Library/Photos/WhatsApp Image 2026-04-15 at 21.14.19 (2).jpeg,331557,1776305663
/Users/sunniyaremchuk/Downloads/Post/IMG_7980.jpg,unique,,Photos,/Users/sunniyaremchuk/RealEstate_Organized/_Library/Photos/IMG_7980.jpg,7940338,1764032758
/Users/sunniyaremchuk/Downloads/Post/IMG_8097.jpg,unique,,Photos,/Users/sunniyaremchuk/RealEstate_Organized/_Library/Photos/IMG_8097.jpg,7392453,1764117912
/Users/sunniyaremchuk/Downloads/Olds/Appraisal A-11329-23Lsigned.pdf,unique,,Reports,/Users/sunniyaremchuk/RealEstate_Organized/_Library/Reports/Appraisal A-11329-23Lsigned.pdf,7002552,1778652443
/Users/sunniyaremchuk/Downloads/Olds/A-11329-23 Feasibility StudyLsigned.pdf,unique,,,/Users/sunniyaremchuk/RealEstate_Organized/_NeedsReview/A-11329-23 Feasibility StudyLsigned.pdf,6056216,1778652434
/Users/sunniyaremchuk/Downloads/Emanation Corp Docs/EMANATION INVESTMENTS INC._2025POF.pdf,unique,,,/Users/sunniyaremchuk/RealEstate_Organized/_NeedsReview/EMANATION INVESTMENTS INC._2025POF.pdf,93915,1774585915
/Users/sunniyaremchuk/Downloads/Allendale         10646 61 Ave /Purchase Contract 10646 106 St Seller signed.pdf,primary,10646 106,Contracts,/Users/sunniyaremchuk/RealEstate_Organized/10646 106/Contracts/Purchase Contract 10646 106 St Seller signed.pdf,3655455,1774585571
/Users/sunniyaremchuk/Downloads/Allendale         10646 61 Ave /Allendale_Holding_Cost_Summary.xlsx,unique,Allendale,,/Users/sunniyaremchuk/RealEstate_Organized/Allendale/_NeedsReview/Allendale_Holding_Cost_Summary.xlsx,5132,1772552767
/Users/sunniyaremchuk/Downloads/Allendale         10646 61 Ave /10646 61 Inc. Investment Summary (1).xlsx,duplicate,10646 61,(_Duplicates),/Users/sunniyaremchuk/RealEstate_Organized/_Duplicates/10646 61/10646 61 Inc. Investment Summary (1).xlsx,4527054,1776276894
/Users/sunniyaremchuk/Downloads/Allendale         10646 61 Ave /Allendale Investment_Summary.docx,duplicate,Allendale,(_Duplicates),/Users/sunniyaremchuk/RealEstate_Organized/_Duplicates/Allendale/Allendale Investment_Summary.docx,17082,1773510580
/Users/sunniyaremchuk/Downloads/Allendale         10646 61 Ave /Allendale_Project_Cost.xlsx,unique,Allendale,,/Users/sunniyaremchuk/RealEstate_Organized/Allendale/_NeedsReview/Allendale_Project_Cost.xlsx,9943,1779119951
/Users/sunniyaremchuk/Downloads/Allendale         10646 61 Ave /Allendale_6Plex_Full_Partner_Model.xlsx,unique,Allendale,,/Users/sunniyaremchuk/RealEstate_Organized/Allendale/_NeedsReview/Allendale_6Plex_Full_Partner_Model.xlsx,10659,1772028847
/Users/sunniyaremchuk/Downloads/Allendale         10646 61 Ave /Allendale_Investment_Summary.docx,unique,Allendale,,/Users/sunniyaremchuk/RealEstate_Organized/Allendale/_NeedsReview/Allendale_Investment_Summary.docx,15782,1773509895
/Users/sunniyaremchuk/Downloads/Allendale         10646 61 Ave /Allendale_CMHC_Refi_Scenarios.pdf,unique,Allendale,,/Users/sunniyaremchuk/RealEstate_Organized/Allendale/_NeedsReview/Allendale_CMHC_Refi_Scenarios.pdf,6550,1779111656
/Users/sunniyaremchuk/Downloads/Allendale         10646 61 Ave /Allendale_Equity_Model_soft149166.xlsx,unique,Allendale,,/Users/sunniyaremchuk/RealEstate_Organized/Allendale/_NeedsReview/Allendale_Equity_Model_soft149166.xlsx,6206,1772822521
/Users/sunniyaremchuk/Downloads/Allendale         10646 61 Ave /10646 61 Ave Title .pdf,duplicate,10646 61 Ave,(_Duplicates),/Users/sunniyaremchuk/RealEstate_Organized/_Duplicates/10646 61 Ave/10646 61 Ave Title .pdf,41003,1772560858
/Users/sunniyaremchuk/Downloads/Allendale         10646 61 Ave /10646 61 Ave Allendale - Front & Left (4).jpg,primary,Allendale,Photos,/Users/sunniyaremchuk/RealEstate_Organized/Allendale/Photos/10646 61 Ave Allendale - Front & Left (4).jpg,184112,1774228810
/Users/sunniyaremchuk/Downloads/Allendale         10646 61 Ave /10646 61 Ave Allendale - Front & Right.jpg,unique,Allendale,Photos,/Users/sunniyaremchuk/RealEstate_Organized/Allendale/Photos/10646 61 Ave Allendale - Front & Right.jpg,195095,1774228820
/Users/sunniyaremchuk/Downloads/Allendale         10646 61 Ave /Equity_Partnership_Brief.docx,unique,,,/Users/sunniyaremchuk/RealEstate_Organized/_NeedsReview/Equity_Partnership_Brief.docx,17252,1773778549
/Users/sunniyaremchuk/Downloads/Allendale         10646 61 Ave /Allendale 10646 61 St .png,unique,Allendale,Photos,/Users/sunniyaremchuk/RealEstate_Organized/Allendale/Photos/Allendale 10646 61 St .png,2784383,1774234533
/Users/sunniyaremchuk/Downloads/Allendale         10646 61 Ave /Allendale_6Unit_ProForma.xlsx,unique,Allendale,,/Users/sunniyaremchuk/RealEstate_Organized/Allendale/_NeedsReview/Allendale_6Unit_ProForma.xlsx,5597,1772554520
/Users/sunniyaremchuk/Downloads/Allendale         10646 61 Ave /Screenshot 2026-03-31 at 15.24.54.png,unique,,Photos,/Users/sunniyaremchuk/RealEstate_Organized/_Library/Photos/Screenshot 2026-03-31 at 15.24.54.png,1213913,1774992295
/Users/sunniyaremchuk/Downloads/Allendale         10646 61 Ave /Screenshot 2026-02-24 at 10.07.27.png,unique,,Photos,/Users/sunniyaremchuk/RealEstate_Organized/_Library/Photos/Screenshot 2026-02-24 at 10.07.27.png,941944,1771949254
/Users/sunniyaremchuk/Downloads/Allendale         10646 61 Ave /10646 61 Ave Allendale 6 Plex - 002.pdf,unique,Allendale,,/Users/sunniyaremchuk/RealEstate_Organized/Allendale/_NeedsReview/10646 61 Ave Allendale 6 Plex - 002.pdf,372005,1771986906
/Users/sunniyaremchuk/Downloads/Allendale         10646 61 Ave /10646 61 Ave Allendale 6 Plex - 003.pdf,duplicate,Allendale,(_Duplicates),/Users/sunniyaremchuk/RealEstate_Organized/_Duplicates/Allendale/10646 61 Ave Allendale 6 Plex - 003.pdf,425551,1772561701
/Users/sunniyaremchuk/Downloads/Allendale         10646 61 Ave /Allendale_Equity_Summary_May2026.pdf,unique,Allendale,,/Users/sunniyaremchuk/RealEstate_Organized/Allendale/_NeedsReview/Allendale_Equity_Summary_May2026.pdf,4502,1779111102
/Users/sunniyaremchuk/Downloads/Allendale         10646 61 Ave /10646 61 Inc Purchase Contract.pdf,duplicate,10646 61,(_Duplicates),/Users/sunniyaremchuk/RealEstate_Organized/_Duplicates/10646 61/10646 61 Inc Purchase Contract.pdf,3655455,1772488788
/Users/sunniyaremchuk/Downloads/Allendale         10646 61 Ave /Allendale 10646 61 Ave.pdf,unique,Allendale,,/Users/sunniyaremchuk/RealEstate_Organized/Allendale/_NeedsReview/Allendale 10646 61 Ave.pdf,75936,1767812060
/Users/sunniyaremchuk/Downloads/Allendale         10646 61 Ave /10646 61 Ave Allendale 6 Plex - 003 (1).pdf,primary,Allendale,,/Users/sunniyaremchuk/RealEstate_Organized/Allendale/_NeedsReview/10646 61 Ave Allendale 6 Plex - 003 (1).pdf,425551,1772656418
/Users/sunniyaremchuk/Downloads/Allendale         10646 61 Ave /10646 Pro-Forma .xlsx,unique,,Financials,/Users/sunniyaremchuk/RealEstate_Organized/_Library/Financials/10646 Pro-Forma .xlsx,8220,1779240940
/Users/sunniyaremchuk/Downloads/Allendale         10646 61 Ave /10646 61 Inc. Investment Summary.xlsx,unique,10646 61,Financials,/Users/sunniyaremchuk/RealEstate_Organized/10646 61/Financials/10646 61 Inc. Investment Summary.xlsx,4527098,1772827338
/Users/sunniyaremchuk/Downloads/Allendale         10646 61 Ave /WhatsApp Image 2026-03-05 at 12.02.26.jpeg,unique,,Photos,/Users/sunniyaremchuk/RealEstate_Organized/_Library/Photos/WhatsApp Image 2026-03-05 at 12.02.26.jpeg,352146,1772821738
/Users/sunniyaremchuk/Downloads/Allendale         10646 61 Ave /Emanation Investments Inc - Commitment Letter - AB.pdf,unique,,,/Users/sunniyaremchuk/RealEstate_Organized/_NeedsReview/Emanation Investments Inc - Commitment Letter - AB.pdf,354741,1772550496
/Users/sunniyaremchuk/Downloads/Allendale         10646 61 Ave /252295916_56441897_0_0.pdf,primary,,,/Users/sunniyaremchuk/RealEstate_Organized/_NeedsReview/252295916_56441897_0_0.pdf,41003,1774585597
/Users/sunniyaremchuk/Downloads/Allendale         10646 61 Ave /Allendale_10646_61Ave_Financials.xlsx,unique,Allendale,,/Users/sunniyaremchuk/RealEstate_Organized/Allendale/_NeedsReview/Allendale_10646_61Ave_Financials.xlsx,9884,1772561215
/Users/sunniyaremchuk/Downloads/Allendale         10646 61 Ave /10646 61 Inc. Investment Summary (1) (1).xlsx,primary,10646 61,Financials,/Users/sunniyaremchuk/RealEstate_Organized/10646 61/Financials/10646 61 Inc. Investment Summary (1) (1).xlsx,4527054,1779110464
/Users/sunniyaremchuk/Downloads/Camrose 127 Acres Due DIlligence /Camrose Figure 3 - Land Use & Stats w MF & Comm 2024-05-17.pdf,unique,,,/Users/sunniyaremchuk/RealEstate_Organized/_NeedsReview/Camrose Figure 3 - Land Use & Stats w MF & Comm 2024-05-17.pdf,1373391,1758405066
/Users/sunniyaremchuk/Downloads/Camrose 127 Acres Due DIlligence /Pages from Transportation-Master-Plan.pdf,unique,,Plans & Permits,/Users/sunniyaremchuk/RealEstate_Organized/_Library/Plans & Permits/Pages from Transportation-Master-Plan.pdf,1987157,1758405066
/Users/sunniyaremchuk/Downloads/Camrose 127 Acres Due DIlligence /Camrose Figure 2 - Layout 2024-05-17.pdf,unique,,,/Users/sunniyaremchuk/RealEstate_Organized/_NeedsReview/Camrose Figure 2 - Layout 2024-05-17.pdf,3076233,1758405066
/Users/sunniyaremchuk/Downloads/Camrose 127 Acres Due DIlligence /Property Tax 2024.pdf,unique,,Financials,/Users/sunniyaremchuk/RealEstate_Organized/_Library/Financials/Property Tax 2024.pdf,152962,1758405066
/Users/sunniyaremchuk/Downloads/Camrose 127 Acres Due DIlligence /Pages from Sanitary-Sewer-Master-Plan.pdf,unique,,Plans & Permits,/Users/sunniyaremchuk/RealEstate_Organized/_Library/Plans & Permits/Pages from Sanitary-Sewer-Master-Plan.pdf,1766524,1758405066
/Users/sunniyaremchuk/Downloads/Camrose 127 Acres Due DIlligence /Camrose Figure 1 - Location 2022-10-01.pdf,unique,,,/Users/sunniyaremchuk/RealEstate_Organized/_NeedsReview/Camrose Figure 1 - Location 2022-10-01.pdf,802596,1758405066
/Users/sunniyaremchuk/Downloads/Camrose 127 Acres Due DIlligence /Pages from 2008-03-City-of-Camrose-Stormwater-Master-Plan-Update.pdf,unique,,Plans & Permits,/Users/sunniyaremchuk/RealEstate_Organized/_Library/Plans & Permits/Pages from 2008-03-City-of-Camrose-Stormwater-Master-Plan-Update.pdf,3534655,1758405066
"/Users/sunniyaremchuk/Downloads/Camrose 127 Acres Due DIlligence /25901B - Update Letter - Development Land, Camrose, October 2022.pdf",unique,,,"/Users/sunniyaremchuk/RealEstate_Organized/_NeedsReview/25901B - Update Letter - Development Land, Camrose, October 2022.pdf",755245,1758405066
/Users/sunniyaremchuk/Downloads/Camrose 127 Acres Due DIlligence /Legal Snapshot NE4-47-20-W4M.JPG,unique,,Photos,/Users/sunniyaremchuk/RealEstate_Organized/_Library/Photos/Legal Snapshot NE4-47-20-W4M.JPG,113875,1758405066
/Users/sunniyaremchuk/Downloads/Camrose 127 Acres Due DIlligence /1-23385.Prelim.Report.Aug.2022.pdf,unique,,,/Users/sunniyaremchuk/RealEstate_Organized/_NeedsReview/1-23385.Prelim.Report.Aug.2022.pdf,2324196,1758405066
/Users/sunniyaremchuk/Downloads/Camrose 127 Acres Due DIlligence /Camrose Figure 3 - Land Use & Stats 2022-10-01.pdf,unique,,,/Users/sunniyaremchuk/RealEstate_Organized/_NeedsReview/Camrose Figure 3 - Land Use & Stats 2022-10-01.pdf,1392774,1758405066
/Users/sunniyaremchuk/Downloads/Camrose 127 Acres Due DIlligence /Abadata Figure 2022-09-01.JPG,unique,,Photos,/Users/sunniyaremchuk/RealEstate_Organized/_Library/Photos/Abadata Figure 2022-09-01.JPG,283623,1758405066
/Users/sunniyaremchuk/Downloads/Camrose 127 Acres Due DIlligence /B-0347-22 - NE-4-47-20 W4M Camrose AB Phase 1 ESA_Rev0.pdf,unique,,,/Users/sunniyaremchuk/RealEstate_Organized/_NeedsReview/B-0347-22 - NE-4-47-20 W4M Camrose AB Phase 1 ESA_Rev0.pdf,19774747,1758405066
/Users/sunniyaremchuk/Downloads/Camrose 127 Acres Due DIlligence /Camrose Figure 3 - Land Use & Stats w MF & 2xComm 2024-05-21.pdf,unique,,,/Users/sunniyaremchuk/RealEstate_Organized/_NeedsReview/Camrose Figure 3 - Land Use & Stats w MF & 2xComm 2024-05-21.pdf,1338353,1758405066
/Users/sunniyaremchuk/Downloads/Camrose 127 Acres Due DIlligence /Camrose OPC 2024-11.pdf,unique,,,/Users/sunniyaremchuk/RealEstate_Organized/_NeedsReview/Camrose OPC 2024-11.pdf,1835006,1758405066
/Users/sunniyaremchuk/Downloads/Camrose 127 Acres Due DIlligence /Land Use.JPG,unique,,Photos,/Users/sunniyaremchuk/RealEstate_Organized/_Library/Photos/Land Use.JPG,82185,1758405066
/Users/sunniyaremchuk/Downloads/Camrose 127 Acres Due DIlligence /Camrose Figure 1 - Location 2024-05-17.pdf,unique,,,/Users/sunniyaremchuk/RealEstate_Organized/_NeedsReview/Camrose Figure 1 - Location 2024-05-17.pdf,805167,1758405066
/Users/sunniyaremchuk/Downloads/Camrose 127 Acres Due DIlligence /Pages from Water-Distribution-System-Master-Plan-Update-Report.pdf,unique,,Plans & Permits,/Users/sunniyaremchuk/RealEstate_Organized/_Library/Plans & Permits/Pages from Water-Distribution-System-Master-Plan-Update-Report.pdf,1721696,1758405066
/Users/sunniyaremchuk/Downloads/Camrose 127 Acres Due DIlligence /B-0347-22 - Wetlands.pdf,unique,,,/Users/sunniyaremchuk/RealEstate_Organized/_NeedsReview/B-0347-22 - Wetlands.pdf,818438,1758405066
"/Users/sunniyaremchuk/Downloads/Camrose 127 Acres Due DIlligence /B-0347-22 - Desktop Biophysical Assessment, August2022.pdf",unique,,,"/Users/sunniyaremchuk/RealEstate_Organized/_NeedsReview/B-0347-22 - Desktop Biophysical Assessment, August2022.pdf",2909912,1758405066
/Users/sunniyaremchuk/Downloads/Camrose 127 Acres Due DIlligence /Bylaw 3289-23 - Off-site Levies.pdf,unique,,,/Users/sunniyaremchuk/RealEstate_Organized/_NeedsReview/Bylaw 3289-23 - Off-site Levies.pdf,4004184,1758405066
/Users/sunniyaremchuk/Downloads/Camrose 127 Acres Due DIlligence /Farming Lease Agreement 2024-04-30.pdf,unique,,Contracts,/Users/sunniyaremchuk/RealEstate_Organized/_Library/Contracts/Farming Lease Agreement 2024-04-30.pdf,1041981,1758405066
/Users/sunniyaremchuk/Downloads/Camrose 127 Acres Due DIlligence /Title 2023-03-29.pdf,unique,,,/Users/sunniyaremchuk/RealEstate_Organized/_NeedsReview/Title 2023-03-29.pdf,41747,1758405066
/Users/sunniyaremchuk/Downloads/Camrose 127 Acres Due DIlligence /Camrose OPC 2024-10.xls,unique,,,/Users/sunniyaremchuk/RealEstate_Organized/_NeedsReview/Camrose OPC 2024-10.xls,347648,1758405066
"/Users/sunniyaremchuk/Downloads/Personal Statements- 2025 BMO/November 7, 2025.pdf",unique,,,"/Users/sunniyaremchuk/RealEstate_Organized/_NeedsReview/November 7, 2025.pdf",336773,1774712361
"/Users/sunniyaremchuk/Downloads/Personal Statements- 2025 BMO/March 7, 2025.pdf",unique,,,"/Users/sunniyaremchuk/RealEstate_Organized/_NeedsReview/March 7, 2025.pdf",334502,1774712144
"/Users/sunniyaremchuk/Downloads/Personal Statements- 2025 BMO/April 9, 2025.pdf",unique,,,"/Users/sunniyaremchuk/RealEstate_Organized/_NeedsReview/April 9, 2025.pdf",321464,1774712168
"/Users/sunniyaremchuk/Downloads/Personal Statements- 2025 BMO/August 8, 2025.pdf",unique,,,"/Users/sunniyaremchuk/RealEstate_Organized/_NeedsReview/August 8, 2025.pdf",250974,1774712266
"/Users/sunniyaremchuk/Downloads/Personal Statements- 2025 BMO/May 9, 2025.pdf",unique,,,"/Users/sunniyaremchuk/RealEstate_Organized/_NeedsReview/May 9, 2025.pdf",309778,1774712188
"/Users/sunniyaremchuk/Downloads/Personal Statements- 2025 BMO/July 9, 2025.pdf",unique,,,"/Users/sunniyaremchuk/RealEstate_Organized/_NeedsReview/July 9, 2025.pdf",283794,1774712245
"/Users/sunniyaremchuk/Downloads/Personal Statements- 2025 BMO/December 9, 2025.pdf",unique,,,"/Users/sunniyaremchuk/RealEstate_Organized/_NeedsReview/December 9, 2025.pdf",303776,1774712376
"/Users/sunniyaremchuk/Downloads/Personal Statements- 2025 BMO/June 9, 2025.pdf",unique,,,"/Users/sunniyaremchuk/RealEstate_Organized/_NeedsReview/June 9, 2025.pdf",299658,1774712228
"/Users/sunniyaremchuk/Downloads/Personal Statements- 2025 BMO/January 9, 2025.pdf",unique,,,"/Users/sunniyaremchuk/RealEstate_Organized/_NeedsReview/January 9, 2025.pdf",270089,1774712078
"/Users/sunniyaremchuk/Downloads/Personal Statements- 2025 BMO/September 9, 2025.pdf",unique,,,"/Users/sunniyaremchuk/RealEstate_Organized/_NeedsReview/September 9, 2025.pdf",254411,1774712323
"/Users/sunniyaremchuk/Downloads/Personal Statements- 2025 BMO/October 9, 2025.pdf",unique,,,"/Users/sunniyaremchuk/RealEstate_Organized/_NeedsReview/October 9, 2025.pdf",354148,1774712343
"/Users/sunniyaremchuk/Downloads/Personal Statements- 2025 BMO/February 7, 2025.pdf",unique,,,"/Users/sunniyaremchuk/RealEstate_Organized/_NeedsReview/February 7, 2025.pdf",355739,1774712100
/Users/sunniyaremchuk/Downloads/Mission!!!/1A028AE9-D58B-4A37-A9C1-4BF85829713D.JPG,unique,,Photos,/Users/sunniyaremchuk/RealEstate_Organized/_Library/Photos/1A028AE9-D58B-4A37-A9C1-4BF85829713D.JPG,1783673,1716504707
/Users/sunniyaremchuk/Downloads/Mission!!!/6AA14EAA-52D6-4845-B748-66857AE446BF.JPG,unique,,Photos,/Users/sunniyaremchuk/RealEstate_Organized/_Library/Photos/6AA14EAA-52D6-4845-B748-66857AE446BF.JPG,1590688,1716504691
/Users/sunniyaremchuk/Downloads/Mission!!!/A0B2E475-AB67-429A-90C1-908669829995.JPG,unique,,Photos,/Users/sunniyaremchuk/RealEstate_Organized/_Library/Photos/A0B2E475-AB67-429A-90C1-908669829995.JPG,1649728,1716504699
/Users/sunniyaremchuk/Downloads/Fb Leads - Multifamily /Landridge leads 1_Leads_2025-11-29_2025-12-01_2.csv,unique,,,/Users/sunniyaremchuk/RealEstate_Organized/_NeedsReview/Landridge leads 1_Leads_2025-11-29_2025-12-01_2.csv,1338,1764706550
/Users/sunniyaremchuk/Downloads/Fb Leads - Multifamily /Landridge leads 1_Leads_2025-11-29_2025-12-01.csv,unique,,,/Users/sunniyaremchuk/RealEstate_Organized/_NeedsReview/Landridge leads 1_Leads_2025-11-29_2025-12-01.csv,1298,1764706550
/Users/sunniyaremchuk/Downloads/West Naturopath/Naturopathic_Practice_Flyer_BlackLogo.pdf.pdf,unique,,,/Users/sunniyaremchuk/RealEstate_Organized/_NeedsReview/Naturopathic_Practice_Flyer_BlackLogo.pdf.pdf,253602,1777411292
/Users/sunniyaremchuk/Downloads/West Naturopath/WEN Clininc Exterior .jpg,unique,,Photos,/Users/sunniyaremchuk/RealEstate_Organized/_Library/Photos/WEN Clininc Exterior .jpg,1832778,1777416882
/Users/sunniyaremchuk/Downloads/West Naturopath/West Edmonton Naturopathic Sale_Brochure.pdf,unique,,,/Users/sunniyaremchuk/RealEstate_Organized/_NeedsReview/West Edmonton Naturopathic Sale_Brochure.pdf,10096,1777416651
/Users/sunniyaremchuk/Downloads/West Naturopath/Ontario_Naturopathic_Clinics_Directory.xlsx,primary,,,/Users/sunniyaremchuk/RealEstate_Organized/_NeedsReview/Ontario_Naturopathic_Clinics_Directory.xlsx,16246,1778777731
/Users/sunniyaremchuk/Downloads/2026 Tax - Emanation/Invoice 10801_05.pdf,unique,,Financials,/Users/sunniyaremchuk/RealEstate_Organized/_Library/Financials/Invoice 10801_05.pdf,1957,1774388497
/Users/sunniyaremchuk/Downloads/2026 Tax - Emanation/Black White Minimalist Simple Creative Freelancer Invoice.pdf,unique,,Financials,/Users/sunniyaremchuk/RealEstate_Organized/_Library/Financials/Black White Minimalist Simple Creative Freelancer Invoice.pdf,24216,1766183002
/Users/sunniyaremchuk/Downloads/2026 Tax - Emanation/Emanation_Invoice_10801.docx,unique,,,/Users/sunniyaremchuk/RealEstate_Organized/_NeedsReview/Emanation_Invoice_10801.docx,9207,1774017957
/Users/sunniyaremchuk/Downloads/2025 Tax Info /SUN001HDServices invoice.pdf,unique,,Financials,/Users/sunniyaremchuk/RealEstate_Organized/_Library/Financials/SUN001HDServices invoice.pdf,4072199,1774291237
/Users/sunniyaremchuk/Downloads/2025 Tax Info /Car insurannce .pdf,unique,,,/Users/sunniyaremchuk/RealEstate_Organized/_NeedsReview/Car insurannce .pdf,328066,1774290906
/Users/sunniyaremchuk/Downloads/2025 Tax Info /Personal_Sunni_Larissa_Data (2).xlsx,duplicate,,(_Duplicates),/Users/sunniyaremchuk/RealEstate_Organized/_Duplicates/Unknown/Personal_Sunni_Larissa_Data (2).xlsx,10627,1775014223
/Users/sunniyaremchuk/Downloads/2025 Tax Info /Alberta_Numbered_Larissa_Data.xlsx,unique,,,/Users/sunniyaremchuk/RealEstate_Organized/_NeedsReview/Alberta_Numbered_Larissa_Data.xlsx,34921,1775008029
/Users/sunniyaremchuk/Downloads/2025 Tax Info /2025 Tax .xlsx,unique,,Financials,/Users/sunniyaremchuk/RealEstate_Organized/_Library/Financials/2025 Tax .xlsx,22799,1774322078
/Users/sunniyaremchuk/Downloads/2025 Tax Info /Data.xlsx,unique,,,/Users/sunniyaremchuk/RealEstate_Organized/_NeedsReview/Data.xlsx,30093,1775006804
/Users/sunniyaremchuk/Downloads/2025 Tax Info /Emanation_Investments_Bookkeeping_2024_2025.xlsx,unique,,,/Users/sunniyaremchuk/RealEstate_Organized/_NeedsReview/Emanation_Investments_Bookkeeping_2024_2025.xlsx,34257,1774322157
/Users/sunniyaremchuk/Downloads/2025 Tax Info /Emanation_Larissa_Data (1).xlsx,unique,,,/Users/sunniyaremchuk/RealEstate_Organized/_NeedsReview/Emanation_Larissa_Data (1).xlsx,28788,1775013208
/Users/sunniyaremchuk/Downloads/2025 Tax Info /Emanation_Investments_For_Larissa.xlsx,unique,,,/Users/sunniyaremchuk/RealEstate_Organized/_NeedsReview/Emanation_Investments_For_Larissa.xlsx,46970,1775006740
/Users/sunniyaremchuk/Downloads/2025 Tax Info /Car Insurance summary .pdf,unique,,Financials,/Users/sunniyaremchuk/RealEstate_Organized/_Library/Financials/Car Insurance summary .pdf,87342,1774290932
/Users/sunniyaremchuk/Downloads/2025 Tax Info /Bookkeeping_Workbook.xlsx,unique,,,/Users/sunniyaremchuk/RealEstate_Organized/_NeedsReview/Bookkeeping_Workbook.xlsx,75083,1774579548
/Users/sunniyaremchuk/Downloads/2025 Tax Info /Binance-Spot-Order-History-202602280218(UTC--6)_88970916.xlsx,unique,,,/Users/sunniyaremchuk/RealEstate_Organized/_NeedsReview/Binance-Spot-Order-History-202602280218(UTC--6)_88970916.xlsx,62452,1772245402
/Users/sunniyaremchuk/Downloads/2025 Tax Info /313398179_v(1)_Invoice 2123590.pdf,unique,,,/Users/sunniyaremchuk/RealEstate_Organized/_NeedsReview/313398179_v(1)_Invoice 2123590.pdf,188635,1774290818
/Users/sunniyaremchuk/Downloads/2025 Tax Info /2652708_Alberta_FY_Oct2024_Sep2025.xlsx,unique,,,/Users/sunniyaremchuk/RealEstate_Organized/_NeedsReview/2652708_Alberta_FY_Oct2024_Sep2025.xlsx,20863,1774322101
/Users/sunniyaremchuk/Downloads/2025 Tax Info /transaction-history.csv,unique,,,/Users/sunniyaremchuk/RealEstate_Organized/_NeedsReview/transaction-history.csv,7311,1774294689
/Users/sunniyaremchuk/Downloads/2025 Tax Info /Emanation_Larissa_Data.xlsx,unique,,,/Users/sunniyaremchuk/RealEstate_Organized/_NeedsReview/Emanation_Larissa_Data.xlsx,31900,1775010949
/Users/sunniyaremchuk/Downloads/2025 Tax Info /Allendale lawyer Fee IMG_6186.PNG,unique,Allendale,Photos,/Users/sunniyaremchuk/RealEstate_Organized/Allendale/Photos/Allendale lawyer Fee IMG_6186.PNG,125875,1764744657
/Users/sunniyaremchuk/Downloads/2025 Tax Info /Statments-RBC Alberta LTD./1031269_2024_12_27_2025_01_27.pdf,unique,,,/Users/sunniyaremchuk/RealEstate_Organized/_NeedsReview/1031269_2024_12_27_2025_01_27.pdf,66866,1774318909
/Users/sunniyaremchuk/Downloads/2025 Tax Info /Statments-RBC Alberta LTD./1031269_2025_05_27_2025_06_27.pdf,unique,,,/Users/sunniyaremchuk/RealEstate_Organized/_NeedsReview/1031269_2025_05_27_2025_06_27.pdf,67583,1774318998
/Users/sunniyaremchuk/Downloads/2025 Tax Info /Statments-RBC Alberta LTD./1031269_2025_07_25_2025_08_27.pdf,unique,,,/Users/sunniyaremchuk/RealEstate_Organized/_NeedsReview/1031269_2025_07_25_2025_08_27.pdf,66414,1774319032
/Users/sunniyaremchuk/Downloads/2025 Tax Info /Statments-RBC Alberta LTD./1031269_2025_08_27_2025_09_26.pdf,unique,,,/Users/sunniyaremchuk/RealEstate_Organized/_NeedsReview/1031269_2025_08_27_2025_09_26.pdf,86411,1774319042
/Users/sunniyaremchuk/Downloads/2025 Tax Info /Statments-RBC Alberta LTD./1031269_2024_10_25_2024_11_27.pdf,unique,,,/Users/sunniyaremchuk/RealEstate_Organized/_NeedsReview/1031269_2024_10_25_2024_11_27.pdf,66502,1774318856
/Users/sunniyaremchuk/Downloads/2025 Tax Info /Statments-RBC Alberta LTD./1031269_2025_03_27_2025_04_25.pdf,unique,,,/Users/sunniyaremchuk/RealEstate_Organized/_NeedsReview/1031269_2025_03_27_2025_04_25.pdf,86085,1774318962
/Users/sunniyaremchuk/Downloads/2025 Tax Info /Statments-RBC Alberta LTD./1031269_2025_01_27_2025_02_27.pdf,unique,,,/Users/sunniyaremchuk/RealEstate_Organized/_NeedsReview/1031269_2025_01_27_2025_02_27.pdf,68402,1774318923
/Users/sunniyaremchuk/Downloads/2025 Tax Info /Statments-RBC Alberta LTD./1031269_2025_02_27_2025_03_27.pdf,unique,,,/Users/sunniyaremchuk/RealEstate_Organized/_NeedsReview/1031269_2025_02_27_2025_03_27.pdf,86422,1774318933
/Users/sunniyaremchuk/Downloads/2025 Tax Info /Statments-RBC Alberta LTD./Calgary_Leads_For_GoHighLevel_PLUS247.csv,unique,,,/Users/sunniyaremchuk/RealEstate_Organized/_NeedsReview/Calgary_Leads_For_GoHighLevel_PLUS247.csv,34015,1765946798
/Users/sunniyaremchuk/Downloads/2025 Tax Info /Statments-RBC Alberta LTD./1031269_2025_09_26_2025_10_27.pdf,unique,,,/Users/sunniyaremchuk/RealEstate_Organized/_NeedsReview/1031269_2025_09_26_2025_10_27.pdf,90820,1774319056
/Users/sunniyaremchuk/Downloads/2025 Tax Info /Statments-RBC Alberta LTD./1031269_2024_11_27_2024_12_27.pdf,unique,,,/Users/sunniyaremchuk/RealEstate_Organized/_NeedsReview/1031269_2024_11_27_2024_12_27.pdf,66754,1774318896
/Users/sunniyaremchuk/Downloads/2025 Tax Info /Statments-RBC Alberta LTD./1031269_2025_02_27_2025_03_27 2.pdf,unique,,,/Users/sunniyaremchuk/RealEstate_Organized/_NeedsReview/1031269_2025_02_27_2025_03_27 2.pdf,86422,1774318947
/Users/sunniyaremchuk/Downloads/2025 Tax Info /Statments-RBC Alberta LTD./1031269_2025_06_27_2025_07_25.pdf,unique,,,/Users/sunniyaremchuk/RealEstate_Organized/_NeedsReview/1031269_2025_06_27_2025_07_25.pdf,65597,1774319019
/Users/sunniyaremchuk/Downloads/2025 Tax Info /Statments-RBC Alberta LTD./1031269_2025_04_25_2025_05_27.pdf,unique,,,/Users/sunniyaremchuk/RealEstate_Organized/_NeedsReview/1031269_2025_04_25_2025_05_27.pdf,86539,1774318975
"/Users/sunniyaremchuk/Downloads/2025 Tax Info /Emanation-2025 Satements BMO/March 28, 2025.pdf",unique,,,"/Users/sunniyaremchuk/RealEstate_Organized/_NeedsReview/March 28, 2025.pdf",146826,1774303763
"/Users/sunniyaremchuk/Downloads/2025 Tax Info /Emanation-2025 Satements BMO/January 28, 2025.pdf",unique,,,"/Users/sunniyaremchuk/RealEstate_Organized/_NeedsReview/January 28, 2025.pdf",145690,1774303735
"/Users/sunniyaremchuk/Downloads/2025 Tax Info /Emanation-2025 Satements BMO/November 28, 2025.pdf",unique,,,"/Users/sunniyaremchuk/RealEstate_Organized/_NeedsReview/November 28, 2025.pdf",144341,1774711144
"/Users/sunniyaremchuk/Downloads/2025 Tax Info /Emanation-2025 Satements BMO/December 28, 2024.pdf",unique,,,"/Users/sunniyaremchuk/RealEstate_Organized/_NeedsReview/December 28, 2024.pdf",146958,1774303702
"/Users/sunniyaremchuk/Downloads/2025 Tax Info /Emanation-2025 Satements BMO/August 28, 2025.pdf",unique,,,"/Users/sunniyaremchuk/RealEstate_Organized/_NeedsReview/August 28, 2025.pdf",147036,1774303815
"/Users/sunniyaremchuk/Downloads/2025 Tax Info /Emanation-2025 Satements BMO/September 28, 2025.pdf",unique,,,"/Users/sunniyaremchuk/RealEstate_Organized/_NeedsReview/September 28, 2025.pdf",145938,1774303822
"/Users/sunniyaremchuk/Downloads/2025 Tax Info /Emanation-2025 Satements BMO/May 28, 2025.pdf",unique,,,"/Users/sunniyaremchuk/RealEstate_Organized/_NeedsReview/May 28, 2025.pdf",148752,1774303788
"/Users/sunniyaremchuk/Downloads/2025 Tax Info /Emanation-2025 Satements BMO/February 28, 2025.pdf",unique,,,"/Users/sunniyaremchuk/RealEstate_Organized/_NeedsReview/February 28, 2025.pdf",146932,1774303747
"/Users/sunniyaremchuk/Downloads/2025 Tax Info /Emanation-2025 Satements BMO/October 28, 2025.pdf",unique,,,"/Users/sunniyaremchuk/RealEstate_Organized/_NeedsReview/October 28, 2025.pdf",145681,1774303836
"/Users/sunniyaremchuk/Downloads/2025 Tax Info /Emanation-2025 Satements BMO/April 28, 2025.pdf",unique,,,"/Users/sunniyaremchuk/RealEstate_Organized/_NeedsReview/April 28, 2025.pdf",147226,1774303781
"/Users/sunniyaremchuk/Downloads/2025 Tax Info /Emanation-2025 Satements BMO/June 28, 2025.pdf",unique,,,"/Users/sunniyaremchuk/RealEstate_Organized/_NeedsReview/June 28, 2025.pdf",151284,1774303797
"/Users/sunniyaremchuk/Downloads/2025 Tax Info /Emanation-2025 Satements BMO/July 28, 2025.pdf",unique,,,"/Users/sunniyaremchuk/RealEstate_Organized/_NeedsReview/July 28, 2025.pdf",148509,1774303808
"/Users/sunniyaremchuk/Downloads/2025 Tax Info /Emanation-2025 Chequing Statements BMO/January 31, 2025.pdf",unique,,,"/Users/sunniyaremchuk/RealEstate_Organized/_NeedsReview/January 31, 2025.pdf",173037,1774303894
"/Users/sunniyaremchuk/Downloads/2025 Tax Info /Emanation-2025 Chequing Statements BMO/March 31, 2025.pdf",unique,,,"/Users/sunniyaremchuk/RealEstate_Organized/_NeedsReview/March 31, 2025.pdf",209756,1774303914
"/Users/sunniyaremchuk/Downloads/2025 Tax Info /Emanation-2025 Chequing Statements BMO/November 28, 2025.pdf",unique,,,"/Users/sunniyaremchuk/RealEstate_Organized/_NeedsReview/November 28, 2025.pdf",198074,1774304007
"/Users/sunniyaremchuk/Downloads/2025 Tax Info /Emanation-2025 Chequing Statements BMO/August 29, 2025.pdf",unique,,,"/Users/sunniyaremchuk/RealEstate_Organized/_NeedsReview/August 29, 2025.pdf",157441,1774303972
"/Users/sunniyaremchuk/Downloads/2025 Tax Info /Emanation-2025 Chequing Statements BMO/December 31, 2024.pdf",unique,,,"/Users/sunniyaremchuk/RealEstate_Organized/_NeedsReview/December 31, 2024.pdf",175902,1774303873
"/Users/sunniyaremchuk/Downloads/2025 Tax Info /Emanation-2025 Chequing Statements BMO/April 30, 2025.pdf",unique,,,"/Users/sunniyaremchuk/RealEstate_Organized/_NeedsReview/April 30, 2025.pdf",163215,1774303922
"/Users/sunniyaremchuk/Downloads/2025 Tax Info /Emanation-2025 Chequing Statements BMO/October 31, 2025.pdf",unique,,,"/Users/sunniyaremchuk/RealEstate_Organized/_NeedsReview/October 31, 2025.pdf",178462,1774303991
"/Users/sunniyaremchuk/Downloads/2025 Tax Info /Emanation-2025 Chequing Statements BMO/June 30, 2025.pdf",unique,,,"/Users/sunniyaremchuk/RealEstate_Organized/_NeedsReview/June 30, 2025.pdf",188301,1774303953
"/Users/sunniyaremchuk/Downloads/2025 Tax Info /Emanation-2025 Chequing Statements BMO/February 28, 2026.pdf",unique,,,"/Users/sunniyaremchuk/RealEstate_Organized/_NeedsReview/February 28, 2026.pdf",145943,1774303902
"/Users/sunniyaremchuk/Downloads/2025 Tax Info /Emanation-2025 Chequing Statements BMO/September 29, 2025.pdf",unique,,,"/Users/sunniyaremchuk/RealEstate_Organized/_NeedsReview/September 29, 2025.pdf",188874,1774303981
"/Users/sunniyaremchuk/Downloads/2025 Tax Info /Emanation-2025 Chequing Statements BMO/May 30, 2025.pdf",unique,,,"/Users/sunniyaremchuk/RealEstate_Organized/_NeedsReview/May 30, 2025.pdf",168997,1774303932
"/Users/sunniyaremchuk/Downloads/2025 Tax Info /Emanation-2025 Chequing Statements BMO/July 31, 2025.pdf",unique,,,"/Users/sunniyaremchuk/RealEstate_Organized/_NeedsReview/July 31, 2025.pdf",160362,1774303964
/Users/sunniyaremchuk/Downloads/Developemts/Jasper Park /Invoice-0231195- Tree Removal .pdf,unique,,Financials,/Users/sunniyaremchuk/RealEstate_Organized/_Library/Financials/Invoice-0231195- Tree Removal .pdf,3904,1772834877
/Users/sunniyaremchuk/Downloads/Developemts/Jasper Park /Jasper_Park_Investment_Model.xlsx,unique,Jasper Park,,/Users/sunniyaremchuk/RealEstate_Organized/Jasper Park/_NeedsReview/Jasper_Park_Investment_Model.xlsx,9742,1772657202
/Users/sunniyaremchuk/Downloads/Developemts/Jasper Park /Emanation_Invoice_12020_129St.docx,unique,,,/Users/sunniyaremchuk/RealEstate_Organized/_NeedsReview/Emanation_Invoice_12020_129St.docx,9231,1774024882
"/Users/sunniyaremchuk/Downloads/Developemts/Jasper Park /14858, 8 Unit Complex, Sunrize Investments, 9121 152 Street, Jasper Park_Draft 2.pdf",unique,Jasper Park,,"/Users/sunniyaremchuk/RealEstate_Organized/Jasper Park/_NeedsReview/14858, 8 Unit Complex, Sunrize Investments, 9121 152 Street, Jasper Park_Draft 2.pdf",5817977,1772655864
/Users/sunniyaremchuk/Downloads/Developemts/Jasper Park /Jasper_Park_Full_Underwriting_Model_v2.xlsx,unique,Jasper Park,,/Users/sunniyaremchuk/RealEstate_Organized/Jasper Park/_NeedsReview/Jasper_Park_Full_Underwriting_Model_v2.xlsx,11254,1772836811
/Users/sunniyaremchuk/Downloads/Developemts/Jasper Park /Jasper-Park Underwriting.xlsx,unique,Jasper Park,Financials,/Users/sunniyaremchuk/RealEstate_Organized/Jasper Park/Financials/Jasper-Park Underwriting.xlsx,55059,1772915224
/Users/sunniyaremchuk/Downloads/Developemts/Jasper Park /Engagement.....Street.pdf,unique,,,/Users/sunniyaremchuk/RealEstate_Organized/_NeedsReview/Engagement.....Street.pdf,404059,1765819334
/Users/sunniyaremchuk/Downloads/Developemts/Jasper Park /Engagement Letter - 9121 - 152 Street.pdf,unique,9121 152,,/Users/sunniyaremchuk/RealEstate_Organized/9121 152/_NeedsReview/Engagement Letter - 9121 - 152 Street.pdf,334735,1765242954
/Users/sunniyaremchuk/Downloads/Developemts/Jasper Park /Jasper Park 9121 152 St .jpeg,duplicate,Jasper Park,(_Duplicates),/Users/sunniyaremchuk/RealEstate_Organized/_Duplicates/Jasper Park/Jasper Park 9121 152 St .jpeg,399956,1774229036
/Users/sunniyaremchuk/Downloads/Developemts/Jasper Park /Construction Agreement (9121 152)[1].pdf.docx.pdf,unique,9121 152,Contracts,/Users/sunniyaremchuk/RealEstate_Organized/9121 152/Contracts/Construction Agreement (9121 152)[1].pdf.docx.pdf,197999,1772649228
/Users/sunniyaremchuk/Downloads/Developemts/Jasper Park /Welcome to Calvert Home Mortgage (I).pdf,unique,,,/Users/sunniyaremchuk/RealEstate_Organized/_NeedsReview/Welcome to Calvert Home Mortgage (I).pdf,205421,1772656035
/Users/sunniyaremchuk/Downloads/Developemts/Jasper Park /Emanation_Invoice_JasperPark.docx,unique,,,/Users/sunniyaremchuk/RealEstate_Organized/_NeedsReview/Emanation_Invoice_JasperPark.docx,9331,1774024140
/Users/sunniyaremchuk/Downloads/Developemts/Jasper Park /9121 152 ST WDV.4.pdf,primary,9121 152,,/Users/sunniyaremchuk/RealEstate_Organized/9121 152/_NeedsReview/9121 152 ST WDV.4.pdf,2004510,1772656077
/Users/sunniyaremchuk/Downloads/Developemts/Jasper Park /Jasper Place 9121 152 St  LOI - Revised - February 4 2026.pdf,duplicate,9121 152,(_Duplicates),/Users/sunniyaremchuk/RealEstate_Organized/_Duplicates/9121 152/Jasper Place 9121 152 St  LOI - Revised - February 4 2026.pdf,410496,1772656162
/Users/sunniyaremchuk/Downloads/Developemts/Jasper Park /Diamante Inc. - Commitment Letter - AB.pdf,unique,,,/Users/sunniyaremchuk/RealEstate_Organized/_NeedsReview/Diamante Inc. - Commitment Letter - AB.pdf,486277,1772655985
/Users/sunniyaremchuk/Downloads/Developemts/Jasper Park /Jasper Place 9121 152 St  LOI - Revised - February 4 2026 (1).pdf,duplicate,9121 152,(_Duplicates),/Users/sunniyaremchuk/RealEstate_Organized/_Duplicates/9121 152/Jasper Place 9121 152 St  LOI - Revised - February 4 2026 (1).pdf,410496,1772836402
/Users/sunniyaremchuk/Downloads/Developemts/Jasper Park /WhatsApp Image 2025-12-25 at 22.33.55.jpeg,unique,,Photos,/Users/sunniyaremchuk/RealEstate_Organized/_Library/Photos/WhatsApp Image 2025-12-25 at 22.33.55.jpeg,460690,1766769787
/Users/sunniyaremchuk/Downloads/Developemts/Jasper Park /Complete_with_Docusign_Scanned_Document.pdf,unique,,,/Users/sunniyaremchuk/RealEstate_Organized/_NeedsReview/Complete_with_Docusign_Scanned_Document.pdf,1598098,1772569450
/Users/sunniyaremchuk/Downloads/Developemts/Jasper Park /Jasper_Park_Project_Budget_v2.xlsx,unique,Jasper Park,,/Users/sunniyaremchuk/RealEstate_Organized/Jasper Park/_NeedsReview/Jasper_Park_Project_Budget_v2.xlsx,24818,1773158888
/Users/sunniyaremchuk/Downloads/Developemts/Jasper Park /Ontario_Naturopathic_Clinics_Directory.xlsx,duplicate,,(_Duplicates),/Users/sunniyaremchuk/RealEstate_Organized/_Duplicates/Unknown/Ontario_Naturopathic_Clinics_Directory.xlsx,16246,1778188891
/Users/sunniyaremchuk/Downloads/Developemts/Jasper Park /Invoice-0231195- Tree.pdf,unique,,Financials,/Users/sunniyaremchuk/RealEstate_Organized/_Library/Financials/Invoice-0231195- Tree.pdf,3904,1774301035
/Users/sunniyaremchuk/Downloads/Developemts/Allendale 1/Allendale CMHC Invoice-Facture MUIN00090084-MU MLI.PDF,duplicate,Allendale,(_Duplicates),/Users/sunniyaremchuk/RealEstate_Organized/_Duplicates/Allendale/Allendale CMHC Invoice-Facture MUIN00090084-MU MLI.PDF,260422,1764744883
"/Users/sunniyaremchuk/Downloads/Developemts/Allendale 1/ChatGPT Image Mar 22, 2026, 10_01_59 PM.png",duplicate,,(_Duplicates),"/Users/sunniyaremchuk/RealEstate_Organized/_Duplicates/Unknown/ChatGPT Image Mar 22, 2026, 10_01_59 PM.png",2783228,1774234919
/Users/sunniyaremchuk/Downloads/Developemts/Allendale 1/6408 106 Street Budget 5-Plex.xlsx,unique,6408 106,Financials,/Users/sunniyaremchuk/RealEstate_Organized/6408 106/Financials/6408 106 Street Budget 5-Plex.xlsx,15554,1772918832
/Users/sunniyaremchuk/Downloads/Developemts/Allendale 1/QS Report 3-13862-16645.pdf,duplicate,,(_Duplicates),/Users/sunniyaremchuk/RealEstate_Organized/_Duplicates/Unknown/QS Report 3-13862-16645.pdf,61223,1764744336
/Users/sunniyaremchuk/Downloads/Developemts/Allendale 1/Allendale 106 Street Property - Venture Invoice 16643.pdf,duplicate,Allendale,(_Duplicates),/Users/sunniyaremchuk/RealEstate_Organized/_Duplicates/Allendale/Allendale 106 Street Property - Venture Invoice 16643.pdf,180306,1764744368
/Users/sunniyaremchuk/Downloads/Developemts/Allendale 1/Allendale Closing Lawyer Bank Draft Calculation Lawyer Payments.pdf,unique,Allendale,Legal,/Users/sunniyaremchuk/RealEstate_Organized/Allendale/Legal/Allendale Closing Lawyer Bank Draft Calculation Lawyer Payments.pdf,92058,1764744459
/Users/sunniyaremchuk/Downloads/Developemts/Allendale 1/New 5-unit infill in Allendale.png,primary,Allendale,Photos,/Users/sunniyaremchuk/RealEstate_Organized/Allendale/Photos/New 5-unit infill in Allendale.png,2783228,1774234993
/Users/sunniyaremchuk/Downloads/Developemts/Allendale 1/Allendale_Master_Cost_Summary_v2.xlsx,unique,Allendale,,/Users/sunniyaremchuk/RealEstate_Organized/Allendale/_NeedsReview/Allendale_Master_Cost_Summary_v2.xlsx,18975,1773076862
/Users/sunniyaremchuk/Downloads/Developemts/Allendale 1/Invoice-Facture MUIN00090084-MU MLI.PDF,primary,,Financials,/Users/sunniyaremchuk/RealEstate_Organized/_Library/Financials/Invoice-Facture MUIN00090084-MU MLI.PDF,260422,1774291368
/Users/sunniyaremchuk/Downloads/Developemts/Allendale 1/Modern infill building in lush neighborhood copy.png,duplicate,,(_Duplicates),/Users/sunniyaremchuk/RealEstate_Organized/_Duplicates/Unknown/Modern infill building in lush neighborhood copy.png,2851893,1774234949
/Users/sunniyaremchuk/Downloads/Developemts/Allendale 1/Modern infill building in lush neighborhood.png,primary,,Photos,/Users/sunniyaremchuk/RealEstate_Organized/_Library/Photos/Modern infill building in lush neighborhood.png,2851893,1774234999
/Users/sunniyaremchuk/Downloads/Developemts/Allendale 1/Allendale_Loan_Advance_BTY.xlsx,unique,Allendale,,/Users/sunniyaremchuk/RealEstate_Organized/Allendale/_NeedsReview/Allendale_Loan_Advance_BTY.xlsx,20235,1764831560
/Users/sunniyaremchuk/Downloads/Developemts/Allendale 1/Allendale 6-Plex Claim No. 1 DRAFTS R1 copy 2.pdf,unique,Allendale 6-Plex,,/Users/sunniyaremchuk/RealEstate_Organized/Allendale 6-Plex/_NeedsReview/Allendale 6-Plex Claim No. 1 DRAFTS R1 copy 2.pdf,878273,1764742720
/Users/sunniyaremchuk/Downloads/Developemts/Allendale 1/106 Street Property - Venture Invoice 16643.pdf,primary,106 Street Property,Financials,/Users/sunniyaremchuk/RealEstate_Organized/106 Street Property/Financials/106 Street Property - Venture Invoice 16643.pdf,180306,1774290537
/Users/sunniyaremchuk/Downloads/Developemts/Allendale 1/CMLS Broker Disclosure Form (1).pdf,primary,,Marketing & OM,/Users/sunniyaremchuk/RealEstate_Organized/_Library/Marketing & OM/CMLS Broker Disclosure Form (1).pdf,121067,1765316856
/Users/sunniyaremchuk/Downloads/Developemts/Allendale 1/Allendale Atco.pdf,unique,Allendale,,/Users/sunniyaremchuk/RealEstate_Organized/Allendale/_NeedsReview/Allendale Atco.pdf,23419,1764721680
/Users/sunniyaremchuk/Downloads/Developemts/Allendale 1/Generated image: New 5-unit infill in Allendale.png,duplicate,Allendale,(_Duplicates),/Users/sunniyaremchuk/RealEstate_Organized/_Duplicates/Allendale/Generated image: New 5-unit infill in Allendale.png,2783228,1774234915
/Users/sunniyaremchuk/Downloads/Developemts/Allendale 1/Allendale 6-Plex Claim No. 1 DRAFTS R1.pdf,unique,Allendale 6-Plex,,/Users/sunniyaremchuk/RealEstate_Organized/Allendale 6-Plex/_NeedsReview/Allendale 6-Plex Claim No. 1 DRAFTS R1.pdf,872138,1764741876
/Users/sunniyaremchuk/Downloads/Developemts/Allendale 1/Allendale_UPDATED_Model_Conservative.xlsx,unique,Allendale,,/Users/sunniyaremchuk/RealEstate_Organized/Allendale/_NeedsReview/Allendale_UPDATED_Model_Conservative.xlsx,12768,1774717305
/Users/sunniyaremchuk/Downloads/Developemts/Allendale 1/Term Sheet 6408 106 St.pdf,duplicate,6408 106,(_Duplicates),/Users/sunniyaremchuk/RealEstate_Organized/_Duplicates/6408 106/Term Sheet 6408 106 St.pdf,1028828,1765248662
/Users/sunniyaremchuk/Downloads/Developemts/Allendale 1/Peakhill Commitment Letter 6408 106 St (1).pdf,duplicate,6408 106,(_Duplicates),/Users/sunniyaremchuk/RealEstate_Organized/_Duplicates/6408 106/Peakhill Commitment Letter 6408 106 St (1).pdf,465100,1765316847
"/Users/sunniyaremchuk/Downloads/Developemts/Allendale 1/BTY Group Proposal - Sunrize Investments, Allendale Apartments, Edmonton, AB (1).pdf",unique,Allendale,,"/Users/sunniyaremchuk/RealEstate_Organized/Allendale/_NeedsReview/BTY Group Proposal - Sunrize Investments, Allendale Apartments, Edmonton, AB (1).pdf",1996138,1774289322
/Users/sunniyaremchuk/Downloads/Developemts/Allendale 1/6408 106 St Allendale - 003.pdf,duplicate,Allendale,(_Duplicates),/Users/sunniyaremchuk/RealEstate_Organized/_Duplicates/Allendale/6408 106 St Allendale - 003.pdf,416008,1771985145
/Users/sunniyaremchuk/Downloads/Developemts/Allendale 1/Property Tax.pdf,unique,,Financials,/Users/sunniyaremchuk/RealEstate_Organized/_Library/Financials/Property Tax.pdf,26443,1764743526
/Users/sunniyaremchuk/Downloads/Developemts/Allendale 1/15014 5-Unit Complex 6408 106 St Allendale DRAFT.pdf,duplicate,Allendale,(_Duplicates),/Users/sunniyaremchuk/RealEstate_Organized/_Duplicates/Allendale/15014 5-Unit Complex 6408 106 St Allendale DRAFT.pdf,4811156,1772918922
/Users/sunniyaremchuk/Downloads/Developemts/Allendale 1/Emanation Investments Inc. (2024-10-10 - Quote) Allendale 6408 Insurance.pdf,unique,Allendale,,/Users/sunniyaremchuk/RealEstate_Organized/Allendale/_NeedsReview/Emanation Investments Inc. (2024-10-10 - Quote) Allendale 6408 Insurance.pdf,1906643,1764743517
/Users/sunniyaremchuk/Downloads/Developemts/Allendale 1/CMLS Invoice - COI Placement Fee.pdf,duplicate,,(_Duplicates),/Users/sunniyaremchuk/RealEstate_Organized/_Duplicates/Unknown/CMLS Invoice - COI Placement Fee.pdf,487429,1765316859
/Users/sunniyaremchuk/Downloads/Developemts/Allendale 1/Allendale- Good faith Deposit COI-CMLS Deposit .pdf,unique,Allendale,Marketing & OM,/Users/sunniyaremchuk/RealEstate_Organized/Allendale/Marketing & OM/Allendale- Good faith Deposit COI-CMLS Deposit .pdf,5160684,1764744488
/Users/sunniyaremchuk/Downloads/Developemts/Allendale 1/Allendale_Comparison_Comps_UPDATED.xlsx,unique,Allendale,,/Users/sunniyaremchuk/RealEstate_Organized/Allendale/_NeedsReview/Allendale_Comparison_Comps_UPDATED.xlsx,8712,1772558720
/Users/sunniyaremchuk/Downloads/Developemts/Allendale 1/Allendale expense insurance.pdf,unique,Allendale,,/Users/sunniyaremchuk/RealEstate_Organized/Allendale/_NeedsReview/Allendale expense insurance.pdf,177070,1764721634
/Users/sunniyaremchuk/Downloads/Developemts/Allendale 1/Allendale Invoice_13935_from_ProtechGeo__Material_Testing_Ltd FINAL.pdf,unique,Allendale,,/Users/sunniyaremchuk/RealEstate_Organized/Allendale/_NeedsReview/Allendale Invoice_13935_from_ProtechGeo__Material_Testing_Ltd FINAL.pdf,31453,1764721904
/Users/sunniyaremchuk/Downloads/Developemts/Allendale 1/Allendale Abatement Payment .png,unique,Allendale,Photos,/Users/sunniyaremchuk/RealEstate_Organized/Allendale/Photos/Allendale Abatement Payment .png,98967,1764744383
/Users/sunniyaremchuk/Downloads/Developemts/Allendale 1/Allendale_QS_cost_log.xlsx,unique,Allendale,,/Users/sunniyaremchuk/RealEstate_Organized/Allendale/_NeedsReview/Allendale_QS_cost_log.xlsx,15933,1764831547
/Users/sunniyaremchuk/Downloads/Developemts/Allendale 1/Allendale Appraisal invoice_93826.pdf,unique,Allendale,Reports,/Users/sunniyaremchuk/RealEstate_Organized/Allendale/Reports/Allendale Appraisal invoice_93826.pdf,2859713,1764744865
/Users/sunniyaremchuk/Downloads/Developemts/Allendale 1/Allendale_Master_Cost_Summary.xlsx,unique,Allendale,,/Users/sunniyaremchuk/RealEstate_Organized/Allendale/_NeedsReview/Allendale_Master_Cost_Summary.xlsx,14463,1773074377
/Users/sunniyaremchuk/Downloads/Developemts/Allendale 1/Allendale_Equity_Model_UPDATED_348k.xlsx,unique,Allendale,,/Users/sunniyaremchuk/RealEstate_Organized/Allendale/_NeedsReview/Allendale_Equity_Model_UPDATED_348k.xlsx,6202,1772821824
/Users/sunniyaremchuk/Downloads/Developemts/Allendale 1/6408 Allendale - Front Left View.jpg,unique,Allendale,Photos,/Users/sunniyaremchuk/RealEstate_Organized/Allendale/Photos/6408 Allendale - Front Left View.jpg,283004,1774228852
/Users/sunniyaremchuk/Downloads/Developemts/Allendale 1/commitmentletter6408106st 3/Peakhill Wire EFT Instructions.pdf,duplicate,,(_Duplicates),/Users/sunniyaremchuk/RealEstate_Organized/_Duplicates/Unknown/Peakhill Wire EFT Instructions.pdf,116751,1765231810
/Users/sunniyaremchuk/Downloads/Developemts/Allendale 1/commitmentletter6408106st 3/CMLS Broker Disclosure Form.pdf,duplicate,,(_Duplicates),/Users/sunniyaremchuk/RealEstate_Organized/_Duplicates/Unknown/CMLS Broker Disclosure Form.pdf,121067,1765231810
/Users/sunniyaremchuk/Downloads/Developemts/Allendale 1/commitmentletter6408106st 3/CMLS Invoice - COI Placement Fee.pdf,duplicate,,(_Duplicates),/Users/sunniyaremchuk/RealEstate_Organized/_Duplicates/Unknown/CMLS Invoice - COI Placement Fee.pdf,487429,1765231810
/Users/sunniyaremchuk/Downloads/Developemts/Allendale 1/commitmentletter6408106st 3/Peakhill Commitment Letter 6408 106 St.pdf,duplicate,6408 106,(_Duplicates),/Users/sunniyaremchuk/RealEstate_Organized/_Duplicates/6408 106/Peakhill Commitment Letter 6408 106 St.pdf,465100,1765231810
/Users/sunniyaremchuk/Downloads/Developemts/Mayfield/Invoice 13799RP (1).pdf,primary,,Financials,/Users/sunniyaremchuk/RealEstate_Organized/_Library/Financials/Invoice 13799RP (1).pdf,135642,1774290618
"/Users/sunniyaremchuk/Downloads/Developemts/Mayfield/Mayfield Cost-To-Date (15981 110B Ave,).xlsx",unique,Mayfield,,"/Users/sunniyaremchuk/RealEstate_Organized/Mayfield/_NeedsReview/Mayfield Cost-To-Date (15981 110B Ave,).xlsx",6742,1771985016
/Users/sunniyaremchuk/Downloads/Developemts/Mayfield/WhatsApp Image 2025-10-24 at 12.50.41.jpeg,unique,,Photos,/Users/sunniyaremchuk/RealEstate_Organized/_Library/Photos/WhatsApp Image 2025-10-24 at 12.50.41.jpeg,151844,1767746536
/Users/sunniyaremchuk/Downloads/Developemts/Mayfield/Property Tax 2025 15981-110B Avenue Edmonton.pdf,unique,15981 110B Ave,Financials,/Users/sunniyaremchuk/RealEstate_Organized/15981 110B Ave/Financials/Property Tax 2025 15981-110B Avenue Edmonton.pdf,848013,1766469250
"/Users/sunniyaremchuk/Downloads/Developemts/Mayfield/13799, Sundia Inc, 15981 110B Avenue, Mayfield 9-Unit Multi-Family Complex.pdf",unique,Mayfield,,"/Users/sunniyaremchuk/RealEstate_Organized/Mayfield/_NeedsReview/13799, Sundia Inc, 15981 110B Avenue, Mayfield 9-Unit Multi-Family Complex.pdf",6404729,1765514581
/Users/sunniyaremchuk/Downloads/Developemts/Mayfield/Mayfield 110.png,unique,Mayfield 110,Photos,/Users/sunniyaremchuk/RealEstate_Organized/Mayfield 110/Photos/Mayfield 110.png,2557302,1774235621
/Users/sunniyaremchuk/Downloads/Developemts/Mayfield/Invoice 13799RP.pdf,duplicate,,(_Duplicates),/Users/sunniyaremchuk/RealEstate_Organized/_Duplicates/Unknown/Invoice 13799RP.pdf,135642,1774290584
/Users/sunniyaremchuk/Downloads/commitmentletter6408106st/Peakhill Wire EFT Instructions.pdf,primary,,,/Users/sunniyaremchuk/RealEstate_Organized/_NeedsReview/Peakhill Wire EFT Instructions.pdf,116751,1765231810
/Users/sunniyaremchuk/Downloads/commitmentletter6408106st/CMLS Broker Disclosure Form.pdf,duplicate,,(_Duplicates),/Users/sunniyaremchuk/RealEstate_Organized/_Duplicates/Unknown/CMLS Broker Disclosure Form.pdf,121067,1765231810
/Users/sunniyaremchuk/Downloads/commitmentletter6408106st/CMLS Invoice - COI Placement Fee.pdf,duplicate,,(_Duplicates),/Users/sunniyaremchuk/RealEstate_Organized/_Duplicates/Unknown/CMLS Invoice - COI Placement Fee.pdf,487429,1765231810
/Users/sunniyaremchuk/Downloads/commitmentletter6408106st/Peakhill Commitment Letter 6408 106 St.pdf,duplicate,6408 106,(_Duplicates),/Users/sunniyaremchuk/RealEstate_Organized/_Duplicates/6408 106/Peakhill Commitment Letter 6408 106 St.pdf,465100,1765231810
/Users/sunniyaremchuk/Downloads/Conference Photos-Review w Claude & Delete /IMG_4792.HEIC,unique,,Photos,/Users/sunniyaremchuk/RealEstate_Organized/_Library/Photos/IMG_4792.HEIC,1401618,1716586367
/Users/sunniyaremchuk/Downloads/Conference Photos-Review w Claude & Delete /IMG_4784.HEIC,unique,,Photos,/Users/sunniyaremchuk/RealEstate_Organized/_Library/Photos/IMG_4784.HEIC,963636,1716585055
/Users/sunniyaremchuk/Downloads/Conference Photos-Review w Claude & Delete /IMG_4710.HEIC,unique,,Photos,/Users/sunniyaremchuk/RealEstate_Organized/_Library/Photos/IMG_4710.HEIC,859662,1716559123
/Users/sunniyaremchuk/Downloads/Conference Photos-Review w Claude & Delete /IMG_4706.HEIC,unique,,Photos,/Users/sunniyaremchuk/RealEstate_Organized/_Library/Photos/IMG_4706.HEIC,1058686,1716558850
/Users/sunniyaremchuk/Downloads/Conference Photos-Review w Claude & Delete /IMG_4788.HEIC,unique,,Photos,/Users/sunniyaremchuk/RealEstate_Organized/_Library/Photos/IMG_4788.HEIC,894434,1716585913
/Users/sunniyaremchuk/Downloads/Conference Photos-Review w Claude & Delete /IMG_4789.HEIC,unique,,Photos,/Users/sunniyaremchuk/RealEstate_Organized/_Library/Photos/IMG_4789.HEIC,943159,1716586134
/Users/sunniyaremchuk/Downloads/Conference Photos-Review w Claude & Delete /IMG_4707.HEIC,unique,,Photos,/Users/sunniyaremchuk/RealEstate_Organized/_Library/Photos/IMG_4707.HEIC,963746,1716558931
/Users/sunniyaremchuk/Downloads/Conference Photos-Review w Claude & Delete /IMG_4711.HEIC,unique,,Photos,/Users/sunniyaremchuk/RealEstate_Organized/_Library/Photos/IMG_4711.HEIC,863284,1716559227
/Users/sunniyaremchuk/Downloads/Conference Photos-Review w Claude & Delete /IMG_4785.HEIC,unique,,Photos,/Users/sunniyaremchuk/RealEstate_Organized/_Library/Photos/IMG_4785.HEIC,1674723,1716585296
/Users/sunniyaremchuk/Downloads/Conference Photos-Review w Claude & Delete /IMG_4777.HEIC,unique,,Photos,/Users/sunniyaremchuk/RealEstate_Organized/_Library/Photos/IMG_4777.HEIC,925936,1716583743
/Users/sunniyaremchuk/Downloads/Conference Photos-Review w Claude & Delete /IMG_4917.HEIC,unique,,Photos,/Users/sunniyaremchuk/RealEstate_Organized/_Library/Photos/IMG_4917.HEIC,847694,1716649830
/Users/sunniyaremchuk/Downloads/Conference Photos-Review w Claude & Delete /IMG_4782.HEIC,unique,,Photos,/Users/sunniyaremchuk/RealEstate_Organized/_Library/Photos/IMG_4782.HEIC,867308,1716584745
/Users/sunniyaremchuk/Downloads/Conference Photos-Review w Claude & Delete /IMG_4716.HEIC,unique,,Photos,/Users/sunniyaremchuk/RealEstate_Organized/_Library/Photos/IMG_4716.HEIC,890946,1716559722
/Users/sunniyaremchuk/Downloads/Conference Photos-Review w Claude & Delete /IMG_4700.HEIC,unique,,Photos,/Users/sunniyaremchuk/RealEstate_Organized/_Library/Photos/IMG_4700.HEIC,1186094,1716558254
/Users/sunniyaremchuk/Downloads/Conference Photos-Review w Claude & Delete /IMG_4701.HEIC,unique,,Photos,/Users/sunniyaremchuk/RealEstate_Organized/_Library/Photos/IMG_4701.HEIC,1204578,1716558358
/Users/sunniyaremchuk/Downloads/Conference Photos-Review w Claude & Delete /IMG_4717.HEIC,unique,,Photos,/Users/sunniyaremchuk/RealEstate_Organized/_Library/Photos/IMG_4717.HEIC,889450,1716559742
/Users/sunniyaremchuk/Downloads/Conference Photos-Review w Claude & Delete /IMG_4783.HEIC,unique,,Photos,/Users/sunniyaremchuk/RealEstate_Organized/_Library/Photos/IMG_4783.HEIC,1392005,1716584953
/Users/sunniyaremchuk/Downloads/Conference Photos-Review w Claude & Delete /IMG_4776.HEIC,unique,,Photos,/Users/sunniyaremchuk/RealEstate_Organized/_Library/Photos/IMG_4776.HEIC,1442408,1716583513
/Users/sunniyaremchuk/Downloads/Conference Photos-Review w Claude & Delete /IMG_4718.HEIC,unique,,Photos,/Users/sunniyaremchuk/RealEstate_Organized/_Library/Photos/IMG_4718.HEIC,904970,1716559747
/Users/sunniyaremchuk/Downloads/Conference Photos-Review w Claude & Delete /IMG_4775.HEIC,unique,,Photos,/Users/sunniyaremchuk/RealEstate_Organized/_Library/Photos/IMG_4775.HEIC,983965,1716583492
/Users/sunniyaremchuk/Downloads/Conference Photos-Review w Claude & Delete /IMG_4702.HEIC,unique,,Photos,/Users/sunniyaremchuk/RealEstate_Organized/_Library/Photos/IMG_4702.HEIC,1346588,1716558495
/Users/sunniyaremchuk/Downloads/Conference Photos-Review w Claude & Delete /IMG_4714.HEIC,unique,,Photos,/Users/sunniyaremchuk/RealEstate_Organized/_Library/Photos/IMG_4714.HEIC,1455334,1716559550
/Users/sunniyaremchuk/Downloads/Conference Photos-Review w Claude & Delete /IMG_4780.HEIC,unique,,Photos,/Users/sunniyaremchuk/RealEstate_Organized/_Library/Photos/IMG_4780.HEIC,1378935,1716584506
/Users/sunniyaremchuk/Downloads/Conference Photos-Review w Claude & Delete /IMG_4779.HEIC,unique,,Photos,/Users/sunniyaremchuk/RealEstate_Organized/_Library/Photos/IMG_4779.HEIC,972749,1716584271
/Users/sunniyaremchuk/Downloads/Conference Photos-Review w Claude & Delete /IMG_4778.HEIC,unique,,Photos,/Users/sunniyaremchuk/RealEstate_Organized/_Library/Photos/IMG_4778.HEIC,920004,1716583873
/Users/sunniyaremchuk/Downloads/Conference Photos-Review w Claude & Delete /IMG_4781.HEIC,unique,,Photos,/Users/sunniyaremchuk/RealEstate_Organized/_Library/Photos/IMG_4781.HEIC,1011646,1716584644
/Users/sunniyaremchuk/Downloads/Conference Photos-Review w Claude & Delete /IMG_4715.HEIC,unique,,Photos,/Users/sunniyaremchuk/RealEstate_Organized/_Library/Photos/IMG_4715.HEIC,927841,1716559585
/Users/sunniyaremchuk/Downloads/Conference Photos-Review w Claude & Delete /IMG_4703.HEIC,unique,,Photos,/Users/sunniyaremchuk/RealEstate_Organized/_Library/Photos/IMG_4703.HEIC,1407828,1716558698
/Users/sunniyaremchuk/Downloads/Conference Photos-Review w Claude & Delete /IMG_4774.HEIC,unique,,Photos,/Users/sunniyaremchuk/RealEstate_Organized/_Library/Photos/IMG_4774.HEIC,1043905,1716583382
/Users/sunniyaremchuk/Downloads/Conference Photos-Review w Claude & Delete /IMG_4719.HEIC,unique,,Photos,/Users/sunniyaremchuk/RealEstate_Organized/_Library/Photos/IMG_4719.HEIC,1027912,1716559809
/Users/sunniyaremchuk/Downloads/Conference Photos-Review w Claude & Delete /IMG_4704.HEIC,unique,,Photos,/Users/sunniyaremchuk/RealEstate_Organized/_Library/Photos/IMG_4704.HEIC,983597,1716558820
/Users/sunniyaremchuk/Downloads/Conference Photos-Review w Claude & Delete /IMG_4712.HEIC,unique,,Photos,/Users/sunniyaremchuk/RealEstate_Organized/_Library/Photos/IMG_4712.HEIC,908018,1716559306
/Users/sunniyaremchuk/Downloads/Conference Photos-Review w Claude & Delete /IMG_4786.HEIC,unique,,Photos,/Users/sunniyaremchuk/RealEstate_Organized/_Library/Photos/IMG_4786.HEIC,963641,1716585699
/Users/sunniyaremchuk/Downloads/Conference Photos-Review w Claude & Delete /IMG_4790.HEIC,unique,,Photos,/Users/sunniyaremchuk/RealEstate_Organized/_Library/Photos/IMG_4790.HEIC,1577240,1716586283
/Users/sunniyaremchuk/Downloads/Conference Photos-Review w Claude & Delete /IMG_4708.HEIC,unique,,Photos,/Users/sunniyaremchuk/RealEstate_Organized/_Library/Photos/IMG_4708.HEIC,1402426,1716559036
/Users/sunniyaremchuk/Downloads/Conference Photos-Review w Claude & Delete /IMG_4773.HEIC,unique,,Photos,/Users/sunniyaremchuk/RealEstate_Organized/_Library/Photos/IMG_4773.HEIC,951407,1716583017
/Users/sunniyaremchuk/Downloads/Conference Photos-Review w Claude & Delete /IMG_4709.HEIC,unique,,Photos,/Users/sunniyaremchuk/RealEstate_Organized/_Library/Photos/IMG_4709.HEIC,896498,1716559104
/Users/sunniyaremchuk/Downloads/Conference Photos-Review w Claude & Delete /IMG_4791.HEIC,unique,,Photos,/Users/sunniyaremchuk/RealEstate_Organized/_Library/Photos/IMG_4791.HEIC,911449,1716586337
/Users/sunniyaremchuk/Downloads/Conference Photos-Review w Claude & Delete /IMG_4787.HEIC,unique,,Photos,/Users/sunniyaremchuk/RealEstate_Organized/_Library/Photos/IMG_4787.HEIC,1632551,1716585714
/Users/sunniyaremchuk/Downloads/Conference Photos-Review w Claude & Delete /IMG_4713.HEIC,unique,,Photos,/Users/sunniyaremchuk/RealEstate_Organized/_Library/Photos/IMG_4713.HEIC,1537910,1716559480
/Users/sunniyaremchuk/Downloads/Conference Photos-Review w Claude & Delete /IMG_4705.HEIC,unique,,Photos,/Users/sunniyaremchuk/RealEstate_Organized/_Library/Photos/IMG_4705.HEIC,1243544,1716558849
/Users/sunniyaremchuk/Downloads/Co Star Data - US/Co-Star_  Minnesota (After 2014).xlsx,unique,,,/Users/sunniyaremchuk/RealEstate_Organized/_NeedsReview/Co-Star_  Minnesota (After 2014).xlsx,1186128,1715792548
/Users/sunniyaremchuk/Downloads/Co Star Data - US/Co-Star_  Wisconsin (After 2014).xlsx,unique,,,/Users/sunniyaremchuk/RealEstate_Organized/_NeedsReview/Co-Star_  Wisconsin (After 2014).xlsx,1199693,1715951152
/Users/sunniyaremchuk/Downloads/Co Star Data - US/Co-Star_  Rhode Island (After 2014).xlsx,unique,,,/Users/sunniyaremchuk/RealEstate_Organized/_NeedsReview/Co-Star_  Rhode Island (After 2014).xlsx,510296,1715883868
/Users/sunniyaremchuk/Downloads/Co Star Data - US/Co-Star_  New Mexico (After 2014).xlsx,unique,,,/Users/sunniyaremchuk/RealEstate_Organized/_NeedsReview/Co-Star_  New Mexico (After 2014).xlsx,576305,1715871530
/Users/sunniyaremchuk/Downloads/Co Star Data - US/Co-Star_  North Carolina (After 2014).xlsx,unique,,,/Users/sunniyaremchuk/RealEstate_Organized/_NeedsReview/Co-Star_  North Carolina (After 2014).xlsx,1400585,1715873006
/Users/sunniyaremchuk/Downloads/Co Star Data - US/Co-Star_  Kansas (After 2014).xlsx,unique,,,/Users/sunniyaremchuk/RealEstate_Organized/_NeedsReview/Co-Star_  Kansas (After 2014).xlsx,683007,1715712194
/Users/sunniyaremchuk/Downloads/Co Star Data - US/Co-Star_  Indiana (After 2014).xlsx,unique,,,/Users/sunniyaremchuk/RealEstate_Organized/_NeedsReview/Co-Star_  Indiana (After 2014).xlsx,1118841,1715710382
/Users/sunniyaremchuk/Downloads/Co Star Data - US/Co-Star_  Oregon (After 2014).xlsx,unique,,,/Users/sunniyaremchuk/RealEstate_Organized/_NeedsReview/Co-Star_  Oregon (After 2014).xlsx,1399923,1776880994
/Users/sunniyaremchuk/Downloads/Co Star Data - US/Co-Star_ Florida (After 2014).xlsx,unique,,,/Users/sunniyaremchuk/RealEstate_Organized/_NeedsReview/Co-Star_ Florida (After 2014).xlsx,1653403,1715620011
/Users/sunniyaremchuk/Downloads/Co Star Data - US/Co-Star_  Michigan (After 2014).xlsx,unique,,,/Users/sunniyaremchuk/RealEstate_Organized/_NeedsReview/Co-Star_  Michigan (After 2014).xlsx,1210114,1715792015
/Users/sunniyaremchuk/Downloads/Co Star Data - US/Co-Star_  Virginia (After 2014).xlsx,unique,,,/Users/sunniyaremchuk/RealEstate_Organized/_NeedsReview/Co-Star_  Virginia (After 2014).xlsx,1218450,1715892378
/Users/sunniyaremchuk/Downloads/Co Star Data - US/Co-Star_ Alaska (After 2014).xlsx,unique,,,/Users/sunniyaremchuk/RealEstate_Organized/_NeedsReview/Co-Star_ Alaska (After 2014).xlsx,249966,1715616235
/Users/sunniyaremchuk/Downloads/Co Star Data - US/Co-Star_  Maine (After 2014).xlsx,unique,,,/Users/sunniyaremchuk/RealEstate_Organized/_NeedsReview/Co-Star_  Maine (After 2014).xlsx,457912,1715716028
/Users/sunniyaremchuk/Downloads/Co Star Data - US/Co-Star_  Utah (After 2014).xlsx,unique,,,/Users/sunniyaremchuk/RealEstate_Organized/_NeedsReview/Co-Star_  Utah (After 2014).xlsx,906073,1715886893
/Users/sunniyaremchuk/Downloads/Co Star Data - US/Co-Star_  West Virginia (After 2014).xlsx,unique,,,/Users/sunniyaremchuk/RealEstate_Organized/_NeedsReview/Co-Star_  West Virginia (After 2014).xlsx,361099,1715951338
/Users/sunniyaremchuk/Downloads/Co Star Data - US/Co-Star_ Idaho (After 2014).xlsx,unique,,,/Users/sunniyaremchuk/RealEstate_Organized/_NeedsReview/Co-Star_ Idaho (After 2014).xlsx,718717,1715702333
/Users/sunniyaremchuk/Downloads/Co Star Data - US/Co-Star_  Ohio (After 2014).xlsx,unique,,,/Users/sunniyaremchuk/RealEstate_Organized/_NeedsReview/Co-Star_  Ohio (After 2014).xlsx,1366708,1715874019
/Users/sunniyaremchuk/Downloads/Co Star Data - US/Co-Star_ Hawaii (After 2014).xlsx,unique,,,/Users/sunniyaremchuk/RealEstate_Organized/_NeedsReview/Co-Star_ Hawaii (After 2014).xlsx,540583,1715701165
/Users/sunniyaremchuk/Downloads/Co Star Data - US/Co-Star_  North Dakota (After 2014).xlsx,unique,,,/Users/sunniyaremchuk/RealEstate_Organized/_NeedsReview/Co-Star_  North Dakota (After 2014).xlsx,343178,1715873496
/Users/sunniyaremchuk/Downloads/Co Star Data - US/Co-Star_  Louisiana (After 2014).xlsx,unique,,,/Users/sunniyaremchuk/RealEstate_Organized/_NeedsReview/Co-Star_  Louisiana (After 2014).xlsx,759833,1715715969
/Users/sunniyaremchuk/Downloads/Co Star Data - US/Co-Star_  Mississippi (After 2014).xlsx,unique,,,/Users/sunniyaremchuk/RealEstate_Organized/_NeedsReview/Co-Star_  Mississippi (After 2014).xlsx,536569,1715792665
/Users/sunniyaremchuk/Downloads/Co Star Data - US/Co-Star_  Wyoming (After 2014).xlsx,unique,,,/Users/sunniyaremchuk/RealEstate_Organized/_NeedsReview/Co-Star_  Wyoming (After 2014).xlsx,217776,1715951555
/Users/sunniyaremchuk/Downloads/Co Star Data - US/Co-Star_  New Hampshire (After 2014).xlsx,unique,,,/Users/sunniyaremchuk/RealEstate_Organized/_NeedsReview/Co-Star_  New Hampshire (After 2014).xlsx,527420,1715797481
/Users/sunniyaremchuk/Downloads/Co Star Data - US/Co-Star_ California (After 2014).xlsx,unique,,,/Users/sunniyaremchuk/RealEstate_Organized/_NeedsReview/Co-Star_ California (After 2014).xlsx,1953121,1777339912
/Users/sunniyaremchuk/Downloads/Co Star Data - US/Co-Star_  Nevada (After 2014).xlsx,unique,,,/Users/sunniyaremchuk/RealEstate_Organized/_NeedsReview/Co-Star_  Nevada (After 2014).xlsx,1088153,1715797313
/Users/sunniyaremchuk/Downloads/Co Star Data - US/Co-Star_  Texas (After 2014).xlsx,unique,,,/Users/sunniyaremchuk/RealEstate_Organized/_NeedsReview/Co-Star_  Texas (After 2014).xlsx,1589892,1715885615
/Users/sunniyaremchuk/Downloads/Co Star Data - US/Co-Star_  Tennessee (After 2014).xlsx,unique,,,/Users/sunniyaremchuk/RealEstate_Organized/_NeedsReview/Co-Star_  Tennessee (After 2014).xlsx,1324322,1715885101
/Users/sunniyaremchuk/Downloads/Co Star Data - US/Co-Star_  Washington (After 2014).xlsx,unique,,,/Users/sunniyaremchuk/RealEstate_Organized/_NeedsReview/Co-Star_  Washington (After 2014).xlsx,1277499,1715892436
/Users/sunniyaremchuk/Downloads/Co Star Data - US/Co-Star_  South Dakota (After 2014).xlsx,unique,,,/Users/sunniyaremchuk/RealEstate_Organized/_NeedsReview/Co-Star_  South Dakota (After 2014).xlsx,216861,1715884443
/Users/sunniyaremchuk/Downloads/Co Star Data - US/Co-Star_ Connecticut (After 2014).xlsx,unique,,,/Users/sunniyaremchuk/RealEstate_Organized/_NeedsReview/Co-Star_ Connecticut (After 2014).xlsx,790503,1715619392
/Users/sunniyaremchuk/Downloads/Co Star Data - US/Co-Star_  Oklahoma (After 2014).xlsx,unique,,,/Users/sunniyaremchuk/RealEstate_Organized/_NeedsReview/Co-Star_  Oklahoma (After 2014).xlsx,1004691,1715874524
/Users/sunniyaremchuk/Downloads/Co Star Data - US/Co-Star_  Iowa (After 2014).xlsx,unique,,,/Users/sunniyaremchuk/RealEstate_Organized/_NeedsReview/Co-Star_  Iowa (After 2014).xlsx,752114,1715712123
/Users/sunniyaremchuk/Downloads/Co Star Data - US/Co-Star_ Colorado (After 2014).xlsx,unique,,,/Users/sunniyaremchuk/RealEstate_Organized/_NeedsReview/Co-Star_ Colorado (After 2014).xlsx,1362886,1715619024
/Users/sunniyaremchuk/Downloads/Co Star Data - US/Co-Star_  Kentucky (After 2014).xlsx,unique,,,/Users/sunniyaremchuk/RealEstate_Organized/_NeedsReview/Co-Star_  Kentucky (After 2014).xlsx,853057,1715713248
/Users/sunniyaremchuk/Downloads/Co Star Data - US/Co-Star_  Missouri (After 2014).xlsx,unique,,,/Users/sunniyaremchuk/RealEstate_Organized/_NeedsReview/Co-Star_  Missouri (After 2014).xlsx,1063402,1715793628
/Users/sunniyaremchuk/Downloads/Co Star Data - US/Co-Star_ Alabama (After 2014).xlsx,unique,,,/Users/sunniyaremchuk/RealEstate_Organized/_NeedsReview/Co-Star_ Alabama (After 2014).xlsx,956270,1715614678
/Users/sunniyaremchuk/Downloads/Co Star Data - US/Co-Star_ Arizona (After 2014).xlsx,unique,,,/Users/sunniyaremchuk/RealEstate_Organized/_NeedsReview/Co-Star_ Arizona (After 2014).xlsx,1330467,1715616689
/Users/sunniyaremchuk/Downloads/Co Star Data - US/Co-Star_  Illinois (After 2014).xlsx,unique,,,/Users/sunniyaremchuk/RealEstate_Organized/_NeedsReview/Co-Star_  Illinois (After 2014).xlsx,1362023,1715702392
/Users/sunniyaremchuk/Downloads/Co Star Data - US/Co-Star_  Vermont (After 2014).xlsx,unique,,,/Users/sunniyaremchuk/RealEstate_Organized/_NeedsReview/Co-Star_  Vermont (After 2014).xlsx,203770,1715889860
/Users/sunniyaremchuk/Downloads/Co Star Data - US/Co-Star_  New York (After 2014).xlsx,unique,,,/Users/sunniyaremchuk/RealEstate_Organized/_NeedsReview/Co-Star_  New York (After 2014).xlsx,1638284,1777996056
/Users/sunniyaremchuk/Downloads/Co Star Data - US/Co-Star_  Nebraska (After 2014).xlsx,unique,,,/Users/sunniyaremchuk/RealEstate_Organized/_NeedsReview/Co-Star_  Nebraska (After 2014).xlsx,691839,1715797014
/Users/sunniyaremchuk/Downloads/Co Star Data - US/California Buyer Leads .xlsx,unique,,,/Users/sunniyaremchuk/RealEstate_Organized/_NeedsReview/California Buyer Leads .xlsx,26901,1777051010
/Users/sunniyaremchuk/Downloads/Co Star Data - US/Co-Star_  Massachusetts (After 2014).xlsx,unique,,,/Users/sunniyaremchuk/RealEstate_Organized/_NeedsReview/Co-Star_  Massachusetts (After 2014).xlsx,1189873,1715791237
/Users/sunniyaremchuk/Downloads/Co Star Data - US/Co-Star_ Delaware (After 2014).xlsx,unique,,,/Users/sunniyaremchuk/RealEstate_Organized/_NeedsReview/Co-Star_ Delaware (After 2014).xlsx,378450,1715619449
/Users/sunniyaremchuk/Downloads/Co Star Data - US/Co-Star_  Montana (After 2014).xlsx,unique,,,/Users/sunniyaremchuk/RealEstate_Organized/_NeedsReview/Co-Star_  Montana (After 2014).xlsx,468461,1715794298
/Users/sunniyaremchuk/Downloads/Co Star Data - US/Co-Star_  South Carolina (After 2014).xlsx,unique,,,/Users/sunniyaremchuk/RealEstate_Organized/_NeedsReview/Co-Star_  South Carolina (After 2014).xlsx,1181535,1715884145
/Users/sunniyaremchuk/Downloads/Co Star Data - US/Co-Star_ Arkansas (After 2014).xlsx,unique,,,/Users/sunniyaremchuk/RealEstate_Organized/_NeedsReview/Co-Star_ Arkansas (After 2014).xlsx,804991,1715617678
/Users/sunniyaremchuk/Downloads/Co Star Data - US/Co-Star_ Georgia (After 2014).xlsx,unique,,,/Users/sunniyaremchuk/RealEstate_Organized/_NeedsReview/Co-Star_ Georgia (After 2014).xlsx,1430147,1715622643
/Users/sunniyaremchuk/Downloads/Co Star Data - US/Co-Star_  Pennsylvania (After 2014).xlsx,unique,,,/Users/sunniyaremchuk/RealEstate_Organized/_NeedsReview/Co-Star_  Pennsylvania (After 2014).xlsx,1350957,1715875662
/Users/sunniyaremchuk/Downloads/Co Star Data - US/Co-Star_  Maryland (After 2014).xlsx,unique,,,/Users/sunniyaremchuk/RealEstate_Organized/_NeedsReview/Co-Star_  Maryland (After 2014).xlsx,989745,1715716367
/Users/sunniyaremchuk/Downloads/Co Star Data - US/Co-Star_  New Jersey (After 2014).xlsx,unique,,,/Users/sunniyaremchuk/RealEstate_Organized/_NeedsReview/Co-Star_  New Jersey (After 2014).xlsx,1276502,1715871074
/Users/sunniyaremchuk/Downloads/GSA Emanation /Allendale 61 INC. Credit Facility and Promissory Note - (CMI)May2024.pdf - signed.pdf,unique,Allendale,,/Users/sunniyaremchuk/RealEstate_Organized/Allendale/_NeedsReview/Allendale 61 INC. Credit Facility and Promissory Note - (CMI)May2024.pdf - signed.pdf,387286,1765317320
/Users/sunniyaremchuk/Downloads/GSA Emanation /Complete_with_Docusign_Allendale_61_INC_GSA.pdf,unique,Allendale,,/Users/sunniyaremchuk/RealEstate_Organized/Allendale/_NeedsReview/Complete_with_Docusign_Allendale_61_INC_GSA.pdf,1193683,1765317484
/Users/sunniyaremchuk/Downloads/GSA Emanation /Emanation_Accredited_Investor_Certificate.docx,unique,,,/Users/sunniyaremchuk/RealEstate_Organized/_NeedsReview/Emanation_Accredited_Investor_Certificate.docx,37694,1764394544
/Users/sunniyaremchuk/Downloads/GSA Emanation /Allendale 61 INC. GSA - signed.pdf,unique,Allendale,,/Users/sunniyaremchuk/RealEstate_Organized/Allendale/_NeedsReview/Allendale 61 INC. GSA - signed.pdf,302633,1765317324
/Users/sunniyaremchuk/Downloads/GSA Emanation /Credit Facility and Promissory Note - (CMI)May2024.pdf.pdf,unique,,,/Users/sunniyaremchuk/RealEstate_Organized/_NeedsReview/Credit Facility and Promissory Note - (CMI)May2024.pdf.pdf,190892,1764374069
/Users/sunniyaremchuk/Downloads/GSA Emanation /Emanation_Secured_Note_10646_61_Ave.docx,unique,10646 61 Ave,,/Users/sunniyaremchuk/RealEstate_Organized/10646 61 Ave/_NeedsReview/Emanation_Secured_Note_10646_61_Ave.docx,31730,1764614305
/Users/sunniyaremchuk/Downloads/GSA Emanation /SCHEDULE B – ACCREDITED INVESTOR CERTIFICATE (Individual – NI 45‑106)-signed.pdf,unique,,Contracts,/Users/sunniyaremchuk/RealEstate_Organized/_Library/Contracts/SCHEDULE B – ACCREDITED INVESTOR CERTIFICATE (Individual – NI 45‑106)-signed.pdf,399684,1765317316
/Users/sunniyaremchuk/Downloads/GSA Emanation /Complete_with_Docusign_Allendale_61_INC_GSA.zip,unique,Allendale,,/Users/sunniyaremchuk/RealEstate_Organized/Allendale/_NeedsReview/Complete_with_Docusign_Allendale_61_INC_GSA.zip,1112502,1765317468
/Users/sunniyaremchuk/Downloads/GSA Emanation /Complete_with_Docusign_Affidavit_No_Assets_N (1)/Complete_with_Docusign_Affidavit_No_Assets_N (1).zip,unique,,,/Users/sunniyaremchuk/RealEstate_Organized/_NeedsReview/Complete_with_Docusign_Affidavit_No_Assets_N (1).zip,141159,1764803265
/Users/sunniyaremchuk/Downloads/GSA Emanation /Complete_with_Docusign_Affidavit_No_Assets_N (1)/In_Between_Homes_Dissolution_Resolution.pdf,unique,,,/Users/sunniyaremchuk/RealEstate_Organized/_NeedsReview/In_Between_Homes_Dissolution_Resolution.pdf,118677,1764810464
/Users/sunniyaremchuk/Downloads/GSA Emanation /Complete_with_Docusign_Affidavit_No_Assets_N (1)/a7fcf722-3aba-4270-8642-ad13438bb1f9%2FAllendale_61__Credit_Facility_Note_GSA_Share_Pledge_(Dec_5_2025).pdf,unique,Allendale,,/Users/sunniyaremchuk/RealEstate_Organized/Allendale/_NeedsReview/a7fcf722-3aba-4270-8642-ad13438bb1f9%2FAllendale_61__Credit_Facility_Note_GSA_Share_Pledge_(Dec_5_2025).pdf,169347,1764806742
/Users/sunniyaremchuk/Downloads/GSA Emanation /Complete_with_Docusign_Affidavit_No_Assets_N (1)/Complete_with_Docusign_Affidavit_No_Assets_N.zip,unique,,,/Users/sunniyaremchuk/RealEstate_Organized/_NeedsReview/Complete_with_Docusign_Affidavit_No_Assets_N.zip,330893,1764803249
/Users/sunniyaremchuk/Downloads/GSA Emanation /Complete_with_Docusign_Affidavit_No_Assets_N (1)/LoanAgreement_NoMortgage.pdf,primary,,,/Users/sunniyaremchuk/RealEstate_Organized/_NeedsReview/LoanAgreement_NoMortgage.pdf,2549,1764803042
/Users/sunniyaremchuk/Downloads/GSA Emanation /Complete_with_Docusign_Affidavit_No_Assets_N (1)/PPSA_GSA.pdf,primary,,,/Users/sunniyaremchuk/RealEstate_Organized/_NeedsReview/PPSA_GSA.pdf,2311,1764803036
/Users/sunniyaremchuk/Downloads/GSA Emanation /Complete_with_Docusign_Affidavit_No_Assets_N (1)/GSA 10646 61 Ave .pdf,unique,10646 61 Ave,,/Users/sunniyaremchuk/RealEstate_Organized/10646 61 Ave/_NeedsReview/GSA 10646 61 Ave .pdf,153014,1764804643
/Users/sunniyaremchuk/Downloads/GSA Emanation /Complete_with_Docusign_Affidavit_No_Assets_N (1)/Affidavit_No_Assets_No_Liabilities_Sunni.pdf,unique,,,/Users/sunniyaremchuk/RealEstate_Organized/_NeedsReview/Affidavit_No_Assets_No_Liabilities_Sunni.pdf,110091,1764810464
/Users/sunniyaremchuk/Downloads/GSA Emanation /Complete_with_Docusign_Affidavit_No_Assets_N (1)/Allendale 61 INC. Credit Facility and Promissory Note - (CMI)May2024.pdf (1).pdf,unique,Allendale,,/Users/sunniyaremchuk/RealEstate_Organized/Allendale/_NeedsReview/Allendale 61 INC. Credit Facility and Promissory Note - (CMI)May2024.pdf (1).pdf,199760,1764808541
/Users/sunniyaremchuk/Downloads/GSA Emanation /Complete_with_Docusign_Affidavit_No_Assets_N (1)/Affidavit_No_Assets_No_Liabilities.pdf,unique,,,/Users/sunniyaremchuk/RealEstate_Organized/_NeedsReview/Affidavit_No_Assets_No_Liabilities.pdf,110943,1764810464
/Users/sunniyaremchuk/Downloads/GSA Emanation /Complete_with_Docusign_Affidavit_No_Assets_N (1)/SharePledge_Allendale61.pdf,primary,Allendale,,/Users/sunniyaremchuk/RealEstate_Organized/Allendale/_NeedsReview/SharePledge_Allendale61.pdf,2201,1764803038
/Users/sunniyaremchuk/Downloads/GSA Emanation /Complete_with_Docusign_Affidavit_No_Assets_N (1)/reinvestmentdocumentreview/LoanAgreement_NoMortgage.pdf,duplicate,,(_Duplicates),/Users/sunniyaremchuk/RealEstate_Organized/_Duplicates/Unknown/LoanAgreement_NoMortgage.pdf,2549,1764803022
/Users/sunniyaremchuk/Downloads/GSA Emanation /Complete_with_Docusign_Affidavit_No_Assets_N (1)/reinvestmentdocumentreview/PPSA_GSA.pdf,duplicate,,(_Duplicates),/Users/sunniyaremchuk/RealEstate_Organized/_Duplicates/Unknown/PPSA_GSA.pdf,2311,1764803022
/Users/sunniyaremchuk/Downloads/GSA Emanation /Complete_with_Docusign_Affidavit_No_Assets_N (1)/reinvestmentdocumentreview/SharePledge_Allendale61.pdf,duplicate,Allendale,(_Duplicates),/Users/sunniyaremchuk/RealEstate_Organized/_Duplicates/Allendale/SharePledge_Allendale61.pdf,2201,1764803022
/Users/sunniyaremchuk/Downloads/files/files (1).zip,unique,,,/Users/sunniyaremchuk/RealEstate_Organized/_NeedsReview/files (1).zip,32747,1774372371
/Users/sunniyaremchuk/Downloads/files/files (3).zip,unique,,,/Users/sunniyaremchuk/RealEstate_Organized/_NeedsReview/files (3).zip,41924,1774410269
/Users/sunniyaremchuk/Downloads/files/files (2).zip,unique,,,/Users/sunniyaremchuk/RealEstate_Organized/_NeedsReview/files (2).zip,41924,1774410237
/Users/sunniyaremchuk/Downloads/files/files.zip,unique,,,/Users/sunniyaremchuk/RealEstate_Organized/_NeedsReview/files.zip,32747,1774372365
/Users/sunniyaremchuk/Downloads/files/files (4).zip,unique,,,/Users/sunniyaremchuk/RealEstate_Organized/_NeedsReview/files (4).zip,30296,1774474708
/Users/sunniyaremchuk/Downloads/Media Upload /Logo_White.png,unique,,Photos,/Users/sunniyaremchuk/RealEstate_Organized/_Library/Photos/Logo_White.png,56230,1774235825
/Users/sunniyaremchuk/Downloads/Media Upload /files (5)/jasper.jpg,primary,,Photos,/Users/sunniyaremchuk/RealEstate_Organized/_Library/Photos/jasper.jpg,399956,1774600066
/Users/sunniyaremchuk/Downloads/Media Upload /files (5)/allendale5.png,unique,Allendale,Photos,/Users/sunniyaremchuk/RealEstate_Organized/Allendale/Photos/allendale5.png,344739,1774600066
/Users/sunniyaremchuk/Downloads/Media Upload /files (5)/allendale6.png,unique,Allendale,Photos,/Users/sunniyaremchuk/RealEstate_Organized/Allendale/Photos/allendale6.png,343175,1774600066
/Users/sunniyaremchuk/Downloads/Media Upload /files (5)/mayfield.png,unique,Mayfield,Photos,/Users/sunniyaremchuk/RealEstate_Organized/Mayfield/Photos/mayfield.png,286657,1774600066
/Users/sunniyaremchuk/Downloads/Media Upload /files (5)/logo.png,unique,,Photos,/Users/sunniyaremchuk/RealEstate_Organized/_Library/Photos/logo.png,12860,1774600066
/Users/sunniyaremchuk/Downloads/SoCal Multifamily /Multifamily_Overview .pdf,primary,,,/Users/sunniyaremchuk/RealEstate_Organized/_NeedsReview/Multifamily_Overview .pdf,8419,1777939888
/Users/sunniyaremchuk/Downloads/SoCal Multifamily /PCN BuyBox.pdf,unique,,,/Users/sunniyaremchuk/RealEstate_Organized/_NeedsReview/PCN BuyBox.pdf,4106596,1777391113
/Users/sunniyaremchuk/Downloads/SoCal Multifamily /Multifamily Section 8 Deals Spreadsheet.xlsx,unique,,,/Users/sunniyaremchuk/RealEstate_Organized/_NeedsReview/Multifamily Section 8 Deals Spreadsheet.xlsx,11690,1777051109
/Users/sunniyaremchuk/Downloads/SoCal Multifamily /NDA-MF.pdf,unique,,Contracts,/Users/sunniyaremchuk/RealEstate_Organized/_Library/Contracts/NDA-MF.pdf,4177,1779567149
/Users/sunniyaremchuk/Downloads/SoCal Multifamily /Wholesale US/Californi Buyer 1500-1700.xlsx,unique,,,/Users/sunniyaremchuk/RealEstate_Organized/_NeedsReview/Californi Buyer 1500-1700.xlsx,18574,1775843232
/Users/sunniyaremchuk/Downloads/SoCal Multifamily /Wholesale US/Chris- MF .jpeg,primary,,Photos,/Users/sunniyaremchuk/RealEstate_Organized/_Library/Photos/Chris- MF .jpeg,134867,1775231693
/Users/sunniyaremchuk/Downloads/SoCal Multifamily /Wholesale US/Sunni_Yaremchuk_NDA .pdf,unique,,,/Users/sunniyaremchuk/RealEstate_Organized/_NeedsReview/Sunni_Yaremchuk_NDA .pdf,124055,1775765431
/Users/sunniyaremchuk/Downloads/SoCal Multifamily /Wholesale US/3_Welcome_Process_Overview.pdf,primary,,,/Users/sunniyaremchuk/RealEstate_Organized/_NeedsReview/3_Welcome_Process_Overview.pdf,9617,1776454522
/Users/sunniyaremchuk/Downloads/SoCal Multifamily /Wholesale US/NDA Sunni Yaremchuk .docx,duplicate,,(_Duplicates),/Users/sunniyaremchuk/RealEstate_Organized/_Duplicates/Unknown/NDA Sunni Yaremchuk .docx,10156,1775764857
/Users/sunniyaremchuk/Downloads/SoCal Multifamily /Wholesale US/Sunrize_Social_Outreach_Guide.pdf,unique,,,/Users/sunniyaremchuk/RealEstate_Organized/_NeedsReview/Sunrize_Social_Outreach_Guide.pdf,14930,1775838831
/Users/sunniyaremchuk/Downloads/SoCal Multifamily /Wholesale US/Multifamily_Wholesale_Academy_Complete_Blueprint.pdf,unique,,,/Users/sunniyaremchuk/RealEstate_Organized/_NeedsReview/Multifamily_Wholesale_Academy_Complete_Blueprint.pdf,33793,1776613791
/Users/sunniyaremchuk/Downloads/SoCal Multifamily /Wholesale US/Investor_Call_Script_v2.pdf,unique,,,/Users/sunniyaremchuk/RealEstate_Organized/_NeedsReview/Investor_Call_Script_v2.pdf,11876,1777051891
/Users/sunniyaremchuk/Downloads/SoCal Multifamily /Wholesale US/2_Referral_Agreement.pdf,unique,,,/Users/sunniyaremchuk/RealEstate_Organized/_NeedsReview/2_Referral_Agreement.pdf,8222,1776454515
/Users/sunniyaremchuk/Downloads/SoCal Multifamily /Wholesale US/Outreach Guide.pdf,primary,,,/Users/sunniyaremchuk/RealEstate_Organized/_NeedsReview/Outreach Guide.pdf,17832,1776454526
/Users/sunniyaremchuk/Downloads/SoCal Multifamily /Wholesale US/NON-DISCLOSURE AGREEMENT (NDA).pdf,unique,,Contracts,/Users/sunniyaremchuk/RealEstate_Organized/_Library/Contracts/NON-DISCLOSURE AGREEMENT (NDA).pdf,55457,1775760146
/Users/sunniyaremchuk/Downloads/SoCal Multifamily /Wholesale US/Sunrize_Network_Outreach_Guide.pdf,duplicate,,(_Duplicates),/Users/sunniyaremchuk/RealEstate_Organized/_Duplicates/Unknown/Sunrize_Network_Outreach_Guide.pdf,17832,1775770332
/Users/sunniyaremchuk/Downloads/SoCal Multifamily /Wholesale US/California Multifamily Buyers 1700-1900.xlsx,unique,,,/Users/sunniyaremchuk/RealEstate_Organized/_NeedsReview/California Multifamily Buyers 1700-1900.xlsx,35576,1776644609
/Users/sunniyaremchuk/Downloads/SoCal Multifamily /Wholesale US/Co-Star_ California Buyers - MF  .xlsx,unique,,,/Users/sunniyaremchuk/RealEstate_Organized/_NeedsReview/Co-Star_ California Buyers - MF  .xlsx,21623,1776628184
/Users/sunniyaremchuk/Downloads/SoCal Multifamily /Wholesale US/Non-Circumvention Agreement - Sunni Yaremchuk.pdf,unique,,Contracts,/Users/sunniyaremchuk/RealEstate_Organized/_Library/Contracts/Non-Circumvention Agreement - Sunni Yaremchuk.pdf,134785,1773958136
/Users/sunniyaremchuk/Downloads/SoCal Multifamily /Wholesale US/Launch_Marketing_Package.pdf,unique,,,/Users/sunniyaremchuk/RealEstate_Organized/_NeedsReview/Launch_Marketing_Package.pdf,15249,1776546357
/Users/sunniyaremchuk/Downloads/SoCal Multifamily /Wholesale US/1_Cover_Welcome.pdf,unique,,,/Users/sunniyaremchuk/RealEstate_Organized/_NeedsReview/1_Cover_Welcome.pdf,6739,1776454511
/Users/sunniyaremchuk/Downloads/SoCal Multifamily /Wholesale US/Sunni Yaremchuk NDA.docx,unique,,Contracts,/Users/sunniyaremchuk/RealEstate_Organized/_Library/Contracts/Sunni Yaremchuk NDA.docx,16554,1775765299
/Users/sunniyaremchuk/Downloads/SoCal Multifamily /Wholesale US/Sunrize_NDA.docx,unique,,,/Users/sunniyaremchuk/RealEstate_Organized/_NeedsReview/Sunrize_NDA.docx,16541,1775767068
/Users/sunniyaremchuk/Downloads/SoCal Multifamily /Wholesale US/Section 8 Deal Overview .docx,unique,,,/Users/sunniyaremchuk/RealEstate_Organized/_NeedsReview/Section 8 Deal Overview .docx,17921,1775762416
/Users/sunniyaremchuk/Downloads/SoCal Multifamily /Wholesale US/Overview Wholesale .pdf,duplicate,,(_Duplicates),/Users/sunniyaremchuk/RealEstate_Organized/_Duplicates/Unknown/Overview Wholesale .pdf,9617,1775845528
/Users/sunniyaremchuk/Downloads/SoCal Multifamily /Wholesale US/Referral_Agreement (1).pdf,unique,,,/Users/sunniyaremchuk/RealEstate_Organized/_NeedsReview/Referral_Agreement (1).pdf,103113,1776455026
/Users/sunniyaremchuk/Downloads/SoCal Multifamily /Wholesale US/Sunrize_Cold_Caller_Guide.pdf,unique,,,/Users/sunniyaremchuk/RealEstate_Organized/_NeedsReview/Sunrize_Cold_Caller_Guide.pdf,9536,1775769797
/Users/sunniyaremchuk/Downloads/SoCal Multifamily /Wholesale US/Chriss-2.jpeg,primary,,Photos,/Users/sunniyaremchuk/RealEstate_Organized/_Library/Photos/Chriss-2.jpeg,111173,1775231714
/Users/sunniyaremchuk/Downloads/SoCal Multifamily /Wholesale US/Sunrize_Info_NDA Signed .pdf,unique,,,/Users/sunniyaremchuk/RealEstate_Organized/_NeedsReview/Sunrize_Info_NDA Signed .pdf,173093,1775767267
/Users/sunniyaremchuk/Downloads/SoCal Multifamily /Wholesale US/Sunni Y. NDA.pdf,unique,,Contracts,/Users/sunniyaremchuk/RealEstate_Organized/_Library/Contracts/Sunni Y. NDA.pdf,63329,1775863903
/Users/sunniyaremchuk/Downloads/SoCal Multifamily /Wholesale US/Wholesale Overview.pdf,duplicate,,(_Duplicates),/Users/sunniyaremchuk/RealEstate_Organized/_Duplicates/Unknown/Wholesale Overview.pdf,9617,1775845613
/Users/sunniyaremchuk/Downloads/Real Deal /Screenshot 2026-03-19 at 13.24.42.png,unique,,Photos,/Users/sunniyaremchuk/RealEstate_Organized/_Library/Photos/Screenshot 2026-03-19 at 13.24.42.png,4620291,1773944696
/Users/sunniyaremchuk/Downloads/Real Deal /Screenshot 2026-01-18 at 12.26.18.png,unique,,Photos,/Users/sunniyaremchuk/RealEstate_Organized/_Library/Photos/Screenshot 2026-01-18 at 12.26.18.png,519100,1768764384
/Users/sunniyaremchuk/Downloads/Real Deal /Fundamentals Notes/notes/FUNDAMENTALS 4_ THE BROKERAGE MODEL.docx,unique,,,/Users/sunniyaremchuk/RealEstate_Organized/_NeedsReview/FUNDAMENTALS 4_ THE BROKERAGE MODEL.docx,303541,1748562064
/Users/sunniyaremchuk/Downloads/Real Deal /Fundamentals Notes/notes/FUNDAMENTALS 6_ MORTGAGE BASICS.docx,unique,,,/Users/sunniyaremchuk/RealEstate_Organized/_NeedsReview/FUNDAMENTALS 6_ MORTGAGE BASICS.docx,296547,1748562064
/Users/sunniyaremchuk/Downloads/Real Deal /Fundamentals Notes/notes/Summarized notes Fundamentals of real estate.docx,unique,,,/Users/sunniyaremchuk/RealEstate_Organized/_NeedsReview/Summarized notes Fundamentals of real estate.docx,326420,1748562064
"/Users/sunniyaremchuk/Downloads/Real Deal /Fundamentals Notes/notes/FUNDAMENTALS 9_ HEALTH, SAFETY AND RISK.docx",unique,,,"/Users/sunniyaremchuk/RealEstate_Organized/_NeedsReview/FUNDAMENTALS 9_ HEALTH, SAFETY AND RISK.docx",306564,1748562064
/Users/sunniyaremchuk/Downloads/Real Deal /Fundamentals Notes/notes/FUNDAMENTALS 2_ PROFESSIONALISM AND CONDUCT.docx,unique,,,/Users/sunniyaremchuk/RealEstate_Organized/_NeedsReview/FUNDAMENTALS 2_ PROFESSIONALISM AND CONDUCT.docx,310659,1748562064
/Users/sunniyaremchuk/Downloads/Real Deal /Fundamentals Notes/notes/FUNDAMENTALS 8_ PRIVACY AND CONFIDENTIALITY.docx,unique,,,/Users/sunniyaremchuk/RealEstate_Organized/_NeedsReview/FUNDAMENTALS 8_ PRIVACY AND CONFIDENTIALITY.docx,304505,1748562064
/Users/sunniyaremchuk/Downloads/Real Deal /Fundamentals Notes/notes/FUNDAMENTALS 1_ INTRODUCTION TO ALBERTA REAL ESTATE.docx,unique,,,/Users/sunniyaremchuk/RealEstate_Organized/_NeedsReview/FUNDAMENTALS 1_ INTRODUCTION TO ALBERTA REAL ESTATE.docx,312017,1748562064
/Users/sunniyaremchuk/Downloads/Real Deal /Fundamentals Notes/notes/FUNDAMENTALS 3_ DESIGNATED AGENCY AND TRANSACTION BROKERAGE.docx,unique,,,/Users/sunniyaremchuk/RealEstate_Organized/_NeedsReview/FUNDAMENTALS 3_ DESIGNATED AGENCY AND TRANSACTION BROKERAGE.docx,303717,1748562064
/Users/sunniyaremchuk/Downloads/Real Deal /Fundamentals Notes/notes/FUNDAMENTALS 7_ LEGAL RESPONSIBILITIES.docx,unique,,,/Users/sunniyaremchuk/RealEstate_Organized/_NeedsReview/FUNDAMENTALS 7_ LEGAL RESPONSIBILITIES.docx,312996,1748562064
/Users/sunniyaremchuk/Downloads/Real Deal /Fundamentals Notes/notes/FUNDAMENTALS 10_ PROTECT THE PUBLIC.docx,unique,,,/Users/sunniyaremchuk/RealEstate_Organized/_NeedsReview/FUNDAMENTALS 10_ PROTECT THE PUBLIC.docx,305076,1748562064
/Users/sunniyaremchuk/Downloads/Real Deal /Fundamentals Notes/notes/FUNDAMENTALS 5_ ECONOMICS OF REAL ESTATE.docx,unique,,,/Users/sunniyaremchuk/RealEstate_Organized/_NeedsReview/FUNDAMENTALS 5_ ECONOMICS OF REAL ESTATE.docx,296759,1748562064
/Users/sunniyaremchuk/Downloads/Real Deal /Fundamentals Notes/notes/FUNDAMENTALS 11_ CONDOMINIUMS.docx,unique,,,/Users/sunniyaremchuk/RealEstate_Organized/_NeedsReview/FUNDAMENTALS 11_ CONDOMINIUMS.docx,27078,1748562064
/Users/sunniyaremchuk/Downloads/Real Deal /Practice of Residential Real Estate/Practice 3_ Legal Awareness.docx,unique,,,/Users/sunniyaremchuk/RealEstate_Organized/_NeedsReview/Practice 3_ Legal Awareness.docx,20298,1748561657
/Users/sunniyaremchuk/Downloads/Real Deal /Practice of Residential Real Estate/Practice 5_ Defects and Hazards.docx,unique,,,/Users/sunniyaremchuk/RealEstate_Organized/_NeedsReview/Practice 5_ Defects and Hazards.docx,12398,1748561713
/Users/sunniyaremchuk/Downloads/Real Deal /Practice of Residential Real Estate/Real estate questions and answers.docx,unique,,,/Users/sunniyaremchuk/RealEstate_Organized/_NeedsReview/Real estate questions and answers.docx,12448,1748561984
/Users/sunniyaremchuk/Downloads/Real Deal /Practice of Residential Real Estate/calculations on test.docx,unique,,,/Users/sunniyaremchuk/RealEstate_Organized/_NeedsReview/calculations on test.docx,8511,1748561935
/Users/sunniyaremchuk/Downloads/Real Deal /Practice of Residential Real Estate/Real estate questions.docx,unique,,,/Users/sunniyaremchuk/RealEstate_Organized/_NeedsReview/Real estate questions.docx,316458,1748562000
/Users/sunniyaremchuk/Downloads/Real Deal /Practice of Residential Real Estate/PRACTICE 8_ PRACTICAL MORTGAGE AWARENESS.docx,unique,,,/Users/sunniyaremchuk/RealEstate_Organized/_NeedsReview/PRACTICE 8_ PRACTICAL MORTGAGE AWARENESS.docx,232676,1748561761
/Users/sunniyaremchuk/Downloads/Real Deal /Practice of Residential Real Estate/PRACTICE 2_ PROPERTY FEATURES AND FUNCTIONS.docx,unique,,,/Users/sunniyaremchuk/RealEstate_Organized/_NeedsReview/PRACTICE 2_ PROPERTY FEATURES AND FUNCTIONS.docx,27432,1748561626
/Users/sunniyaremchuk/Downloads/Real Deal /Practice of Residential Real Estate/PRACTICE 6_ PROPERTY OWNERSHIP AND DOCUMENTATION.docx,unique,,,/Users/sunniyaremchuk/RealEstate_Organized/_NeedsReview/PRACTICE 6_ PROPERTY OWNERSHIP AND DOCUMENTATION.docx,14467,1748561728
/Users/sunniyaremchuk/Downloads/Real Deal /Practice of Residential Real Estate/PRACTICE 10_ BUYING AND SELLING BASICS.docx,unique,,,/Users/sunniyaremchuk/RealEstate_Organized/_NeedsReview/PRACTICE 10_ BUYING AND SELLING BASICS.docx,36481,1748561790
/Users/sunniyaremchuk/Downloads/Real Deal /Practice of Residential Real Estate/Test questions.docx,unique,,,/Users/sunniyaremchuk/RealEstate_Organized/_NeedsReview/Test questions.docx,8916,1748561909
/Users/sunniyaremchuk/Downloads/Real Deal /Practice of Residential Real Estate/PRACTICE 7_ MARKET ANALYSIS AND PROPERTY VALUATIONS.docx,unique,,Financials,/Users/sunniyaremchuk/RealEstate_Organized/_Library/Financials/PRACTICE 7_ MARKET ANALYSIS AND PROPERTY VALUATIONS.docx,17139,1748561745
/Users/sunniyaremchuk/Downloads/Real Deal /Practice of Residential Real Estate/Practice 1_ Working with Real Estate Clients.docx,unique,,,/Users/sunniyaremchuk/RealEstate_Organized/_NeedsReview/Practice 1_ Working with Real Estate Clients.docx,22768,1748561598
/Users/sunniyaremchuk/Downloads/Real Deal /Practice of Residential Real Estate/PRACTICE 9_ RURAL RESIDENTIAL INTRODUCTION.docx,unique,,,/Users/sunniyaremchuk/RealEstate_Organized/_NeedsReview/PRACTICE 9_ RURAL RESIDENTIAL INTRODUCTION.docx,38036,1748561776
/Users/sunniyaremchuk/Downloads/Real Deal /Practice of Residential Real Estate/PRACTICE 4_ RESIDENTIAL MEASUREMENT REQUIREMENTS.docx,unique,,,/Users/sunniyaremchuk/RealEstate_Organized/_NeedsReview/PRACTICE 4_ RESIDENTIAL MEASUREMENT REQUIREMENTS.docx,27455,1748561693
/Users/sunniyaremchuk/Downloads/App Installed/NYC Hotel /231 Grand Street Offering Memorandum.pdf,unique,,Marketing & OM,/Users/sunniyaremchuk/RealEstate_Organized/_Library/Marketing & OM/231 Grand Street Offering Memorandum.pdf,8099102,1778626452
/Users/sunniyaremchuk/Downloads/App Installed/NYC Hotel /61-63 Chrystie Street Offering Memorandum.pdf,unique,,Marketing & OM,/Users/sunniyaremchuk/RealEstate_Organized/_Library/Marketing & OM/61-63 Chrystie Street Offering Memorandum.pdf,2576994,1778626455
/Users/sunniyaremchuk/Downloads/Landridge/The%20Landridge%208-Plex%20Advantage%20-%20Final%20(A4%20Landscape%20Size)%20(2).pdf,primary,,,/Users/sunniyaremchuk/RealEstate_Organized/_NeedsReview/The%20Landridge%208-Plex%20Advantage%20-%20Final%20(A4%20Landscape%20Size)%20(2).pdf,1146752,1768513231
/Users/sunniyaremchuk/Downloads/Landridge/Landridge Brochure .pdf,duplicate,,(_Duplicates),/Users/sunniyaremchuk/RealEstate_Organized/_Duplicates/Unknown/Landridge Brochure .pdf,1146752,1768509907
/Users/sunniyaremchuk/Downloads/Landridge/Meta Proforma Sheet.pdf,duplicate,,(_Duplicates),/Users/sunniyaremchuk/RealEstate_Organized/_Duplicates/Unknown/Meta Proforma Sheet.pdf,486281,1765994502
/Users/sunniyaremchuk/Downloads/Landridge/Blueprints-Fourplex Back to Back .pdf,primary,,,/Users/sunniyaremchuk/RealEstate_Organized/_NeedsReview/Blueprints-Fourplex Back to Back .pdf,3251214,1768523992
/Users/sunniyaremchuk/Downloads/Leads:Data/Calgary_Leads_Combined.csv,unique,,,/Users/sunniyaremchuk/RealEstate_Organized/_NeedsReview/Calgary_Leads_Combined.csv,9823,1765943252
/Users/sunniyaremchuk/Downloads/Leads:Data/library_contacts_YYYC_Infill_cleaned_E164.csv,unique,,,/Users/sunniyaremchuk/RealEstate_Organized/_NeedsReview/library_contacts_YYYC_Infill_cleaned_E164.csv,30460,1766362420
/Users/sunniyaremchuk/Downloads/Leads:Data/BusinessLicenses.csv,unique,,,/Users/sunniyaremchuk/RealEstate_Organized/_NeedsReview/BusinessLicenses.csv,17258576,1766363511
/Users/sunniyaremchuk/Downloads/Leads:Data/Property_Assessment_Data_(Current_Calendar_Year)_20260112.csv,unique,,,/Users/sunniyaremchuk/RealEstate_Organized/_NeedsReview/Property_Assessment_Data_(Current_Calendar_Year)_20260112.csv,12084,1768238892
/Users/sunniyaremchuk/Downloads/Leads:Data/Calgary_City_Derived_Builders_Developers_Contacts.csv,unique,,,/Users/sunniyaremchuk/RealEstate_Organized/_NeedsReview/Calgary_City_Derived_Builders_Developers_Contacts.csv,1693,1765933557
"/Users/sunniyaremchuk/Downloads/Leads:Data/_Vancouver. Co-star, Buyer, all, MF- Upload to GHL.xlsx",unique,,,"/Users/sunniyaremchuk/RealEstate_Organized/_NeedsReview/_Vancouver. Co-star, Buyer, all, MF- Upload to GHL.xlsx",11237,1766877921
/Users/sunniyaremchuk/Downloads/Leads:Data/Calgary_Leads_For_GoHighLevel.csv,unique,,,/Users/sunniyaremchuk/RealEstate_Organized/_NeedsReview/Calgary_Leads_For_GoHighLevel.csv,18060,1765944835
/Users/sunniyaremchuk/Downloads/Leads:Data/Calgary_Builders_and_Developers.csv,unique,,,/Users/sunniyaremchuk/RealEstate_Organized/_NeedsReview/Calgary_Builders_and_Developers.csv,3173,1765921567
/Users/sunniyaremchuk/Downloads/Leads:Data/Vancouver_1000.csv,unique,,,/Users/sunniyaremchuk/RealEstate_Organized/_NeedsReview/Vancouver_1000.csv,49392,1770226957
/Users/sunniyaremchuk/Downloads/Leads:Data/Toronto_1000.csv,unique,,,/Users/sunniyaremchuk/RealEstate_Organized/_NeedsReview/Toronto_1000.csv,55343,1770222629
/Users/sunniyaremchuk/Downloads/Leads:Data/Calgary_Leads_For_GoHighLevel_PLUS247.xlsx,unique,,,/Users/sunniyaremchuk/RealEstate_Organized/_NeedsReview/Calgary_Leads_For_GoHighLevel_PLUS247.xlsx,21389,1765946084
/Users/sunniyaremchuk/Downloads/Leads:Data/BusinessLicences.csv,unique,,,/Users/sunniyaremchuk/RealEstate_Organized/_NeedsReview/BusinessLicences.csv,929410,1766363470
/Users/sunniyaremchuk/Downloads/Leads:Data/Wholesale Seller Calls .csv,unique,,,/Users/sunniyaremchuk/RealEstate_Organized/_NeedsReview/Wholesale Seller Calls .csv,26135,1767828241
/Users/sunniyaremchuk/ArchitecturalWindsor Central - FullSet 20250108.pdf_files/WIxC8J30(2).png,unique,,Photos,/Users/sunniyaremchuk/RealEstate_Organized/_Library/Photos/WIxC8J30(2).png,1419861,1770586094
/Users/sunniyaremchuk/ArchitecturalWindsor Central - FullSet 20250108.pdf_files/WIxC8J30(3).png,unique,,Photos,/Users/sunniyaremchuk/RealEstate_Organized/_Library/Photos/WIxC8J30(3).png,782240,1770586095
/Users/sunniyaremchuk/ArchitecturalWindsor Central - FullSet 20250108.pdf_files/WIxC8J30(8).png,unique,,Photos,/Users/sunniyaremchuk/RealEstate_Organized/_Library/Photos/WIxC8J30(8).png,1018326,1770586098
/Users/sunniyaremchuk/ArchitecturalWindsor Central - FullSet 20250108.pdf_files/WIxC8J30(4).png,unique,,Photos,/Users/sunniyaremchuk/RealEstate_Organized/_Library/Photos/WIxC8J30(4).png,671612,1770586095
/Users/sunniyaremchuk/ArchitecturalWindsor Central - FullSet 20250108.pdf_files/WIxC8J30(10).png,unique,,Photos,/Users/sunniyaremchuk/RealEstate_Organized/_Library/Photos/WIxC8J30(10).png,1468171,1770586100
/Users/sunniyaremchuk/ArchitecturalWindsor Central - FullSet 20250108.pdf_files/WIxC8J30(11).png,unique,,Photos,/Users/sunniyaremchuk/RealEstate_Organized/_Library/Photos/WIxC8J30(11).png,1813192,1770586100
/Users/sunniyaremchuk/ArchitecturalWindsor Central - FullSet 20250108.pdf_files/WIxC8J30(5).png,unique,,Photos,/Users/sunniyaremchuk/RealEstate_Organized/_Library/Photos/WIxC8J30(5).png,692460,1770586096
/Users/sunniyaremchuk/ArchitecturalWindsor Central - FullSet 20250108.pdf_files/WIxC8J30(9).png,unique,,Photos,/Users/sunniyaremchuk/RealEstate_Organized/_Library/Photos/WIxC8J30(9).png,6690995,1770586099
/Users/sunniyaremchuk/ArchitecturalWindsor Central - FullSet 20250108.pdf_files/WIxC8J30.png,unique,,Photos,/Users/sunniyaremchuk/RealEstate_Organized/_Library/Photos/WIxC8J30.png,3201027,1770586093
/Users/sunniyaremchuk/ArchitecturalWindsor Central - FullSet 20250108.pdf_files/WIxC8J30(6).png,unique,,Photos,/Users/sunniyaremchuk/RealEstate_Organized/_Library/Photos/WIxC8J30(6).png,1305615,1770586096
/Users/sunniyaremchuk/ArchitecturalWindsor Central - FullSet 20250108.pdf_files/WIxC8J30(7).png,unique,,Photos,/Users/sunniyaremchuk/RealEstate_Organized/_Library/Photos/WIxC8J30(7).png,1224551,1770586097
/Users/sunniyaremchuk/ArchitecturalWindsor Central - FullSet 20250108.pdf_files/WIxC8J30(1).png,unique,,Photos,/Users/sunniyaremchuk/RealEstate_Organized/_Library/Photos/WIxC8J30(1).png,1976804,1770586094
"/Users/sunniyaremchuk/Inbox (1,851) - sunrize.invest@gmail.com - Gmail_files/unnamed(1).jpg",unique,,Photos,/Users/sunniyaremchuk/RealEstate_Organized/_Library/Photos/unnamed(1).jpg,4093,1764306264
"/Users/sunniyaremchuk/Inbox (1,851) - sunrize.invest@gmail.com - Gmail_files/cleardot(1).gif",unique,,Photos,/Users/sunniyaremchuk/RealEstate_Organized/_Library/Photos/cleardot(1).gif,43,1764306264
"/Users/sunniyaremchuk/Inbox (1,851) - sunrize.invest@gmail.com - Gmail_files/logo_gmail_lockup_dark_1x_r5.png",unique,,Photos,/Users/sunniyaremchuk/RealEstate_Organized/_Library/Photos/logo_gmail_lockup_dark_1x_r5.png,1731,1764306264
"/Users/sunniyaremchuk/Inbox (1,851) - sunrize.invest@gmail.com - Gmail_files/unnamed.jpg",unique,,Photos,/Users/sunniyaremchuk/RealEstate_Organized/_Library/Photos/unnamed.jpg,1191,1764306264
"/Users/sunniyaremchuk/Inbox (1,851) - sunrize.invest@gmail.com - Gmail_files/cleardot.gif",unique,,Photos,/Users/sunniyaremchuk/RealEstate_Organized/_Library/Photos/cleardot.gif,43,1764306264
"/Users/sunniyaremchuk/Inbox (1,851) - sunrize.invest@gmail.com - Gmail_files/google_workspace_2x.png",unique,,Photos,/Users/sunniyaremchuk/RealEstate_Organized/_Library/Photos/google_workspace_2x.png,3076,1764306264
